Zone Mean Air Temperature,Zone Air Relative Humidity,Ventilation,_volume,CO2_variance,features,scaledFeatures,prediction
11.35,80.12,0.99,72.66,0.19844999999999713,[11.35    80.12     0.99    72.66     0.19845],[-2.84036359  4.11602917 33.86869465  1.14897211 -0.44373761],2
13.72,54.84,0.89,70.51,0.026450000000004182,[1.372e+01 5.484e+01 8.900e-01 7.051e+01 2.645e-02],[-2.15046766  1.98291405 30.44384032  0.73716583 -0.44374196],2
13.73,54.86,0.89,70.51,0.4512499999999622,[13.73    54.86     0.89    70.51     0.45125],[-2.14755671  1.98460164 30.44384032  0.73716583 -0.44373122],2
18.0,9.93,0.0,73.73,23.529800000000485,[18.      9.93    0.     73.73   23.5298],[-0.90457967 -1.80657172 -0.0373632   1.35391757 -0.44314759],3
18.0,9.95,0.0,73.73,20.930450000000178,[18.       9.95     0.      73.73    20.93045],[-0.90457967 -1.80488413 -0.0373632   1.35391757 -0.44321332],3
18.0,10.0,0.0,73.73,10.215199999999918,[18.     10.      0.     73.73   10.2152],[-0.90457967 -1.80066515 -0.0373632   1.35391757 -0.4434843 ],3
18.0,10.02,0.0,73.73,10.351249999999792,[18.      10.02     0.      73.73    10.35125],[-0.90457967 -1.79897756 -0.0373632   1.35391757 -0.44348086],3
18.0,10.05,0.0,73.73,3.3281999999998124,[18.     10.05    0.     73.73    3.3282],[-0.90457967 -1.79644617 -0.0373632   1.35391757 -0.44365846],3
18.0,10.07,0.0,73.73,3.3024499999999826,[18.      10.07     0.      73.73     3.30245],[-0.90457967 -1.79475858 -0.0373632   1.35391757 -0.44365912],3
18.0,10.1,0.0,73.73,0.19220000000003806,[18.     10.1     0.     73.73    0.1922],[-0.90457967 -1.79222719 -0.0373632   1.35391757 -0.44373777],3
18.0,10.12,0.0,73.73,0.19219999999996756,[18.     10.12    0.     73.73    0.1922],[-0.90457967 -1.7905396  -0.0373632   1.35391757 -0.44373777],3
18.0,11.3,0.0,73.73,41928.28819999998,"[1.80000000e+01 1.13000000e+01 0.00000000e+00 7.37300000e+01
 4.19282882e+04]",[-0.90457967 -1.69097173 -0.0373632   1.35391757  0.61657356],3
18.0,11.41,0.0,73.73,41792.29604999999,[1.8000000e+01 1.1410000e+01 0.0000000e+00 7.3730000e+01 4.1792296e+04],[-0.90457967 -1.68168998 -0.0373632   1.35391757  0.61313448],3
18.0,11.52,0.0,73.73,41696.94419999999,"[1.80000000e+01 1.15200000e+01 0.00000000e+00 7.37300000e+01
 4.16969442e+04]",[-0.90457967 -1.67240823 -0.0373632   1.35391757  0.61072315],3
18.0,11.63,0.0,73.73,41621.89519999999,"[1.80000000e+01 1.16300000e+01 0.00000000e+00 7.37300000e+01
 4.16218952e+04]",[-0.90457967 -1.66312648 -0.0373632   1.35391757  0.60882525],3
18.0,11.66,0.0,73.73,91.66580000000066,[18.     11.66    0.     73.73   91.6658],[-0.90457967 -1.66059509 -0.0373632   1.35391757 -0.44142451],3
18.0,11.7,0.0,73.73,54.184049999999665,[18.      11.7      0.      73.73    54.18405],[-0.90457967 -1.65721991 -0.0373632   1.35391757 -0.44237238],3
18.0,11.74,0.0,73.73,43704.461249999986,"[1.80000000e+01 1.17400000e+01 0.00000000e+00 7.37300000e+01
 4.37044612e+04]",[-0.90457967 -1.65384473 -0.0373632   1.35391757  0.66149085],3
18.0,11.8,0.0,73.73,42363.783199999976,"[1.80000000e+01 1.18000000e+01 0.00000000e+00 7.37300000e+01
 4.23637832e+04]",[-0.90457967 -1.64878195 -0.0373632   1.35391757  0.62758671],3
18.0,11.84,0.0,73.73,0.980000000000008,[18.   11.84  0.   73.73  0.98],[-0.90457967 -1.64540677 -0.0373632   1.35391757 -0.44371785],3
18.0,11.88,0.0,73.73,1.0658000000000531,[18.     11.88    0.     73.73    1.0658],[-0.90457967 -1.64203159 -0.0373632   1.35391757 -0.44371568],3
18.0,11.9,0.0,73.73,40678.07645000001,"[1.80000000e+01 1.19000000e+01 0.00000000e+00 7.37300000e+01
 4.06780765e+04]",[-0.90457967 -1.640344   -0.0373632   1.35391757  0.5849572 ],3
18.0,11.96,0.0,73.73,39488.930450000014,"[1.80000000e+01 1.19600000e+01 0.00000000e+00 7.37300000e+01
 3.94889305e+04]",[-0.90457967 -1.63528122 -0.0373632   1.35391757  0.55488513],3
18.0,11.99,0.0,73.73,47.3364499999999,[18.      11.99     0.      73.73    47.33645],[-0.90457967 -1.63274984 -0.0373632   1.35391757 -0.44254555],3
18.0,12.01,0.0,73.73,38358.96020000001,"[1.80000000e+01 1.20100000e+01 0.00000000e+00 7.37300000e+01
 3.83589602e+04]",[-0.90457967 -1.63106225 -0.0373632   1.35391757  0.52630953],3
18.0,12.07,0.0,73.73,37283.61245000003,"[1.80000000e+01 1.20700000e+01 0.00000000e+00 7.37300000e+01
 3.72836125e+04]",[-0.90457967 -1.62599947 -0.0373632   1.35391757  0.49911527],3
18.0,12.12,0.0,73.73,36258.55204999999,[1.8000000e+01 1.2120000e+01 0.0000000e+00 7.3730000e+01 3.6258552e+04],[-0.90457967 -1.6217805  -0.0373632   1.35391757  0.47319273],3
18.0,12.17,0.0,73.73,25673.27003333335,[1.800000e+01 1.217000e+01 0.000000e+00 7.373000e+01 2.567327e+04],[-0.90457967 -1.61756152 -0.0373632   1.35391757  0.20550362],3
18.0,12.2,0.0,73.73,307.2720499999991,[ 18.       12.2       0.       73.73    307.27205],[-0.90457967 -1.61503013 -0.0373632   1.35391757 -0.43597209],3
18.0,12.24,0.0,73.73,367.47604999999805,[ 18.       12.24      0.       73.73    367.47605],[-0.90457967 -1.61165495 -0.0373632   1.35391757 -0.4344496 ],3
18.0,12.27,0.0,73.73,431.8860499999996,[ 18.       12.27      0.       73.73    431.88605],[-0.90457967 -1.60912356 -0.0373632   1.35391757 -0.43282075],3
18.0,12.33,0.0,73.73,32009.56020000001,"[1.80000000e+01 1.23300000e+01 0.00000000e+00 7.37300000e+01
 3.20095602e+04]",[-0.90457967 -1.60406079 -0.0373632   1.35391757  0.36574081],3
18.0,12.35,0.0,73.73,655.5820500000013,[ 18.       12.35      0.       73.73    655.58205],[-0.90457967 -1.6023732  -0.0373632   1.35391757 -0.42716375],3
18.0,12.38,0.0,73.73,24500.69923333332,"[1.80000000e+01 1.23800000e+01 0.00000000e+00 7.37300000e+01
 2.45006992e+04]",[-0.90457967 -1.59984181 -0.0373632   1.35391757  0.17585071],3
18.0,12.42,0.0,73.73,911.6450000000008,[ 18.     12.42    0.     73.73  911.645],[-0.90457967 -1.59646663 -0.0373632   1.35391757 -0.42068822],3
18.0,12.44,0.0,73.73,29917.02605000002,"[1.80000000e+01 1.24400000e+01 0.00000000e+00 7.37300000e+01
 2.99170261e+04]",[-0.90457967 -1.59477904 -0.0373632   1.35391757  0.31282313],3
18.0,12.45,0.0,73.73,998.1512000000016,[ 18.      12.45     0.      73.73   998.1512],[-0.90457967 -1.59393524 -0.0373632   1.35391757 -0.41850058],3
18.0,12.49,0.0,73.73,41587.28,[1.800000e+01 1.249000e+01 0.000000e+00 7.373000e+01 4.158728e+04],[-0.90457967 -1.59056006 -0.0373632   1.35391757  0.60794987],3
18.0,12.52,0.0,73.73,1286.766450000001,[  18.        12.52       0.        73.73    1286.76645],[-0.90457967 -1.58802867 -0.0373632   1.35391757 -0.41120185],3
18.0,12.54,0.0,73.73,28048.96124999998,"[1.80000000e+01 1.25400000e+01 0.00000000e+00 7.37300000e+01
 2.80489612e+04]",[-0.90457967 -1.58634108 -0.0373632   1.35391757  0.26558201],3
18.0,12.56,0.0,73.73,1497.6864500000027,[  18.        12.56       0.        73.73    1497.68645],[-0.90457967 -1.58465349 -0.0373632   1.35391757 -0.40586793],3
18.0,12.59,0.0,73.73,23395.009900000012,"[1.80000000e+01 1.25900000e+01 0.00000000e+00 7.37300000e+01
 2.33950099e+04]",[-0.90457967 -1.5821221  -0.0373632   1.35391757  0.14788915],3
18.0,12.63,0.0,73.73,1817.4420499999994,[  18.        12.63       0.        73.73    1817.44205],[-0.90457967 -1.57874692 -0.0373632   1.35391757 -0.3977817 ],3
18.0,12.64,0.0,73.73,25903.156049999976,[1.8000000e+01 1.2640000e+01 0.0000000e+00 7.3730000e+01 2.5903156e+04],[-0.90457967 -1.57790313 -0.0373632   1.35391757  0.21131716],3
18.0,12.7,0.0,73.73,41720.049799999986,"[1.80000000e+01 1.27000000e+01 0.00000000e+00 7.37300000e+01
 4.17200498e+04]",[-0.90457967 -1.57284035 -0.0373632   1.35391757  0.61130746],3
18.0,12.81,0.0,73.73,2495.004800000003,[  18.       12.81      0.       73.73   2495.0048],[-0.90457967 -1.5635586  -0.0373632   1.35391757 -0.38064695],3
18.0,12.85,0.0,73.73,23661.82579999999,"[1.80000000e+01 1.28500000e+01 0.00000000e+00 7.37300000e+01
 2.36618258e+04]",[-0.90457967 -1.56018342 -0.0373632   1.35391757  0.1546366 ],3
18.0,12.9,0.0,73.73,23353.927199999987,"[1.80000000e+01 1.29000000e+01 0.00000000e+00 7.37300000e+01
 2.33539272e+04]",[-0.90457967 -1.55596444 -0.0373632   1.35391757  0.14685022],3
18.0,12.95,0.0,73.73,22749.76943333332,"[1.80000000e+01 1.29500000e+01 0.00000000e+00 7.37300000e+01
 2.27497694e+04]",[-0.90457967 -1.55174547 -0.0373632   1.35391757  0.13157179],3
18.0,13.2,0.0,73.73,42939.15124999999,"[1.80000000e+01 1.32000000e+01 0.00000000e+00 7.37300000e+01
 4.29391512e+04]",[-0.90457967 -1.53065058 -0.0373632   1.35391757  0.64213708],3
18.0,13.3,0.0,73.73,43074.06005,"[1.80000000e+01 1.33000000e+01 0.00000000e+00 7.37300000e+01
 4.30740601e+04]",[-0.90457967 -1.52221262 -0.0373632   1.35391757  0.64554876],3
18.0,13.6,0.0,73.73,43027.11124999999,"[1.80000000e+01 1.36000000e+01 0.00000000e+00 7.37300000e+01
 4.30271112e+04]",[-0.90457967 -1.49689876 -0.0373632   1.35391757  0.64436148],3
18.0,13.89,0.0,73.73,42640.760449999994,"[1.80000000e+01 1.38900000e+01 0.00000000e+00 7.37300000e+01
 4.26407604e+04]",[-0.90457967 -1.47242868 -0.0373632   1.35391757  0.63459113],3
18.0,14.03,0.0,73.73,42448.23844999998,"[1.80000000e+01 1.40300000e+01 0.00000000e+00 7.37300000e+01
 4.24482384e+04]",[-0.90457967 -1.46061555 -0.0373632   1.35391757  0.62972248],3
18.0,14.64,0.0,73.73,40972.3938,"[1.80000000e+01 1.46400000e+01 0.00000000e+00 7.37300000e+01
 4.09723938e+04]",[-0.90457967 -1.40914402 -0.0373632   1.35391757  0.59240014],3
18.0,14.78,0.0,73.73,40709.457799999975,"[1.80000000e+01 1.47800000e+01 0.00000000e+00 7.37300000e+01
 4.07094578e+04]",[-0.90457967 -1.39733088 -0.0373632   1.35391757  0.5857508 ],3
18.0,14.91,0.0,73.73,40441.67999999998,[1.800000e+01 1.491000e+01 0.000000e+00 7.373000e+01 4.044168e+04],[-0.90457967 -1.38636154 -0.0373632   1.35391757  0.57897902],3
18.0,15.37,0.0,73.73,39026.592199999985,"[1.80000000e+01 1.53700000e+01 0.00000000e+00 7.37300000e+01
 3.90265922e+04]",[-0.90457967 -1.34754695 -0.0373632   1.35391757  0.54319315],3
18.0,15.5,0.0,73.73,38717.09645,"[1.80000000e+01 1.55000000e+01 0.00000000e+00 7.37300000e+01
 3.87170964e+04]",[-0.90457967 -1.3365776  -0.0373632   1.35391757  0.53536637],3
18.0,15.63,0.0,73.73,38400.51844999998,"[1.80000000e+01 1.56300000e+01 0.00000000e+00 7.37300000e+01
 3.84005184e+04]",[-0.90457967 -1.32560826 -0.0373632   1.35391757  0.52736049],3
18.0,15.76,0.0,73.73,38074.20125000001,"[1.80000000e+01 1.57600000e+01 0.00000000e+00 7.37300000e+01
 3.80742013e+04]",[-0.90457967 -1.31463892 -0.0373632   1.35391757  0.51910832],3
18.0,16.14,0.0,73.73,38444.872050000035,"[1.80000000e+01 1.61400000e+01 0.00000000e+00 7.37300000e+01
 3.84448721e+04]",[-0.90457967 -1.28257469 -0.0373632   1.35391757  0.52848214],3
18.0,16.4,0.0,73.73,70981.58419999998,"[1.80000000e+01 1.64000000e+01 0.00000000e+00 7.37300000e+01
 7.09815842e+04]",[-0.90457967 -1.260636   -0.0373632   1.35391757  1.35129662],3
18.0,16.46,0.0,73.73,70226.27644999999,"[1.80000000e+01 1.64600000e+01 0.00000000e+00 7.37300000e+01
 7.02262764e+04]",[-0.90457967 -1.25557323 -0.0373632   1.35391757  1.33219579],3
18.0,16.53,0.0,73.73,213041.28125000003,"[1.80000000e+01 1.65300000e+01 0.00000000e+00 7.37300000e+01
 2.13041281e+05]",[-0.90457967 -1.24966666 -0.0373632   1.35391757  4.94381622],3
18.0,16.76,0.0,73.73,209666.97680000006,"[1.80000000e+01 1.67600000e+01 0.00000000e+00 7.37300000e+01
 2.09666977e+05]",[-0.90457967 -1.23025937 -0.0373632   1.35391757  4.8584841 ],3
18.0,16.89,0.0,73.73,39668.99445000002,"[1.80000000e+01 1.68900000e+01 0.00000000e+00 7.37300000e+01
 3.96689945e+04]",[-0.90457967 -1.21929002 -0.0373632   1.35391757  0.55943873],3
18.0,16.94,0.0,73.73,205530.24980000002,[1.8000000e+01 1.6940000e+01 0.0000000e+00 7.3730000e+01 2.0553025e+05],[-0.90457967 -1.21507105 -0.0373632   1.35391757  4.75387123],3
18.0,17.02,0.0,73.73,63613.878049999956,[1.8000000e+01 1.7020000e+01 0.0000000e+00 7.3730000e+01 6.3613878e+04],[-0.90457967 -1.20832068 -0.0373632   1.35391757  1.16497616],3
18.0,17.13,0.0,73.73,199389.81005,[1.8000000e+01 1.7130000e+01 0.0000000e+00 7.3730000e+01 1.9938981e+05],[-0.90457967 -1.19903893 -0.0373632   1.35391757  4.59858686],3
18.0,17.21,0.0,73.73,196627.20499999993,"[1.80000000e+01 1.72100000e+01 0.00000000e+00 7.37300000e+01
 1.96627205e+05]",[-0.90457967 -1.19228857 -0.0373632   1.35391757  4.52872389],3
18.0,17.32,0.0,73.73,59764.61644999998,"[1.80000000e+01 1.73200000e+01 0.00000000e+00 7.37300000e+01
 5.97646164e+04]",[-0.90457967 -1.18300682 -0.0373632   1.35391757  1.06763294],3
18.0,17.37,0.0,73.73,191376.28445,"[1.80000000e+01 1.73700000e+01 0.00000000e+00 7.37300000e+01
 1.91376284e+05]",[-0.90457967 -1.17878784 -0.0373632   1.35391757  4.3959344 ],3
18.0,17.45,0.0,73.73,188878.87220000004,"[1.80000000e+01 1.74500000e+01 0.00000000e+00 7.37300000e+01
 1.88878872e+05]",[-0.90457967 -1.17203747 -0.0373632   1.35391757  4.33277784],3
18.0,17.5,0.0,73.73,57385.94419999999,"[1.80000000e+01 1.75000000e+01 0.00000000e+00 7.37300000e+01
 5.73859442e+04]",[-0.90457967 -1.1678185  -0.0373632   1.35391757  1.00747917],3
18.0,17.53,0.0,73.73,186458.92445000005,"[1.80000000e+01 1.75300000e+01 0.00000000e+00 7.37300000e+01
 1.86458924e+05]",[-0.90457967 -1.16528711 -0.0373632   1.35391757  4.27158025],3
18.0,17.56,0.0,73.73,37144.47679999998,"[1.80000000e+01 1.75600000e+01 0.00000000e+00 7.37300000e+01
 3.71444768e+04]",[-0.90457967 -1.16275572 -0.0373632   1.35391757  0.4955967 ],3
18.0,17.6,0.0,73.73,184115.25619999997,"[1.80000000e+01 1.76000000e+01 0.00000000e+00 7.37300000e+01
 1.84115256e+05]",[-0.90457967 -1.15938054 -0.0373632   1.35391757  4.21231169],3
18.0,17.68,0.0,73.73,36625.71125000002,"[1.80000000e+01 1.76800000e+01 0.00000000e+00 7.37300000e+01
 3.66257113e+04]",[-0.90457967 -1.15263018 -0.0373632   1.35391757  0.48247774],3
18.0,17.8,0.0,73.73,36110.5938,"[1.80000000e+01 1.78000000e+01 0.00000000e+00 7.37300000e+01
 3.61105938e+04]",[-0.90457967 -1.14250463 -0.0373632   1.35391757  0.46945104],3
18.0,17.92,0.0,73.73,35593.78805000003,"[1.80000000e+01 1.79200000e+01 0.00000000e+00 7.37300000e+01
 3.55937881e+04]",[-0.90457967 -1.13237908 -0.0373632   1.35391757  0.45638164],3
18.0,18.0,0.0,70.51,0.21779999999994148,[18.     18.      0.     70.51    0.2178],[-0.90457967 -1.12562872 -0.0373632   0.73716583 -0.44373712],3
18.0,18.27,0.0,73.73,34057.89005,"[1.80000000e+01 1.82700000e+01 0.00000000e+00 7.37300000e+01
 3.40578901e+04]",[-0.90457967 -1.10284624 -0.0373632   1.35391757  0.41754062],3
18.0,18.39,0.0,73.73,33550.86079999999,"[1.80000000e+01 1.83900000e+01 0.00000000e+00 7.37300000e+01
 3.35508608e+04]",[-0.90457967 -1.09272069 -0.0373632   1.35391757  0.40471846],3
18.0,18.97,0.0,73.73,33789.60080000005,"[1.80000000e+01 1.89700000e+01 0.00000000e+00 7.37300000e+01
 3.37896008e+04]",[-0.90457967 -1.04378055 -0.0373632   1.35391757  0.4107559 ],3
18.0,19.19,0.0,73.73,34198.97045000001,"[1.80000000e+01 1.91900000e+01 0.00000000e+00 7.37300000e+01
 3.41989705e+04]",[-0.90457967 -1.02521705 -0.0373632   1.35391757  0.42110837],3
18.0,19.48,0.0,73.73,35025.10444999998,"[1.80000000e+01 1.94800000e+01 0.00000000e+00 7.37300000e+01
 3.50251044e+04]",[-0.90457967 -1.00074698 -0.0373632   1.35391757  0.44200031],3
18.0,19.76,0.0,73.73,35863.776200000015,"[1.80000000e+01 1.97600000e+01 0.00000000e+00 7.37300000e+01
 3.58637762e+04]",[-0.90457967 -0.9771207  -0.0373632   1.35391757  0.46320932],3
18.0,19.98,0.0,73.73,36309.7352,"[1.80000000e+01 1.99800000e+01 0.00000000e+00 7.37300000e+01
 3.63097352e+04]",[-0.90457967 -0.9585572  -0.0373632   1.35391757  0.47448709],3
18.0,20.34,0.0,73.73,752.7199999999982,[ 18.    20.34   0.    73.73 752.72],[-0.90457967 -0.92818056 -0.0373632   1.35391757 -0.42470724],3
18.0,20.43,0.0,73.73,913.3538000000004,[ 18.      20.43     0.      73.73   913.3538],[-0.90457967 -0.9205864  -0.0373632   1.35391757 -0.42064501],3
18.0,20.52,0.0,73.73,1093.7164499999992,[  18.        20.52       0.        73.73    1093.71645],[-0.90457967 -0.91299224 -0.0373632   1.35391757 -0.41608385],3
18.0,20.88,0.0,73.73,35266.36819999998,"[1.80000000e+01 2.08800000e+01 0.00000000e+00 7.37300000e+01
 3.52663682e+04]",[-0.90457967 -0.8826156  -0.0373632   1.35391757  0.44810158],3
18.0,21.08,0.0,73.73,49924.84004999995,[1.800000e+01 2.108000e+01 0.000000e+00 7.373000e+01 4.992484e+04],[-0.90457967 -0.86573969 -0.0373632   1.35391757  0.81879678],3
18.0,21.15,0.0,73.73,34848.0,[1.8000e+01 2.1150e+01 0.0000e+00 7.3730e+01 3.4848e+04],[-0.90457967 -0.85983312 -0.0373632   1.35391757  0.43752155],3
18.0,21.21,0.0,73.73,51209.60045000003,"[1.80000000e+01 2.12100000e+01 0.00000000e+00 7.37300000e+01
 5.12096005e+04]",[-0.90457967 -0.85477035 -0.0373632   1.35391757  0.85128683],3
18.0,21.41,0.0,73.73,34416.38480000001,"[1.80000000e+01 2.14100000e+01 0.00000000e+00 7.37300000e+01
 3.44163848e+04]",[-0.90457967 -0.83789444 -0.0373632   1.35391757  0.42660652],3
18.0,21.76,0.0,68.56,128.16004999999802,[ 18.       21.76      0.       68.56    128.16005],[-0.90457967 -0.8083616  -0.0373632   0.36366711 -0.44050162],3
18.0,22.31,0.0,62.12,2741.7012499999964,[  18.        22.31       0.        62.12    2741.70125],[-0.90457967 -0.76195284 -0.0373632  -0.86983636 -0.37440829],0
18.0,22.34,0.0,62.12,2894.844049999998,[  18.        22.34       0.        62.12    2894.84405],[-0.90457967 -0.75942145 -0.0373632  -0.86983636 -0.37053549],0
18.0,22.39,0.0,73.73,34076.161800000016,"[1.80000000e+01 2.23900000e+01 0.00000000e+00 7.37300000e+01
 3.40761618e+04]",[-0.90457967 -0.75520248 -0.0373632   1.35391757  0.41800269],3
18.0,22.43,0.0,62.12,841.7304499999989,[ 18.       22.43      0.       62.12    841.73045],[-0.90457967 -0.75182729 -0.0373632  -0.86983636 -0.42245628],0
18.0,22.46,0.0,62.12,829.4664500000007,[ 18.       22.46      0.       62.12    829.46645],[-0.90457967 -0.74929591 -0.0373632  -0.86983636 -0.42276642],0
18.0,22.49,0.0,62.12,801.6007999999986,[ 18.      22.49     0.      62.12   801.6008],[-0.90457967 -0.74676452 -0.0373632  -0.86983636 -0.42347111],0
18.0,22.52,0.0,62.12,743.8224500000008,[ 18.       22.52      0.       62.12    743.82245],[-0.90457967 -0.74423314 -0.0373632  -0.86983636 -0.42493225],0
18.0,22.52,0.0,73.73,36964.80500000002,[1.8000000e+01 2.2520000e+01 0.0000000e+00 7.3730000e+01 3.6964805e+04],[-0.90457967 -0.74423314 -0.0373632   1.35391757  0.49105302],3
18.0,22.54,0.0,62.12,0.5940500000000037,[18.      22.54     0.      62.12     0.59405],[-0.90457967 -0.74254554 -0.0373632  -0.86983636 -0.44372761],0
18.0,22.57,0.0,62.12,0.5201999999999815,[18.     22.57    0.     62.12    0.5202],[-0.90457967 -0.74001416 -0.0373632  -0.86983636 -0.44372948],0
18.0,22.57,0.0,73.73,42602.80499999998,[1.8000000e+01 2.2570000e+01 0.0000000e+00 7.3730000e+01 4.2602805e+04],[-0.90457967 -0.74001416 -0.0373632   1.35391757  0.63363128],3
18.0,22.59,0.0,62.12,818.505799999998,[ 18.      22.59     0.      62.12   818.5058],[-0.90457967 -0.73832657 -0.0373632  -0.86983636 -0.4230436 ],0
18.0,22.62,0.0,62.12,517.8924333333306,[ 18.          22.62         0.          62.12       517.89243333],[-0.90457967 -0.73579518 -0.0373632  -0.86983636 -0.43064575],0
18.0,22.65,0.0,62.12,502.10669999999834,[ 18.      22.65     0.      62.12   502.1067],[-0.90457967 -0.73326379 -0.0373632  -0.86983636 -0.43104495],0
18.0,22.67,0.0,62.12,0.3280499999999558,[18.      22.67     0.      62.12     0.32805],[-0.90457967 -0.7315762  -0.0373632  -0.86983636 -0.44373433],0
18.0,22.77,0.0,73.73,37983.19219999997,"[1.80000000e+01 2.27700000e+01 0.00000000e+00 7.37300000e+01
 3.79831922e+04]",[-0.90457967 -0.72313825 -0.0373632   1.35391757  0.51680681],3
18.0,22.9,0.0,73.73,40492.888200000074,"[1.80000000e+01 2.29000000e+01 0.00000000e+00 7.37300000e+01
 4.04928882e+04]",[-0.90457967 -0.7121689  -0.0373632   1.35391757  0.58027402],3
18.0,22.95,0.0,73.73,24814.811233333305,"[1.80000000e+01 2.29500000e+01 0.00000000e+00 7.37300000e+01
 2.48148112e+04]",[-0.90457967 -0.70794993 -0.0373632   1.35391757  0.18379423],3
18.0,22.96,0.0,73.73,158040.0420500001,"[1.80000000e+01 2.29600000e+01 0.00000000e+00 7.37300000e+01
 1.58040042e+05]",[-0.90457967 -0.70710613 -0.0373632   1.35391757  3.55290075],3
18.0,22.99,0.0,73.73,0.044999999999986356,[1.800e+01 2.299e+01 0.000e+00 7.373e+01 4.500e-02],[-0.90457967 -0.70457474 -0.0373632   1.35391757 -0.44374149],3
18.0,23.15,0.0,73.73,42439.49780000001,"[1.80000000e+01 2.31500000e+01 0.00000000e+00 7.37300000e+01
 4.24394978e+04]",[-0.90457967 -0.69107402 -0.0373632   1.35391757  0.62950144],3
18.0,23.34,0.0,73.73,157175.42445000005,"[1.80000000e+01 2.33400000e+01 0.00000000e+00 7.37300000e+01
 1.57175424e+05]",[-0.90457967 -0.6750419  -0.0373632   1.35391757  3.53103561],3
18.0,23.36,0.0,73.73,35748.70605000003,"[1.80000000e+01 2.33600000e+01 0.00000000e+00 7.37300000e+01
 3.57487061e+04]",[-0.90457967 -0.67335431 -0.0373632   1.35391757  0.46029933],3
18.0,23.4,0.0,73.73,106233.26263333339,"[1.80000000e+01 2.34000000e+01 0.00000000e+00 7.37300000e+01
 1.06233263e+05]",[-0.90457967 -0.66997913 -0.0373632   1.35391757  2.24276935],3
18.0,23.41,0.0,73.73,36452.700050000014,"[1.80000000e+01 2.34100000e+01 0.00000000e+00 7.37300000e+01
 3.64527001e+04]",[-0.90457967 -0.66913533 -0.0373632   1.35391757  0.4781025 ],3
18.0,23.46,0.0,73.73,43846.48845,"[1.80000000e+01 2.34600000e+01 0.00000000e+00 7.37300000e+01
 4.38464884e+04]",[-0.90457967 -0.66491635 -0.0373632   1.35391757  0.66508255],3
18.0,23.48,0.0,62.12,14.204450000000522,[18.      23.48     0.      62.12    14.20445],[-0.90457967 -0.66322876 -0.0373632  -0.86983636 -0.44338342],0
18.0,23.51,0.0,62.12,14.796800000000298,[18.     23.51    0.     62.12   14.7968],[-0.90457967 -0.66069738 -0.0373632  -0.86983636 -0.44336844],0
18.0,23.53,0.0,62.12,13.833799999999952,[18.     23.53    0.     62.12   13.8338],[-0.90457967 -0.65900979 -0.0373632  -0.86983636 -0.44339279],0
18.0,23.56,0.0,62.12,12.650449999999863,[18.      23.56     0.      62.12    12.65045],[-0.90457967 -0.6564784  -0.0373632  -0.86983636 -0.44342272],0
18.0,23.58,0.0,62.12,12.25124999999938,[18.      23.58     0.      62.12    12.25125],[-0.90457967 -0.65479081 -0.0373632  -0.86983636 -0.44343281],0
18.0,23.82,0.0,62.12,61.93845000000058,[18.      23.82     0.      62.12    61.93845],[-0.90457967 -0.63453972 -0.0373632  -0.86983636 -0.44217628],0
18.0,23.86,0.0,62.12,61.272449999999296,[18.      23.86     0.      62.12    61.27245],[-0.90457967 -0.63116453 -0.0373632  -0.86983636 -0.44219312],0
18.0,23.88,0.0,62.12,26.718050000000016,[18.      23.88     0.      62.12    26.71805],[-0.90457967 -0.62947694 -0.0373632  -0.86983636 -0.44306696],0
18.0,23.89,0.0,62.12,5756.644999999995,[  18.      23.89     0.      62.12  5756.645],[-0.90457967 -0.62863315 -0.0373632  -0.86983636 -0.29816397],0
18.0,23.9,0.0,62.12,4303.564491666667,[  18.           23.9           0.           62.12       4303.56449167],[-0.90457967 -0.62778935 -0.0373632  -0.86983636 -0.33491064],0
18.0,23.9,0.0,73.73,37073.64500000002,[1.8000000e+01 2.3900000e+01 0.0000000e+00 7.3730000e+01 3.7073645e+04],[-0.90457967 -0.62778935 -0.0373632   1.35391757  0.49380545],3
18.0,23.92,0.0,62.12,4416.558500000002,[  18.       23.92      0.       62.12   4416.5585],[-0.90457967 -0.62610176 -0.0373632  -0.86983636 -0.33205316],0
18.0,23.94,0.0,62.12,7388.416799999994,[  18.       23.94      0.       62.12   7388.4168],[-0.90457967 -0.62441417 -0.0373632  -0.86983636 -0.25689842],0
18.0,23.94,0.0,73.73,37551.70125000002,"[1.80000000e+01 2.39400000e+01 0.00000000e+00 7.37300000e+01
 3.75517013e+04]",[-0.90457967 -0.62441417 -0.0373632   1.35391757  0.50589492],3
18.0,23.95,0.0,73.73,155938.78579999993,"[1.80000000e+01 2.39500000e+01 0.00000000e+00 7.37300000e+01
 1.55938786e+05]",[-0.90457967 -0.62357037 -0.0373632   1.35391757  3.4997625 ],3
18.0,23.96,0.0,62.12,5014.913699999997,[  18.       23.96      0.       62.12   5014.9137],[-0.90457967 -0.62272658 -0.0373632  -0.86983636 -0.31692147],0
18.0,23.98,0.0,62.12,7712.819999999999,[  18.     23.98    0.     62.12 7712.82],[-0.90457967 -0.62103899 -0.0373632  -0.86983636 -0.24869465],0
18.0,24.01,0.0,73.73,40683.78125,"[1.80000000e+01 2.40100000e+01 0.00000000e+00 7.37300000e+01
 4.06837812e+04]",[-0.90457967 -0.6185076  -0.0373632   1.35391757  0.58510147],3
18.0,24.02,0.0,73.73,0.9247999999997093,[18.     24.02    0.     73.73    0.9248],[-0.90457967 -0.6176638  -0.0373632   1.35391757 -0.44371924],3
18.0,24.04,0.0,73.73,0.9660500000002971,[18.      24.04     0.      73.73     0.96605],[-0.90457967 -0.61597621 -0.0373632   1.35391757 -0.4437182 ],3
18.0,24.06,0.0,73.73,1.0081999999999418,[18.     24.06    0.     73.73    1.0082],[-0.90457967 -0.61428862 -0.0373632   1.35391757 -0.44371713],3
18.0,24.07,0.0,73.73,45201.22444999992,"[1.80000000e+01 2.40700000e+01 0.00000000e+00 7.37300000e+01
 4.52012244e+04]",[-0.90457967 -0.61344483 -0.0373632   1.35391757  0.6993422 ],3
18.0,24.08,0.0,73.73,1.185799999999944,[18.     24.08    0.     73.73    1.1858],[-0.90457967 -0.61260103 -0.0373632   1.35391757 -0.44371264],3
18.0,24.11,0.0,62.12,267.036049999999,[ 18.       24.11      0.       62.12    267.03605],[-0.90457967 -0.61006964 -0.0373632  -0.86983636 -0.43698961],0
18.0,24.13,0.0,62.12,256.51125000000076,[ 18.       24.13      0.       62.12    256.51125],[-0.90457967 -0.60838205 -0.0373632  -0.86983636 -0.43725577],0
18.0,24.15,0.0,62.12,247.75379999999979,[ 18.      24.15     0.      62.12   247.7538],[-0.90457967 -0.60669446 -0.0373632  -0.86983636 -0.43747723],0
18.0,24.19,0.0,73.73,154345.67999999996,[1.8000000e+01 2.4190000e+01 0.0000000e+00 7.3730000e+01 1.5434568e+05],[-0.90457967 -0.60331928 -0.0373632   1.35391757  3.45947476],3
18.0,24.21,0.0,73.73,30502.030049999987,[1.800000e+01 2.421000e+01 0.000000e+00 7.373000e+01 3.050203e+04],[-0.90457967 -0.60163169 -0.0373632   1.35391757  0.32761718],3
18.0,24.22,0.0,62.12,242.6604499999994,[ 18.       24.22      0.       62.12    242.66045],[-0.90457967 -0.60078789 -0.0373632  -0.86983636 -0.43760604],0
18.0,24.24,0.0,62.12,12463.047200000008,[   18.        24.24       0.        62.12   12463.0472],[-0.90457967 -0.5991003  -0.0373632  -0.86983636 -0.12856709],0
18.0,24.25,0.0,73.73,47786.86125000003,"[1.80000000e+01 2.42500000e+01 0.00000000e+00 7.37300000e+01
 4.77868613e+04]",[-0.90457967 -0.59825651 -0.0373632   1.35391757  0.76472986],3
18.0,24.28,0.0,62.12,6473.324433333337,[  18.           24.28          0.           62.12       6473.32443333],[-0.90457967 -0.59572512 -0.0373632  -0.86983636 -0.28004001],0
18.0,24.29,0.0,73.73,31120.135200000004,"[1.80000000e+01 2.42900000e+01 0.00000000e+00 7.37300000e+01
 3.11201352e+04]",[-0.90457967 -0.59488132 -0.0373632   1.35391757  0.34324832],3
18.0,24.3,0.0,62.12,4838.328450000006,[  18.        24.3        0.        62.12    4838.32845],[-0.90457967 -0.59403753 -0.0373632  -0.86983636 -0.3213871 ],0
18.0,24.31,0.0,73.73,156318.76980000004,[1.8000000e+01 2.4310000e+01 0.0000000e+00 7.3730000e+01 1.5631877e+05],[-0.90457967 -0.59319373 -0.0373632   1.35391757  3.50937184],3
18.0,24.33,0.0,62.12,12798.400050000002,[   18.         24.33        0.         62.12    12798.40005],[-0.90457967 -0.59150614 -0.0373632  -0.86983636 -0.12008642],0
18.0,24.34,0.0,62.12,5294.204999999992,[  18.      24.34     0.      62.12  5294.205],[-0.90457967 -0.59066235 -0.0373632  -0.86983636 -0.30985853],0
18.0,24.34,0.0,73.73,31405.192199999972,"[1.80000000e+01 2.43400000e+01 0.00000000e+00 7.37300000e+01
 3.14051922e+04]",[-0.90457967 -0.59066235 -0.0373632   1.35391757  0.35045707],3
18.0,24.36,0.0,62.12,5460.125,[  18.      24.36     0.      62.12  5460.125],[-0.90457967 -0.58897476 -0.0373632  -0.86983636 -0.30566261],0
18.0,24.37,0.0,73.73,157360.5,[1.800000e+01 2.437000e+01 0.000000e+00 7.373000e+01 1.573605e+05],[-0.90457967 -0.58813096 -0.0373632   1.35391757  3.53571595],3
18.0,24.38,0.0,62.12,6660.456233333335,[  18.           24.38          0.           62.12       6660.45623333],[-0.90457967 -0.58728716 -0.0373632  -0.86983636 -0.27530767],0
18.0,24.38,0.0,73.73,31731.843199999974,"[1.80000000e+01 2.43800000e+01 0.00000000e+00 7.37300000e+01
 3.17318432e+04]",[-0.90457967 -0.58728716 -0.0373632   1.35391757  0.35871768],3
18.0,24.43,0.0,62.12,12931.53619999999,[   18.        24.43       0.        62.12   12931.5362],[-0.90457967 -0.58306819 -0.0373632  -0.86983636 -0.11671957],0
18.0,24.43,0.0,73.73,47991.11804999998,[1.8000000e+01 2.4430000e+01 0.0000000e+00 7.3730000e+01 4.7991118e+04],[-0.90457967 -0.58306819 -0.0373632   1.35391757  0.76989527],3
18.0,24.48,0.0,62.12,6935.157233333327,[  18.           24.48          0.           62.12       6935.15723333],[-0.90457967 -0.57884921 -0.0373632  -0.86983636 -0.26836081],0
18.0,24.5,0.0,62.12,6972.624049999997,[  18.        24.5        0.        62.12    6972.62405],[-0.90457967 -0.57716162 -0.0373632  -0.86983636 -0.26741332],0
18.0,24.51,0.0,73.73,21345.912200000013,"[1.80000000e+01 2.45100000e+01 0.00000000e+00 7.37300000e+01
 2.13459122e+04]",[-0.90457967 -0.57631782 -0.0373632   1.35391757  0.09606992],3
18.0,24.52,0.0,62.12,7190.403200000009,[  18.       24.52      0.       62.12   7190.4032],[-0.90457967 -0.57547403 -0.0373632  -0.86983636 -0.26190595],0
18.0,24.54,0.0,62.12,7415.184199999997,[  18.       24.54      0.       62.12   7415.1842],[-0.90457967 -0.57378644 -0.0373632  -0.86983636 -0.2562215 ],0
18.0,24.56,0.0,62.12,7648.371199999987,[  18.       24.56      0.       62.12   7648.3712],[-0.90457967 -0.57209885 -0.0373632  -0.86983636 -0.25032448],0
18.0,24.56,0.0,73.73,17650.430633333333,"[   18.            24.56           0.            73.73
 17650.43063333]",[-0.90457967 -0.57209885 -0.0373632   1.35391757  0.00261562],3
18.0,24.58,0.0,62.12,7213.416233333334,[  18.           24.58          0.           62.12       7213.41623333],[-0.90457967 -0.57041125 -0.0373632  -0.86983636 -0.26132397],0
18.0,24.61,0.0,73.73,133778.95379999996,"[1.80000000e+01 2.46100000e+01 0.00000000e+00 7.37300000e+01
 1.33778954e+05]",[-0.90457967 -0.56787987 -0.0373632   1.35391757  2.93936689],3
18.0,24.63,0.0,62.12,13041.125,[   18.       24.63      0.       62.12  13041.125],[-0.90457967 -0.56619228 -0.0373632  -0.86983636 -0.1139482 ],0
18.0,24.65,0.0,73.73,47199.035199999984,"[1.80000000e+01 2.46500000e+01 0.00000000e+00 7.37300000e+01
 4.71990352e+04]",[-0.90457967 -0.56450469 -0.0373632   1.35391757  0.74986444],3
18.0,24.67,0.0,62.12,7437.280933333333,[  18.           24.67          0.           62.12       7437.28093333],[-0.90457967 -0.56281709 -0.0373632  -0.86983636 -0.2556627 ],0
18.0,24.67,0.0,73.73,146416.3834333333,"[1.80000000e+01 2.46700000e+01 0.00000000e+00 7.37300000e+01
 1.46416383e+05]",[-0.90457967 -0.56281709 -0.0373632   1.35391757  3.25895235],3
18.0,24.68,0.0,73.73,26664.33245,"[1.80000000e+01 2.46800000e+01 0.00000000e+00 7.37300000e+01
 2.66643325e+04]",[-0.90457967 -0.5619733  -0.0373632   1.35391757  0.2305664 ],3
18.0,24.69,0.0,73.73,96844.00499999996,[1.8000000e+01 2.4690000e+01 0.0000000e+00 7.3730000e+01 9.6844005e+04],[-0.90457967 -0.5611295  -0.0373632   1.35391757  2.00532627],3
18.0,24.72,0.0,62.12,13018.524800000012,[   18.        24.72       0.        62.12   13018.5248],[-0.90457967 -0.55859812 -0.0373632  -0.86983636 -0.11451973],0
18.0,24.72,0.0,73.73,27607.800200000005,"[1.80000000e+01 2.47200000e+01 0.00000000e+00 7.37300000e+01
 2.76078002e+04]",[-0.90457967 -0.55859812 -0.0373632   1.35391757  0.25442557],3
18.0,24.73,0.0,73.73,148869.74003333334,[1.8000000e+01 2.4730000e+01 0.0000000e+00 7.3730000e+01 1.4886974e+05],[-0.90457967 -0.55775432 -0.0373632   1.35391757  3.3209948 ],3
18.0,24.74,0.0,73.73,99444.62044999999,"[1.80000000e+01 2.47400000e+01 0.00000000e+00 7.37300000e+01
 9.94446204e+04]",[-0.90457967 -0.55691053 -0.0373632   1.35391757  2.07109272],3
18.0,24.75,0.0,73.73,28584.40500000002,[1.8000000e+01 2.4750000e+01 0.0000000e+00 7.3730000e+01 2.8584405e+04],[-0.90457967 -0.55606673 -0.0373632   1.35391757  0.27912274],3
18.0,24.76,0.0,73.73,28965.83805,[1.8000000e+01 2.4760000e+01 0.0000000e+00 7.3730000e+01 2.8965838e+04],[-0.90457967 -0.55522293 -0.0373632   1.35391757  0.28876872],3
18.0,24.78,0.0,73.73,29354.64499999999,[1.8000000e+01 2.4780000e+01 0.0000000e+00 7.3730000e+01 2.9354645e+04],[-0.90457967 -0.55353534 -0.0373632   1.35391757  0.29860118],3
18.0,24.79,0.0,73.73,104337.61149166671,"[1.80000000e+01 2.47900000e+01 0.00000000e+00 7.37300000e+01
 1.04337611e+05]",[-0.90457967 -0.55269155 -0.0373632   1.35391757  2.1948306 ],3
18.0,24.81,0.0,73.73,30393.451249999987,"[1.80000000e+01 2.48100000e+01 0.00000000e+00 7.37300000e+01
 3.03934512e+04]",[-0.90457967 -0.55100396 -0.0373632   1.35391757  0.32487135],3
18.0,24.83,0.0,73.73,52621.88229999999,"[1.80000000e+01 2.48300000e+01 0.00000000e+00 7.37300000e+01
 5.26218823e+04]",[-0.90457967 -0.54931637 -0.0373632   1.35391757  0.88700175],3
18.0,24.84,0.0,73.73,31485.441800000015,"[1.80000000e+01 2.48400000e+01 0.00000000e+00 7.37300000e+01
 3.14854418e+04]",[-0.90457967 -0.54847257 -0.0373632   1.35391757  0.35248648],3
18.0,24.85,0.0,73.73,297081.73620000004,"[1.80000000e+01 2.48500000e+01 0.00000000e+00 7.37300000e+01
 2.97081736e+05]",[-0.90457967 -0.54762877 -0.0373632   1.35391757  7.06909868],3
18.0,24.86,0.0,73.73,32207.22,[1.800000e+01 2.486000e+01 0.000000e+00 7.373000e+01 3.220722e+04],[-0.90457967 -0.54678498 -0.0373632   1.35391757  0.37073939],3
18.0,24.88,0.0,73.73,107787.24499999998,"[1.80000000e+01 2.48800000e+01 0.00000000e+00 7.37300000e+01
 1.07787245e+05]",[-0.90457967 -0.54509739 -0.0373632   1.35391757  2.2820677 ],3
18.0,24.92,0.0,73.73,21827.961799999975,"[1.80000000e+01 2.49200000e+01 0.00000000e+00 7.37300000e+01
 2.18279618e+04]",[-0.90457967 -0.54172221 -0.0373632   1.35391757  0.10826038],3
18.0,24.94,0.0,73.73,14927.65643333336,"[   18.            24.94           0.            73.73
 14927.65643333]",[-0.90457967 -0.54003461 -0.0373632   1.35391757 -0.06624008],3
18.0,24.95,0.0,73.73,8529.985119999988,[  18.        24.95       0.        73.73    8529.98512],[-0.90457967 -0.53919082 -0.0373632   1.35391757 -0.22802952],3
18.0,24.96,0.0,73.73,1.8818000000001058,[18.     24.96    0.     73.73    1.8818],[-0.90457967 -0.53834702 -0.0373632   1.35391757 -0.44369504],3
18.0,24.97,0.0,73.73,68212.66689999995,"[1.80000000e+01 2.49700000e+01 0.00000000e+00 7.37300000e+01
 6.82126669e+04]",[-0.90457967 -0.53750323 -0.0373632   1.35391757  1.28127402],3
18.0,24.98,0.0,73.73,13542.148933333363,"[   18.            24.98           0.            73.73
 13542.14893333]",[-0.90457967 -0.53665943 -0.0373632   1.35391757 -0.1012779 ],3
18.0,25.0,0.0,73.73,20228.649799999974,"[1.80000000e+01 2.50000000e+01 0.00000000e+00 7.37300000e+01
 2.02286498e+04]",[-0.90457967 -0.53497184 -0.0373632   1.35391757  0.0678157 ],3
18.0,25.01,0.0,62.12,12740.868450000009,[   18.         25.01        0.         62.12    12740.86845],[-0.90457967 -0.53412805 -0.0373632  -0.86983636 -0.12154133],0
18.0,25.01,0.0,73.73,19836.3362,"[1.80000000e+01 2.50100000e+01 0.00000000e+00 7.37300000e+01
 1.98363362e+04]",[-0.90457967 -0.53412805 -0.0373632   1.35391757  0.05789455],3
18.0,25.02,0.0,73.73,0.096800000000024,[18.     25.02    0.     73.73    0.0968],[-0.90457967 -0.53328425 -0.0373632   1.35391757 -0.44374018],3
18.0,25.03,0.0,73.73,68575.9207,"[1.80000000e+01 2.50300000e+01 0.00000000e+00 7.37300000e+01
 6.85759207e+04]",[-0.90457967 -0.53244045 -0.0373632   1.35391757  1.29046027],3
18.0,25.04,0.0,62.12,428.1294333333323,[ 18.          25.04         0.          62.12       428.12943333],[-0.90457967 -0.53159666 -0.0373632  -0.86983636 -0.43291575],0
18.0,25.04,0.0,73.73,18800.544050000004,"[1.80000000e+01 2.50400000e+01 0.00000000e+00 7.37300000e+01
 1.88005441e+04]",[-0.90457967 -0.53159666 -0.0373632   1.35391757  0.03170061],3
18.0,25.05,0.0,62.12,7792.512799999997,[  18.       25.05      0.       62.12   7792.5128],[-0.90457967 -0.53075286 -0.0373632  -0.86983636 -0.24667931],0
18.0,25.06,0.0,62.12,2.761250000000187,[18.      25.06     0.      62.12     2.76125],[-0.90457967 -0.52990907 -0.0373632  -0.86983636 -0.4436728 ],0
18.0,25.06,0.0,73.73,12656.74503333335,"[   18.            25.06           0.            73.73
 12656.74503333]",[-0.90457967 -0.52990907 -0.0373632   1.35391757 -0.12366871],3
18.0,25.07,0.0,62.12,549.1297999999977,[ 18.      25.07     0.      62.12   549.1298],[-0.90457967 -0.52906527 -0.0373632  -0.86983636 -0.4298558 ],0
18.0,25.08,0.0,73.73,17775.55125000001,[   18.         25.08        0.         73.73    17775.55125],[-0.90457967 -0.52822148 -0.0373632   1.35391757  0.00577977],3
18.0,25.09,0.0,62.12,3984.0140250000004,[  18.         25.09        0.         62.12     3984.014025],[-0.90457967 -0.52737768 -0.0373632  -0.86983636 -0.34299169],0
18.0,25.09,0.0,73.73,46304.42342499999,"[1.80000000e+01 2.50900000e+01 0.00000000e+00 7.37300000e+01
 4.63044234e+04]",[-0.90457967 -0.52737768 -0.0373632   1.35391757  0.72724078],3
18.0,25.1,0.0,62.12,453.60719999999844,[ 18.      25.1      0.      62.12   453.6072],[-0.90457967 -0.52653389 -0.0373632  -0.86983636 -0.43227145],0
18.0,25.11,0.0,73.73,16762.805000000015,[   18.       25.11      0.       73.73  16762.805],[-0.90457967 -0.52569009 -0.0373632   1.35391757 -0.01983137],3
18.0,25.12,0.0,62.12,4045.5314916666625,[  18.           25.12          0.           62.12       4045.53149167],[-0.90457967 -0.5248463  -0.0373632  -0.86983636 -0.34143598],0
18.0,25.12,0.0,73.73,16384.120200000027,[   18.        25.12       0.        73.73   16384.1202],[-0.90457967 -0.5248463  -0.0373632   1.35391757 -0.02940785],3
18.0,25.13,0.0,62.12,378.125,[ 18.     25.13    0.     62.12  378.125],[-0.90457967 -0.5240025  -0.0373632  -0.86983636 -0.4341803 ],0
18.0,25.13,0.0,73.73,163.9860500000023,[ 18.       25.13      0.       73.73    163.98605],[-0.90457967 -0.5240025  -0.0373632   1.35391757 -0.43959562],3
18.0,25.14,0.0,62.12,49.40179999999885,[18.     25.14    0.     62.12   49.4018],[-0.90457967 -0.5231587  -0.0373632  -0.86983636 -0.44249332],0
18.0,25.15,0.0,62.12,0.7080500000000649,[18.      25.15     0.      62.12     0.70805],[-0.90457967 -0.52231491 -0.0373632  -0.86983636 -0.44372473],0
18.0,25.15,0.0,73.73,47024.98496666666,[1.8000000e+01 2.5150000e+01 0.0000000e+00 7.3730000e+01 4.7024985e+04],[-0.90457967 -0.52231491 -0.0373632   1.35391757  0.74546292],3
18.0,25.16,0.0,62.12,5974.502499999993,[  18.       25.16      0.       62.12   5974.5025],[-0.90457967 -0.52147111 -0.0373632  -0.86983636 -0.29265462],0
18.0,25.17,0.0,62.12,346.0282333333316,[ 18.          25.17         0.          62.12       346.02823333],[-0.90457967 -0.52062732 -0.0373632  -0.86983636 -0.43499199],0
18.0,25.17,0.0,73.73,19394.651249999988,"[1.80000000e+01 2.51700000e+01 0.00000000e+00 7.37300000e+01
 1.93946512e+04]",[-0.90457967 -0.52062732 -0.0373632   1.35391757  0.04672487],3
18.0,25.18,0.0,62.12,0.6049999999999625,[18.    25.18   0.    62.12   0.605],[-0.90457967 -0.51978352 -0.0373632  -0.86983636 -0.44372733],0
18.0,25.19,0.0,62.12,6186.036433333334,[  18.           25.19          0.           62.12       6186.03643333],[-0.90457967 -0.51893973 -0.0373632  -0.86983636 -0.28730518],0
18.0,25.2,0.0,62.12,234.8373999999983,[ 18.      25.2      0.      62.12   234.8374],[-0.90457967 -0.51809593 -0.0373632  -0.86983636 -0.43780387],0
18.0,25.21,0.0,62.12,0.5,[18.   25.21  0.   62.12  0.5 ],[-0.90457967 -0.51725214 -0.0373632  -0.86983636 -0.44372999],0
18.0,25.21,0.0,73.73,68307.86890000002,"[1.80000000e+01 2.52100000e+01 0.00000000e+00 7.37300000e+01
 6.83078689e+04]",[-0.90457967 -0.51725214 -0.0373632   1.35391757  1.28368156],3
18.0,25.22,0.0,62.12,103.81255833333334,[ 18.          25.22         0.          62.12       103.81255833],[-0.90457967 -0.51640834 -0.0373632  -0.86983636 -0.44111734],0
18.0,25.23,0.0,62.12,5469.516225000002,[  18.         25.23        0.         62.12     5469.516225],[-0.90457967 -0.51556454 -0.0373632  -0.86983636 -0.30542512],0
18.0,25.24,0.0,62.12,0.7921333333332582,[18.         25.24        0.         62.12        0.79213333],[-0.90457967 -0.51472075 -0.0373632  -0.86983636 -0.4437226 ],0
18.0,25.25,0.0,62.12,135.6270800000014,[ 18.       25.25      0.       62.12    135.62708],[-0.90457967 -0.51387695 -0.0373632  -0.86983636 -0.44031278],0
18.0,25.25,0.0,73.73,4678.058371666673,[  18.           25.25          0.           73.73       4678.05837167],[-0.90457967 -0.51387695 -0.0373632   1.35391757 -0.32544014],3
18.0,25.26,0.0,62.12,3732.4076966666726,[  18.           25.26          0.           62.12       3732.40769667],[-0.90457967 -0.51303316 -0.0373632  -0.86983636 -0.34935451],0
18.0,25.27,0.0,62.12,1.8962000000001153,[18.     25.27    0.     62.12    1.8962],[-0.90457967 -0.51218936 -0.0373632  -0.86983636 -0.44369468],0
18.0,25.28,0.0,62.12,159.38921249999984,[ 18.         25.28        0.         62.12      159.3892125],[-0.90457967 -0.51134557 -0.0373632  -0.86983636 -0.43971187],0
18.0,25.28,0.0,73.73,19159.031249999967,"[1.80000000e+01 2.52800000e+01 0.00000000e+00 7.37300000e+01
 1.91590312e+04]",[-0.90457967 -0.51134557 -0.0373632   1.35391757  0.04076632],3
18.0,25.29,0.0,62.12,0.07500000000000208,[18.    25.29   0.    62.12   0.075],[-0.90457967 -0.51050177 -0.0373632  -0.86983636 -0.44374073],0
18.0,25.3,0.0,62.12,0.044066666666663055,"[1.80000000e+01 2.53000000e+01 0.00000000e+00 6.21200000e+01
 4.40666667e-02]",[-0.90457967 -0.50965798 -0.0373632  -0.86983636 -0.44374152],0
18.0,25.31,0.0,62.12,6327.0000500000015,[  18.        25.31       0.        62.12    6327.00005],[-0.90457967 -0.50881418 -0.0373632  -0.86983636 -0.28374038],0
18.0,25.32,0.0,73.73,18965.728800000008,"[1.80000000e+01 2.53200000e+01 0.00000000e+00 7.37300000e+01
 1.89657288e+04]",[-0.90457967 -0.50797038 -0.0373632   1.35391757  0.03587794],3
18.0,25.34,0.0,62.12,6525.388799999994,[  18.       25.34      0.       62.12   6525.3888],[-0.90457967 -0.50628279 -0.0373632  -0.86983636 -0.27872336],0
18.0,25.37,0.0,62.12,6730.320199999998,[  18.       25.37      0.       62.12   6730.3202],[-0.90457967 -0.50375141 -0.0373632  -0.86983636 -0.27354089],0
18.0,25.38,0.0,73.73,51425.374533333335,"[1.80000000e+01 2.53800000e+01 0.00000000e+00 7.37300000e+01
 5.14253745e+04]",[-0.90457967 -0.50290761 -0.0373632   1.35391757  0.8567435 ],3
18.0,25.39,0.0,73.73,300320.2500499999,[1.8000000e+01 2.5390000e+01 0.0000000e+00 7.3730000e+01 3.0032025e+05],[-0.90457967 -0.50206382 -0.0373632   1.35391757  7.15099681],3
18.0,25.4,0.0,62.12,6940.776199999999,[  18.       25.4       0.       62.12   6940.7762],[-0.90457967 -0.50122002 -0.0373632  -0.86983636 -0.26821871],0
18.0,25.4,0.0,73.73,33802.60005,"[1.80000000e+01 2.54000000e+01 0.00000000e+00 7.37300000e+01
 3.38026001e+04]",[-0.90457967 -0.50122002 -0.0373632   1.35391757  0.41108464],3
18.0,25.41,0.0,73.73,34267.00205000003,"[1.80000000e+01 2.54100000e+01 0.00000000e+00 7.37300000e+01
 3.42670021e+04]",[-0.90457967 -0.50037622 -0.0373632   1.35391757  0.42282881],3
18.0,25.44,0.0,62.12,26.0642000000002,[18.     25.44    0.     62.12   26.0642],[-0.90457967 -0.49784484 -0.0373632  -0.86983636 -0.4430835 ],0
18.0,25.44,0.0,73.73,154282.53083333338,"[1.80000000e+01 2.54400000e+01 0.00000000e+00 7.37300000e+01
 1.54282531e+05]",[-0.90457967 -0.49784484 -0.0373632   1.35391757  3.4578778 ],3
18.0,25.45,0.0,73.73,35340.76980000002,"[1.80000000e+01 2.54500000e+01 0.00000000e+00 7.37300000e+01
 3.53407698e+04]",[-0.90457967 -0.49700104 -0.0373632   1.35391757  0.44998311],3
18.0,25.47,0.0,62.12,45.69679999999948,[18.     25.47    0.     62.12   45.6968],[-0.90457967 -0.49531345 -0.0373632  -0.86983636 -0.44258701],0
18.0,25.49,0.0,62.12,6220.585799999996,[  18.       25.49      0.       62.12   6220.5858],[-0.90457967 -0.49362586 -0.0373632  -0.86983636 -0.28643147],0
18.0,25.52,0.0,62.12,6184.944200000003,[  18.       25.52      0.       62.12   6184.9442],[-0.90457967 -0.49109447 -0.0373632  -0.86983636 -0.2873328 ],0
18.0,25.52,0.0,73.73,19262.91920000002,"[1.80000000e+01 2.55200000e+01 0.00000000e+00 7.37300000e+01
 1.92629192e+04]",[-0.90457967 -0.49109447 -0.0373632   1.35391757  0.04339353],3
18.0,25.56,0.0,73.73,306693.2880499999,"[1.80000000e+01 2.55600000e+01 0.00000000e+00 7.37300000e+01
 3.06693288e+05]",[-0.90457967 -0.48771929 -0.0373632   1.35391757  7.31216331],3
18.0,25.57,0.0,62.12,178.60500000000064,[ 18.     25.57    0.     62.12  178.605],[-0.90457967 -0.4868755  -0.0373632  -0.86983636 -0.43922592],0
18.0,25.57,0.0,73.73,36433.80179999997,"[1.80000000e+01 2.55700000e+01 0.00000000e+00 7.37300000e+01
 3.64338018e+04]",[-0.90457967 -0.4868755  -0.0373632   1.35391757  0.47762458],3
18.0,25.58,0.0,73.73,36918.596450000005,"[1.80000000e+01 2.55800000e+01 0.00000000e+00 7.37300000e+01
 3.69185965e+04]",[-0.90457967 -0.4860317  -0.0373632   1.35391757  0.48988446],3
18.0,25.6,0.0,73.73,37414.80124999999,"[1.80000000e+01 2.56000000e+01 0.00000000e+00 7.37300000e+01
 3.74148012e+04]",[-0.90457967 -0.48434411 -0.0373632   1.35391757  0.50243288],3
18.0,25.61,0.0,62.12,5852.538049999987,[  18.        25.61       0.        62.12    5852.53805],[-0.90457967 -0.48350031 -0.0373632  -0.86983636 -0.29573895],0
18.0,25.61,0.0,73.73,37914.31845000001,"[1.80000000e+01 2.56100000e+01 0.00000000e+00 7.37300000e+01
 3.79143185e+04]",[-0.90457967 -0.48350031 -0.0373632   1.35391757  0.51506507],3
18.0,25.62,0.0,73.73,312294.94805000006,"[1.80000000e+01 2.56200000e+01 0.00000000e+00 7.37300000e+01
 3.12294948e+05]",[-0.90457967 -0.48265652 -0.0373632   1.35391757  7.45382258],3
18.0,25.63,0.0,73.73,38686.492799999956,"[1.80000000e+01 2.56300000e+01 0.00000000e+00 7.37300000e+01
 3.86864928e+04]",[-0.90457967 -0.48181272 -0.0373632   1.35391757  0.53459244],3
18.0,25.64,0.0,62.12,5855.784200000003,[  18.       25.64      0.       62.12   5855.7842],[-0.90457967 -0.48096893 -0.0373632  -0.86983636 -0.29565686],0
18.0,25.64,0.0,73.73,39200.0,[1.800e+01 2.564e+01 0.000e+00 7.373e+01 3.920e+04],[-0.90457967 -0.48096893 -0.0373632   1.35391757  0.54757842],3
18.0,25.66,0.0,73.73,58088.64493333336,"[1.80000000e+01 2.56600000e+01 0.00000000e+00 7.37300000e+01
 5.80886449e+04]",[-0.90457967 -0.47928134 -0.0373632   1.35391757  1.02524963],3
18.0,25.67,0.0,73.73,40234.334450000024,"[1.80000000e+01 2.56700000e+01 0.00000000e+00 7.37300000e+01
 4.02343345e+04]",[-0.90457967 -0.47843754 -0.0373632   1.35391757  0.5737355 ],3
18.0,25.68,0.0,73.73,163319.05943333337,"[1.80000000e+01 2.56800000e+01 0.00000000e+00 7.37300000e+01
 1.63319059e+05]",[-0.90457967 -0.47759374 -0.0373632   1.35391757  3.68640078],3
18.0,25.7,0.0,73.73,41555.56205000004,"[1.80000000e+01 2.57000000e+01 0.00000000e+00 7.37300000e+01
 4.15555621e+04]",[-0.90457967 -0.47590615 -0.0373632   1.35391757  0.60714776],3
18.0,25.72,0.0,62.12,37521.56180000001,"[1.80000000e+01 2.57200000e+01 0.00000000e+00 6.21200000e+01
 3.75215618e+04]",[-0.90457967 -0.47421856 -0.0373632  -0.86983636  0.50513273],0
18.0,25.73,0.0,73.73,120079.40180000005,"[1.80000000e+01 2.57300000e+01 0.00000000e+00 7.37300000e+01
 1.20079402e+05]",[-0.90457967 -0.47337477 -0.0373632   1.35391757  2.59292163],3
18.0,25.74,0.0,62.12,5424.652800000009,[  18.       25.74      0.       62.12   5424.6528],[-0.90457967 -0.47253097 -0.0373632  -0.86983636 -0.30655966],0
18.0,25.74,0.0,73.73,324012.4999999999,[1.800000e+01 2.574000e+01 0.000000e+00 7.373000e+01 3.240125e+05],[-0.90457967 -0.47253097 -0.0373632   1.35391757  7.75014544],3
18.0,25.8,0.0,73.73,48615.85620000002,"[1.80000000e+01 2.58000000e+01 0.00000000e+00 7.37300000e+01
 4.86158562e+04]",[-0.90457967 -0.4674682  -0.0373632   1.35391757  0.78569415],3
18.0,25.84,0.0,62.12,5088.387199999994,[  18.       25.84      0.       62.12   5088.3872],[-0.90457967 -0.46409302 -0.0373632  -0.86983636 -0.31506341],0
18.0,25.88,0.0,62.12,70556.46124999996,"[1.80000000e+01 2.58800000e+01 0.00000000e+00 6.21200000e+01
 7.05564612e+04]",[-0.90457967 -0.46071783 -0.0373632  -0.86983636  1.34054577],0
18.0,25.9,0.0,73.73,5.511200000000166,[18.     25.9     0.     73.73    5.5112],[-0.90457967 -0.45903024 -0.0373632   1.35391757 -0.44360326],3
18.0,25.91,0.0,62.12,70492.6152,"[1.80000000e+01 2.59100000e+01 0.00000000e+00 6.21200000e+01
 7.04926152e+04]",[-0.90457967 -0.45818645 -0.0373632  -0.86983636  1.33893118],0
18.0,25.91,0.0,73.73,6821.0625333333155,[  18.           25.91          0.           73.73       6821.06253333],[-0.90457967 -0.45818645 -0.0373632   1.35391757 -0.27124613],3
18.0,25.92,0.0,73.73,5.814049999999892,[18.      25.92     0.      73.73     5.81405],[-0.90457967 -0.45734265 -0.0373632   1.35391757 -0.4435956 ],3
18.0,25.93,0.0,73.73,5.985799999999733,[18.     25.93    0.     73.73    5.9858],[-0.90457967 -0.45649886 -0.0373632   1.35391757 -0.44359126],3
18.0,25.94,0.0,73.73,16834.29004999998,[   18.         25.94        0.         73.73    16834.29005],[-0.90457967 -0.45565506 -0.0373632   1.35391757 -0.0180236 ],3
18.0,25.95,0.0,62.12,4859.9940499999975,[  18.        25.95       0.        62.12    4859.99405],[-0.90457967 -0.45481127 -0.0373632  -0.86983636 -0.3208392 ],0
18.0,25.95,0.0,73.73,11.971633333333191,[18.         25.95        0.         73.73       11.97163333],[-0.90457967 -0.45481127 -0.0373632   1.35391757 -0.44343988],3
18.0,25.97,0.0,73.73,5903.497799999985,[  18.       25.97      0.       73.73   5903.4978],[-0.90457967 -0.45312367 -0.0373632   1.35391757 -0.29445024],3
18.0,26.0,0.0,62.12,38168.08204999999,[1.8000000e+01 2.6000000e+01 0.0000000e+00 6.2120000e+01 3.8168082e+04],[-0.90457967 -0.45059229 -0.0373632  -0.86983636  0.52148245],0
18.0,26.01,0.0,73.73,46857.78845000004,"[1.80000000e+01 2.60100000e+01 0.00000000e+00 7.37300000e+01
 4.68577885e+04]",[-0.90457967 -0.44974849 -0.0373632   1.35391757  0.74123472],3
18.0,26.02,0.0,62.12,77405.38580000002,"[1.80000000e+01 2.60200000e+01 0.00000000e+00 6.21200000e+01
 7.74053858e+04]",[-0.90457967 -0.4489047  -0.0373632  -0.86983636  1.51374687],0
18.0,26.05,0.0,62.12,38936.41409166666,"[1.80000000e+01 2.60500000e+01 0.00000000e+00 6.21200000e+01
 3.89364141e+04]",[-0.90457967 -0.44637331 -0.0373632  -0.86983636  0.54091265],0
18.0,26.08,0.0,62.12,202.80980000000145,[ 18.      26.08     0.      62.12   202.8098],[-0.90457967 -0.44384192 -0.0373632  -0.86983636 -0.43861381],0
18.0,26.08,0.0,73.73,44694.520200000006,"[1.80000000e+01 2.60800000e+01 0.00000000e+00 7.37300000e+01
 4.46945202e+04]",[-0.90457967 -0.44384192 -0.0373632   1.35391757  0.68652826],3
18.0,26.11,0.0,62.12,196.61445000000026,[ 18.       26.11      0.       62.12    196.61445],[-0.90457967 -0.44131054 -0.0373632  -0.86983636 -0.43877049],0
18.0,26.13,0.0,62.12,76307.61780000002,"[1.80000000e+01 2.61300000e+01 0.00000000e+00 6.21200000e+01
 7.63076178e+04]",[-0.90457967 -0.43962295 -0.0373632  -0.86983636  1.48598563],0
18.0,26.13,0.0,73.73,126217.95244999992,"[1.80000000e+01 2.61300000e+01 0.00000000e+00 7.37300000e+01
 1.26217952e+05]",[-0.90457967 -0.43962295 -0.0373632   1.35391757  2.74815822],3
18.0,26.14,0.0,73.73,24180.204049999993,[1.8000000e+01 2.6140000e+01 0.0000000e+00 7.3730000e+01 2.4180204e+04],[-0.90457967 -0.43877915 -0.0373632   1.35391757  0.16774577],3
18.0,26.15,0.0,73.73,73699.57263333333,"[1.80000000e+01 2.61500000e+01 0.00000000e+00 7.37300000e+01
 7.36995726e+04]",[-0.90457967 -0.43793535 -0.0373632   1.35391757  1.42003129],3
18.0,26.16,0.0,62.12,184.8964499999987,[ 18.       26.16      0.       62.12    184.89645],[-0.90457967 -0.43709156 -0.0373632  -0.86983636 -0.43906682],0
18.0,26.17,0.0,73.73,64907.265033333344,[1.8000000e+01 2.6170000e+01 0.0000000e+00 7.3730000e+01 6.4907265e+04],[-0.90457967 -0.43624776 -0.0373632   1.35391757  1.19768437],3
18.0,26.18,0.0,73.73,1319.438450000012,[  18.        26.18       0.        73.73    1319.43845],[-0.90457967 -0.43540397 -0.0373632   1.35391757 -0.41037561],3
18.0,26.19,0.0,62.12,27523.05903333333,[1.8000000e+01 2.6190000e+01 0.0000000e+00 6.2120000e+01 2.7523059e+04],[-0.90457967 -0.43456017 -0.0373632  -0.86983636  0.25228257],0
18.0,26.19,0.0,73.73,101290.50404999992,"[1.80000000e+01 2.61900000e+01 0.00000000e+00 7.37300000e+01
 1.01290504e+05]",[-0.90457967 -0.43456017 -0.0373632   1.35391757  2.11777291],3
18.0,26.2,0.0,73.73,902.7000500000053,[ 18.       26.2       0.       73.73    902.70005],[-0.90457967 -0.43371638 -0.0373632   1.35391757 -0.42091443],3
18.0,26.21,0.0,73.73,49139.72329166665,"[1.80000000e+01 2.62100000e+01 0.00000000e+00 7.37300000e+01
 4.91397233e+04]",[-0.90457967 -0.43287258 -0.0373632   1.35391757  0.79894212],3
18.0,26.22,0.0,73.73,433.35679999999826,[ 18.      26.22     0.      73.73   433.3568],[-0.90457967 -0.43202879 -0.0373632   1.35391757 -0.43278356],3
18.0,26.23,0.0,73.73,109624.34879999995,"[1.80000000e+01 2.62300000e+01 0.00000000e+00 7.37300000e+01
 1.09624349e+05]",[-0.90457967 -0.43118499 -0.0373632   1.35391757  2.32852586],3
18.0,26.24,0.0,62.12,38417.14804999997,[1.8000000e+01 2.6240000e+01 0.0000000e+00 6.2120000e+01 3.8417148e+04],[-0.90457967 -0.43034119 -0.0373632  -0.86983636  0.52778103],0
18.0,26.25,0.0,73.73,78012.82143333336,"[1.80000000e+01 2.62500000e+01 0.00000000e+00 7.37300000e+01
 7.80128214e+04]",[-0.90457967 -0.4294974  -0.0373632   1.35391757  1.52910819],3
18.0,26.27,0.0,73.73,78856.39693333332,"[1.80000000e+01 2.62700000e+01 0.00000000e+00 7.37300000e+01
 7.88563969e+04]",[-0.90457967 -0.42780981 -0.0373632   1.35391757  1.5504412 ],3
18.0,26.28,0.0,73.73,37969.41245000001,"[1.80000000e+01 2.62800000e+01 0.00000000e+00 7.37300000e+01
 3.79694125e+04]",[-0.90457967 -0.42696601 -0.0373632   1.35391757  0.51645834],3
18.0,26.35,0.0,73.73,22351.322450000036,"[1.80000000e+01 2.63500000e+01 0.00000000e+00 7.37300000e+01
 2.23513225e+04]",[-0.90457967 -0.42105944 -0.0373632   1.35391757  0.12149554],3
18.0,26.41,0.0,73.73,22567.501249999987,"[1.80000000e+01 2.64100000e+01 0.00000000e+00 7.37300000e+01
 2.25675012e+04]",[-0.90457967 -0.41599667 -0.0373632   1.35391757  0.12696245],3
18.0,26.45,0.0,62.12,39012.624450000025,"[1.80000000e+01 2.64500000e+01 0.00000000e+00 6.21200000e+01
 3.90126245e+04]",[-0.90457967 -0.41262149 -0.0373632  -0.86983636  0.54283992],0
18.0,26.61,0.0,62.12,39264.426450000006,"[1.80000000e+01 2.66100000e+01 0.00000000e+00 6.21200000e+01
 3.92644265e+04]",[-0.90457967 -0.39912076 -0.0373632  -0.86983636  0.54920769],0
18.0,26.61,0.0,73.73,22868.049800000004,"[1.80000000e+01 2.66100000e+01 0.00000000e+00 7.37300000e+01
 2.28680498e+04]",[-0.90457967 -0.39912076 -0.0373632   1.35391757  0.13456296],3
18.0,26.63,0.0,62.12,1693.7571999999986,[  18.       26.63      0.       62.12   1693.7572],[-0.90457967 -0.39743317 -0.0373632  -0.86983636 -0.40090954],0
18.0,26.65,0.0,62.12,14910.377633333343,"[   18.            26.65           0.            62.12
 14910.37763333]",[-0.90457967 -0.39574558 -0.0373632  -0.86983636 -0.06667704],0
18.0,26.67,0.0,62.12,1313.9525333333333,[  18.           26.67          0.           62.12       1313.95253333],[-0.90457967 -0.39405799 -0.0373632  -0.86983636 -0.41051435],0
18.0,26.67,0.0,73.73,23007.270049999974,[1.800000e+01 2.667000e+01 0.000000e+00 7.373000e+01 2.300727e+04],[-0.90457967 -0.39405799 -0.0373632   1.35391757  0.13808367],3
18.0,26.69,0.0,62.12,22734.81665,"[1.80000000e+01 2.66900000e+01 0.00000000e+00 6.21200000e+01
 2.27348167e+04]",[-0.90457967 -0.3923704  -0.0373632  -0.86983636  0.13119365],0
18.0,26.7,0.0,62.12,27221.15887,"[1.80000000e+01 2.67000000e+01 0.00000000e+00 6.21200000e+01
 2.72211589e+04]",[-0.90457967 -0.3915266  -0.0373632  -0.86983636  0.24464788],0
18.0,26.71,0.0,62.12,26327.833599999994,"[1.80000000e+01 2.67100000e+01 0.00000000e+00 6.21200000e+01
 2.63278336e+04]",[-0.90457967 -0.3906828  -0.0373632  -0.86983636  0.22205675],0
18.0,26.72,0.0,62.12,22982.851091666656,"[1.80000000e+01 2.67200000e+01 0.00000000e+00 6.21200000e+01
 2.29828511e+04]",[-0.90457967 -0.38983901 -0.0373632  -0.86983636  0.13746615],0
18.0,26.73,0.0,62.12,22151.391969999997,[1.8000000e+01 2.6730000e+01 0.0000000e+00 6.2120000e+01 2.2151392e+04],[-0.90457967 -0.38899521 -0.0373632  -0.86983636  0.11643954],0
18.0,26.74,0.0,62.12,27685.676130000014,"[1.80000000e+01 2.67400000e+01 0.00000000e+00 6.21200000e+01
 2.76856761e+04]",[-0.90457967 -0.38815142 -0.0373632  -0.86983636  0.25639496],0
18.0,26.74,0.0,73.73,23127.55245000001,"[1.80000000e+01 2.67400000e+01 0.00000000e+00 7.37300000e+01
 2.31275525e+04]",[-0.90457967 -0.38815142 -0.0373632   1.35391757  0.14112547],3
18.0,26.75,0.0,62.12,23328.94696666666,[1.8000000e+01 2.6750000e+01 0.0000000e+00 6.2120000e+01 2.3328947e+04],[-0.90457967 -0.38730762 -0.0373632  -0.86983636  0.1462185 ],0
18.0,26.76,0.0,62.12,19778.889491666665,"[1.80000000e+01 2.67600000e+01 0.00000000e+00 6.21200000e+01
 1.97788895e+04]",[-0.90457967 -0.38646383 -0.0373632  -0.86983636  0.0564418 ],0
18.0,26.77,0.0,62.12,23542.92669166667,"[1.80000000e+01 2.67700000e+01 0.00000000e+00 6.21200000e+01
 2.35429267e+04]",[-0.90457967 -0.38562003 -0.0373632  -0.86983636  0.15162979],0
18.0,26.78,0.0,62.12,26724.212280000014,"[1.80000000e+01 2.67800000e+01 0.00000000e+00 6.21200000e+01
 2.67242123e+04]",[-0.90457967 -0.38477624 -0.0373632  -0.86983636  0.23208069],0
18.0,26.79,0.0,62.12,32294.643970000023,[1.8000000e+01 2.6790000e+01 0.0000000e+00 6.2120000e+01 3.2294644e+04],[-0.90457967 -0.38393244 -0.0373632  -0.86983636  0.37295024],0
18.0,26.8,0.0,62.12,21933.594866666663,"[1.80000000e+01 2.68000000e+01 0.00000000e+00 6.21200000e+01
 2.19335949e+04]",[-0.90457967 -0.38308864 -0.0373632  -0.86983636  0.11093171],0
18.0,26.8,0.0,73.73,23226.59044999997,"[1.80000000e+01 2.68000000e+01 0.00000000e+00 7.37300000e+01
 2.32265904e+04]",[-0.90457967 -0.38308864 -0.0373632   1.35391757  0.14363002],3
18.0,26.81,0.0,62.12,32069.19742500001,"[1.80000000e+01 2.68100000e+01 0.00000000e+00 6.21200000e+01
 3.20691974e+04]",[-0.90457967 -0.38224485 -0.0373632  -0.86983636  0.36724896],0
18.0,26.82,0.0,62.12,29529.993969999996,[1.8000000e+01 2.6820000e+01 0.0000000e+00 6.2120000e+01 2.9529994e+04],[-0.90457967 -0.38140105 -0.0373632  -0.86983636  0.30303555],0
18.0,26.83,0.0,62.12,25416.570229999998,"[1.80000000e+01 2.68300000e+01 0.00000000e+00 6.21200000e+01
 2.54165702e+04]",[-0.90457967 -0.38055726 -0.0373632  -0.86983636  0.19901199],0
18.0,26.84,0.0,62.12,33951.425976666644,[1.8000000e+01 2.6840000e+01 0.0000000e+00 6.2120000e+01 3.3951426e+04],[-0.90457967 -0.37971346 -0.0373632  -0.86983636  0.41484827],0
18.0,26.85,0.0,62.12,20421.521480000003,"[1.80000000e+01 2.68500000e+01 0.00000000e+00 6.21200000e+01
 2.04215215e+04]",[-0.90457967 -0.37886967 -0.0373632  -0.86983636  0.07269319],0
18.0,26.86,0.0,62.12,36424.60982499999,"[1.80000000e+01 2.68600000e+01 0.00000000e+00 6.21200000e+01
 3.64246098e+04]",[-0.90457967 -0.37802587 -0.0373632  -0.86983636  0.47739213],0
18.0,26.87,0.0,62.12,20680.616033333336,[1.8000000e+01 2.6870000e+01 0.0000000e+00 6.2120000e+01 2.0680616e+04],[-0.90457967 -0.37718208 -0.0373632  -0.86983636  0.07924538],0
18.0,26.87,0.0,73.73,23306.40500000002,[1.8000000e+01 2.6870000e+01 0.0000000e+00 7.3730000e+01 2.3306405e+04],[-0.90457967 -0.37718208 -0.0373632   1.35391757  0.14564844],3
18.0,26.88,0.0,62.12,51896.75444999997,"[1.80000000e+01 2.68800000e+01 0.00000000e+00 6.21200000e+01
 5.18967544e+04]",[-0.90457967 -0.37633828 -0.0373632  -0.86983636  0.86866413],0
18.0,26.89,0.0,62.12,22609.68103333334,[1.8000000e+01 2.6890000e+01 0.0000000e+00 6.2120000e+01 2.2609681e+04],[-0.90457967 -0.37549448 -0.0373632  -0.86983636  0.12802912],0
18.0,26.9,0.0,62.12,20896.901099999995,"[1.80000000e+01 2.69000000e+01 0.00000000e+00 6.21200000e+01
 2.08969011e+04]",[-0.90457967 -0.37465069 -0.0373632  -0.86983636  0.08471497],0
18.0,26.91,0.0,62.12,30819.23963333336,"[1.80000000e+01 2.69100000e+01 0.00000000e+00 6.21200000e+01
 3.08192396e+04]",[-0.90457967 -0.37380689 -0.0373632  -0.86983636  0.33563903],0
18.0,26.93,0.0,62.12,23867.040958333335,[1.8000000e+01 2.6930000e+01 0.0000000e+00 6.2120000e+01 2.3867041e+04],[-0.90457967 -0.3721193  -0.0373632  -0.86983636  0.15982625],0
18.0,26.93,0.0,73.73,23364.734450000014,"[1.80000000e+01 2.69300000e+01 0.00000000e+00 7.37300000e+01
 2.33647345e+04]",[-0.90457967 -0.3721193  -0.0373632   1.35391757  0.14712352],3
18.0,26.94,0.0,62.12,32832.439425,"[1.80000000e+01 2.69400000e+01 0.00000000e+00 6.21200000e+01
 3.28324394e+04]",[-0.90457967 -0.37127551 -0.0373632  -0.86983636  0.38655044],0
18.0,26.95,0.0,62.12,3538.9284500000044,[  18.        26.95       0.        62.12    3538.92845],[-0.90457967 -0.37043171 -0.0373632  -0.86983636 -0.35424737],0
18.0,26.96,0.0,62.12,1527.386449999999,[  18.        26.96       0.        62.12    1527.38645],[-0.90457967 -0.36958792 -0.0373632  -0.86983636 -0.40511686],0
18.0,26.97,0.0,62.12,27775.999033333326,[1.8000000e+01 2.6970000e+01 0.0000000e+00 6.2120000e+01 2.7775999e+04],[-0.90457967 -0.36874412 -0.0373632  -0.86983636  0.25867912],0
18.0,26.98,0.0,62.12,31465.897900000004,"[1.80000000e+01 2.69800000e+01 0.00000000e+00 6.21200000e+01
 3.14658979e+04]",[-0.90457967 -0.36790032 -0.0373632  -0.86983636  0.35199224],0
18.0,26.99,0.0,62.12,28664.154066666655,"[1.80000000e+01 2.69900000e+01 0.00000000e+00 6.21200000e+01
 2.86641541e+04]",[-0.90457967 -0.36705653 -0.0373632  -0.86983636  0.2811395 ],0
18.0,27.01,0.0,62.12,31632.633033333346,[1.8000000e+01 2.7010000e+01 0.0000000e+00 6.2120000e+01 3.1632633e+04],[-0.90457967 -0.36536894 -0.0373632  -0.86983636  0.35620877],0
18.0,27.02,0.0,62.12,27802.90943333334,"[1.80000000e+01 2.70200000e+01 0.00000000e+00 6.21200000e+01
 2.78029094e+04]",[-0.90457967 -0.36452514 -0.0373632  -0.86983636  0.25935965],0
18.0,27.03,0.0,62.12,26465.811158333352,"[1.80000000e+01 2.70300000e+01 0.00000000e+00 6.21200000e+01
 2.64658112e+04]",[-0.90457967 -0.36368135 -0.0373632  -0.86983636  0.22554604],0
18.0,27.05,0.0,62.12,35532.44820000003,"[1.80000000e+01 2.70500000e+01 0.00000000e+00 6.21200000e+01
 3.55324482e+04]",[-0.90457967 -0.36199376 -0.0373632  -0.86983636  0.45483043],0
18.0,27.06,0.0,62.12,22334.411249999994,"[1.80000000e+01 2.70600000e+01 0.00000000e+00 6.21200000e+01
 2.23344112e+04]",[-0.90457967 -0.36114996 -0.0373632  -0.86983636  0.12106788],0
18.0,27.07,0.0,62.12,29803.918424999996,"[1.80000000e+01 2.70700000e+01 0.00000000e+00 6.21200000e+01
 2.98039184e+04]",[-0.90457967 -0.36030617 -0.0373632  -0.86983636  0.30996277],0
18.0,27.09,0.0,62.12,42189.315200000005,"[1.80000000e+01 2.70900000e+01 0.00000000e+00 6.21200000e+01
 4.21893152e+04]",[-0.90457967 -0.35861857 -0.0373632  -0.86983636  0.62317462],0
18.0,27.1,0.0,62.12,36962.08604999998,[1.8000000e+01 2.7100000e+01 0.0000000e+00 6.2120000e+01 3.6962086e+04],[-0.90457967 -0.35777478 -0.0373632  -0.86983636  0.49098426],0
18.0,27.11,0.0,62.12,23511.003560000012,"[1.80000000e+01 2.71100000e+01 0.00000000e+00 6.21200000e+01
 2.35110036e+04]",[-0.90457967 -0.35693098 -0.0373632  -0.86983636  0.15082249],0
18.0,27.12,0.0,62.12,13.886449999999904,[18.      27.12     0.      62.12    13.88645],[-0.90457967 -0.35608719 -0.0373632  -0.86983636 -0.44339146],0
18.0,27.13,0.0,62.12,26353.2909,"[1.80000000e+01 2.71300000e+01 0.00000000e+00 6.21200000e+01
 2.63532909e+04]",[-0.90457967 -0.35524339 -0.0373632  -0.86983636  0.22270053],0
18.0,27.14,0.0,62.12,10778.039980952371,"[   18.            27.14           0.            62.12
 10778.03998095]",[-0.90457967 -0.3543996  -0.0373632  -0.86983636 -0.17117891],0
18.0,27.15,0.0,62.12,15248.399649999992,[   18.         27.15        0.         62.12    15248.39965],[-0.90457967 -0.3535558  -0.0373632  -0.86983636 -0.05812887],0
18.0,27.16,0.0,62.12,26451.504466666658,"[1.80000000e+01 2.71600000e+01 0.00000000e+00 6.21200000e+01
 2.64515045e+04]",[-0.90457967 -0.35271201 -0.0373632  -0.86983636  0.22518424],0
18.0,27.17,0.0,62.12,423.404999999999,[ 18.     27.17    0.     62.12  423.405],[-0.90457967 -0.35186821 -0.0373632  -0.86983636 -0.43303523],0
18.0,27.18,0.0,62.12,15554.29332,[   18.         27.18        0.         62.12    15554.29332],[-0.90457967 -0.35102441 -0.0373632  -0.86983636 -0.05039318],0
18.0,27.18,0.0,73.73,23685.76125000002,"[1.80000000e+01 2.71800000e+01 0.00000000e+00 7.37300000e+01
 2.36857613e+04]",[-0.90457967 -0.35102441 -0.0373632   1.35391757  0.1552419 ],3
18.0,27.19,0.0,62.12,20018.105166666664,"[1.80000000e+01 2.71900000e+01 0.00000000e+00 6.21200000e+01
 2.00181052e+04]",[-0.90457967 -0.35018062 -0.0373632  -0.86983636  0.06249127],0
18.0,27.2,0.0,62.12,25142.002429999986,"[1.80000000e+01 2.72000000e+01 0.00000000e+00 6.21200000e+01
 2.51420024e+04]",[-0.90457967 -0.34933682 -0.0373632  -0.86983636  0.1920685 ],0
18.0,27.21,0.0,62.12,32896.125,[1.8000000e+01 2.7210000e+01 0.0000000e+00 6.2120000e+01 3.2896125e+04],[-0.90457967 -0.34849303 -0.0373632  -0.86983636  0.38816097],0
18.0,27.22,0.0,62.12,894.0152999999987,[ 18.      27.22     0.      62.12   894.0153],[-0.90457967 -0.34764923 -0.0373632  -0.86983636 -0.42113405],0
18.0,27.23,0.0,62.12,33253.62605000001,"[1.80000000e+01 2.72300000e+01 0.00000000e+00 6.21200000e+01
 3.32536261e+04]",[-0.90457967 -0.34680544 -0.0373632  -0.86983636  0.39720175],0
18.0,27.24,0.0,62.12,29933.607433333334,"[1.80000000e+01 2.72400000e+01 0.00000000e+00 6.21200000e+01
 2.99336074e+04]",[-0.90457967 -0.34596164 -0.0373632  -0.86983636  0.31324245],0
18.0,27.25,0.0,62.12,25566.87989999999,"[1.80000000e+01 2.72500000e+01 0.00000000e+00 6.21200000e+01
 2.55668799e+04]",[-0.90457967 -0.34511785 -0.0373632  -0.86983636  0.20281314],0
18.0,27.26,0.0,62.12,26054.382100000006,"[1.80000000e+01 2.72600000e+01 0.00000000e+00 6.21200000e+01
 2.60543821e+04]",[-0.90457967 -0.34427405 -0.0373632  -0.86983636  0.21514149],0
18.0,27.27,0.0,62.12,241.12079999999705,[ 18.      27.27     0.      62.12   241.1208],[-0.90457967 -0.34343025 -0.0373632  -0.86983636 -0.43764497],0
18.0,27.28,0.0,62.12,44464.602049999994,[1.8000000e+01 2.7280000e+01 0.0000000e+00 6.2120000e+01 4.4464602e+04],[-0.90457967 -0.34258646 -0.0373632  -0.86983636  0.6807139 ],0
18.0,27.29,0.0,62.12,32915.97026666668,"[1.80000000e+01 2.72900000e+01 0.00000000e+00 6.21200000e+01
 3.29159703e+04]",[-0.90457967 -0.34174266 -0.0373632  -0.86983636  0.38866284],0
18.0,27.3,0.0,62.12,18550.81849166667,"[1.80000000e+01 2.73000000e+01 0.00000000e+00 6.21200000e+01
 1.85508185e+04]",[-0.90457967 -0.34089887 -0.0373632  -0.86983636  0.02538535],0
18.0,27.31,0.0,62.12,34521.4088,"[1.80000000e+01 2.73100000e+01 0.00000000e+00 6.21200000e+01
 3.45214088e+04]",[-0.90457967 -0.34005507 -0.0373632  -0.86983636  0.42926245],0
18.0,27.32,0.0,62.12,1683.7404500000018,[  18.        27.32       0.        62.12    1683.74045],[-0.90457967 -0.33921128 -0.0373632  -0.86983636 -0.40116285],0
18.0,27.33,0.0,62.12,34745.11605000002,"[1.80000000e+01 2.73300000e+01 0.00000000e+00 6.21200000e+01
 3.47451161e+04]",[-0.90457967 -0.33836748 -0.0373632  -0.86983636  0.43491974],0
18.0,27.34,0.0,62.12,32002.396699999994,"[1.80000000e+01 2.73400000e+01 0.00000000e+00 6.21200000e+01
 3.20023967e+04]",[-0.90457967 -0.33752369 -0.0373632  -0.86983636  0.36555965],0
18.0,27.35,0.0,62.12,27621.376899999996,"[1.80000000e+01 2.73500000e+01 0.00000000e+00 6.21200000e+01
 2.76213769e+04]",[-0.90457967 -0.33667989 -0.0373632  -0.86983636  0.25476891],0
18.0,27.36,0.0,62.12,27739.850833333334,"[1.80000000e+01 2.73600000e+01 0.00000000e+00 6.21200000e+01
 2.77398508e+04]",[-0.90457967 -0.33583609 -0.0373632  -0.86983636  0.25776497],0
18.0,27.37,0.0,62.12,22348.719100000017,"[1.80000000e+01 2.73700000e+01 0.00000000e+00 6.21200000e+01
 2.23487191e+04]",[-0.90457967 -0.3349923  -0.0373632  -0.86983636  0.12142971],0
18.0,27.38,0.0,62.12,36514.13803333335,[1.8000000e+01 2.7380000e+01 0.0000000e+00 6.2120000e+01 3.6514138e+04],[-0.90457967 -0.3341485  -0.0373632  -0.86983636  0.47965619],0
18.0,27.39,0.0,62.12,90.99005000000012,[18.      27.39     0.      62.12    90.99005],[-0.90457967 -0.33330471 -0.0373632  -0.86983636 -0.4414416 ],0
18.0,27.4,0.0,62.12,23049.472166666663,"[1.80000000e+01 2.74000000e+01 0.00000000e+00 6.21200000e+01
 2.30494722e+04]",[-0.90457967 -0.33246091 -0.0373632  -0.86983636  0.13915091],0
18.0,27.41,0.0,62.12,49034.59280000003,"[1.80000000e+01 2.74100000e+01 0.00000000e+00 6.21200000e+01
 4.90345928e+04]",[-0.90457967 -0.33161712 -0.0373632  -0.86983636  0.79628349],0
18.0,27.42,0.0,62.12,26521.043266666675,"[1.80000000e+01 2.74200000e+01 0.00000000e+00 6.21200000e+01
 2.65210433e+04]",[-0.90457967 -0.33077332 -0.0373632  -0.86983636  0.22694279],0
18.0,27.43,0.0,62.12,29065.51570000001,"[1.80000000e+01 2.74300000e+01 0.00000000e+00 6.21200000e+01
 2.90655157e+04]",[-0.90457967 -0.32992953 -0.0373632  -0.86983636  0.29128945],0
18.0,27.44,0.0,62.12,33750.61805,[1.8000000e+01 2.7440000e+01 0.0000000e+00 6.2120000e+01 3.3750618e+04],[-0.90457967 -0.32908573 -0.0373632  -0.86983636  0.40977008],0
18.0,27.45,0.0,62.12,29398.9591,"[1.80000000e+01 2.74500000e+01 0.00000000e+00 6.21200000e+01
 2.93989591e+04]",[-0.90457967 -0.32824193 -0.0373632  -0.86983636  0.29972183],0
18.0,27.46,0.0,62.12,36422.756799999996,"[1.80000000e+01 2.74600000e+01 0.00000000e+00 6.21200000e+01
 3.64227568e+04]",[-0.90457967 -0.32739814 -0.0373632  -0.86983636  0.47734527],0
18.0,27.47,0.0,62.12,29704.047100000007,"[1.80000000e+01 2.74700000e+01 0.00000000e+00 6.21200000e+01
 2.97040471e+04]",[-0.90457967 -0.32655434 -0.0373632  -0.86983636  0.30743714],0
18.0,27.48,0.0,62.12,21141.346091666663,"[1.80000000e+01 2.74800000e+01 0.00000000e+00 6.21200000e+01
 2.11413461e+04]",[-0.90457967 -0.32571055 -0.0373632  -0.86983636  0.09089669],0
18.0,27.5,0.0,62.12,27897.64724999998,"[1.80000000e+01 2.75000000e+01 0.00000000e+00 6.21200000e+01
 2.78976472e+04]",[-0.90457967 -0.32402296 -0.0373632  -0.86983636  0.26175546],0
18.0,27.51,0.0,62.12,31608.277033333346,[1.8000000e+01 2.7510000e+01 0.0000000e+00 6.2120000e+01 3.1608277e+04],[-0.90457967 -0.32317916 -0.0373632  -0.86983636  0.35559284],0
18.0,27.52,0.0,62.12,30356.349633333346,"[1.80000000e+01 2.75200000e+01 0.00000000e+00 6.21200000e+01
 3.03563496e+04]",[-0.90457967 -0.32233537 -0.0373632  -0.86983636  0.32393309],0
18.0,27.53,0.0,62.12,30993.60249999999,"[1.80000000e+01 2.75300000e+01 0.00000000e+00 6.21200000e+01
 3.09936025e+04]",[-0.90457967 -0.32149157 -0.0373632  -0.86983636  0.34004846],0
18.0,27.54,0.0,62.12,27221.236899999978,"[1.80000000e+01 2.75400000e+01 0.00000000e+00 6.21200000e+01
 2.72212369e+04]",[-0.90457967 -0.32064777 -0.0373632  -0.86983636  0.24464985],0
18.0,27.55,0.0,62.12,31371.016933333354,"[1.80000000e+01 2.75500000e+01 0.00000000e+00 6.21200000e+01
 3.13710169e+04]",[-0.90457967 -0.31980398 -0.0373632  -0.86983636  0.34959282],0
18.0,27.56,0.0,62.12,38342.3432,"[1.80000000e+01 2.75600000e+01 0.00000000e+00 6.21200000e+01
 3.83423432e+04]",[-0.90457967 -0.31896018 -0.0373632  -0.86983636  0.52588931],0
18.0,27.57,0.0,62.12,1040.5486333333324,[  18.           27.57          0.           62.12       1040.54863333],[-0.90457967 -0.31811639 -0.0373632  -0.86983636 -0.4174284 ],0
18.0,27.58,0.0,62.12,28621.018579999993,"[1.80000000e+01 2.75800000e+01 0.00000000e+00 6.21200000e+01
 2.86210186e+04]",[-0.90457967 -0.31727259 -0.0373632  -0.86983636  0.28004865],0
18.0,27.63,0.0,62.12,22.984199999999817,[18.     27.63    0.     62.12   22.9842],[-0.90457967 -0.31305361 -0.0373632  -0.86983636 -0.44316139],0
18.0,27.66,0.0,62.12,61474.204800000014,"[1.80000000e+01 2.76600000e+01 0.00000000e+00 6.21200000e+01
 6.14742048e+04]",[-0.90457967 -0.31052223 -0.0373632  -0.86983636  1.11086638],0
18.0,27.7,0.0,62.12,61705.845000000045,[1.8000000e+01 2.7700000e+01 0.0000000e+00 6.2120000e+01 6.1705845e+04],[-0.90457967 -0.30714705 -0.0373632  -0.86983636  1.11672429],0
18.0,27.72,0.0,62.12,23.59844999999964,[18.      27.72     0.      62.12    23.59845],[-0.90457967 -0.30545946 -0.0373632  -0.86983636 -0.44314585],0
18.0,27.72,0.0,73.73,11395.97045000002,[   18.         27.72        0.         73.73    11395.97045],[-0.90457967 -0.30545946 -0.0373632   1.35391757 -0.15555219],3
18.0,27.73,0.0,62.12,61421.620050000005,"[1.80000000e+01 2.77300000e+01 0.00000000e+00 6.21200000e+01
 6.14216201e+04]",[-0.90457967 -0.30461566 -0.0373632  -0.86983636  1.10953658],0
18.0,27.77,0.0,62.12,41731.72803333335,[1.8000000e+01 2.7770000e+01 0.0000000e+00 6.2120000e+01 4.1731728e+04],[-0.90457967 -0.30124048 -0.0373632  -0.86983636  0.61160279],0
18.0,27.81,0.0,62.12,61695.30645000001,"[1.80000000e+01 2.78100000e+01 0.00000000e+00 6.21200000e+01
 6.16953065e+04]",[-0.90457967 -0.2978653  -0.0373632  -0.86983636  1.11645778],0
18.0,27.82,0.0,62.12,12.350450000000135,[18.      27.82     0.      62.12    12.35045],[-0.90457967 -0.2970215  -0.0373632  -0.86983636 -0.4434303 ],0
18.0,27.84,0.0,62.12,61772.61005,"[1.80000000e+01 2.78400000e+01 0.00000000e+00 6.21200000e+01
 6.17726101e+04]",[-0.90457967 -0.29533391 -0.0373632  -0.86983636  1.11841269],0
18.0,27.85,0.0,62.12,6.51605000000005,[18.      27.85     0.      62.12     6.51605],[-0.90457967 -0.29449011 -0.0373632  -0.86983636 -0.44357785],0
18.0,27.87,0.0,62.12,10.998049999999989,[18.      27.87     0.      62.12    10.99805],[-0.90457967 -0.29280252 -0.0373632  -0.86983636 -0.4434645 ],0
18.0,27.88,0.0,62.12,61804.248199999995,"[1.80000000e+01 2.78800000e+01 0.00000000e+00 6.21200000e+01
 6.18042482e+04]",[-0.90457967 -0.29195873 -0.0373632  -0.86983636  1.11921279],0
18.0,27.9,0.0,62.12,6.516049999999228,[18.      27.9      0.      62.12     6.51605],[-0.90457967 -0.29027114 -0.0373632  -0.86983636 -0.44357785],0
18.0,27.91,0.0,62.12,61804.24819999997,"[1.80000000e+01 2.79100000e+01 0.00000000e+00 6.21200000e+01
 6.18042482e+04]",[-0.90457967 -0.28942734 -0.0373632  -0.86983636  1.11921279],0
18.0,27.92,0.0,62.12,7.068800000000821,[18.     27.92    0.     62.12    7.0688],[-0.90457967 -0.28858354 -0.0373632  -0.86983636 -0.44356387],0
18.0,27.94,0.0,62.12,61769.0952,"[1.80000000e+01 2.79400000e+01 0.00000000e+00 6.21200000e+01
 6.17690952e+04]",[-0.90457967 -0.28689595 -0.0373632  -0.86983636  1.11832381],0
18.0,27.95,0.0,62.12,4.5,[18.   27.95  0.   62.12  4.5 ],[-0.90457967 -0.28605216 -0.0373632  -0.86983636 -0.44362883],0
18.0,27.96,0.0,62.12,61365.554449999996,"[1.80000000e+01 2.79600000e+01 0.00000000e+00 6.21200000e+01
 6.13655544e+04]",[-0.90457967 -0.28520836 -0.0373632  -0.86983636  1.10811875],0
18.0,27.96,0.0,73.73,9865.910449999988,[  18.        27.96       0.        73.73    9865.91045],[-0.90457967 -0.28520836 -0.0373632   1.35391757 -0.19424557],3
18.0,27.97,0.0,62.12,33159.20978666665,"[1.80000000e+01 2.79700000e+01 0.00000000e+00 6.21200000e+01
 3.31592098e+04]",[-0.90457967 -0.28436457 -0.0373632  -0.86983636  0.39481407],0
18.0,27.98,0.0,62.12,24696.02533000002,"[1.80000000e+01 2.79800000e+01 0.00000000e+00 6.21200000e+01
 2.46960253e+04]",[-0.90457967 -0.28352077 -0.0373632  -0.86983636  0.18079027],0
18.0,27.98,0.0,73.73,9599.436800000009,[  18.       27.98      0.       73.73   9599.4368],[-0.90457967 -0.28352077 -0.0373632   1.35391757 -0.20098437],3
18.0,27.99,0.0,62.12,37235.40916999997,"[1.80000000e+01 2.79900000e+01 0.00000000e+00 6.21200000e+01
 3.72354092e+04]",[-0.90457967 -0.28267698 -0.0373632  -0.86983636  0.49789627],0
18.0,28.0,0.0,62.12,2.0604500000001753,[18.      28.       0.      62.12     2.06045],[-0.90457967 -0.28183318 -0.0373632  -0.86983636 -0.44369052],0
18.0,28.0,0.0,73.73,1934.550033333339,[  18.           28.            0.           73.73       1934.55003333],[-0.90457967 -0.28183318 -0.0373632   1.35391757 -0.39482018],3
18.0,28.01,0.0,62.12,61807.76405000005,"[1.80000000e+01 2.80100000e+01 0.00000000e+00 6.21200000e+01
 6.18077641e+04]",[-0.90457967 -0.28098938 -0.0373632  -0.86983636  1.1193017 ],0
18.0,28.02,0.0,73.73,1877.908033333324,[  18.           28.02          0.           73.73       1877.90803333],[-0.90457967 -0.28014559 -0.0373632   1.35391757 -0.39625259],3
18.0,28.03,0.0,62.12,1.7112499999998319,[18.      28.03     0.      62.12     1.71125],[-0.90457967 -0.27930179 -0.0373632  -0.86983636 -0.44369936],0
18.0,28.03,0.0,73.73,2117.7031999999954,[  18.       28.03      0.       73.73   2117.7032],[-0.90457967 -0.27930179 -0.0373632   1.35391757 -0.39018845],3
18.0,28.04,0.0,62.12,61639.116050000026,"[1.80000000e+01 2.80400000e+01 0.00000000e+00 6.21200000e+01
 6.16391161e+04]",[-0.90457967 -0.278458   -0.0373632  -0.86983636  1.11503679],0
18.0,28.04,0.0,73.73,46.561250000000875,[18.      28.04     0.      73.73    46.56125],[-0.90457967 -0.278458   -0.0373632   1.35391757 -0.44256515],3
18.0,28.05,0.0,62.12,0.35279999999983574,[18.     28.05    0.     62.12    0.3528],[-0.90457967 -0.2776142  -0.0373632  -0.86983636 -0.44373371],0
18.0,28.05,0.0,73.73,4411.195600000007,[  18.       28.05      0.       73.73   4411.1956],[-0.90457967 -0.2776142  -0.0373632   1.35391757 -0.33218878],3
18.0,28.06,0.0,62.12,0.5304499999998548,[18.      28.06     0.      62.12     0.53045],[-0.90457967 -0.27677041 -0.0373632  -0.86983636 -0.44372922],0
18.0,28.07,0.0,62.12,61716.384450000056,"[1.80000000e+01 2.80700000e+01 0.00000000e+00 6.21200000e+01
 6.17163845e+04]",[-0.90457967 -0.27592661 -0.0373632  -0.86983636  1.11699082],0
18.0,28.07,0.0,73.73,1655.0774333333352,[  18.           28.07          0.           73.73       1655.07743333],[-0.90457967 -0.27592661 -0.0373632   1.35391757 -0.4018877 ],3
18.0,28.08,0.0,62.12,0.31204999999997124,[18.      28.08     0.      62.12     0.31205],[-0.90457967 -0.27508282 -0.0373632  -0.86983636 -0.44373474],0
18.0,28.08,0.0,73.73,2526.8940499999862,[  18.        28.08       0.        73.73    2526.89405],[-0.90457967 -0.27508282 -0.0373632   1.35391757 -0.37984051],3
18.0,28.09,0.0,62.12,0.08820000000003056,[18.     28.09    0.     62.12    0.0882],[-0.90457967 -0.27423902 -0.0373632  -0.86983636 -0.4437404 ],0
18.0,28.09,0.0,73.73,1564.8607000000104,[  18.       28.09      0.       73.73   1564.8607],[-0.90457967 -0.27423902 -0.0373632   1.35391757 -0.40416918],3
18.0,28.1,0.0,62.12,41259.24853333333,"[1.80000000e+01 2.81000000e+01 0.00000000e+00 6.21200000e+01
 4.12592485e+04]",[-0.90457967 -0.27339522 -0.0373632  -0.86983636  0.59965435],0
18.0,28.11,0.0,62.12,0.06845000000008582,[18.      28.11     0.      62.12     0.06845],[-0.90457967 -0.27255143 -0.0373632  -0.86983636 -0.4437409 ],0
18.0,28.11,0.0,73.73,1518.9352333333431,[  18.           28.11          0.           73.73       1518.93523333],[-0.90457967 -0.27255143 -0.0373632   1.35391757 -0.40533058],3
18.0,28.12,0.0,62.12,0.2592000000001015,[18.     28.12    0.     62.12    0.2592],[-0.90457967 -0.27170763 -0.0373632  -0.86983636 -0.44373608],0
18.0,28.13,0.0,73.73,2801.2562916666625,[  18.           28.13          0.           73.73       2801.25629167],[-0.90457967 -0.27086384 -0.0373632   1.35391757 -0.37290221],3
18.0,28.15,0.0,73.73,3996.7217333333383,[  18.           28.15          0.           73.73       3996.72173333],[-0.90457967 -0.26917625 -0.0373632   1.35391757 -0.34267033],3
18.0,28.16,0.0,73.73,439.2647999999962,[ 18.      28.16     0.      73.73   439.2648],[-0.90457967 -0.26833245 -0.0373632   1.35391757 -0.43263415],3
18.0,28.17,0.0,73.73,3920.694033333325,[  18.           28.17          0.           73.73       3920.69403333],[-0.90457967 -0.26748866 -0.0373632   1.35391757 -0.34459297],3
18.0,28.19,0.0,73.73,787.6480500000022,[ 18.       28.19      0.       73.73    787.64805],[-0.90457967 -0.26580106 -0.0373632   1.35391757 -0.42382396],3
18.0,28.2,0.0,73.73,1786.9362333333322,[  18.           28.2           0.           73.73       1786.93623333],[-0.90457967 -0.26495727 -0.0373632   1.35391757 -0.39855315],3
18.0,28.22,0.0,73.73,1802.7523000000053,[  18.       28.22      0.       73.73   1802.7523],[-0.90457967 -0.26326968 -0.0373632   1.35391757 -0.39815318],3
18.0,28.23,0.0,62.12,0.5655428571427839,[18.         28.23        0.         62.12        0.56554286],[-0.90457967 -0.26242588 -0.0373632  -0.86983636 -0.44372833],0
18.0,28.23,0.0,73.73,504.66644999999943,[ 18.       28.23      0.       73.73    504.66645],[-0.90457967 -0.26242588 -0.0373632   1.35391757 -0.43098022],3
18.0,28.24,0.0,73.73,945.2552000000007,[ 18.      28.24     0.      73.73   945.2552],[-0.90457967 -0.26158209 -0.0373632   1.35391757 -0.41983826],3
18.0,28.25,0.0,62.12,186.24500000000242,[ 18.     28.25    0.     62.12  186.245],[-0.90457967 -0.26073829 -0.0373632  -0.86983636 -0.43903272],0
18.0,28.25,0.0,73.73,6885.51124999999,[  18.        28.25       0.        73.73    6885.51125],[-0.90457967 -0.26073829 -0.0373632   1.35391757 -0.2696163 ],3
18.0,28.26,0.0,62.12,0.36997666666665685,[18.         28.26        0.         62.12        0.36997667],[-0.90457967 -0.2598945  -0.0373632  -0.86983636 -0.44373327],0
18.0,28.26,0.0,73.73,1039.6799999999957,[  18.     28.26    0.     73.73 1039.68],[-0.90457967 -0.2598945  -0.0373632   1.35391757 -0.41745037],3
18.0,28.27,0.0,62.12,116.12880000000014,[ 18.      28.27     0.      62.12   116.1288],[-0.90457967 -0.2590507  -0.0373632  -0.86983636 -0.44080587],0
18.0,28.27,0.0,73.73,3706.1072333333595,[  18.           28.27          0.           73.73       3706.10723333],[-0.90457967 -0.2590507  -0.0373632   1.35391757 -0.35001962],3
18.0,28.29,0.0,73.73,9710.033733333345,[  18.           28.29          0.           73.73       9710.03373333],[-0.90457967 -0.25736311 -0.0373632   1.35391757 -0.19818751],3
18.0,28.3,0.0,73.73,2269.5212333333297,[  18.           28.3           0.           73.73       2269.52123333],[-0.90457967 -0.25651931 -0.0373632   1.35391757 -0.38634916],3
18.0,28.32,0.0,73.73,4723.4545666666745,[  18.           28.32          0.           73.73       4723.45456667],[-0.90457967 -0.25483172 -0.0373632   1.35391757 -0.32429212],3
18.0,28.33,0.0,73.73,80.64500000000203,[18.    28.33   0.    73.73  80.645],[-0.90457967 -0.25398793 -0.0373632   1.35391757 -0.44170322],3
18.0,28.35,0.0,73.73,7155.573225,[  18.         28.35        0.         73.73     7155.573225],[-0.90457967 -0.25230034 -0.0373632   1.35391757 -0.26278675],3
18.0,28.36,0.0,73.73,53.723733333335105,[18.         28.36        0.         73.73       53.72373333],[-0.90457967 -0.25145654 -0.0373632   1.35391757 -0.44238402],3
18.0,28.37,0.0,73.73,2883.68276666667,[  18.           28.37          0.           73.73       2883.68276667],[-0.90457967 -0.25061275 -0.0373632   1.35391757 -0.37081775],3
18.0,28.38,0.0,73.73,4999.596566666665,[  18.           28.38          0.           73.73       4999.59656667],[-0.90457967 -0.24976895 -0.0373632   1.35391757 -0.31730882],3
18.0,28.39,0.0,73.73,2193.0117333333283,[  18.           28.39          0.           73.73       2193.01173333],[-0.90457967 -0.24892515 -0.0373632   1.35391757 -0.38828399],3
18.0,28.4,0.0,73.73,358.0554333333317,[ 18.          28.4          0.          73.73       358.05543333],[-0.90457967 -0.24808136 -0.0373632   1.35391757 -0.43468784],3
18.0,28.41,0.0,62.12,0.09623333333334426,[18.         28.41        0.         62.12        0.09623333],[-0.90457967 -0.24723756 -0.0373632  -0.86983636 -0.4437402 ],0
18.0,28.41,0.0,73.73,2491.188291666671,[  18.           28.41          0.           73.73       2491.18829167],[-0.90457967 -0.24723756 -0.0373632   1.35391757 -0.38074346],3
18.0,28.42,0.0,62.12,18.962799999999863,[18.     28.42    0.     62.12   18.9628],[-0.90457967 -0.24639377 -0.0373632  -0.86983636 -0.44326308],0
18.0,28.43,0.0,62.12,449.1004500000008,[ 18.       28.43      0.       62.12    449.10045],[-0.90457967 -0.24554997 -0.0373632  -0.86983636 -0.43238542],0
18.0,28.43,0.0,73.73,42.564700000000244,[18.     28.43    0.     73.73   42.5647],[-0.90457967 -0.24554997 -0.0373632   1.35391757 -0.44266622],3
18.0,28.44,0.0,73.73,4274.425800000004,[  18.       28.44      0.       73.73   4274.4258],[-0.90457967 -0.24470618 -0.0373632   1.35391757 -0.33564752],3
18.0,28.45,0.0,62.12,452.70405000000267,[ 18.       28.45      0.       62.12    452.70405],[-0.90457967 -0.24386238 -0.0373632  -0.86983636 -0.43229429],0
18.0,28.45,0.0,73.73,345.1056333333303,[ 18.          28.45         0.          73.73       345.10563333],[-0.90457967 -0.24386238 -0.0373632   1.35391757 -0.43501532],3
18.0,28.47,0.0,73.73,1506.8784266666676,[  18.           28.47          0.           73.73       1506.87842667],[-0.90457967 -0.24217479 -0.0373632   1.35391757 -0.40563548],3
18.0,28.48,0.0,62.12,437.48819999999785,[ 18.      28.48     0.      62.12   437.4882],[-0.90457967 -0.24133099 -0.0373632  -0.86983636 -0.43267908],0
18.0,28.48,0.0,73.73,0.016200000000031925,[1.800e+01 2.848e+01 0.000e+00 7.373e+01 1.620e-02],[-0.90457967 -0.24133099 -0.0373632   1.35391757 -0.44374222],3
18.0,28.49,0.0,73.73,128.16005000000166,[ 18.       28.49      0.       73.73    128.16005],[-0.90457967 -0.2404872  -0.0373632   1.35391757 -0.44050162],3
18.0,28.5,0.0,73.73,1305.767929999997,[  18.        28.5        0.        73.73    1305.76793],[-0.90457967 -0.2396434  -0.0373632   1.35391757 -0.41072132],3
18.0,28.52,0.0,62.12,293.0620500000009,[ 18.       28.52      0.       62.12    293.06205],[-0.90457967 -0.23795581 -0.0373632  -0.86983636 -0.43633144],0
18.0,28.52,0.0,73.73,71.29543333333221,[18.         28.52        0.         73.73       71.29543333],[-0.90457967 -0.23795581 -0.0373632   1.35391757 -0.44193965],3
18.0,28.53,0.0,73.73,93.29170000000073,[18.     28.53    0.     73.73   93.2917],[-0.90457967 -0.23711202 -0.0373632   1.35391757 -0.4413834 ],3
18.0,28.54,0.0,62.12,474.3199999999986,[ 18.    28.54   0.    62.12 474.32],[-0.90457967 -0.23626822 -0.0373632  -0.86983636 -0.43174765],0
18.0,28.54,0.0,73.73,2905.506450000001,[  18.        28.54       0.        73.73    2905.50645],[-0.90457967 -0.23626822 -0.0373632   1.35391757 -0.37026585],3
18.0,28.55,0.0,73.73,52.84416666666687,[18.         28.55        0.         73.73       52.84416667],[-0.90457967 -0.23542443 -0.0373632   1.35391757 -0.44240627],3
18.0,28.56,0.0,73.73,107.1647999999998,[ 18.      28.56     0.      73.73   107.1648],[-0.90457967 -0.23458063 -0.0373632   1.35391757 -0.44103256],3
18.0,28.57,0.0,62.12,459.34804999999835,[ 18.       28.57      0.       62.12    459.34805],[-0.90457967 -0.23373683 -0.0373632  -0.86983636 -0.43212627],0
18.0,28.57,0.0,73.73,2050.591899999985,[  18.       28.57      0.       73.73   2050.5919],[-0.90457967 -0.23373683 -0.0373632   1.35391757 -0.39188562],3
18.0,28.58,0.0,73.73,67.55343333333299,[18.         28.58        0.         73.73       67.55343333],[-0.90457967 -0.23289304 -0.0373632   1.35391757 -0.44203429],3
18.0,28.59,0.0,62.12,445.2127999999993,[ 18.      28.59     0.      62.12   445.2128],[-0.90457967 -0.23204924 -0.0373632  -0.86983636 -0.43248373],0
18.0,28.59,0.0,73.73,93.84499999999751,[18.    28.59   0.    73.73  93.845],[-0.90457967 -0.23204924 -0.0373632   1.35391757 -0.4413694 ],3
18.0,28.6,0.0,73.73,1351.3630299999934,[  18.        28.6        0.        73.73    1351.36303],[-0.90457967 -0.23120545 -0.0373632   1.35391757 -0.40956828],3
18.0,28.61,0.0,62.12,319.28644999999955,[ 18.       28.61      0.       62.12    319.28645],[-0.90457967 -0.23036165 -0.0373632  -0.86983636 -0.43566826],0
18.0,28.62,0.0,73.73,32.64319999999941,[18.     28.62    0.     73.73   32.6432],[-0.90457967 -0.22951786 -0.0373632   1.35391757 -0.44291712],3
18.0,28.63,0.0,73.73,4047.3004499999925,[  18.        28.63       0.        73.73    4047.30045],[-0.90457967 -0.22867406 -0.0373632   1.35391757 -0.34139125],3
18.0,28.65,0.0,62.12,481.43044999999915,[ 18.       28.65      0.       62.12    481.43045],[-0.90457967 -0.22698647 -0.0373632  -0.86983636 -0.43156783],0
18.0,28.66,0.0,73.73,3988.1380500000055,[  18.        28.66       0.        73.73    3988.13805],[-0.90457967 -0.22614267 -0.0373632   1.35391757 -0.3428874 ],3
18.0,28.67,0.0,62.12,275.8512999999981,[ 18.      28.67     0.      62.12   275.8513],[-0.90457967 -0.22529888 -0.0373632  -0.86983636 -0.43676668],0
18.0,28.67,0.0,73.73,15.904799999999282,[18.     28.67    0.     73.73   15.9048],[-0.90457967 -0.22529888 -0.0373632   1.35391757 -0.44334042],3
18.0,28.69,0.0,73.73,2535.5232999999967,[  18.       28.69      0.       73.73   2535.5233],[-0.90457967 -0.22361129 -0.0373632   1.35391757 -0.37962228],3
18.0,28.7,0.0,62.12,46.684912222222835,[18.         28.7         0.         62.12       46.68491222],[-0.90457967 -0.22276749 -0.0373632  -0.86983636 -0.44256203],0
18.0,28.71,0.0,62.12,355.31215714285537,[ 18.          28.71         0.          62.12       355.31215714],[-0.90457967 -0.2219237  -0.0373632  -0.86983636 -0.43475721],0
18.0,28.72,0.0,62.12,88.96925666666608,[18.         28.72        0.         62.12       88.96925667],[-0.90457967 -0.2210799  -0.0373632  -0.86983636 -0.44149271],0
18.0,28.72,0.0,73.73,2530.659233333325,[  18.           28.72          0.           73.73       2530.65923333],[-0.90457967 -0.2210799  -0.0373632   1.35391757 -0.37974529],3
18.0,28.73,0.0,62.12,642.3155799999989,[ 18.       28.73      0.       62.12    642.31558],[-0.90457967 -0.22023611 -0.0373632  -0.86983636 -0.42749924],0
18.0,28.74,0.0,62.12,0.18923333333332315,[18.         28.74        0.         62.12        0.18923333],[-0.90457967 -0.21939231 -0.0373632  -0.86983636 -0.44373785],0
18.0,28.75,0.0,62.12,743.7624799999985,[ 18.       28.75      0.       62.12    743.76248],[-0.90457967 -0.21854851 -0.0373632  -0.86983636 -0.42493377],0
18.0,28.75,0.0,73.73,2544.2707000000014,[  18.       28.75      0.       73.73   2544.2707],[-0.90457967 -0.21854851 -0.0373632   1.35391757 -0.37940107],3
18.0,28.76,0.0,62.12,307.23229166666835,[ 18.          28.76         0.          62.12       307.23229167],[-0.90457967 -0.21770472 -0.0373632  -0.86983636 -0.43597309],0
18.0,28.77,0.0,62.12,871.249179999997,[ 18.       28.77      0.       62.12    871.24918],[-0.90457967 -0.21686092 -0.0373632  -0.86983636 -0.42170978],0
18.0,28.78,0.0,62.12,393.97899999999896,[ 18.     28.78    0.     62.12  393.979],[-0.90457967 -0.21601713 -0.0373632  -0.86983636 -0.43377937],0
18.0,28.78,0.0,73.73,3840.384799999989,[  18.       28.78      0.       73.73   3840.3848],[-0.90457967 -0.21601713 -0.0373632   1.35391757 -0.3466239 ],3
18.0,28.79,0.0,62.12,1208.3392666666698,[  18.           28.79          0.           62.12       1208.33926667],[-0.90457967 -0.21517333 -0.0373632  -0.86983636 -0.41318518],0
18.0,28.81,0.0,62.12,1250.3692333333393,[  18.           28.81          0.           62.12       1250.36923333],[-0.90457967 -0.21348574 -0.0373632  -0.86983636 -0.41212229],0
18.0,28.85,0.0,62.12,1279.2463000000016,[  18.       28.85      0.       62.12   1279.2463],[-0.90457967 -0.21011056 -0.0373632  -0.86983636 -0.41139202],0
18.0,28.86,0.0,62.12,426.6120500000011,[ 18.       28.86      0.       62.12    426.61205],[-0.90457967 -0.20926676 -0.0373632  -0.86983636 -0.43295412],0
18.0,28.88,0.0,62.12,2586.2432000000013,[  18.       28.88      0.       62.12   2586.2432],[-0.90457967 -0.20757917 -0.0373632  -0.86983636 -0.37833964],0
18.0,28.89,0.0,62.12,0.8320499999999531,[18.      28.89     0.      62.12     0.83205],[-0.90457967 -0.20673538 -0.0373632  -0.86983636 -0.44372159],0
18.0,28.91,0.0,62.12,0.7937999999999885,[18.     28.91    0.     62.12    0.7938],[-0.90457967 -0.20504779 -0.0373632  -0.86983636 -0.44372256],0
18.0,28.92,0.0,62.12,2621.6040500000017,[  18.        28.92       0.        62.12    2621.60405],[-0.90457967 -0.20420399 -0.0373632  -0.86983636 -0.3774454 ],0
18.0,28.93,0.0,62.12,473.7042000000009,[ 18.      28.93     0.      62.12   473.7042],[-0.90457967 -0.20336019 -0.0373632  -0.86983636 -0.43176322],0
18.0,28.96,0.0,62.12,622.1641333333317,[ 18.          28.96         0.          62.12       622.16413333],[-0.90457967 -0.20082881 -0.0373632  -0.86983636 -0.42800885],0
18.0,28.99,0.0,62.12,1357.7801333333362,[  18.           28.99          0.           62.12       1357.78013333],[-0.90457967 -0.19829742 -0.0373632  -0.86983636 -0.409406  ],0
18.0,29.0,0.0,62.12,478.3324499999967,[ 18.       29.        0.       62.12    478.33245],[-0.90457967 -0.19745363 -0.0373632  -0.86983636 -0.43164618],0
18.0,29.02,0.0,62.12,463.60125000000136,[ 18.       29.02      0.       62.12    463.60125],[-0.90457967 -0.19576604 -0.0373632  -0.86983636 -0.43201871],0
18.0,29.03,0.0,62.12,987.9012499999944,[ 18.       29.03      0.       62.12    987.90125],[-0.90457967 -0.19492224 -0.0373632  -0.86983636 -0.41875979],0
18.0,29.04,0.0,62.12,449.1004500000008,[ 18.       29.04      0.       62.12    449.10045],[-0.90457967 -0.19407844 -0.0373632  -0.86983636 -0.43238542],0
18.0,29.05,0.0,62.12,459.6511999999998,[ 18.      29.05     0.      62.12   459.6512],[-0.90457967 -0.19323465 -0.0373632  -0.86983636 -0.4321186 ],0
18.0,29.06,0.0,62.12,617.5577333333338,[ 18.          29.06         0.          62.12       617.55773333],[-0.90457967 -0.19239085 -0.0373632  -0.86983636 -0.42812534],0
18.0,29.08,0.0,62.12,259.3287583333334,[ 18.          29.08         0.          62.12       259.32875833],[-0.90457967 -0.19070326 -0.0373632  -0.86983636 -0.43718452],0
18.0,29.09,0.0,62.12,514.3394199999982,[ 18.       29.09      0.       62.12    514.33942],[-0.90457967 -0.18985947 -0.0373632  -0.86983636 -0.4307356 ],0
18.0,29.1,0.0,62.12,212.10012999999907,[ 18.       29.1       0.       62.12    212.10013],[-0.90457967 -0.18901567 -0.0373632  -0.86983636 -0.43837887],0
18.0,29.11,0.0,62.12,270.38886666666787,[ 18.          29.11         0.          62.12       270.38886667],[-0.90457967 -0.18817188 -0.0373632  -0.86983636 -0.43690482],0
18.0,29.12,0.0,62.12,532.843600000001,[ 18.      29.12     0.      62.12   532.8436],[-0.90457967 -0.18732808 -0.0373632  -0.86983636 -0.43026765],0
18.0,29.13,0.0,62.12,203.6335866666666,[ 18.          29.13         0.          62.12       203.63358667],[-0.90457967 -0.18648428 -0.0373632  -0.86983636 -0.43859298],0
18.0,29.14,0.0,62.12,487.34420000000085,[ 18.      29.14     0.      62.12   487.3442],[-0.90457967 -0.18564049 -0.0373632  -0.86983636 -0.43141828],0
18.0,29.15,0.0,62.12,138.17440000000008,[ 18.      29.15     0.      62.12   138.1744],[-0.90457967 -0.18479669 -0.0373632  -0.86983636 -0.44024837],0
18.0,29.16,0.0,62.12,856.0559200000025,[ 18.       29.16      0.       62.12    856.05592],[-0.90457967 -0.1839529  -0.0373632  -0.86983636 -0.422094  ],0
18.0,29.17,0.0,62.12,435.125,[ 18.     29.17    0.     62.12  435.125],[-0.90457967 -0.1831091  -0.0373632  -0.86983636 -0.43273884],0
18.0,29.18,0.0,62.12,157.93083333333516,[ 18.          29.18         0.          62.12       157.93083333],[-0.90457967 -0.18226531 -0.0373632  -0.86983636 -0.43974875],0
18.0,29.19,0.0,62.12,989.9627000000006,[ 18.      29.19     0.      62.12   989.9627],[-0.90457967 -0.18142151 -0.0373632  -0.86983636 -0.41870766],0
18.0,29.2,0.0,62.12,220.06916666666834,[ 18.          29.2          0.          62.12       220.06916667],[-0.90457967 -0.18057772 -0.0373632  -0.86983636 -0.43817735],0
18.0,29.21,0.0,62.12,280.37120000000016,[ 18.      29.21     0.      62.12   280.3712],[-0.90457967 -0.17973392 -0.0373632  -0.86983636 -0.43665238],0
18.0,29.22,0.0,62.12,998.7688916666707,[ 18.          29.22         0.          62.12       998.76889167],[-0.90457967 -0.17889012 -0.0373632  -0.86983636 -0.41848496],0
18.0,29.23,0.0,62.12,295.66123333333474,[ 18.          29.23         0.          62.12       295.66123333],[-0.90457967 -0.17804633 -0.0373632  -0.86983636 -0.43626571],0
18.0,29.24,0.0,62.12,4.037433333333357,[18.         29.24        0.         62.12        4.03743333],[-0.90457967 -0.17720253 -0.0373632  -0.86983636 -0.44364053],0
18.0,29.25,0.0,62.12,703.9447366666674,[ 18.          29.25         0.          62.12       703.94473667],[-0.90457967 -0.17635874 -0.0373632  -0.86983636 -0.42594071],0
18.0,29.26,0.0,62.12,333.89889999999923,[ 18.      29.26     0.      62.12   333.8989],[-0.90457967 -0.17551494 -0.0373632  -0.86983636 -0.43529873],0
18.0,29.27,0.0,62.12,221.53213000000002,[ 18.       29.27      0.       62.12    221.53213],[-0.90457967 -0.17467115 -0.0373632  -0.86983636 -0.43814035],0
18.0,29.28,0.0,62.12,553.7333666666658,[ 18.          29.28         0.          62.12       553.73336667],[-0.90457967 -0.17382735 -0.0373632  -0.86983636 -0.42973938],0
18.0,29.29,0.0,62.12,238.07192999999984,[ 18.       29.29      0.       62.12    238.07193],[-0.90457967 -0.17298356 -0.0373632  -0.86983636 -0.43772208],0
18.0,29.3,0.0,62.12,224.14806666666686,[ 18.          29.3          0.          62.12       224.14806667],[-0.90457967 -0.17213976 -0.0373632  -0.86983636 -0.43807419],0
18.0,29.31,0.0,62.12,1207.1799583333368,[  18.           29.31          0.           62.12       1207.17995833],[-0.90457967 -0.17129596 -0.0373632  -0.86983636 -0.4132145 ],0
18.0,29.32,0.0,62.12,0.024200000000006,[1.800e+01 2.932e+01 0.000e+00 6.212e+01 2.420e-02],[-0.90457967 -0.17045217 -0.0373632  -0.86983636 -0.44374202],0
18.0,29.33,0.0,62.12,184.02370000000082,[ 18.      29.33     0.      62.12   184.0237],[-0.90457967 -0.16960837 -0.0373632  -0.86983636 -0.43908889],0
18.0,29.34,0.0,62.12,1551.185233333329,[  18.           29.34          0.           62.12       1551.18523333],[-0.90457967 -0.16876458 -0.0373632  -0.86983636 -0.40451501],0
18.0,29.35,0.0,62.12,27.380000000000674,[18.   29.35  0.   62.12 27.38],[-0.90457967 -0.16792078 -0.0373632  -0.86983636 -0.44305022],0
18.0,29.37,0.0,62.12,1228.0454249999996,[  18.         29.37        0.         62.12     1228.045425],[-0.90457967 -0.16623319 -0.0373632  -0.86983636 -0.41268683],0
18.0,29.39,0.0,62.12,1223.154291666668,[  18.           29.39          0.           62.12       1223.15429167],[-0.90457967 -0.1645456  -0.0373632  -0.86983636 -0.41281052],0
18.0,29.4,0.0,62.12,320.29805000000295,[ 18.       29.4       0.       62.12    320.29805],[-0.90457967 -0.1637018  -0.0373632  -0.86983636 -0.43564268],0
18.0,29.41,0.0,62.12,179.1724500000012,[ 18.       29.41      0.       62.12    179.17245],[-0.90457967 -0.16285801 -0.0373632  -0.86983636 -0.43921157],0
18.0,29.42,0.0,62.12,2952.961250000006,[  18.        29.42       0.        62.12    2952.96125],[-0.90457967 -0.16201421 -0.0373632  -0.86983636 -0.36906578],0
18.0,29.43,0.0,62.12,169.30843333333496,[ 18.          29.43         0.          62.12       169.30843333],[-0.90457967 -0.16117042 -0.0373632  -0.86983636 -0.43946102],0
18.0,29.44,0.0,62.12,1606.4982333333307,[  18.           29.44          0.           62.12       1606.49823333],[-0.90457967 -0.16032662 -0.0373632  -0.86983636 -0.40311621],0
18.0,29.45,0.0,62.12,1480.5460799999978,[  18.        29.45       0.        62.12    1480.54608],[-0.90457967 -0.15948283 -0.0373632  -0.86983636 -0.40630139],0
18.0,29.46,0.0,62.12,3055.274449999992,[  18.        29.46       0.        62.12    3055.27445],[-0.90457967 -0.15863903 -0.0373632  -0.86983636 -0.3664784 ],0
18.0,29.47,0.0,62.12,1496.9073000000014,[  18.       29.47      0.       62.12   1496.9073],[-0.90457967 -0.15779524 -0.0373632  -0.86983636 -0.40588764],0
18.0,29.48,0.0,62.12,264.7300499999998,[ 18.       29.48      0.       62.12    264.73005],[-0.90457967 -0.15695144 -0.0373632  -0.86983636 -0.43704793],0
18.0,29.49,0.0,62.12,256.51125000000076,[ 18.       29.49      0.       62.12    256.51125],[-0.90457967 -0.15610764 -0.0373632  -0.86983636 -0.43725577],0
18.0,29.5,0.0,62.12,1315.4944666666672,[  18.           29.5           0.           62.12       1315.49446667],[-0.90457967 -0.15526385 -0.0373632  -0.86983636 -0.41047535],0
18.0,29.51,0.0,62.12,240.68179999999995,[ 18.      29.51     0.      62.12   240.6818],[-0.90457967 -0.15442005 -0.0373632  -0.86983636 -0.43765608],0
18.0,29.52,0.0,62.12,1312.2077583333346,[  18.           29.52          0.           62.12       1312.20775833],[-0.90457967 -0.15357626 -0.0373632  -0.86983636 -0.41055847],0
18.0,29.54,0.0,62.12,150.91509999999994,[ 18.      29.54     0.      62.12   150.9151],[-0.90457967 -0.15188867 -0.0373632  -0.86983636 -0.43992617],0
18.0,29.55,0.0,62.12,1633.75853333333,[  18.           29.55          0.           62.12       1633.75853333],[-0.90457967 -0.15104487 -0.0373632  -0.86983636 -0.40242683],0
18.0,29.57,0.0,62.12,1313.687091666666,[  18.           29.57          0.           62.12       1313.68709167],[-0.90457967 -0.14935728 -0.0373632  -0.86983636 -0.41052106],0
18.0,29.58,0.0,62.12,198.80179999999996,[ 18.      29.58     0.      62.12   198.8018],[-0.90457967 -0.14851348 -0.0373632  -0.86983636 -0.43871517],0
18.0,29.59,0.0,62.12,196.79349166666722,[ 18.          29.59         0.          62.12       196.79349167],[-0.90457967 -0.14766969 -0.0373632  -0.86983636 -0.43876596],0
18.0,29.6,0.0,62.12,821.6673700000026,[ 18.       29.6       0.       62.12    821.66737],[-0.90457967 -0.14682589 -0.0373632  -0.86983636 -0.42296365],0
18.0,29.62,0.0,62.12,1009.304099999997,[  18.       29.62      0.       62.12   1009.3041],[-0.90457967 -0.1451383  -0.0373632  -0.86983636 -0.41821854],0
18.0,29.63,0.0,62.12,1822.2684499999968,[  18.        29.63       0.        62.12    1822.26845],[-0.90457967 -0.14429451 -0.0373632  -0.86983636 -0.39765964],0
18.0,29.64,0.0,62.12,919.5677199999991,[ 18.       29.64      0.       62.12    919.56772],[-0.90457967 -0.14345071 -0.0373632  -0.86983636 -0.42048786],0
18.0,29.65,0.0,62.12,1195.6494333333317,[  18.           29.65          0.           62.12       1195.64943333],[-0.90457967 -0.14260692 -0.0373632  -0.86983636 -0.41350609],0
18.0,29.66,0.0,62.12,1132.4089666666648,[  18.           29.66          0.           62.12       1132.40896667],[-0.90457967 -0.14176312 -0.0373632  -0.86983636 -0.41510536],0
18.0,29.67,0.0,62.12,1035.2144666666657,[  18.           29.67          0.           62.12       1035.21446667],[-0.90457967 -0.14091933 -0.0373632  -0.86983636 -0.4175633 ],0
18.0,29.68,0.0,62.12,1116.327758333335,[  18.           29.68          0.           62.12       1116.32775833],[-0.90457967 -0.14007553 -0.0373632  -0.86983636 -0.41551204],0
18.0,29.69,0.0,62.12,1215.0475000000022,[  18.       29.69      0.       62.12   1215.0475],[-0.90457967 -0.13923173 -0.0373632  -0.86983636 -0.41301553],0
18.0,29.7,0.0,62.12,894.3988333333341,[ 18.          29.7          0.          62.12       894.39883333],[-0.90457967 -0.13838794 -0.0373632  -0.86983636 -0.42112436],0
18.0,29.71,0.0,62.12,30.97248000000005,[18.      29.71     0.      62.12    30.97248],[-0.90457967 -0.13754414 -0.0373632  -0.86983636 -0.44295937],0
18.0,29.72,0.0,62.12,901.8880916666668,[ 18.          29.72         0.          62.12       901.88809167],[-0.90457967 -0.13670035 -0.0373632  -0.86983636 -0.42093496],0
18.0,29.73,0.0,62.12,0.7200000000000546,[18.   29.73  0.   62.12  0.72],[-0.90457967 -0.13585655 -0.0373632  -0.86983636 -0.44372442],0
18.0,29.74,0.0,62.12,593.6351500000001,[ 18.       29.74      0.       62.12    593.63515],[-0.90457967 -0.13501276 -0.0373632  -0.86983636 -0.42873031],0
18.0,29.75,0.0,62.12,5.34644999999994,[18.      29.75     0.      62.12     5.34645],[-0.90457967 -0.13416896 -0.0373632  -0.86983636 -0.44360743],0
18.0,29.76,0.0,62.12,3.3708249999999857,[18.       29.76      0.       62.12      3.370825],[-0.90457967 -0.13332517 -0.0373632  -0.86983636 -0.44365739],0
18.0,29.77,0.0,62.12,935.6456666666671,[ 18.          29.77         0.          62.12       935.64566667],[-0.90457967 -0.13248137 -0.0373632  -0.86983636 -0.42008127],0
18.0,29.78,0.0,62.12,80.07763333333291,[18.         29.78        0.         62.12       80.07763333],[-0.90457967 -0.13163757 -0.0373632  -0.86983636 -0.44171756],0
18.0,29.79,0.0,62.12,775.9730199999998,[ 18.       29.79      0.       62.12    775.97302],[-0.90457967 -0.13079378 -0.0373632  -0.86983636 -0.4241192 ],0
18.0,29.8,0.0,62.12,969.0153666666637,[ 18.          29.8          0.          62.12       969.01536667],[-0.90457967 -0.12994998 -0.0373632  -0.86983636 -0.41923739],0
18.0,29.81,0.0,62.12,14.97086666666678,[18.         29.81        0.         62.12       14.97086667],[-0.90457967 -0.12910619 -0.0373632  -0.86983636 -0.44336404],0
18.0,29.82,0.0,62.12,863.7482916666659,[ 18.          29.82         0.          62.12       863.74829167],[-0.90457967 -0.12826239 -0.0373632  -0.86983636 -0.42189947],0
18.0,29.83,0.0,62.12,19541.21812999998,"[1.80000000e+01 2.98300000e+01 0.00000000e+00 6.21200000e+01
 1.95412181e+04]",[-0.90457967 -0.1274186  -0.0373632  -0.86983636  0.05043137],0
18.0,29.84,0.0,62.12,923.3280916666672,[ 18.          29.84         0.          62.12       923.32809167],[-0.90457967 -0.1265748  -0.0373632  -0.86983636 -0.42039277],0
18.0,29.85,0.0,62.12,81.52842500000057,[18.       29.85      0.       62.12     81.528425],[-0.90457967 -0.12573101 -0.0373632  -0.86983636 -0.44168087],0
18.0,29.86,0.0,62.12,758.2211199999996,[ 18.       29.86      0.       62.12    758.22112],[-0.90457967 -0.12488721 -0.0373632  -0.86983636 -0.42456813],0
18.0,29.88,0.0,62.12,1053.5083666666653,[  18.           29.88          0.           62.12       1053.50836667],[-0.90457967 -0.12319962 -0.0373632  -0.86983636 -0.41710067],0
18.0,29.89,0.0,62.12,1094.2745333333307,[  18.           29.89          0.           62.12       1094.27453333],[-0.90457967 -0.12235582 -0.0373632  -0.86983636 -0.41606974],0
18.0,29.9,0.0,62.12,0.17404999999995172,[18.      29.9      0.      62.12     0.17405],[-0.90457967 -0.12151203 -0.0373632  -0.86983636 -0.44373823],0
18.0,29.91,0.0,62.12,1373.2134333333313,[  18.           29.91          0.           62.12       1373.21343333],[-0.90457967 -0.12066823 -0.0373632  -0.86983636 -0.40901571],0
18.0,29.92,0.0,62.12,1369.2544333333346,[  18.           29.92          0.           62.12       1369.25443333],[-0.90457967 -0.11982444 -0.0373632  -0.86983636 -0.40911583],0
18.0,29.93,0.0,62.12,224.71999999999977,[ 18.    29.93   0.    62.12 224.72],[-0.90457967 -0.11898064 -0.0373632  -0.86983636 -0.43805973],0
18.0,29.94,0.0,62.12,1019.9872666666662,[  18.           29.94          0.           62.12       1019.98726667],[-0.90457967 -0.11813685 -0.0373632  -0.86983636 -0.41794837],0
18.0,29.95,0.0,62.12,2012.3167999999998,[  18.       29.95      0.       62.12   2012.3168],[-0.90457967 -0.11729305 -0.0373632  -0.86983636 -0.39285355],0
18.0,29.96,0.0,62.12,0.06643333333332846,[18.         29.96        0.         62.12        0.06643333],[-0.90457967 -0.11644925 -0.0373632  -0.86983636 -0.44374095],0
18.0,29.97,0.0,62.12,1040.2958999999985,[  18.       29.97      0.       62.12   1040.2959],[-0.90457967 -0.11560546 -0.0373632  -0.86983636 -0.41743479],0
18.0,29.98,0.0,62.12,1952.5000500000006,[  18.        29.98       0.        62.12    1952.50005],[-0.90457967 -0.11476166 -0.0373632  -0.86983636 -0.39436624],0
18.0,30.01,0.0,62.12,741.125,[ 18.     30.01    0.     62.12  741.125],[-0.90457967 -0.11223028 -0.0373632  -0.86983636 -0.42500047],0
18.0,30.05,0.0,62.12,684.5,[ 18.    30.05   0.    62.12 684.5 ],[-0.90457967 -0.10885509 -0.0373632  -0.86983636 -0.42643245],0
18.0,30.06,0.0,62.12,0.858050000000003,[18.      30.06     0.      62.12     0.85805],[-0.90457967 -0.1080113  -0.0373632  -0.86983636 -0.44372093],0
18.0,30.09,0.0,62.12,538.5761999999979,[ 18.      30.09     0.      62.12   538.5762],[-0.90457967 -0.10547991 -0.0373632  -0.86983636 -0.43012268],0
18.0,30.1,0.0,62.12,0.7320499999998377,[18.      30.1      0.      62.12     0.73205],[-0.90457967 -0.10463612 -0.0373632  -0.86983636 -0.44372412],0
18.0,30.11,0.0,62.12,295.0656333333342,[ 18.          30.11         0.          62.12       295.06563333],[-0.90457967 -0.10379232 -0.0373632  -0.86983636 -0.43628077],0
18.0,30.12,0.0,62.12,203.24843000000124,[ 18.       30.12      0.       62.12    203.24843],[-0.90457967 -0.10294853 -0.0373632  -0.86983636 -0.43860272],0
18.0,30.13,0.0,62.12,160.6768249999996,[ 18.        30.13       0.        62.12     160.676825],[-0.90457967 -0.10210473 -0.0373632  -0.86983636 -0.43967931],0
18.0,30.14,0.0,62.12,82.76786666666712,[18.         30.14        0.         62.12       82.76786667],[-0.90457967 -0.10126093 -0.0373632  -0.86983636 -0.44164953],0
18.0,30.15,0.0,62.12,16.814625714285153,[18.         30.15        0.         62.12       16.81462571],[-0.90457967 -0.10041714 -0.0373632  -0.86983636 -0.44331741],0
18.0,30.82,0.0,73.73,0.04499999999995225,[1.800e+01 3.082e+01 0.000e+00 7.373e+01 4.500e-02],[-0.90457967 -0.04388284 -0.0373632   1.35391757 -0.44374149],3
18.0,30.83,0.0,73.73,0.048049999999983085,[1.800e+01 3.083e+01 0.000e+00 7.373e+01 4.805e-02],[-0.90457967 -0.04303904 -0.0373632   1.35391757 -0.44374142],3
18.0,30.84,0.0,73.73,0.09609999999996617,[18.     30.84    0.     73.73    0.0961],[-0.90457967 -0.04219525 -0.0373632   1.35391757 -0.4437402 ],3
18.0,30.85,0.0,73.73,0.051200000000052384,[1.800e+01 3.085e+01 0.000e+00 7.373e+01 5.120e-02],[-0.90457967 -0.04135145 -0.0373632   1.35391757 -0.44374134],3
18.0,30.86,0.0,73.73,0.10563333333343715,[18.         30.86        0.         73.73        0.10563333],[-0.90457967 -0.04050766 -0.0373632   1.35391757 -0.44373996],3
18.0,30.87,0.0,73.73,0.10889999999997074,[18.     30.87    0.     73.73    0.1089],[-0.90457967 -0.03966386 -0.0373632   1.35391757 -0.44373988],3
18.0,30.88,0.0,73.73,0.05444999999997599,[1.800e+01 3.088e+01 0.000e+00 7.373e+01 5.445e-02],[-0.90457967 -0.03882006 -0.0373632   1.35391757 -0.44374125],3
18.0,30.89,0.0,73.73,0.11903333333331273,[18.         30.89        0.         73.73        0.11903333],[-0.90457967 -0.03797627 -0.0373632   1.35391757 -0.44373962],3
18.0,30.9,0.0,73.73,0.12603333333332653,[18.         30.9         0.         73.73        0.12603333],[-0.90457967 -0.03713247 -0.0373632   1.35391757 -0.44373944],3
18.0,30.91,0.0,73.73,0.21962500000002672,[18.       30.91      0.       73.73      0.219625],[-0.90457967 -0.03628868 -0.0373632   1.35391757 -0.44373708],3
18.0,30.92,0.0,73.73,0.13689999999994026,[18.     30.92    0.     73.73    0.1369],[-0.90457967 -0.03544488 -0.0373632   1.35391757 -0.44373917],3
18.0,30.93,0.0,73.73,0.2444916666668172,[18.         30.93        0.         73.73        0.24449167],[-0.90457967 -0.03460109 -0.0373632   1.35391757 -0.44373645],3
18.0,30.94,0.0,73.73,0.1521000000000337,[18.     30.94    0.     73.73    0.1521],[-0.90457967 -0.03375729 -0.0373632   1.35391757 -0.44373878],3
18.0,30.95,0.0,73.73,0.26666666666660604,[18.         30.95        0.         73.73        0.26666667],[-0.90457967 -0.0329135  -0.0373632   1.35391757 -0.44373589],3
18.0,30.96,0.0,73.73,0.42643000000005793,[18.      30.96     0.      73.73     0.42643],[-0.90457967 -0.0320697  -0.0373632   1.35391757 -0.44373185],3
18.0,30.97,0.0,73.73,0.804749999999944,[18.      30.97     0.      73.73     0.80475],[-0.90457967 -0.0312259  -0.0373632   1.35391757 -0.44372228],3
18.0,31.21,0.0,73.73,0.28392999999996194,[18.      31.21     0.      73.73     0.28393],[-0.90457967 -0.01097481 -0.0373632   1.35391757 -0.44373545],3
18.0,31.22,0.0,73.73,0.6050142857144043,[18.         31.22        0.         73.73        0.60501429],[-0.90457967 -0.01013102 -0.0373632   1.35391757 -0.44372733],3
18.0,31.71,0.0,70.51,49.964366666666926,[18.         31.71        0.         70.51       49.96436667],[-0.90457967  0.03121496 -0.0373632   0.73716583 -0.44247909],3
18.0,31.74,0.0,70.51,53.64823333333345,[18.         31.74        0.         70.51       53.64823333],[-0.90457967  0.03374635 -0.0373632   0.73716583 -0.44238593],3
18.0,31.76,0.0,70.51,0.28879999999999306,[18.     31.76    0.     70.51    0.2888],[-0.90457967  0.03543394 -0.0373632   0.73716583 -0.44373533],3
18.0,31.79,0.0,70.51,2.464200000000061,[18.     31.79    0.     70.51    2.4642],[-0.90457967  0.03796533 -0.0373632   0.73716583 -0.44368031],3
18.0,31.8,0.0,70.51,4.1184500000000135,[18.      31.8      0.      70.51     4.11845],[-0.90457967  0.03880912 -0.0373632   0.73716583 -0.44363848],3
18.0,31.9,0.0,73.73,1.4078999999999708,[18.     31.9     0.     73.73    1.4079],[-0.90457967  0.04724708 -0.0373632   1.35391757 -0.44370703],3
18.0,31.91,0.0,73.73,66.4704500000023,[18.      31.91     0.      73.73    66.47045],[-0.90457967  0.04809088 -0.0373632   1.35391757 -0.44206167],3
18.0,31.92,0.0,73.73,0.001800000000003547,[1.800e+01 3.192e+01 0.000e+00 7.373e+01 1.800e-03],[-0.90457967  0.04893467 -0.0373632   1.35391757 -0.44374259],3
18.0,31.93,0.0,73.73,16.017800000001106,[18.     31.93    0.     73.73   16.0178],[-0.90457967  0.04977847 -0.0373632   1.35391757 -0.44333756],3
18.0,31.94,0.0,73.73,0.003200000000003274,[1.800e+01 3.194e+01 0.000e+00 7.373e+01 3.200e-03],[-0.90457967  0.05062226 -0.0373632   1.35391757 -0.44374255],3
18.0,31.95,0.0,73.73,19.713633333333902,[18.         31.95        0.         73.73       19.71363333],[-0.90457967  0.05146606 -0.0373632   1.35391757 -0.4432441 ],3
18.0,31.96,0.0,73.73,30.433899999999863,[18.     31.96    0.     73.73   30.4339],[-0.90457967  0.05230985 -0.0373632   1.35391757 -0.44297299],3
18.0,31.97,0.0,73.73,0.0024499999999875854,[1.800e+01 3.197e+01 0.000e+00 7.373e+01 2.450e-03],[-0.90457967  0.05315365 -0.0373632   1.35391757 -0.44374257],3
18.0,31.98,0.0,73.73,4.357933333333551,[18.         31.98        0.         73.73        4.35793333],[-0.90457967  0.05399744 -0.0373632   1.35391757 -0.44363242],3
18.0,31.99,0.0,73.73,46.22109166666598,[18.         31.99        0.         73.73       46.22109167],[-0.90457967  0.05484124 -0.0373632   1.35391757 -0.44257375],3
18.0,32.0,0.0,73.73,0.7333619047618374,[18.        32.         0.        73.73       0.7333619],[-0.90457967  0.05568504 -0.0373632   1.35391757 -0.44372409],3
18.0,32.01,0.0,70.51,3.4322000000001607,[18.     32.01    0.     70.51    3.4322],[-0.90457967  0.05652883 -0.0373632   0.73716583 -0.44365583],3
18.0,32.01,0.0,73.73,0.23997124183004193,[18.         32.01        0.         73.73        0.23997124],[-0.90457967  0.05652883 -0.0373632   1.35391757 -0.44373656],3
18.0,32.02,0.0,73.73,67.25839999999918,[18.     32.02    0.     73.73   67.2584],[-0.90457967  0.05737263 -0.0373632   1.35391757 -0.44204175],3
18.0,32.06,0.0,70.51,3.1000500000000226,[18.      32.06     0.      70.51     3.10005],[-0.90457967  0.06074781 -0.0373632   0.73716583 -0.44366423],3
18.0,32.09,0.0,70.51,2.879999999999809,[18.   32.09  0.   70.51  2.88],[-0.90457967  0.0632792  -0.0373632   0.73716583 -0.4436698 ],3
18.0,32.11,0.0,70.51,2.76124999999992,[18.      32.11     0.      70.51     2.76125],[-0.90457967  0.06496679 -0.0373632   0.73716583 -0.4436728 ],3
18.0,32.13,0.0,70.51,2.6220499999999167,[18.      32.13     0.      70.51     2.62205],[-0.90457967  0.06665438 -0.0373632   0.73716583 -0.44367632],3
18.0,32.14,0.0,70.51,2.53125,[18.      32.14     0.      70.51     2.53125],[-0.90457967  0.06749817 -0.0373632   0.73716583 -0.44367862],3
18.0,32.29,0.0,62.12,887.4684499999962,[ 18.       32.29      0.       62.12    887.46845],[-0.90457967  0.08015511 -0.0373632  -0.86983636 -0.42129962],0
18.0,32.32,0.0,62.12,859.8804500000011,[ 18.       32.32      0.       62.12    859.88045],[-0.90457967  0.08268649 -0.0373632  -0.86983636 -0.42199728],0
18.0,32.39,0.0,62.12,903.9751999999992,[ 18.      32.39     0.      62.12   903.9752],[-0.90457967  0.08859306 -0.0373632  -0.86983636 -0.42088218],0
18.0,32.46,0.0,62.12,943.0824500000016,[ 18.       32.46      0.       62.12    943.08245],[-0.90457967  0.09449963 -0.0373632  -0.86983636 -0.41989321],0
18.0,32.5,0.0,62.12,1008.4540499999961,[  18.        32.5        0.        62.12    1008.45405],[-0.90457967  0.09787481 -0.0373632  -0.86983636 -0.41824004],0
18.0,32.61,0.0,73.73,49.0050000000009,[18.    32.61   0.    73.73  49.005],[-0.90457967  0.10715656 -0.0373632   1.35391757 -0.44250335],3
18.0,32.62,0.0,73.73,0.27380000000009086,[18.     32.62    0.     73.73    0.2738],[-0.90457967  0.10800036 -0.0373632   1.35391757 -0.44373571],3
18.0,32.64,0.0,73.73,5.34644999999994,[18.      32.64     0.      73.73     5.34645],[-0.90457967  0.10968795 -0.0373632   1.35391757 -0.44360743],3
18.0,32.66,0.0,62.12,1120.5377999999976,[  18.       32.66      0.       62.12   1120.5378],[-0.90457967  0.11137554 -0.0373632  -0.86983636 -0.41540557],0
18.0,32.66,0.0,63.07,7.950426470588042,[18.         32.66        0.         63.07        7.95042647],[-0.90457967  0.11137554 -0.0373632  -0.68787544 -0.44354157],0
18.0,32.67,0.0,63.07,9.838699583333192,[18.         32.67        0.         63.07        9.83869958],[-0.90457967  0.11221934 -0.0373632  -0.68787544 -0.44349382],0
18.0,32.68,0.0,63.07,17.389456535948444,[18.         32.68        0.         63.07       17.38945654],[-0.90457967  0.11306313 -0.0373632  -0.68787544 -0.44330287],0
18.0,32.69,0.0,63.07,0.369799999999914,[18.     32.69    0.     63.07    0.3698],[-0.90457967  0.11390693 -0.0373632  -0.68787544 -0.44373328],0
18.0,32.72,0.0,62.12,865.6310333333338,[ 18.          32.72         0.          62.12       865.63103333],[-0.90457967  0.11643831 -0.0373632  -0.86983636 -0.42185186],0
18.0,32.73,0.0,62.12,15.456800000000644,[18.     32.73    0.     62.12   15.4568],[-0.90457967  0.11728211 -0.0373632  -0.86983636 -0.44335175],0
18.0,32.75,0.0,62.12,1186.332049999999,[  18.        32.75       0.        62.12    1186.33205],[-0.90457967  0.1189697  -0.0373632  -0.86983636 -0.41374171],0
18.0,32.77,0.0,63.07,2.2281192307691766,[18.         32.77        0.         63.07        2.22811923],[-0.90457967  0.12065729 -0.0373632  -0.68787544 -0.44368628],0
18.0,32.78,0.0,62.12,1233.0577999999955,[  18.       32.78      0.       62.12   1233.0578],[-0.90457967  0.12150109 -0.0373632  -0.86983636 -0.41256008],0
18.0,32.78,0.0,63.07,17.131212380952395,[18.         32.78        0.         63.07       17.13121238],[-0.90457967  0.12150109 -0.0373632  -0.68787544 -0.4433094 ],0
18.0,32.79,0.0,63.07,43.04061944444487,[18.         32.79        0.         63.07       43.04061944],[-0.90457967  0.12234488 -0.0373632  -0.68787544 -0.44265419],0
18.0,32.8,0.0,63.07,61.70862666666682,[18.         32.8         0.         63.07       61.70862667],[-0.90457967  0.12318868 -0.0373632  -0.68787544 -0.44218209],0
18.0,32.81,0.0,63.07,91.26582999999943,[18.      32.81     0.      63.07    91.26583],[-0.90457967  0.12403247 -0.0373632  -0.68787544 -0.44143463],0
18.0,32.82,0.0,62.12,1277.6512499999976,[  18.        32.82       0.        62.12    1277.65125],[-0.90457967  0.12487627 -0.0373632  -0.86983636 -0.41143236],0
18.0,32.82,0.0,63.07,114.22533000000112,[ 18.       32.82      0.       63.07    114.22533],[-0.90457967  0.12487627 -0.0373632  -0.68787544 -0.44085401],0
18.0,32.83,0.0,63.07,136.7547699999999,[ 18.       32.83      0.       63.07    136.75477],[-0.90457967  0.12572007 -0.0373632  -0.68787544 -0.44028427],0
18.0,32.84,0.0,63.07,161.26416999999915,[ 18.       32.84      0.       63.07    161.26417],[-0.90457967  0.12656386 -0.0373632  -0.68787544 -0.43966445],0
18.0,32.85,0.0,63.07,206.22703333333152,[ 18.          32.85         0.          63.07       206.22703333],[-0.90457967  0.12740766 -0.0373632  -0.68787544 -0.4385274 ],0
18.0,32.86,0.0,63.07,228.30653333333288,[ 18.          32.86         0.          63.07       228.30653333],[-0.90457967  0.12825145 -0.0373632  -0.68787544 -0.43796903],0
18.0,32.87,0.0,63.07,228.76123000000013,[ 18.       32.87      0.       63.07    228.76123],[-0.90457967  0.12909525 -0.0373632  -0.68787544 -0.43795753],0
18.0,32.88,0.0,63.07,281.12410000000096,[ 18.      32.88     0.      63.07   281.1241],[-0.90457967  0.12993904 -0.0373632  -0.68787544 -0.43663334],0
18.0,32.89,0.0,63.07,301.5174999999998,[ 18.      32.89     0.      63.07   301.5175],[-0.90457967  0.13078284 -0.0373632  -0.68787544 -0.43611761],0
18.0,32.9,0.0,62.12,1395.5044499999963,[  18.        32.9        0.        62.12    1395.50445],[-0.90457967  0.13162663 -0.0373632  -0.86983636 -0.40845199],0
18.0,32.9,0.0,63.07,328.3984249999978,[ 18.        32.9        0.        63.07     328.398425],[-0.90457967  0.13162663 -0.0373632  -0.68787544 -0.43543783],0
18.0,32.91,0.0,63.07,356.226433333332,[ 18.          32.91         0.          63.07       356.22643333],[-0.90457967  0.13247043 -0.0373632  -0.68787544 -0.43473409],0
18.0,32.92,0.0,63.07,379.02720000000187,[ 18.      32.92     0.      63.07   379.0272],[-0.90457967  0.13331423 -0.0373632  -0.68787544 -0.43415749],0
18.0,32.93,0.0,62.12,1429.5204500000013,[  18.        32.93       0.        62.12    1429.52045],[-0.90457967  0.13415802 -0.0373632  -0.86983636 -0.40759177],0
18.0,32.93,0.0,63.07,143.03025147058884,[ 18.          32.93         0.          63.07       143.03025147],[-0.90457967  0.13415802 -0.0373632  -0.68787544 -0.44012557],0
18.0,32.94,0.0,63.07,154.8210516666662,[ 18.          32.94         0.          63.07       154.82105167],[-0.90457967  0.13500182 -0.0373632  -0.68787544 -0.43982739],0
18.0,32.95,0.0,63.07,205.91784469697012,[ 18.         32.95        0.         63.07      205.9178447],[-0.90457967  0.13584561 -0.0373632  -0.68787544 -0.43853522],0
18.0,32.96,0.0,62.12,1461.241799999997,[  18.       32.96      0.       62.12   1461.2418],[-0.90457967  0.13668941 -0.0373632  -0.86983636 -0.40678958],0
18.0,32.96,0.0,63.07,224.8695072727283,[ 18.          32.96         0.          63.07       224.86950727],[-0.90457967  0.13668941 -0.0373632  -0.68787544 -0.43805595],0
18.0,32.97,0.0,63.07,242.8228399999985,[ 18.       32.97      0.       63.07    242.82284],[-0.90457967  0.1375332  -0.0373632  -0.68787544 -0.43760193],0
18.0,32.98,0.0,63.07,286.5894619047619,[ 18.         32.98        0.         63.07      286.5894619],[-0.90457967  0.138377   -0.0373632  -0.68787544 -0.43649513],0
18.0,32.99,0.0,63.07,208.99609000000092,[ 18.       32.99      0.       63.07    208.99609],[-0.90457967  0.13922079 -0.0373632  -0.68787544 -0.43845737],0
18.0,33.0,0.0,63.07,160.75009102564118,[ 18.          33.           0.          63.07       160.75009103],[-0.90457967  0.14006459 -0.0373632  -0.68787544 -0.43967745],0
18.0,33.01,0.0,63.07,111.12993567251412,[ 18.          33.01         0.          63.07       111.12993567],[-0.90457967  0.14090838 -0.0373632  -0.68787544 -0.44093229],0
18.0,33.03,0.0,63.07,39065.71519999999,"[1.80000000e+01 3.30300000e+01 0.00000000e+00 6.30700000e+01
 3.90657152e+04]",[-0.90457967  0.14259598 -0.0373632  -0.68787544  0.54418252],0
18.0,33.08,0.0,63.07,36647.36645,"[1.80000000e+01 3.30800000e+01 0.00000000e+00 6.30700000e+01
 3.66473665e+04]",[-0.90457967  0.14681495 -0.0373632  -0.68787544  0.48302538],0
18.0,33.11,0.0,63.07,35407.26604999999,[1.8000000e+01 3.3110000e+01 0.0000000e+00 6.3070000e+01 3.5407266e+04],[-0.90457967  0.14934634 -0.0373632  -0.68787544  0.45166472],0
18.0,33.14,0.0,63.07,34198.97044999999,"[1.80000000e+01 3.31400000e+01 0.00000000e+00 6.30700000e+01
 3.41989704e+04]",[-0.90457967  0.15187773 -0.0373632  -0.68787544  0.42110837],0
18.0,33.17,0.0,63.07,33024.5,[1.80000e+01 3.31700e+01 0.00000e+00 6.30700e+01 3.30245e+04],[-0.90457967  0.15440911 -0.0373632  -0.68787544  0.39140742],0
18.0,33.25,0.0,63.07,29811.936200000015,"[1.80000000e+01 3.32500000e+01 0.00000000e+00 6.30700000e+01
 2.98119362e+04]",[-0.90457967  0.16115948 -0.0373632  -0.68787544  0.31016553],0
18.0,33.26,0.0,63.07,36167.05124999999,"[1.80000000e+01 3.32600000e+01 0.00000000e+00 6.30700000e+01
 3.61670512e+04]",[-0.90457967  0.16200327 -0.0373632  -0.68787544  0.47087878],0
18.0,33.3,0.0,63.07,27833.841800000013,"[1.80000000e+01 3.33000000e+01 0.00000000e+00 6.30700000e+01
 2.78338418e+04]",[-0.90457967  0.16537846 -0.0373632  -0.68787544  0.26014189],0
18.0,33.32,0.0,63.07,33927.52005,[1.800000e+01 3.332000e+01 0.000000e+00 6.307000e+01 3.392752e+04],[-0.90457967  0.16706605 -0.0373632  -0.68787544  0.41424372],0
18.0,33.33,0.0,63.07,26789.180450000007,"[1.80000000e+01 3.33300000e+01 0.00000000e+00 6.30700000e+01
 2.67891805e+04]",[-0.90457967  0.16790984 -0.0373632  -0.68787544  0.23372366],0
18.0,33.35,0.0,63.07,25935.03125,"[1.80000000e+01 3.33500000e+01 0.00000000e+00 6.30700000e+01
 2.59350312e+04]",[-0.90457967  0.16959743 -0.0373632  -0.68787544  0.21212325],0
18.0,33.38,0.0,63.07,24929.21205000003,"[1.80000000e+01 3.33800000e+01 0.00000000e+00 6.30700000e+01
 2.49292121e+04]",[-0.90457967  0.17212882 -0.0373632  -0.68787544  0.18668729],0
18.0,33.4,0.0,63.07,24112.080000000016,[1.800000e+01 3.340000e+01 0.000000e+00 6.307000e+01 2.411208e+04],[-0.90457967  0.17381641 -0.0373632  -0.68787544  0.16602299],0
18.0,33.43,0.0,63.07,10656.71153,[   18.         33.43        0.         63.07    10656.71153],[-0.90457967  0.1763478  -0.0373632  -0.68787544 -0.17424716],0
18.0,33.44,0.0,63.07,1.2960500000001134,[18.      33.44     0.      63.07     1.29605],[-0.90457967  0.17719159 -0.0373632  -0.68787544 -0.44370986],0
18.0,33.45,0.0,63.07,7853.890333333332,[  18.           33.45          0.           63.07       7853.89033333],[-0.90457967  0.17803539 -0.0373632  -0.68787544 -0.24512715],0
18.0,33.46,0.0,63.07,7557.0579000000025,[  18.       33.46      0.       63.07   7557.0579],[-0.90457967  0.17887918 -0.0373632  -0.68787544 -0.25263369],0
18.0,33.47,0.0,63.07,1331.6997000000022,[  18.       33.47      0.       63.07   1331.6997],[-0.90457967  0.17972298 -0.0373632  -0.68787544 -0.41006554],0
18.0,33.48,0.0,63.07,7790.3692249999995,[  18.         33.48        0.         63.07     7790.369225],[-0.90457967  0.18056678 -0.0373632  -0.68787544 -0.24673352],0
18.0,33.49,0.0,63.07,10780.072033333343,"[   18.            33.49           0.            63.07
 10780.07203333]",[-0.90457967  0.18141057 -0.0373632  -0.68787544 -0.17112752],0
18.0,33.5,0.0,63.07,7679.670291666668,[  18.           33.5           0.           63.07       7679.67029167],[-0.90457967  0.18225437 -0.0373632  -0.68787544 -0.24953297],0
18.0,33.51,0.0,63.07,830.4258333333318,[ 18.          33.51         0.          63.07       830.42583333],[-0.90457967  0.18309816 -0.0373632  -0.68787544 -0.42274216],0
18.0,33.52,0.0,63.07,0.8191999999999651,[18.     33.52    0.     63.07    0.8192],[-0.90457967  0.18394196 -0.0373632  -0.68787544 -0.44372191],0
18.0,33.53,0.0,63.07,12891.501225000002,[   18.          33.53         0.          63.07     12891.501225],[-0.90457967  0.18478575 -0.0373632  -0.68787544 -0.117732  ],0
18.0,33.54,0.0,63.07,584.6166999999995,[ 18.      33.54     0.      63.07   584.6167],[-0.90457967  0.18562955 -0.0373632  -0.68787544 -0.42895837],0
18.0,33.55,0.0,63.07,12079.242449999983,[   18.         33.55        0.         63.07    12079.24245],[-0.90457967  0.18647334 -0.0373632  -0.68787544 -0.13827306],0
18.0,33.56,0.0,63.07,10459.049424999996,[   18.          33.56         0.          63.07     10459.049425],[-0.90457967  0.18731714 -0.0373632  -0.68787544 -0.1792458 ],0
18.0,33.57,0.0,63.07,576.3881333333337,[ 18.          33.57         0.          63.07       576.38813333],[-0.90457967  0.18816094 -0.0373632  -0.68787544 -0.42916647],0
18.0,33.58,0.0,63.07,8331.68523333333,[  18.           33.58          0.           63.07       8331.68523333],[-0.90457967  0.18900473 -0.0373632  -0.68787544 -0.23304429],0
18.0,33.59,0.0,63.07,11978.642291666663,"[   18.            33.59           0.            63.07
 11978.64229167]",[-0.90457967  0.18984853 -0.0373632  -0.68787544 -0.14081711],0
18.0,33.6,0.0,63.07,6554.682930000009,[  18.        33.6        0.        63.07    6554.68293],[-0.90457967  0.19069232 -0.0373632  -0.68787544 -0.27798255],0
18.0,33.61,0.0,63.07,854.4978000000036,[ 18.      33.61     0.      63.07   854.4978],[-0.90457967  0.19153612 -0.0373632  -0.68787544 -0.4221334 ],0
18.0,33.62,0.0,63.07,11785.441133333334,"[   18.            33.62           0.            63.07
 11785.44113333]",[-0.90457967  0.19237991 -0.0373632  -0.68787544 -0.14570294],0
18.0,33.63,0.0,63.07,8461.837233333341,[  18.           33.63          0.           63.07       8461.83723333],[-0.90457967  0.19322371 -0.0373632  -0.68787544 -0.2297529 ],0
18.0,33.64,0.0,63.07,522.8850333333334,[ 18.          33.64         0.          63.07       522.88503333],[-0.90457967  0.1940675  -0.0373632  -0.68787544 -0.43051949],0
18.0,33.65,0.0,63.07,7134.85758666667,[  18.           33.65          0.           63.07       7134.85758667],[-0.90457967  0.1949113  -0.0373632  -0.68787544 -0.26331063],0
18.0,33.66,0.0,63.07,3462.22106666667,[  18.           33.66          0.           63.07       3462.22106667],[-0.90457967  0.19575509 -0.0373632  -0.68787544 -0.35618721],0
18.0,33.67,0.0,63.07,3361.9315666666685,[  18.           33.67          0.           63.07       3361.93156667],[-0.90457967  0.19659889 -0.0373632  -0.68787544 -0.35872341],0
18.0,33.68,0.0,63.07,7751.555428571442,[  18.           33.68          0.           63.07       7751.55542857],[-0.90457967  0.19744269 -0.0373632  -0.68787544 -0.24771508],0
18.0,33.69,0.0,63.07,335.14390000000054,[ 18.      33.69     0.      63.07   335.1439],[-0.90457967  0.19828648 -0.0373632  -0.68787544 -0.43526724],0
18.0,33.7,0.0,63.07,6021.401176666663,[  18.           33.7           0.           63.07       6021.40117667],[-0.90457967  0.19913028 -0.0373632  -0.68787544 -0.29146861],0
18.0,33.71,0.0,63.07,9008.718291666664,[  18.           33.71          0.           63.07       9008.71829167],[-0.90457967  0.19997407 -0.0373632  -0.68787544 -0.21592293],0
18.0,33.72,0.0,63.07,6326.862280000005,[  18.        33.72       0.        63.07    6326.86228],[-0.90457967  0.20081787 -0.0373632  -0.68787544 -0.28374386],0
18.0,33.73,0.0,63.07,2946.1716333333297,[  18.           33.73          0.           63.07       2946.17163333],[-0.90457967  0.20166166 -0.0373632  -0.68787544 -0.36923748],0
18.0,33.74,0.0,63.07,8736.164869999993,[  18.        33.74       0.        63.07    8736.16487],[-0.90457967  0.20250546 -0.0373632  -0.68787544 -0.22281548],0
18.0,33.75,0.0,63.07,5704.654576666679,[  18.           33.75          0.           63.07       5704.65457667],[-0.90457967  0.20334925 -0.0373632  -0.68787544 -0.29947875],0
18.0,33.76,0.0,63.07,3999.7567999999897,[  18.       33.76      0.       63.07   3999.7568],[-0.90457967  0.20419305 -0.0373632  -0.68787544 -0.34259357],0
18.0,33.77,0.0,63.07,7496.725814285713,[  18.           33.77          0.           63.07       7496.72581429],[-0.90457967  0.20503685 -0.0373632  -0.68787544 -0.25415941],0
18.0,33.78,0.0,63.07,2578.877499999999,[  18.       33.78      0.       63.07   2578.8775],[-0.90457967  0.20588064 -0.0373632  -0.68787544 -0.37852591],0
18.0,33.79,0.0,63.07,2936.3219766666657,[  18.           33.79          0.           63.07       2936.32197667],[-0.90457967  0.20672444 -0.0373632  -0.68787544 -0.36948656],0
18.0,33.8,0.0,63.07,7749.263269999997,[  18.        33.8        0.        63.07    7749.26327],[-0.90457967  0.20756823 -0.0373632  -0.68787544 -0.24777304],0
18.0,33.81,0.0,63.07,2393.9783583333337,[  18.           33.81          0.           63.07       2393.97835833],[-0.90457967  0.20841203 -0.0373632  -0.68787544 -0.38320179],0
18.0,33.82,0.0,63.07,6084.928219999996,[  18.        33.82       0.        63.07    6084.92822],[-0.90457967  0.20925582 -0.0373632  -0.68787544 -0.28986208],0
18.0,33.83,0.0,63.07,8100.5774499999925,[  18.        33.83       0.        63.07    8100.57745],[-0.90457967  0.21009962 -0.0373632  -0.68787544 -0.23888873],0
18.0,33.84,0.0,63.07,5189.239030000006,[  18.        33.84       0.        63.07    5189.23903],[-0.90457967  0.21094341 -0.0373632  -0.68787544 -0.31251299],0
18.0,33.85,0.0,63.07,1883.1990333333356,[  18.           33.85          0.           63.07       1883.19903333],[-0.90457967  0.21178721 -0.0373632  -0.68787544 -0.39611878],0
18.0,33.86,0.0,63.07,7257.976419999997,[  18.        33.86       0.        63.07    7257.97642],[-0.90457967  0.21263101 -0.0373632  -0.68787544 -0.2601971 ],0
18.0,33.87,0.0,63.07,5566.9475800000055,[  18.        33.87       0.        63.07    5566.94758],[-0.90457967  0.2134748  -0.0373632  -0.68787544 -0.30296119],0
18.0,33.88,0.0,63.07,6267.249969999995,[  18.        33.88       0.        63.07    6267.24997],[-0.90457967  0.2143186  -0.0373632  -0.68787544 -0.28525139],0
18.0,33.89,0.0,63.07,4905.171255357136,[  18.           33.89          0.           63.07       4905.17125536],[-0.90457967  0.21516239 -0.0373632  -0.68787544 -0.31969672],0
18.0,33.9,0.0,63.07,6187.094470000002,[  18.        33.9        0.        63.07    6187.09447],[-0.90457967  0.21600619 -0.0373632  -0.68787544 -0.28727842],0
18.0,33.91,0.0,63.07,6089.35480444444,[  18.           33.91          0.           63.07       6089.35480444],[-0.90457967  0.21684998 -0.0373632  -0.68787544 -0.28975014],0
18.0,33.92,0.0,63.07,5704.152733333332,[  18.           33.92          0.           63.07       5704.15273333],[-0.90457967  0.21769378 -0.0373632  -0.68787544 -0.29949144],0
18.0,33.93,0.0,63.07,7229.8159866666665,[  18.           33.93          0.           63.07       7229.81598667],[-0.90457967  0.21853757 -0.0373632  -0.68787544 -0.26090924],0
18.0,33.94,0.0,63.07,5426.1352,[  18.       33.94      0.       63.07   5426.1352],[-0.90457967  0.21938137 -0.0373632  -0.68787544 -0.30652217],0
18.0,33.95,0.0,63.07,5174.383750000001,[  18.        33.95       0.        63.07    5174.38375],[-0.90457967  0.22022517 -0.0373632  -0.68787544 -0.31288866],0
18.0,33.96,0.0,63.07,3325.174783928572,[  18.           33.96          0.           63.07       3325.17478393],[-0.90457967  0.22106896 -0.0373632  -0.68787544 -0.35965294],0
18.0,33.97,0.0,63.07,6806.01117666666,[  18.           33.97          0.           63.07       6806.01117667],[-0.90457967  0.22191276 -0.0373632  -0.68787544 -0.27162676],0
18.0,33.98,0.0,63.07,5301.241826666669,[  18.           33.98          0.           63.07       5301.24182667],[-0.90457967  0.22275655 -0.0373632  -0.68787544 -0.30968057],0
18.0,33.99,0.0,63.07,5717.784728571431,[  18.           33.99          0.           63.07       5717.78472857],[-0.90457967  0.22360035 -0.0373632  -0.68787544 -0.2991467 ],0
18.0,34.0,0.0,63.07,3726.570026666668,[  18.           34.            0.           63.07       3726.57002667],[-0.90457967  0.22444414 -0.0373632  -0.68787544 -0.34950214],0
18.0,34.01,0.0,63.07,4074.1171142857133,[  18.           34.01          0.           63.07       4074.11711429],[-0.90457967  0.22528794 -0.0373632  -0.68787544 -0.34071309],0
18.0,34.02,0.0,63.07,5354.616624999992,[  18.         34.02        0.         63.07     5354.616625],[-0.90457967  0.22613173 -0.0373632  -0.68787544 -0.30833079],0
18.0,34.03,0.0,63.07,1739.9163476190508,[  18.           34.03          0.           63.07       1739.91634762],[-0.90457967  0.22697553 -0.0373632  -0.68787544 -0.39974223],0
18.0,34.04,0.0,63.07,6472.702891666668,[  18.           34.04          0.           63.07       6472.70289167],[-0.90457967  0.22781933 -0.0373632  -0.68787544 -0.28005573],0
18.0,34.05,0.0,63.07,6941.534400000001,[  18.       34.05      0.       63.07   6941.5344],[-0.90457967  0.22866312 -0.0373632  -0.68787544 -0.26819954],0
18.0,34.06,0.0,63.07,2928.3285666666707,[  18.           34.06          0.           63.07       2928.32856667],[-0.90457967  0.22950692 -0.0373632  -0.68787544 -0.36968871],0
18.0,34.07,0.0,63.07,3126.208314285713,[  18.           34.07          0.           63.07       3126.20831429],[-0.90457967  0.23035071 -0.0373632  -0.68787544 -0.36468457],0
18.0,34.08,0.0,63.07,4942.746949999999,[  18.        34.08       0.        63.07    4942.74695],[-0.90457967  0.23119451 -0.0373632  -0.68787544 -0.31874648],0
18.0,34.09,0.0,63.07,8239.039225000006,[  18.         34.09        0.         63.07     8239.039225],[-0.90457967  0.2320383  -0.0373632  -0.68787544 -0.2353872 ],0
18.0,34.1,0.0,63.07,12503.034300000003,[   18.        34.1        0.        63.07   12503.0343],[-0.90457967  0.2328821  -0.0373632  -0.68787544 -0.12755587],0
18.0,34.11,0.0,63.07,1254.6456333333335,[  18.           34.11          0.           63.07       1254.64563333],[-0.90457967  0.23372589 -0.0373632  -0.68787544 -0.41201415],0
18.0,34.12,0.0,63.07,9283.604166666677,[  18.           34.12          0.           63.07       9283.60416667],[-0.90457967  0.23456969 -0.0373632  -0.68787544 -0.2089714 ],0
18.0,34.13,0.0,63.07,11717.276133333333,"[   18.            34.13           0.            63.07
 11717.27613333]",[-0.90457967  0.23541349 -0.0373632  -0.68787544 -0.14742675],0
18.0,34.14,0.0,63.07,7873.978533333327,[  18.           34.14          0.           63.07       7873.97853333],[-0.90457967  0.23625728 -0.0373632  -0.68787544 -0.24461914],0
18.0,34.15,0.0,63.07,9418.154966666665,[  18.           34.15          0.           63.07       9418.15496667],[-0.90457967  0.23710108 -0.0373632  -0.68787544 -0.20556877],0
18.0,34.16,0.0,63.07,7345.65149166667,[  18.           34.16          0.           63.07       7345.65149167],[-0.90457967  0.23794487 -0.0373632  -0.68787544 -0.2579799 ],0
18.0,34.17,0.0,63.07,12433.60703333334,"[   18.            34.17           0.            63.07
 12433.60703333]",[-0.90457967  0.23878867 -0.0373632  -0.68787544 -0.1293116 ],0
18.0,34.18,0.0,63.07,275.65520000000043,[ 18.      34.18     0.      63.07   275.6552],[-0.90457967  0.23963246 -0.0373632  -0.68787544 -0.43677164],0
18.0,34.19,0.0,63.07,6920.210629999999,[  18.        34.19       0.        63.07    6920.21063],[-0.90457967  0.24047626 -0.0373632  -0.68787544 -0.26873879],0
18.0,34.21,0.0,63.07,6030.061130000004,[  18.        34.21       0.        63.07    6030.06113],[-0.90457967  0.24216385 -0.0373632  -0.68787544 -0.29124961],0
18.0,34.22,0.0,63.07,12789.696533333328,"[   18.            34.22           0.            63.07
 12789.69653333]",[-0.90457967  0.24300765 -0.0373632  -0.68787544 -0.12030652],0
18.0,34.23,0.0,63.07,9721.696633333338,[  18.           34.23          0.           63.07       9721.69663333],[-0.90457967  0.24385144 -0.0373632  -0.68787544 -0.19789257],0
18.0,34.24,0.0,63.07,8454.637333333345,[  18.           34.24          0.           63.07       8454.63733333],[-0.90457967  0.24469524 -0.0373632  -0.68787544 -0.22993498],0
18.0,34.25,0.0,63.07,7845.270466666657,[  18.           34.25          0.           63.07       7845.27046667],[-0.90457967  0.24553903 -0.0373632  -0.68787544 -0.24534514],0
18.0,34.26,0.0,63.07,19641.62000000001,[1.800000e+01 3.426000e+01 0.000000e+00 6.307000e+01 1.964162e+04],[-0.90457967  0.24638283 -0.0373632  -0.68787544  0.05297041],0
18.0,34.27,0.0,63.07,5841.872629999989,[  18.        34.27       0.        63.07    5841.87263],[-0.90457967  0.24722662 -0.0373632  -0.68787544 -0.29600867],0
18.0,34.28,0.0,63.07,17749.164050000014,[   18.         34.28        0.         63.07    17749.16405],[-0.90457967  0.24807042 -0.0373632  -0.68787544  0.00511247],0
18.0,34.29,0.0,63.07,6051.321280000003,[  18.        34.29       0.        63.07    6051.32128],[-0.90457967  0.24891421 -0.0373632  -0.68787544 -0.29071196],0
18.0,34.3,0.0,63.07,11827.166433333347,"[   18.            34.3            0.            63.07
 11827.16643333]",[-0.90457967  0.24975801 -0.0373632  -0.68787544 -0.14464776],0
18.0,34.31,0.0,63.07,6594.610070000008,[  18.        34.31       0.        63.07    6594.61007],[-0.90457967  0.2506018  -0.0373632  -0.68787544 -0.27697284],0
18.0,34.32,0.0,63.07,7647.203099999995,[  18.       34.32      0.       63.07   7647.2031],[-0.90457967  0.2514456  -0.0373632  -0.68787544 -0.25035402],0
18.0,34.33,0.0,63.07,12176.796633333333,"[   18.            34.33           0.            63.07
 12176.79663333]",[-0.90457967  0.2522894  -0.0373632  -0.68787544 -0.13580603],0
18.0,34.34,0.0,63.07,8963.414069999995,[  18.        34.34       0.        63.07    8963.41407],[-0.90457967  0.25313319 -0.0373632  -0.68787544 -0.21706862],0
18.0,34.35,0.0,63.07,9588.028299999998,[  18.       34.35      0.       63.07   9588.0283],[-0.90457967  0.25397699 -0.0373632  -0.68787544 -0.20127288],0
18.0,34.36,0.0,63.07,7460.118825000002,[  18.         34.36        0.         63.07     7460.118825],[-0.90457967  0.25482078 -0.0373632  -0.68787544 -0.25508516],0
18.0,34.37,0.0,63.07,9058.567366666675,[  18.           34.37          0.           63.07       9058.56736667],[-0.90457967  0.25566458 -0.0373632  -0.68787544 -0.21466231],0
18.0,34.38,0.0,63.07,7420.184700000009,[  18.       34.38      0.       63.07   7420.1847],[-0.90457967  0.25650837 -0.0373632  -0.68787544 -0.25609505],0
18.0,34.39,0.0,63.07,10330.628633333328,"[   18.            34.39           0.            63.07
 10330.62863333]",[-0.90457967  0.25735217 -0.0373632  -0.68787544 -0.18249341],0
18.0,34.4,0.0,63.07,6989.1133583333385,[  18.           34.4           0.           63.07       6989.11335833],[-0.90457967  0.25819596 -0.0373632  -0.68787544 -0.26699632],0
18.0,34.41,0.0,63.07,9172.564229999993,[  18.        34.41       0.        63.07    9172.56423],[-0.90457967  0.25903976 -0.0373632  -0.68787544 -0.21177947],0
18.0,34.42,0.0,63.07,10124.752866666664,"[   18.            34.42           0.            63.07
 10124.75286667]",[-0.90457967  0.25988356 -0.0373632  -0.68787544 -0.18769976],0
18.0,34.43,0.0,63.07,7357.968830000006,[  18.        34.43       0.        63.07    7357.96883],[-0.90457967  0.26072735 -0.0373632  -0.68787544 -0.25766841],0
18.0,34.44,0.0,63.07,9947.212257142852,[  18.           34.44          0.           63.07       9947.21225714],[-0.90457967  0.26157115 -0.0373632  -0.68787544 -0.19218955],0
18.0,34.45,0.0,63.07,5399.958228571436,[  18.           34.45          0.           63.07       5399.95822857],[-0.90457967  0.26241494 -0.0373632  -0.68787544 -0.30718415],0
18.0,34.46,0.0,63.07,9255.085894444448,[  18.           34.46          0.           63.07       9255.08589444],[-0.90457967  0.26325874 -0.0373632  -0.68787544 -0.20969259],0
18.0,34.47,0.0,63.07,7382.412030000003,[  18.        34.47       0.        63.07    7382.41203],[-0.90457967  0.26410253 -0.0373632  -0.68787544 -0.25705027],0
18.0,34.48,0.0,63.07,7296.0083777777745,[  18.           34.48          0.           63.07       7296.00837778],[-0.90457967  0.26494633 -0.0373632  -0.68787544 -0.25923532],0
18.0,34.49,0.0,63.07,4596.936764285716,[  18.           34.49          0.           63.07       4596.93676429],[-0.90457967  0.26579012 -0.0373632  -0.68787544 -0.32749161],0
18.0,34.5,0.0,63.07,6534.3543454545525,[  18.           34.5           0.           63.07       6534.35434545],[-0.90457967  0.26663392 -0.0373632  -0.68787544 -0.27849664],0
18.0,34.51,0.0,63.07,5076.355419230776,[  18.           34.51          0.           63.07       5076.35541923],[-0.90457967  0.26747772 -0.0373632  -0.68787544 -0.31536768],0
18.0,34.52,0.0,63.07,4148.714879047623,[  18.           34.52          0.           63.07       4148.71487905],[-0.90457967  0.26832151 -0.0373632  -0.68787544 -0.3388266 ],0
18.0,34.54,0.0,63.07,887.4806916666694,[ 18.          34.54         0.          63.07       887.48069167],[-0.90457967  0.2700091  -0.0373632  -0.68787544 -0.42129931],0
18.0,34.57,0.0,63.07,349.5284333333339,[ 18.          34.57         0.          63.07       349.52843333],[-0.90457967  0.27254049 -0.0373632  -0.68787544 -0.43490348],0
18.0,34.59,0.0,63.07,352.2277333333327,[ 18.          34.59         0.          63.07       352.22773333],[-0.90457967  0.27422808 -0.0373632  -0.68787544 -0.43483521],0
18.0,34.61,0.0,63.07,0.48020000000001783,[18.     34.61    0.     63.07    0.4802],[-0.90457967  0.27591567 -0.0373632  -0.68787544 -0.44373049],0
18.0,34.63,0.0,63.07,0.47045000000002646,[18.      34.63     0.      63.07     0.47045],[-0.90457967  0.27760326 -0.0373632  -0.68787544 -0.44373073],0
18.0,34.65,0.0,63.07,292.41603333333217,[ 18.          34.65         0.          63.07       292.41603333],[-0.90457967  0.27929085 -0.0373632  -0.68787544 -0.43634778],0
18.0,34.67,0.0,63.07,3.4322000000001607,[18.     34.67    0.     63.07    3.4322],[-0.90457967  0.28097844 -0.0373632  -0.68787544 -0.44365583],0
18.0,34.68,0.0,63.07,362.0740500000022,[ 18.       34.68      0.       63.07    362.07405],[-0.90457967  0.28182224 -0.0373632  -0.68787544 -0.43458621],0
18.0,34.69,0.0,63.07,8.904199999999875,[18.     34.69    0.     63.07    8.9042],[-0.90457967  0.28266604 -0.0373632  -0.68787544 -0.44351745],0
18.0,34.71,0.0,63.07,249.85343333333208,[ 18.          34.71         0.          63.07       249.85343333],[-0.90457967  0.28435363 -0.0373632  -0.68787544 -0.43742414],0
18.0,34.73,0.0,63.07,441.0450000000013,[ 18.     34.73    0.     63.07  441.045],[-0.90457967  0.28604122 -0.0373632  -0.68787544 -0.43258913],0
18.0,34.74,0.0,63.07,238.2744499999984,[ 18.       34.74      0.       63.07    238.27445],[-0.90457967  0.28688501 -0.0373632  -0.68787544 -0.43771696],0
18.0,34.75,0.0,63.07,219.48930000000038,[ 18.      34.75     0.      63.07   219.4893],[-0.90457967  0.28772881 -0.0373632  -0.68787544 -0.43819201],0
18.0,34.76,0.0,63.07,25.704449999999298,[18.      34.76     0.      63.07    25.70445],[-0.90457967  0.2885726  -0.0373632  -0.68787544 -0.4430926 ],0
18.0,34.78,0.0,63.07,37.06605000000061,[18.      34.78     0.      63.07    37.06605],[-0.90457967  0.2902602  -0.0373632  -0.68787544 -0.44280527],0
18.0,34.8,0.0,63.07,50.100050000001616,[18.      34.8      0.      63.07    50.10005],[-0.90457967  0.29194779 -0.0373632  -0.68787544 -0.44247566],0
18.0,34.82,0.0,63.07,64.52479999999952,[18.     34.82    0.     63.07   64.5248],[-0.90457967  0.29363538 -0.0373632  -0.68787544 -0.44211088],0
18.0,34.83,0.0,63.07,1.0224500000000911,[18.      34.83     0.      63.07     1.02245],[-0.90457967  0.29447917 -0.0373632  -0.68787544 -0.44371677],0
18.0,34.84,0.0,63.07,99.26404999999964,[18.      34.84     0.      63.07    99.26405],[-0.90457967  0.29532297 -0.0373632  -0.68787544 -0.44123236],0
18.0,34.86,0.0,63.07,117.65779999999874,[ 18.      34.86     0.      63.07   117.6578],[-0.90457967  0.29701056 -0.0373632  -0.68787544 -0.44076721],0
18.0,34.88,0.0,63.07,99.29169999999951,[18.     34.88    0.     63.07   99.2917],[-0.90457967  0.29869815 -0.0373632  -0.68787544 -0.44123166],0
18.0,34.9,0.0,63.07,129.72669999999994,[ 18.      34.9      0.      63.07   129.7267],[-0.90457967  0.30038574 -0.0373632  -0.68787544 -0.440462  ],0
18.0,34.91,0.0,63.07,227.28250000000105,[ 18.      34.91     0.      63.07   227.2825],[-0.90457967  0.30122954 -0.0373632  -0.68787544 -0.43799493],0
18.0,34.92,0.0,63.07,304.3158999999984,[ 18.      34.92     0.      63.07   304.3159],[-0.90457967  0.30207333 -0.0373632  -0.68787544 -0.43604685],0
18.0,34.93,0.0,63.07,252.67519999999914,[ 18.      34.93     0.      63.07   252.6752],[-0.90457967  0.30291713 -0.0373632  -0.68787544 -0.43735278],0
18.0,34.94,0.0,63.07,349.11123333333273,[ 18.          34.94         0.          63.07       349.11123333],[-0.90457967  0.30376092 -0.0373632  -0.68787544 -0.43491403],0
18.0,34.97,0.0,63.07,43.05919999999975,[18.     34.97    0.     63.07   43.0592],[-0.90457967  0.30629231 -0.0373632  -0.68787544 -0.44265372],0
18.0,34.99,0.0,63.07,41.678450000000474,[18.      34.99     0.      63.07    41.67845],[-0.90457967  0.3079799  -0.0373632  -0.68787544 -0.44268863],0
18.0,35.04,0.0,63.07,39.1612499999997,[18.      35.04     0.      63.07    39.16125],[-0.90457967  0.31219888 -0.0373632  -0.68787544 -0.44275229],0
18.0,35.06,0.0,63.07,38.54419999999976,[18.     35.06    0.     63.07   38.5442],[-0.90457967  0.31388647 -0.0373632  -0.68787544 -0.44276789],0
18.0,35.06,0.0,73.73,1851.3612500000013,[  18.        35.06       0.        73.73    1851.36125],[-0.90457967  0.31388647 -0.0373632   1.35391757 -0.39692392],3
18.0,35.14,0.0,63.07,47.53125,[18.      35.14     0.      63.07    47.53125],[-0.90457967  0.32063683 -0.0373632  -0.68787544 -0.44254062],0
18.0,35.16,0.0,63.07,46.561249999999234,[18.      35.16     0.      63.07    46.56125],[-0.90457967  0.32232443 -0.0373632  -0.68787544 -0.44256515],0
18.0,35.26,0.0,73.73,1916.4240499999999,[  18.        35.26       0.        73.73    1916.42405],[-0.90457967  0.33076238 -0.0373632   1.35391757 -0.39527856],3
18.0,35.29,0.0,73.73,1891.125,[  18.      35.29     0.      73.73  1891.125],[-0.90457967  0.33329377 -0.0373632   1.35391757 -0.39591834],3
18.0,35.48,0.0,73.73,1938.776449999999,[  18.        35.48       0.        73.73    1938.77645],[-0.90457967  0.34932588 -0.0373632   1.35391757 -0.3947133 ],3
18.0,35.5,0.0,63.07,0.5724499999999318,[18.      35.5      0.      63.07     0.57245],[-0.90457967  0.35101347 -0.0373632  -0.68787544 -0.44372815],0
18.0,35.51,0.0,63.07,506.5957333333345,[ 18.          35.51         0.          63.07       506.59573333],[-0.90457967  0.35185727 -0.0373632  -0.68787544 -0.43093143],0
18.0,35.52,0.0,63.07,445.4233333333336,[ 18.          35.52         0.          63.07       445.42333333],[-0.90457967  0.35270107 -0.0373632  -0.68787544 -0.43247841],0
18.0,35.53,0.0,63.07,376.1329666666659,[ 18.          35.53         0.          63.07       376.13296667],[-0.90457967  0.35354486 -0.0373632  -0.68787544 -0.43423068],0
18.0,35.54,0.0,63.07,302.46383333333455,[ 18.          35.54         0.          63.07       302.46383333],[-0.90457967  0.35438866 -0.0373632  -0.68787544 -0.43609368],0
18.0,35.55,0.0,63.07,236.82113333333277,[ 18.          35.55         0.          63.07       236.82113333],[-0.90457967  0.35523245 -0.0373632  -0.68787544 -0.43775371],0
18.0,35.55,0.0,73.73,1890.5100500000005,[  18.        35.55       0.        73.73    1890.51005],[-0.90457967  0.35523245 -0.0373632   1.35391757 -0.3959339 ],3
18.0,35.56,0.0,63.07,179.43522499999872,[ 18.        35.56       0.        63.07     179.435225],[-0.90457967  0.35607625 -0.0373632  -0.68787544 -0.43920493],0
18.0,35.57,0.0,63.07,98.39958095237874,[18.         35.57        0.         63.07       98.39958095],[-0.90457967  0.35692004 -0.0373632  -0.68787544 -0.44125422],0
18.0,35.58,0.0,63.07,33.555687272726786,[18.         35.58        0.         63.07       33.55568727],[-0.90457967  0.35776384 -0.0373632  -0.68787544 -0.44289405],0
18.0,35.59,0.0,63.07,3.4259904761904547,[18.         35.59        0.         63.07        3.42599048],[-0.90457967  0.35860763 -0.0373632  -0.68787544 -0.44365599],0
18.0,35.7,0.0,73.73,1954.3751999999988,[  18.       35.7       0.       73.73   1954.3752],[-0.90457967  0.36788938 -0.0373632   1.35391757 -0.39431882],3
18.0,35.73,0.0,73.73,1929.4472000000003,[  18.       35.73      0.       73.73   1929.4472],[-0.90457967  0.37042077 -0.0373632   1.35391757 -0.39494922],3
18.0,35.76,0.0,73.73,1905.2964500000012,[  18.        35.76       0.        73.73    1905.29645],[-0.90457967  0.37295216 -0.0373632   1.35391757 -0.39555997],3
18.0,36.0,0.0,73.73,1887.4367999999963,[  18.       36.        0.       73.73   1887.4368],[-0.90457967  0.39320325 -0.0373632   1.35391757 -0.39601161],3
18.0,36.09,0.0,62.12,0.00044999999999918147,[1.800e+01 3.609e+01 0.000e+00 6.212e+01 4.500e-04],[-0.90457967  0.40079741 -0.0373632  -0.86983636 -0.44374262],0
18.0,36.12,0.0,62.12,0.0001999999999996362,[1.800e+01 3.612e+01 0.000e+00 6.212e+01 2.000e-04],[-0.90457967  0.4033288  -0.0373632  -0.86983636 -0.44374263],0
18.0,36.16,0.0,62.12,0.00020000000000077307,[1.800e+01 3.616e+01 0.000e+00 6.212e+01 2.000e-04],[-0.90457967  0.40670398 -0.0373632  -0.86983636 -0.44374263],0
18.0,36.21,0.0,62.12,0.00044999999999918147,[1.800e+01 3.621e+01 0.000e+00 6.212e+01 4.500e-04],[-0.90457967  0.41092296 -0.0373632  -0.86983636 -0.44374262],0
18.0,36.26,0.0,62.12,15421.95323333332,"[   18.            36.26           0.            62.12
 15421.95323333]",[-0.90457967  0.41514193 -0.0373632  -0.86983636 -0.0537399 ],0
18.0,36.29,0.0,62.12,22533.522049999992,[1.8000000e+01 3.6290000e+01 0.0000000e+00 6.2120000e+01 2.2533522e+04],[-0.90457967  0.41767332 -0.0373632  -0.86983636  0.12610315],0
18.0,36.32,0.0,62.12,14578.452699999987,[   18.        36.32       0.        62.12   14578.4527],[-0.90457967  0.42020471 -0.0373632  -0.86983636 -0.07507102],0
18.0,36.34,0.0,62.12,21207.70125000001,"[1.80000000e+01 3.63400000e+01 0.00000000e+00 6.21200000e+01
 2.12077013e+04]",[-0.90457967  0.4218923  -0.0373632  -0.86983636  0.09257473],0
18.0,36.37,0.0,62.12,20580.147200000018,"[1.80000000e+01 3.63700000e+01 0.00000000e+00 6.21200000e+01
 2.05801472e+04]",[-0.90457967  0.42442369 -0.0373632  -0.86983636  0.07670464],0
18.0,36.4,0.0,62.12,19978.006050000015,"[1.80000000e+01 3.64000000e+01 0.00000000e+00 6.21200000e+01
 1.99780061e+04]",[-0.90457967  0.42695507 -0.0373632  -0.86983636  0.06147722],0
18.0,36.43,0.0,62.12,12936.333733333333,"[   18.            36.43           0.            62.12
 12936.33373333]",[-0.90457967  0.42948646 -0.0373632  -0.86983636 -0.11659824],0
18.0,36.45,0.0,62.12,18843.228450000017,"[1.80000000e+01 3.64500000e+01 0.00000000e+00 6.21200000e+01
 1.88432285e+04]",[-0.90457967  0.43117405 -0.0373632  -0.86983636  0.03278005],0
18.0,36.48,0.0,62.12,18301.671199999997,"[1.80000000e+01 3.64800000e+01 0.00000000e+00 6.21200000e+01
 1.83016712e+04]",[-0.90457967  0.43370544 -0.0373632  -0.86983636  0.01908471],0
18.0,36.5,0.0,62.12,17769.895199999995,[   18.        36.5        0.        62.12   17769.8952],[-0.90457967  0.43539303 -0.0373632  -0.86983636  0.00563674],0
18.0,36.53,0.0,62.12,17264.5362,[   18.        36.53       0.        62.12   17264.5362],[-0.90457967  0.43792441 -0.0373632  -0.86983636 -0.00714319],0
18.0,36.55,0.0,62.12,16764.636049999986,[   18.         36.55        0.         62.12    16764.63605],[-0.90457967  0.43961201 -0.0373632  -0.86983636 -0.01978506],0
18.0,36.57,0.0,62.12,16279.296800000006,[   18.        36.57       0.        62.12   16279.2968],[-0.90457967  0.4412996  -0.0373632  -0.86983636 -0.03205871],0
18.0,36.6,0.0,62.12,15820.647199999985,[   18.        36.6        0.        62.12   15820.6472],[-0.90457967  0.44383098 -0.0373632  -0.86983636 -0.04365741],0
18.0,36.63,0.0,62.12,15025.111249999989,[   18.         36.63        0.         62.12    15025.11125],[-0.90457967  0.44636237 -0.0373632  -0.86983636 -0.06377556],0
18.0,36.65,0.0,62.12,14601.696050000008,[   18.         36.65        0.         62.12    14601.69605],[-0.90457967  0.44804996 -0.0373632  -0.86983636 -0.07448323],0
18.0,36.67,0.0,62.12,14179.280000000006,[   18.      36.67     0.      62.12 14179.28],[-0.90457967  0.44973755 -0.0373632  -0.86983636 -0.08516562],0
18.0,36.69,0.0,62.12,13769.701249999998,[   18.         36.69        0.         62.12    13769.70125],[-0.90457967  0.45142514 -0.0373632  -0.86983636 -0.09552338],0
18.0,36.71,0.0,62.12,13377.572449999989,[   18.         36.71        0.         62.12    13377.57245],[-0.90457967  0.45311273 -0.0373632  -0.86983636 -0.10543985],0
18.0,36.73,0.0,62.12,12987.884450000012,[   18.         36.73        0.         62.12    12987.88445],[-0.90457967  0.45480033 -0.0373632  -0.86983636 -0.11529459],0
18.0,36.75,0.0,62.12,12623.01604999999,[   18.         36.75        0.         62.12    12623.01605],[-0.90457967  0.45648792 -0.0373632  -0.86983636 -0.12452167],0
18.0,36.77,0.0,62.12,12269.611249999987,[   18.         36.77        0.         62.12    12269.61125],[-0.90457967  0.45817551 -0.0373632  -0.86983636 -0.13345886],0
18.0,36.79,0.0,62.12,11927.401250000006,[   18.         36.79        0.         62.12    11927.40125],[-0.90457967  0.4598631  -0.0373632  -0.86983636 -0.14211294],0
18.0,36.82,0.0,62.12,11332.651250000019,[   18.         36.82        0.         62.12    11332.65125],[-0.90457967  0.46239449 -0.0373632  -0.86983636 -0.15715345],0
18.0,36.87,0.0,62.12,10606.961250000006,[   18.         36.87        0.         62.12    10606.96125],[-0.90457967  0.46661346 -0.0373632  -0.86983636 -0.17550528],0
18.0,36.92,0.0,62.12,9875.745799999995,[  18.       36.92      0.       62.12   9875.7458],[-0.90457967  0.47083244 -0.0373632  -0.86983636 -0.19399685],0
18.0,36.98,0.0,62.12,9180.125,[  18.      36.98     0.      62.12  9180.125],[-0.90457967  0.47589521 -0.0373632  -0.86983636 -0.21158826],0
18.0,37.03,0.0,62.12,8530.792200000007,[  18.       37.03      0.       62.12   8530.7922],[-0.90457967  0.48011419 -0.0373632  -0.86983636 -0.22800911],0
18.0,37.04,0.0,58.72,7746.3904500000035,[  18.        37.04       0.        58.72    7746.39045],[-0.90457967  0.48095799 -0.0373632  -1.5210649  -0.24784569],0
18.0,37.08,0.0,62.12,7925.40499999999,[  18.      37.08     0.      62.12  7925.405],[-0.90457967  0.48433317 -0.0373632  -0.86983636 -0.24331863],0
18.0,37.12,0.0,62.12,7331.394050000011,[  18.        37.12       0.        62.12    7331.39405],[-0.90457967  0.48770835 -0.0373632  -0.86983636 -0.25834046],0
18.0,37.13,0.0,58.72,7833.764450000002,[  18.        37.13       0.        58.72    7833.76445],[-0.90457967  0.48855215 -0.0373632  -1.5210649  -0.24563611],0
18.0,37.15,0.0,58.72,7732.704799999995,[  18.       37.15      0.       58.72   7732.7048],[-0.90457967  0.49023974 -0.0373632  -1.5210649  -0.24819179],0
18.0,37.17,0.0,62.12,6800.112199999994,[  18.       37.17      0.       62.12   6800.1122],[-0.90457967  0.49192733 -0.0373632  -0.86983636 -0.27177594],0
18.0,37.19,0.0,58.72,7696.682449999992,[  18.        37.19       0.        58.72    7696.68245],[-0.90457967  0.49361492 -0.0373632  -1.5210649  -0.24910275],0
18.0,37.22,0.0,62.12,6301.153799999999,[  18.       37.22      0.       62.12   6301.1538],[-0.90457967  0.49614631 -0.0373632  -0.86983636 -0.284394  ],0
18.0,37.23,0.0,58.72,7678.083200000002,[  18.       37.23      0.       58.72   7678.0832],[-0.90457967  0.4969901  -0.0373632  -1.5210649  -0.2495731 ],0
18.0,37.25,0.0,58.72,7584.192800000003,[  18.       37.25      0.       58.72   7584.1928],[-0.90457967  0.49867769 -0.0373632  -1.5210649  -0.25194748],0
18.0,37.26,0.0,62.12,5821.205000000004,[  18.      37.26     0.      62.12  5821.205],[-0.90457967  0.49952149 -0.0373632  -0.86983636 -0.29653133],0
18.0,37.31,0.0,58.72,7531.326450000002,[  18.        37.31       0.        58.72    7531.32645],[-0.90457967  0.50374047 -0.0373632  -1.5210649  -0.2532844 ],0
18.0,37.31,0.0,62.12,5370.624799999992,[  18.       37.31      0.       62.12   5370.6248],[-0.90457967  0.50374047 -0.0373632  -0.86983636 -0.30792596],0
18.0,37.35,0.0,58.72,50.30044999999973,[18.      37.35     0.      58.72    50.30045],[-0.90457967  0.50711565 -0.0373632  -1.5210649  -0.44247059],0
18.0,37.35,0.0,62.12,4949.130050000001,[  18.        37.35       0.        62.12    4949.13005],[-0.90457967  0.50711565 -0.0373632  -0.86983636 -0.31858506],0
18.0,37.36,0.0,58.72,4514.223233333337,[  18.           37.36          0.           58.72       4514.22323333],[-0.90457967  0.50795944 -0.0373632  -1.5210649  -0.32958333],0
18.0,37.38,0.0,58.72,45.98404999999976,[18.      37.38     0.      58.72    45.98405],[-0.90457967  0.50964704 -0.0373632  -1.5210649  -0.44257975],0
18.0,37.38,0.0,62.12,4714.205000000008,[  18.      37.38     0.      62.12  4714.205],[-0.90457967  0.50964704 -0.0373632  -0.86983636 -0.32452603],0
18.0,37.39,0.0,62.12,4567.7682000000095,[  18.       37.39      0.       62.12   4567.7682],[-0.90457967  0.51049083 -0.0373632  -0.86983636 -0.32822924],0
18.0,37.4,0.0,58.72,46.3684500000005,[18.      37.4      0.      58.72    46.36845],[-0.90457967  0.51133463 -0.0373632  -1.5210649  -0.44257003],0
18.0,37.4,0.0,62.12,4464.180050000001,[  18.        37.4        0.        62.12    4464.18005],[-0.90457967  0.51133463 -0.0373632  -0.86983636 -0.33084886],0
18.0,37.41,0.0,58.72,6039.005000000004,[  18.      37.41     0.      58.72  6039.005],[-0.90457967  0.51217842 -0.0373632  -1.5210649  -0.29102343],0
18.0,37.42,0.0,62.12,4199.861249999993,[  18.        37.42       0.        62.12    4199.86125],[-0.90457967  0.51302222 -0.0373632  -0.86983636 -0.33753317],0
18.0,37.46,0.0,58.72,4405.741299999997,[  18.       37.46      0.       58.72   4405.7413],[-0.90457967  0.5163974  -0.0373632  -1.5210649  -0.33232671],0
18.0,37.46,0.0,62.12,3891.3842000000022,[  18.       37.46      0.       62.12   3891.3842],[-0.90457967  0.5163974  -0.0373632  -0.86983636 -0.34533419],0
18.0,37.49,0.0,58.72,63.506449999999795,[18.      37.49     0.      58.72    63.50645],[-0.90457967  0.51892879 -0.0373632  -1.5210649  -0.44213663],0
18.0,37.5,0.0,62.12,3550.7164499999985,[  18.        37.5        0.        62.12    3550.71645],[-0.90457967  0.51977258 -0.0373632  -0.86983636 -0.35394926],0
18.0,37.51,0.0,58.72,4318.6360333333305,[  18.           37.51          0.           58.72       4318.63603333],[-0.90457967  0.52061638 -0.0373632  -1.5210649  -0.3345295 ],0
18.0,37.54,0.0,58.72,61.161799999999396,[18.     37.54    0.     58.72   61.1618],[-0.90457967  0.52314776 -0.0373632  -1.5210649  -0.44219592],0
18.0,37.54,0.0,62.12,3228.0612499999925,[  18.        37.54       0.        62.12    3228.06125],[-0.90457967  0.52314776 -0.0373632  -0.86983636 -0.36210883],0
18.0,37.56,0.0,58.72,4235.83023333333,[  18.           37.56          0.           58.72       4235.83023333],[-0.90457967  0.52483535 -0.0373632  -1.5210649  -0.33662356],0
18.0,37.59,0.0,58.72,58.86124999999901,[18.      37.59     0.      58.72    58.86125],[-0.90457967  0.52736674 -0.0373632  -1.5210649  -0.4422541 ],0
18.0,37.61,0.0,58.72,6807.111200000008,[  18.       37.61      0.       58.72   6807.1112],[-0.90457967  0.52905433 -0.0373632  -1.5210649  -0.27159894],0
18.0,37.62,0.0,62.12,2641.918050000004,[  18.        37.62       0.        62.12    2641.91805],[-0.90457967  0.52989813 -0.0373632  -0.86983636 -0.37693169],0
18.0,37.66,0.0,58.72,5333.379199999998,[  18.       37.66      0.       58.72   5333.3792],[-0.90457967  0.53327331 -0.0373632  -1.5210649  -0.30886786],0
18.0,37.66,0.0,62.12,2390.861250000002,[  18.        37.66       0.        62.12    2390.86125],[-0.90457967  0.53327331 -0.0373632  -0.86983636 -0.38328061],0
18.0,37.71,0.0,58.72,5256.200450000003,[  18.        37.71       0.        58.72    5256.20045],[-0.90457967  0.53749229 -0.0373632  -1.5210649  -0.31081962],0
18.0,37.74,0.0,62.12,1928.8260500000044,[  18.        37.74       0.        62.12    1928.82605],[-0.90457967  0.54002367 -0.0373632  -0.86983636 -0.39496493],0
18.0,37.81,0.0,62.12,1520.2097999999962,[  18.       37.81      0.       62.12   1520.2098],[-0.90457967  0.54593024 -0.0373632  -0.86983636 -0.40529835],0
18.0,37.86,0.0,58.72,3280.9070999999985,[  18.       37.86      0.       58.72   3280.9071],[-0.90457967  0.55014922 -0.0373632  -1.5210649  -0.36077242],0
18.0,37.91,0.0,58.72,3257.518233333331,[  18.           37.91          0.           58.72       3257.51823333],[-0.90457967  0.5543682  -0.0373632  -1.5210649  -0.3613639 ],0
18.0,37.91,0.0,62.12,1012.0500500000004,[  18.        37.91       0.        62.12    1012.05005],[-0.90457967  0.5543682  -0.0373632  -0.86983636 -0.4181491 ],0
18.0,37.95,0.0,62.12,875.2928000000037,[ 18.      37.95     0.      62.12   875.2928],[-0.90457967  0.55774338 -0.0373632  -0.86983636 -0.42160752],0
18.0,37.96,0.0,58.72,4866.897799999992,[  18.       37.96      0.       58.72   4866.8978],[-0.90457967  0.55858718 -0.0373632  -1.5210649  -0.32066461],0
18.0,38.01,0.0,62.12,628.3512499999996,[ 18.       38.01      0.       62.12    628.35125],[-0.90457967  0.56280615 -0.0373632  -0.86983636 -0.42785238],0
18.0,38.05,0.0,58.72,4952.115200000015,[  18.       38.05      0.       58.72   4952.1152],[-0.90457967  0.56618134 -0.0373632  -1.5210649  -0.31850957],0
18.0,38.07,0.0,62.12,430.12445000000287,[ 18.       38.07      0.       62.12    430.12445],[-0.90457967  0.56786893 -0.0373632  -0.86983636 -0.4328653 ],0
18.0,38.1,0.0,58.72,4924.288800000001,[  18.       38.1       0.       58.72   4924.2888],[-0.90457967  0.57040031 -0.0373632  -1.5210649  -0.31921326],0
18.0,38.1,0.0,62.12,343.4820499999965,[ 18.       38.1       0.       62.12    343.48205],[-0.90457967  0.57040031 -0.0373632  -0.86983636 -0.43505638],0
18.0,38.15,0.0,58.72,4902.480199999998,[  18.       38.15      0.       58.72   4902.4802],[-0.90457967  0.57461929 -0.0373632  -1.5210649  -0.31976478],0
18.0,38.34,0.0,58.72,5144.02245,[  18.        38.34       0.        58.72    5144.02245],[-0.90457967  0.59065141 -0.0373632  -1.5210649  -0.31365646],0
18.0,38.39,0.0,58.72,5143.008200000002,[  18.       38.39      0.       58.72   5143.0082],[-0.90457967  0.59487038 -0.0373632  -1.5210649  -0.31368211],0
18.0,39.26,0.0,58.72,0.02880000000000218,[1.800e+01 3.926e+01 0.000e+00 5.872e+01 2.880e-02],[-0.90457967  0.6682806  -0.0373632  -1.5210649  -0.4437419 ],0
18.0,39.34,0.0,58.72,0.03919999999999236,[1.800e+01 3.934e+01 0.000e+00 5.872e+01 3.920e-02],[-0.90457967  0.67503096 -0.0373632  -1.5210649  -0.44374164],0
18.0,40.49,0.0,62.12,480.19005000000027,[ 18.       40.49      0.       62.12    480.19005],[-0.90457967  0.77206745 -0.0373632  -0.86983636 -0.4315992 ],0
18.0,40.54,0.0,62.12,405.55519999999564,[ 18.      40.54     0.      62.12   405.5552],[-0.90457967  0.77628643 -0.0373632  -0.86983636 -0.43348663],0
18.0,40.78,0.0,62.12,133.988450000001,[ 18.       40.78      0.       62.12    133.98845],[-0.90457967  0.79653752 -0.0373632  -0.86983636 -0.44035422],0
18.0,40.81,0.0,62.12,105.125,[ 18.     40.81    0.     62.12  105.125],[-0.90457967  0.79906891 -0.0373632  -0.86983636 -0.44108415],0
18.0,40.83,0.0,62.12,81.53644999999977,[18.      40.83     0.      62.12    81.53645],[-0.90457967  0.8007565  -0.0373632  -0.86983636 -0.44168067],0
18.0,40.85,0.0,62.12,62.49619999999881,[18.     40.85    0.     62.12   62.4962],[-0.90457967  0.80244409 -0.0373632  -0.86983636 -0.44216218],0
18.0,40.88,0.0,62.12,47.14205000000035,[18.      40.88     0.      62.12    47.14205],[-0.90457967  0.80497547 -0.0373632  -0.86983636 -0.44255046],0
18.0,40.9,0.0,62.12,35.112200000000435,[18.     40.9     0.     62.12   35.1122],[-0.90457967  0.80666306 -0.0373632  -0.86983636 -0.44285469],0
18.0,40.92,0.0,62.12,25.848049999999166,[18.      40.92     0.      62.12    25.84805],[-0.90457967  0.80835066 -0.0373632  -0.86983636 -0.44308896],0
18.0,40.95,0.0,62.12,19.034449999999396,[18.      40.95     0.      62.12    19.03445],[-0.90457967  0.81088204 -0.0373632  -0.86983636 -0.44326127],0
18.0,40.98,0.0,62.12,7.527200000000203,[18.     40.98    0.     62.12    7.5272],[-0.90457967  0.81341343 -0.0373632  -0.86983636 -0.44355228],0
18.0,41.0,0.0,62.12,4.929799999999779,[18.     41.      0.     62.12    4.9298],[-0.90457967  0.81510102 -0.0373632  -0.86983636 -0.44361796],0
18.0,41.02,0.0,62.12,2.2260500000001486,[18.      41.02     0.      62.12     2.22605],[-0.90457967  0.81678861 -0.0373632  -0.86983636 -0.44368634],0
18.0,41.03,0.0,62.12,0.8450000000000887,[18.    41.03   0.    62.12   0.845],[-0.90457967  0.81763241 -0.0373632  -0.86983636 -0.44372126],0
18.0,42.88,0.0,63.07,5009.004049999991,[  18.        42.88       0.        63.07    5009.00405],[-0.90457967  0.97373458 -0.0373632  -0.68787544 -0.31707092],0
18.0,42.92,0.0,63.07,5172.462050000004,[  18.        42.92       0.        63.07    5172.46205],[-0.90457967  0.97710976 -0.0373632  -0.68787544 -0.31293726],0
18.0,43.01,0.0,63.07,5607.404999999992,[  18.      43.01     0.      63.07  5607.405],[-0.90457967  0.98470392 -0.0373632  -0.68787544 -0.30193807],0
18.0,43.06,0.0,63.07,5997.315199999998,[  18.       43.06      0.       63.07   5997.3152],[-0.90457967  0.9889229  -0.0373632  -0.68787544 -0.29207771],0
18.0,43.1,0.0,63.07,6250.73805,[  18.        43.1        0.        63.07    6250.73805],[-0.90457967  0.99229808 -0.0373632  -0.68787544 -0.28566895],0
18.0,43.12,0.0,63.07,0.5831999999999828,[18.     43.12    0.     63.07    0.5832],[-0.90457967  0.99398567 -0.0373632  -0.68787544 -0.44372788],0
18.0,44.45,0.0,63.07,2847.367149999998,[  18.        44.45       0.        63.07    2847.36715],[-0.90457967  1.10621048 -0.0373632  -0.68787544 -0.37173613],0
18.0,44.46,0.0,63.07,0.5978299999999067,[18.      44.46     0.      63.07     0.59783],[-0.90457967  1.10705428 -0.0373632  -0.68787544 -0.44372751],0
18.0,44.47,0.0,63.07,556.5319500000022,[ 18.       44.47      0.       63.07    556.53195],[-0.90457967  1.10789807 -0.0373632  -0.68787544 -0.4296686 ],0
18.0,44.48,0.0,63.07,419.23405256410405,[ 18.          44.48         0.          63.07       419.23405256],[-0.90457967  1.10874187 -0.0373632  -0.68787544 -0.4331407 ],0
18.0,44.49,0.0,63.07,644.4512807017527,[ 18.         44.49        0.         63.07      644.4512807],[-0.90457967  1.10958566 -0.0373632  -0.68787544 -0.42744523],0
18.0,44.5,0.0,63.07,40.685204712644634,[18.         44.5         0.         63.07       40.68520471],[-0.90457967  1.11042946 -0.0373632  -0.68787544 -0.44271375],0
18.0,44.8,0.0,63.07,0.6558999999999484,[18.     44.8     0.     63.07    0.6559],[-0.90457967  1.13574332 -0.0373632  -0.68787544 -0.44372604],0
18.0,44.82,0.0,63.07,74.51040000000013,[18.     44.82    0.     63.07   74.5104],[-0.90457967  1.13743092 -0.0373632  -0.68787544 -0.44185835],0
18.0,44.83,0.0,63.07,21.5824500000007,[18.      44.83     0.      63.07    21.58245],[-0.90457967  1.13827471 -0.0373632  -0.68787544 -0.44319684],0
18.0,44.84,0.0,63.07,1.2482000000001545,[18.     44.84    0.     63.07    1.2482],[-0.90457967  1.13911851 -0.0373632  -0.68787544 -0.44371107],0
18.0,44.86,0.0,63.07,61.3271999999997,[18.     44.86    0.     63.07   61.3272],[-0.90457967  1.1408061  -0.0373632  -0.68787544 -0.44219174],0
18.0,44.87,0.0,63.07,1.125,[18.    44.87   0.    63.07   1.125],[-0.90457967  1.14164989 -0.0373632  -0.68787544 -0.44371418],0
18.0,44.89,0.0,63.07,105.19903333333349,[ 18.          44.89         0.          63.07       105.19903333],[-0.90457967  1.14333748 -0.0373632  -0.68787544 -0.44108227],0
18.0,44.9,0.0,63.07,1.9329333333332577,[18.         44.9         0.         63.07        1.93293333],[-0.90457967  1.14418128 -0.0373632  -0.68787544 -0.44369375],0
18.0,44.91,0.0,63.07,0.9940500000001155,[18.      44.91     0.      63.07     0.99405],[-0.90457967  1.14502508 -0.0373632  -0.68787544 -0.44371749],0
18.0,44.92,0.0,63.07,160.23049166666644,[ 18.          44.92         0.          63.07       160.23049167],[-0.90457967  1.14586887 -0.0373632  -0.68787544 -0.43969059],0
18.0,44.93,0.0,63.07,0.8977999999998904,[18.     44.93    0.     63.07    0.8978],[-0.90457967  1.14671267 -0.0373632  -0.68787544 -0.44371993],0
18.0,44.94,0.0,63.07,179.15167999999926,[ 18.       44.94      0.       63.07    179.15168],[-0.90457967  1.14755646 -0.0373632  -0.68787544 -0.4392121 ],0
18.0,44.95,0.0,63.07,1.612933333333467,[18.         44.95        0.         63.07        1.61293333],[-0.90457967  1.14840026 -0.0373632  -0.68787544 -0.44370184],0
18.0,44.96,0.0,63.07,934.115666666664,[ 18.          44.96         0.          63.07       934.11566667],[-0.90457967  1.14924405 -0.0373632  -0.68787544 -0.42011996],0
18.0,44.97,0.0,63.07,1199.8487018181827,[  18.           44.97          0.           63.07       1199.84870182],[-0.90457967  1.15008785 -0.0373632  -0.68787544 -0.41339989],0
18.0,44.98,0.0,63.07,789.1564018181817,[ 18.          44.98         0.          63.07       789.15640182],[-0.90457967  1.15093164 -0.0373632  -0.68787544 -0.42378581],0
18.0,44.99,0.0,63.07,310.471655238095,[ 18.          44.99         0.          63.07       310.47165524],[-0.90457967  1.15177544 -0.0373632  -0.68787544 -0.43589117],0
18.0,45.0,0.0,63.07,207.53172473118323,[ 18.          45.           0.          63.07       207.53172473],[-0.90457967  1.15261924 -0.0373632  -0.68787544 -0.4384944 ],0
18.0,45.06,0.0,63.07,94.66879999999988,[18.     45.06    0.     63.07   94.6688],[-0.90457967  1.15768201 -0.0373632  -0.68787544 -0.44134857],0
18.0,45.18,0.0,63.07,55.75679999999942,[18.     45.18    0.     63.07   55.7568],[-0.90457967  1.16780756 -0.0373632  -0.68787544 -0.44233261],0
18.0,45.3,0.0,63.07,24.29045000000019,[18.      45.3      0.      63.07    24.29045],[-0.90457967  1.1779331  -0.0373632  -0.68787544 -0.44312835],0
18.0,45.42,0.0,63.07,4.351250000000134,[18.      45.42     0.      63.07     4.35125],[-0.90457967  1.18805865 -0.0373632  -0.68787544 -0.44363259],0
18.0,45.54,0.0,63.07,1.1100500000000135,[18.      45.54     0.      63.07     1.11005],[-0.90457967  1.19818419 -0.0373632  -0.68787544 -0.44371456],0
18.0,45.73,0.0,63.07,34.861249999999714,[18.      45.73     0.      63.07    34.86125],[-0.90457967  1.21421631 -0.0373632  -0.68787544 -0.44286103],0
18.0,45.8,0.0,63.07,54.91520000000019,[18.     45.8     0.     63.07   54.9152],[-0.90457967  1.22012288 -0.0373632  -0.68787544 -0.44235389],0
18.0,46.45,0.0,63.07,15701.692050000007,[   18.         46.45        0.         63.07    15701.69205],[-0.90457967  1.27496959 -0.0373632  -0.68787544 -0.04666564],0
18.0,46.49,0.0,63.07,15379.072200000019,[   18.        46.49       0.        63.07   15379.0722],[-0.90457967  1.27834477 -0.0373632  -0.68787544 -0.05482431],0
18.0,46.52,0.0,63.07,15468.646049999988,[   18.         46.52        0.         63.07    15468.64605],[-0.90457967  1.28087616 -0.0373632  -0.68787544 -0.0525591 ],0
18.0,46.56,0.0,63.07,15181.53125,[   18.         46.56        0.         63.07    15181.53125],[-0.90457967  1.28425134 -0.0373632  -0.68787544 -0.05981989],0
18.0,46.6,0.0,63.07,14923.008799999998,[   18.        46.6        0.        63.07   14923.0088],[-0.90457967  1.28762652 -0.0373632  -0.68787544 -0.06635761],0
18.0,46.71,0.0,63.07,14557.29844999999,[   18.         46.71        0.         63.07    14557.29845],[-0.90457967  1.29690827 -0.0373632  -0.68787544 -0.07560599],0
18.0,46.73,0.0,63.07,0.08404999999996364,[18.      46.73     0.      63.07     0.08405],[-0.90457967  1.29859586 -0.0373632  -0.68787544 -0.44374051],0
18.0,46.74,0.0,63.07,7118.136091666663,[  18.           46.74          0.           63.07       7118.13609167],[-0.90457967  1.29943966 -0.0373632  -0.68787544 -0.26373349],0
18.0,46.75,0.0,63.07,0.1892333333333227,[18.         46.75        0.         63.07        0.18923333],[-0.90457967  1.30028345 -0.0373632  -0.68787544 -0.44373785],0
18.0,46.76,0.0,63.07,6732.061024999998,[  18.         46.76        0.         63.07     6732.061025],[-0.90457967  1.30112725 -0.0373632  -0.68787544 -0.27349687],0
18.0,46.77,0.0,63.07,0.21163333333336673,[18.         46.77        0.         63.07        0.21163333],[-0.90457967  1.30197105 -0.0373632  -0.68787544 -0.44373728],0
18.0,46.78,0.0,63.07,6345.3349666666645,[  18.           46.78          0.           63.07       6345.33496667],[-0.90457967  1.30281484 -0.0373632  -0.68787544 -0.28327671],0
18.0,46.79,0.0,63.07,0.12005000000000446,[18.      46.79     0.      63.07     0.12005],[-0.90457967  1.30365864 -0.0373632  -0.68787544 -0.4437396 ],0
18.0,46.8,0.0,63.07,0.2450333333332677,[18.         46.8         0.         63.07        0.24503333],[-0.90457967  1.30450243 -0.0373632  -0.68787544 -0.44373643],0
18.0,46.81,0.0,63.07,5881.529500000007,[  18.       46.81      0.       63.07   5881.5295],[-0.90457967  1.30534623 -0.0373632  -0.68787544 -0.29500579],0
18.0,46.82,0.0,63.07,0.14044999999998553,[18.      46.82     0.      63.07     0.14045],[-0.90457967  1.30619002 -0.0373632  -0.68787544 -0.44373908],0
18.0,46.83,0.0,63.07,5534.0665,[  18.       46.83      0.       63.07   5534.0665],[-0.90457967  1.30703382 -0.0373632  -0.68787544 -0.30379272],0
18.0,46.84,0.0,63.07,0.15125000000006877,[18.      46.84     0.      63.07     0.15125],[-0.90457967  1.30787761 -0.0373632  -0.68787544 -0.44373881],0
18.0,46.85,0.0,63.07,5189.734291666662,[  18.           46.85          0.           63.07       5189.73429167],[-0.90457967  1.30872141 -0.0373632  -0.68787544 -0.31250047],0
18.0,46.86,0.0,63.07,0.1624499999999637,[18.      46.86     0.      63.07     0.16245],[-0.90457967  1.30956521 -0.0373632  -0.68787544 -0.44373852],0
18.0,46.87,0.0,63.07,0.16819999999999077,[18.     46.87    0.     63.07    0.1682],[-0.90457967  1.310409   -0.0373632  -0.68787544 -0.44373838],0
18.0,46.88,0.0,63.07,6381.253199999999,[  18.       46.88      0.       63.07   6381.2532],[-0.90457967  1.3112528  -0.0373632  -0.68787544 -0.28236838],0
18.0,46.89,0.0,63.07,0.37823333333330944,[18.         46.89        0.         63.07        0.37823333],[-0.90457967  1.31209659 -0.0373632  -0.68787544 -0.44373307],0
18.0,46.9,0.0,63.07,5929.729433333328,[  18.           46.9           0.           63.07       5929.72943333],[-0.90457967  1.31294039 -0.0373632  -0.68787544 -0.29378688],0
18.0,46.91,0.0,63.07,0.20479999999995488,[18.     46.91    0.     63.07    0.2048],[-0.90457967  1.31378418 -0.0373632  -0.68787544 -0.44373745],0
18.0,46.92,0.0,63.07,0.21780000000005403,[18.     46.92    0.     63.07    0.2178],[-0.90457967  1.31462798 -0.0373632  -0.68787544 -0.44373712],0
18.0,46.93,0.0,63.07,5426.511599999999,[  18.       46.93      0.       63.07   5426.5116],[-0.90457967  1.31547177 -0.0373632  -0.68787544 -0.30651265],0
18.0,46.94,0.0,63.07,0.22445000000001067,[18.      46.94     0.      63.07     0.22445],[-0.90457967  1.31631557 -0.0373632  -0.68787544 -0.44373695],0
18.0,46.95,0.0,63.07,5041.889099999997,[  18.       46.95      0.       63.07   5041.8891],[-0.90457967  1.31715937 -0.0373632  -0.68787544 -0.31623929],0
18.0,46.96,0.0,63.07,0.25204999999998545,[18.      46.96     0.      63.07     0.25205],[-0.90457967  1.31800316 -0.0373632  -0.68787544 -0.44373626],0
18.0,46.97,0.0,63.07,4665.092933333324,[  18.           46.97          0.           63.07       4665.09293333],[-0.90457967  1.31884696 -0.0373632  -0.68787544 -0.32576802],0
18.0,46.98,0.0,63.07,0.2738000000000067,[18.     46.98    0.     63.07    0.2738],[-0.90457967  1.31969075 -0.0373632  -0.68787544 -0.44373571],0
18.0,46.99,0.0,63.07,0.28125,[18.      46.99     0.      63.07     0.28125],[-0.90457967  1.32053455 -0.0373632  -0.68787544 -0.44373552],0
18.0,47.0,0.0,63.07,4182.224433333338,[  18.           47.            0.           63.07       4182.22443333],[-0.90457967  1.32137834 -0.0373632  -0.68787544 -0.33797918],0
18.0,47.01,0.0,63.07,23757.8124,"[1.80000000e+01 4.70100000e+01 0.00000000e+00 6.30700000e+01
 2.37578124e+04]",[-0.90457967  1.32222214 -0.0373632  -0.68787544  0.15706399],0
18.0,47.02,0.0,63.07,3821.127433333338,[  18.           47.02          0.           63.07       3821.12743333],[-0.90457967  1.32306593 -0.0373632  -0.68787544 -0.34711089],0
18.0,47.03,0.0,63.07,0.3280499999999558,[18.      47.03     0.      63.07     0.32805],[-0.90457967  1.32390973 -0.0373632  -0.68787544 -0.44373433],0
18.0,47.04,0.0,63.07,0.3361999999999478,[18.     47.04    0.     63.07    0.3362],[-0.90457967  1.32475353 -0.0373632  -0.68787544 -0.44373413],0
18.0,47.05,0.0,63.07,2497.3103583333327,[  18.           47.05          0.           63.07       2497.31035833],[-0.90457967  1.32559732 -0.0373632  -0.68787544 -0.38058864],0
18.0,47.06,0.0,63.07,0.36980000000006064,[18.     47.06    0.     63.07    0.3698],[-0.90457967  1.32644112 -0.0373632  -0.68787544 -0.44373328],0
18.0,47.07,0.0,63.07,14274.431666666673,"[   18.            47.07           0.            63.07
 14274.43166667]",[-0.90457967  1.32728491 -0.0373632  -0.68787544 -0.08275935],0
18.0,47.08,0.0,63.07,20.8481333333337,[18.         47.08        0.         63.07       20.84813333],[-0.90457967  1.32812871 -0.0373632  -0.68787544 -0.44321541],0
18.0,47.09,0.0,63.07,0.41405000000002273,[18.      47.09     0.      63.07     0.41405],[-0.90457967  1.3289725  -0.0373632  -0.68787544 -0.44373216],0
18.0,47.1,0.0,63.07,1873.314691666663,[  18.           47.1           0.           63.07       1873.31469167],[-0.90457967  1.3298163  -0.0373632  -0.68787544 -0.39636875],0
18.0,47.11,0.0,63.07,77.50210000000037,[18.     47.11    0.     63.07   77.5021],[-0.90457967  1.33066009 -0.0373632  -0.68787544 -0.4417827 ],0
18.0,47.12,0.0,63.07,1599.7136250000003,[  18.         47.12        0.         63.07     1599.713625],[-0.90457967  1.33150389 -0.0373632  -0.68787544 -0.40328779],0
18.0,47.13,0.0,63.07,0.5100499999999908,[18.      47.13     0.      63.07     0.51005],[-0.90457967  1.33234769 -0.0373632  -0.68787544 -0.44372973],0
18.0,47.14,0.0,63.07,18349.895433333346,"[1.80000000e+01 4.71400000e+01 0.00000000e+00 6.30700000e+01
 1.83498954e+04]",[-0.90457967  1.33319148 -0.0373632  -0.68787544  0.02030425],0
18.0,47.15,0.0,63.07,1325.1617300000016,[  18.        47.15       0.        63.07    1325.16173],[-0.90457967  1.33403528 -0.0373632  -0.68787544 -0.41023088],0
18.0,47.16,0.0,63.07,0.5831999999999214,[18.     47.16    0.     63.07    0.5832],[-0.90457967  1.33487907 -0.0373632  -0.68787544 -0.44372788],0
18.0,47.17,0.0,63.07,1023.6484250000036,[  18.         47.17        0.         63.07     1023.648425],[-0.90457967  1.33572287 -0.0373632  -0.68787544 -0.41785579],0
18.0,47.18,0.0,63.07,311.095933333333,[ 18.          47.18         0.          63.07       311.09593333],[-0.90457967  1.33656666 -0.0373632  -0.68787544 -0.43587539],0
18.0,47.19,0.0,63.07,0.672800000000095,[18.     47.19    0.     63.07    0.6728],[-0.90457967  1.33741046 -0.0373632  -0.68787544 -0.44372562],0
18.0,47.2,0.0,63.07,704.4392333333358,[ 18.          47.2          0.          63.07       704.43923333],[-0.90457967  1.33825425 -0.0373632  -0.68787544 -0.42592821],0
18.0,47.21,0.0,63.07,11068.399291666656,"[   18.            47.21           0.            63.07
 11068.39929167]",[-0.90457967  1.33909805 -0.0373632  -0.68787544 -0.16383607],0
18.0,47.22,0.0,63.07,607.7858249999996,[ 18.        47.22       0.        63.07     607.785825],[-0.90457967  1.33994185 -0.0373632  -0.68787544 -0.42837246],0
18.0,47.23,0.0,63.07,403.0710249999988,[ 18.        47.23       0.        63.07     403.071025],[-0.90457967  1.34078564 -0.0373632  -0.68787544 -0.43354945],0
18.0,47.24,0.0,63.07,1.8090333333334068,[18.         47.24        0.         63.07        1.80903333],[-0.90457967  1.34162944 -0.0373632  -0.68787544 -0.44369688],0
18.0,47.25,0.0,63.07,1142.0201700000025,[  18.        47.25       0.        63.07    1142.02017],[-0.90457967  1.34247323 -0.0373632  -0.68787544 -0.41486231],0
18.0,47.26,0.0,63.07,2.0164333333332167,[18.         47.26        0.         63.07        2.01643333],[-0.90457967  1.34331703 -0.0373632  -0.68787544 -0.44369164],0
18.0,47.27,0.0,63.07,8366.972166666668,[  18.           47.27          0.           63.07       8366.97216667],[-0.90457967  1.34416082 -0.0373632  -0.68787544 -0.23215193],0
18.0,47.28,0.0,63.07,1092.2608266666662,[  18.           47.28          0.           63.07       1092.26082667],[-0.90457967  1.34500462 -0.0373632  -0.68787544 -0.41612066],0
18.0,47.29,0.0,63.07,2.449233333333193,[18.         47.29        0.         63.07        2.44923333],[-0.90457967  1.34584841 -0.0373632  -0.68787544 -0.44368069],0
18.0,47.3,0.0,63.07,4.370970000000121,[18.      47.3      0.      63.07     4.37097],[-0.90457967  1.34669221 -0.0373632  -0.68787544 -0.44363209],0
18.0,47.31,0.0,63.07,1804.647770000002,[  18.        47.31       0.        63.07    1804.64777],[-0.90457967  1.34753601 -0.0373632  -0.68787544 -0.39810525],0
18.0,47.32,0.0,63.07,5.0984249999997076,[18.       47.32      0.       63.07      5.098425],[-0.90457967  1.3483798  -0.0373632  -0.68787544 -0.4436137 ],0
18.0,47.33,0.0,63.07,83.22944999999953,[18.      47.33     0.      63.07    83.22945],[-0.90457967  1.3492236  -0.0373632  -0.68787544 -0.44163786],0
18.0,47.34,0.0,63.07,5339.932095238099,[  18.           47.34          0.           63.07       5339.93209524],[-0.90457967  1.35006739 -0.0373632  -0.68787544 -0.30870214],0
18.0,47.35,0.0,63.07,14.675106666666561,[18.         47.35        0.         63.07       14.67510667],[-0.90457967  1.35091119 -0.0373632  -0.68787544 -0.44337152],0
18.0,47.36,0.0,63.07,1129.5504499999986,[  18.        47.36       0.        63.07    1129.55045],[-0.90457967  1.35175498 -0.0373632  -0.68787544 -0.41517765],0
18.0,47.4,0.0,63.07,31497.990050000004,"[1.80000000e+01 4.74000000e+01 0.00000000e+00 6.30700000e+01
 3.14979901e+04]",[-0.90457967  1.35513016 -0.0373632  -0.68787544  0.35280381],0
18.0,47.44,0.0,63.07,1615.9612499999948,[  18.        47.44       0.        63.07    1615.96125],[-0.90457967  1.35850535 -0.0373632  -0.68787544 -0.40287691],0
18.0,47.46,0.0,63.07,16073.69943333332,"[   18.            47.46           0.            63.07
 16073.69943333]",[-0.90457967  1.36019294 -0.0373632  -0.68787544 -0.03725802],0
18.0,47.49,0.0,63.07,3538.0871999999954,[  18.       47.49      0.       63.07   3538.0872],[-0.90457967  1.36272432 -0.0373632  -0.68787544 -0.35426864],0
18.0,47.52,0.0,63.07,30690.03125,"[1.80000000e+01 4.75200000e+01 0.00000000e+00 6.30700000e+01
 3.06900312e+04]",[-0.90457967  1.36525571 -0.0373632  -0.68787544  0.3323715 ],0
18.0,47.67,0.0,63.07,1.980050000000018,[18.      47.67     0.      63.07     1.98005],[-0.90457967  1.37791264 -0.0373632  -0.68787544 -0.44369256],0
18.0,47.68,0.0,63.07,5.678066666666463,[18.         47.68        0.         63.07        5.67806667],[-0.90457967  1.37875644 -0.0373632  -0.68787544 -0.44359904],0
18.0,47.69,0.0,63.07,1983.6179730769281,[  18.           47.69          0.           63.07       1983.61797308],[-0.90457967  1.37960024 -0.0373632  -0.68787544 -0.39357931],0
18.0,47.7,0.0,63.07,2576.9020500000097,[  18.        47.7        0.        63.07    2576.90205],[-0.90457967  1.38044403 -0.0373632  -0.68787544 -0.37857586],0
18.0,47.71,0.0,63.07,9539.948450000007,[  18.        47.71       0.        63.07    9539.94845],[-0.90457967  1.38128783 -0.0373632  -0.68787544 -0.20248876],0
18.0,47.74,0.0,63.07,8242.315433333337,[  18.           47.74          0.           63.07       8242.31543333],[-0.90457967  1.38381921 -0.0373632  -0.68787544 -0.23530435],0
18.0,47.77,0.0,63.07,8192.272433333335,[  18.           47.77          0.           63.07       8192.27243333],[-0.90457967  1.3863506  -0.0373632  -0.68787544 -0.23656987],0
18.0,47.8,0.0,63.07,14570.952049999996,[   18.         47.8         0.         63.07    14570.95205],[-0.90457967  1.38888199 -0.0373632  -0.68787544 -0.0752607 ],0
18.0,47.82,0.0,63.07,9155.751200000015,[  18.       47.82      0.       63.07   9155.7512],[-0.90457967  1.39056958 -0.0373632  -0.68787544 -0.21220465],0
18.0,47.85,0.0,63.07,9055.888200000014,[  18.       47.85      0.       63.07   9055.8882],[-0.90457967  1.39310096 -0.0373632  -0.68787544 -0.21473006],0
18.0,47.88,0.0,63.07,8951.219999999994,[  18.     47.88    0.     63.07 8951.22],[-0.90457967  1.39563235 -0.0373632  -0.68787544 -0.217377  ],0
18.0,47.91,0.0,63.07,8845.830049999999,[  18.        47.91       0.        63.07    8845.83005],[-0.90457967  1.39816374 -0.0373632  -0.68787544 -0.22004218],0
18.0,47.93,0.0,63.07,7944.101200000008,[  18.       47.93      0.       63.07   7944.1012],[-0.90457967  1.39985133 -0.0373632  -0.68787544 -0.24284583],0
18.0,47.96,0.0,63.07,8630.352200000007,[  18.       47.96      0.       63.07   8630.3522],[-0.90457967  1.40238272 -0.0373632  -0.68787544 -0.22549136],0
18.0,47.97,0.0,63.07,2156.9312000000004,[  18.       47.97      0.       63.07   2156.9312],[-0.90457967  1.40322651 -0.0373632  -0.68787544 -0.38919642],0
18.0,48.02,0.0,63.07,5368.552199999995,[  18.       48.02      0.       63.07   5368.5522],[-0.90457967  1.40744549 -0.0373632  -0.68787544 -0.30797838],0
18.0,48.04,0.0,63.07,8290.85645000002,[  18.        48.04       0.        63.07    8290.85645],[-0.90457967  1.40913308 -0.0373632  -0.68787544 -0.2340768 ],0
18.0,48.07,0.0,63.07,2739.135633333338,[  18.           48.07          0.           63.07       2739.13563333],[-0.90457967  1.41166447 -0.0373632  -0.68787544 -0.37447317],0
18.0,48.09,0.0,63.07,8055.612449999986,[  18.        48.09       0.        63.07    8055.61245],[-0.90457967  1.41335206 -0.0373632  -0.68787544 -0.24002584],0
18.0,48.12,0.0,63.07,5419.446049999996,[  18.        48.12       0.        63.07    5419.44605],[-0.90457967  1.41588344 -0.0373632  -0.68787544 -0.30669133],0
18.0,48.14,0.0,63.07,7812.5,[  18.     48.14    0.     63.07 7812.5 ],[-0.90457967  1.41757103 -0.0373632  -0.68787544 -0.24617386],0
18.0,48.16,0.0,63.07,13976.24805000001,[   18.         48.16        0.         63.07    13976.24805],[-0.90457967  1.41925863 -0.0373632  -0.68787544 -0.09030006],0
18.0,48.17,0.0,63.07,5459.080050000001,[  18.        48.17       0.        63.07    5459.08005],[-0.90457967  1.42010242 -0.0373632  -0.68787544 -0.30568903],0
18.0,48.19,0.0,63.07,7564.5,[  18.     48.19    0.     63.07 7564.5 ],[-0.90457967  1.42179001 -0.0373632  -0.68787544 -0.25244549],0
18.0,48.22,0.0,63.07,5507.251249999987,[  18.        48.22       0.        63.07    5507.25125],[-0.90457967  1.4243214  -0.0373632  -0.68787544 -0.30447084],0
18.0,48.24,0.0,63.07,7310.823200000009,[  18.       48.24      0.       63.07   7310.8232],[-0.90457967  1.42600899 -0.0373632  -0.68787544 -0.25886067],0
18.0,48.26,0.0,63.07,13639.361433333326,"[   18.            48.26           0.            63.07
 13639.36143333]",[-0.90457967  1.42769658 -0.0373632  -0.68787544 -0.09881952],0
18.0,48.29,0.0,63.07,7261.895833333336,[  18.           48.29          0.           63.07       7261.89583333],[-0.90457967  1.43022797 -0.0373632  -0.68787544 -0.26009798],0
18.0,48.31,0.0,63.07,12529.29323333332,"[   18.            48.31           0.            63.07
 12529.29323333]",[-0.90457967  1.43191556 -0.0373632  -0.68787544 -0.12689181],0
18.0,48.33,0.0,63.07,1182.9247999999966,[  18.       48.33      0.       63.07   1182.9248],[-0.90457967  1.43360315 -0.0373632  -0.68787544 -0.41382788],0
18.0,48.36,0.0,63.07,8906.059758333346,[  18.           48.36          0.           63.07       8906.05975833],[-0.90457967  1.43613454 -0.0373632  -0.68787544 -0.21851905],0
18.0,48.39,0.0,63.07,13402.119200000005,[   18.        48.39       0.        63.07   13402.1192],[-0.90457967  1.43866592 -0.0373632  -0.68787544 -0.10481909],0
18.0,48.4,0.0,63.07,5796.4144500000075,[  18.        48.4        0.        63.07    5796.41445],[-0.90457967  1.43950972 -0.0373632  -0.68787544 -0.29715825],0
18.0,48.42,0.0,63.07,1341.102050000001,[  18.        48.42       0.        63.07    1341.10205],[-0.90457967  1.44119731 -0.0373632  -0.68787544 -0.40982777],0
18.0,48.44,0.0,63.07,5894.808199999999,[  18.       48.44      0.       63.07   5894.8082],[-0.90457967  1.4428849  -0.0373632  -0.68787544 -0.29466999],0
18.0,48.46,0.0,63.07,6872.9441333333325,[  18.           48.46          0.           63.07       6872.94413333],[-0.90457967  1.44457249 -0.0373632  -0.68787544 -0.26993411],0
18.0,48.48,0.0,63.07,5769.528200000002,[  18.       48.48      0.       63.07   5769.5282],[-0.90457967  1.44626008 -0.0373632  -0.68787544 -0.29783817],0
18.0,48.49,0.0,63.07,1511.9500500000006,[  18.        48.49       0.        63.07    1511.95005],[-0.90457967  1.44710388 -0.0373632  -0.68787544 -0.40550722],0
18.0,48.5,0.0,63.07,5630.727199999995,[  18.       48.5       0.       63.07   5630.7272],[-0.90457967  1.44794767 -0.0373632  -0.68787544 -0.30134828],0
18.0,48.52,0.0,63.07,1621.081800000003,[  18.       48.52      0.       63.07   1621.0818],[-0.90457967  1.44963527 -0.0373632  -0.68787544 -0.40274741],0
18.0,48.53,0.0,63.07,23211.505799999995,"[1.80000000e+01 4.85300000e+01 0.00000000e+00 6.30700000e+01
 2.32115058e+04]",[-0.90457967  1.45047906 -0.0373632  -0.68787544  0.14324855],0
18.0,48.55,0.0,63.07,12947.623200000002,[   18.        48.55       0.        63.07   12947.6232],[-0.90457967  1.45216665 -0.0373632  -0.68787544 -0.11631275],0
18.0,48.57,0.0,63.07,22883.02244999998,"[1.80000000e+01 4.85700000e+01 0.00000000e+00 6.30700000e+01
 2.28830224e+04]",[-0.90457967  1.45385424 -0.0373632  -0.68787544  0.1349416 ],0
18.0,48.58,0.0,63.07,1795.2031999999942,[  18.       48.58      0.       63.07   1795.2032],[-0.90457967  1.45469804 -0.0373632  -0.68787544 -0.39834409],0
18.0,48.6,0.0,63.07,4876.768799999999,[  18.       48.6       0.       63.07   4876.7688],[-0.90457967  1.45638563 -0.0373632  -0.68787544 -0.32041499],0
18.0,48.61,0.0,63.07,6619.401800000001,[  18.       48.61      0.       63.07   6619.4018],[-0.90457967  1.45722943 -0.0373632  -0.68787544 -0.27634589],0
18.0,48.62,0.0,63.07,12760.03125,[   18.         48.62        0.         63.07    12760.03125],[-0.90457967  1.45807322 -0.0373632  -0.68787544 -0.12105672],0
18.0,48.65,0.0,63.07,3406.435300000002,[  18.       48.65      0.       63.07   3406.4353],[-0.90457967  1.46060461 -0.0373632  -0.68787544 -0.35759796],0
18.0,48.68,0.0,63.07,2284.2040499999985,[  18.        48.68       0.        63.07    2284.20405],[-0.90457967  1.46313599 -0.0373632  -0.68787544 -0.38597785],0
18.0,48.69,0.0,63.07,21815.42720000001,"[1.80000000e+01 4.86900000e+01 0.00000000e+00 6.30700000e+01
 2.18154272e+04]",[-0.90457967  1.46397979 -0.0373632  -0.68787544  0.1079434 ],0
18.0,48.71,0.0,63.07,6232.060899999995,[  18.       48.71      0.       63.07   6232.0609],[-0.90457967  1.46566738 -0.0373632  -0.68787544 -0.28614127],0
18.0,48.73,0.0,63.07,3673.9591999999975,[  18.       48.73      0.       63.07   3673.9592],[-0.90457967  1.46735497 -0.0373632  -0.68787544 -0.3508326 ],0
18.0,48.74,0.0,63.07,2665.230049999999,[  18.        48.74       0.        63.07    2665.23005],[-0.90457967  1.46819877 -0.0373632  -0.68787544 -0.37634216],0
18.0,48.76,0.0,63.07,7615.014050000003,[  18.        48.76       0.        63.07    7615.01405],[-0.90457967  1.46988636 -0.0373632  -0.68787544 -0.25116805],0
18.0,48.77,0.0,63.07,6099.765733333334,[  18.           48.77          0.           63.07       6099.76573333],[-0.90457967  1.47073015 -0.0373632  -0.68787544 -0.28948686],0
18.0,48.8,0.0,63.07,10611.912133333326,"[   18.            48.8            0.            63.07
 10611.91213333]",[-0.90457967  1.47326154 -0.0373632  -0.68787544 -0.17538008],0
18.0,48.81,0.0,63.07,3273.2140499999928,[  18.        48.81       0.        63.07    3273.21405],[-0.90457967  1.47410534 -0.0373632  -0.68787544 -0.36096697],0
18.0,48.82,0.0,63.07,2631.7512499999966,[  18.        48.82       0.        63.07    2631.75125],[-0.90457967  1.47494913 -0.0373632  -0.68787544 -0.37718879],0
18.0,48.84,0.0,63.07,11962.95120000001,[   18.        48.84       0.        63.07   11962.9512],[-0.90457967  1.47663672 -0.0373632  -0.68787544 -0.14121392],0
18.0,48.87,0.0,63.07,1097.929799999998,[  18.       48.87      0.       63.07   1097.9298],[-0.90457967  1.47916811 -0.0373632  -0.68787544 -0.4159773 ],0
18.0,48.9,0.0,63.07,10863.26223333333,"[   18.            48.9            0.            63.07
 10863.26223333]",[-0.90457967  1.4816995  -0.0373632  -0.68787544 -0.16902374],0
18.0,48.93,0.0,63.07,10673.453033333339,"[   18.            48.93           0.            63.07
 10673.45303333]",[-0.90457967  1.48423088 -0.0373632  -0.68787544 -0.17382379],0
18.0,48.96,0.0,63.07,983.017800000004,[ 18.      48.96     0.      63.07   983.0178],[-0.90457967  1.48676227 -0.0373632  -0.68787544 -0.41888329],0
18.0,48.99,0.0,63.07,11299.554449999998,[   18.         48.99        0.         63.07    11299.55445],[-0.90457967  1.48929366 -0.0373632  -0.68787544 -0.15799043],0
18.0,49.03,0.0,63.07,18526.20004999997,[1.80000e+01 4.90300e+01 0.00000e+00 6.30700e+01 1.85262e+04],[-0.90457967  1.49266884 -0.0373632  -0.68787544  0.02476278],0
18.0,49.05,0.0,63.07,11029.095199999998,[   18.        49.05       0.        63.07   11029.0952],[-0.90457967  1.49435643 -0.0373632  -0.68787544 -0.16483002],0
18.0,49.09,0.0,63.07,10917.986449999997,[   18.         49.09        0.         63.07    10917.98645],[-0.90457967  1.49773161 -0.0373632  -0.68787544 -0.16763983],0
18.0,49.11,0.0,63.07,17574.375200000002,[   18.        49.11       0.        63.07   17574.3752],"[-9.04579669e-01  1.49941920e+00 -3.73632006e-02 -6.87875444e-01
  6.92269814e-04]",0
18.0,49.15,0.0,63.07,10631.736200000016,[   18.        49.15       0.        63.07   10631.7362],[-0.90457967  1.50279438 -0.0373632  -0.68787544 -0.17487876],0
18.0,49.17,0.0,63.07,16992.461250000015,[   18.         49.17        0.         63.07    16992.46125],[-0.90457967  1.50448198 -0.0373632  -0.68787544 -0.01402364],0
18.0,49.19,0.0,63.07,16671.379999999994,[   18.      49.19     0.      63.07 16671.38],[-0.90457967  1.50616957 -0.0373632  -0.68787544 -0.0221434 ],0
18.0,49.21,0.0,63.07,10334.906449999997,[   18.         49.21        0.         63.07    10334.90645],[-0.90457967  1.50785716 -0.0373632  -0.68787544 -0.18238522],0
18.0,49.24,0.0,63.07,671.6112500000033,[ 18.       49.24      0.       63.07    671.61125],[-0.90457967  1.51038854 -0.0373632  -0.68787544 -0.42675839],0
18.0,49.27,0.0,63.07,656.3064500000006,[ 18.       49.27      0.       63.07    656.30645],[-0.90457967  1.51291993 -0.0373632  -0.68787544 -0.42714543],0
18.0,49.36,0.0,63.07,550.1244500000024,[ 18.       49.36      0.       63.07    550.12445],[-0.90457967  1.52051409 -0.0373632  -0.68787544 -0.42983064],0
18.0,49.42,0.0,63.07,472.78125,[ 18.       49.42      0.       63.07    472.78125],[-0.90457967  1.52557686 -0.0373632  -0.68787544 -0.43178656],0
18.0,49.45,0.0,63.07,411.27120000000184,[ 18.      49.45     0.      63.07   411.2712],[-0.90457967  1.52810825 -0.0373632  -0.68787544 -0.43334207],0
18.0,49.52,0.0,63.07,307.76804999999865,[ 18.       49.52      0.       63.07    307.76805],[-0.90457967  1.53401482 -0.0373632  -0.68787544 -0.43595955],0
18.0,49.61,0.0,63.07,192.47219999999896,[ 18.      49.61     0.      63.07   192.4722],[-0.90457967  1.54160898 -0.0373632  -0.68787544 -0.43887524],0
18.0,49.64,0.0,63.07,163.2624499999999,[ 18.       49.64      0.       63.07    163.26245],[-0.90457967  1.54414037 -0.0373632  -0.68787544 -0.43961392],0
18.0,49.7,0.0,63.07,93.29780000000034,[18.     49.7     0.     63.07   93.2978],[-0.90457967  1.54920314 -0.0373632  -0.68787544 -0.44138324],0
18.0,49.73,0.0,63.07,59.514050000000275,[18.      49.73     0.      63.07    59.51405],[-0.90457967  1.55173453 -0.0373632  -0.68787544 -0.44223759],0
18.0,49.75,0.0,63.07,1.1552000000002316,[18.     49.75    0.     63.07    1.1552],[-0.90457967  1.55342212 -0.0373632  -0.68787544 -0.44371342],0
18.0,49.76,0.0,63.07,22.78125,[18.      49.76     0.      63.07    22.78125],[-0.90457967  1.55426591 -0.0373632  -0.68787544 -0.44316652],0
18.0,49.78,0.0,63.07,1.08045000000004,[18.      49.78     0.      63.07     1.08045],[-0.90457967  1.5559535  -0.0373632  -0.68787544 -0.44371531],0
18.0,49.79,0.0,63.07,3.001249999999972,[18.      49.79     0.      63.07     3.00125],[-0.90457967  1.5567973  -0.0373632  -0.68787544 -0.44366673],0
18.0,49.8,0.0,63.07,1.0082000000001032,[18.     49.8     0.     63.07    1.0082],[-0.90457967  1.55764109 -0.0373632  -0.68787544 -0.44371713],0
18.03,25.15,0.0,73.73,1.0224500000002537,[18.03    25.15     0.      73.73     1.02245],[-0.89584681 -0.52231491 -0.0373632   1.35391757 -0.44371677],3
18.05,25.15,0.0,73.73,1.0658000000000531,[18.05   25.15    0.     73.73    1.0658],[-0.8900249  -0.52231491 -0.0373632   1.35391757 -0.44371568],3
18.08,25.15,0.0,73.73,1.125,[18.08  25.15   0.    73.73   1.125],[-0.88129204 -0.52231491 -0.0373632   1.35391757 -0.44371418],3
18.09,25.15,0.0,73.73,1.1551999999999722,[18.09   25.15    0.     73.73    1.1552],[-0.87838109 -0.52231491 -0.0373632   1.35391757 -0.44371342],3
18.11,25.15,0.0,73.73,1.2012500000001056,[18.11    25.15     0.      73.73     1.20125],[-0.87255918 -0.52231491 -0.0373632   1.35391757 -0.44371225],3
18.13,25.16,0.0,73.73,1.2640500000000505,[18.13    25.16     0.      73.73     1.26405],[-0.86673728 -0.52147111 -0.0373632   1.35391757 -0.44371066],3
18.14,25.17,0.0,73.73,1.296050000000022,[18.14    25.17     0.      73.73     1.29605],[-0.86382632 -0.52062732 -0.0373632   1.35391757 -0.44370986],3
18.14,25.23,0.0,73.73,6540.248449999987,[  18.14      25.23       0.        73.73    6540.24845],[-0.86382632 -0.51556454 -0.0373632   1.35391757 -0.27834758],3
18.18,26.22,0.0,73.73,0.34445000000008114,[18.18    26.22     0.      73.73     0.34445],[-0.85218251 -0.43202879 -0.0373632   1.35391757 -0.44373392],3
18.22,26.21,0.0,73.73,0.3612499999999227,[18.22    26.21     0.      73.73     0.36125],[-0.8405387  -0.43287258 -0.0373632   1.35391757 -0.4437335 ],3
18.27,26.19,0.0,73.73,0.40500000000008185,[18.27  26.19   0.    73.73   0.405],[-0.82598393 -0.43456017 -0.0373632   1.35391757 -0.44373239],3
19.37,42.0,0.0,70.51,0.4032333333332856,[19.37       42.          0.         70.51        0.40323333],[-0.50577907  0.89948057 -0.0373632   0.73716583 -0.44373243],3
19.38,42.0,0.0,70.51,0.42903333333333493,[19.38       42.          0.         70.51        0.42903333],[-0.50286812  0.89948057 -0.0373632   0.73716583 -0.44373178],3
19.39,42.0,0.0,70.51,0.44223333333324705,[19.39       42.          0.         70.51        0.44223333],[-0.49995717  0.89948057 -0.0373632   0.73716583 -0.44373145],3
19.4,41.99,0.0,70.51,0.48303333333338294,[19.4        41.99        0.         70.51        0.48303333],[-0.49704621  0.89863678 -0.0373632   0.73716583 -0.44373042],3
19.41,41.99,0.0,70.51,0.49703333333337085,[19.41       41.99        0.         70.51        0.49703333],[-0.49413526  0.89863678 -0.0373632   0.73716583 -0.44373006],3
19.42,30.73,0.0,68.56,41720.049799999935,"[1.94200000e+01 3.07300000e+01 0.00000000e+00 6.85600000e+01
 4.17200498e+04]",[-0.49122431 -0.051477   -0.0373632   0.36366711  0.61130746],3
19.42,41.98,0.0,70.51,0.2664500000000133,[19.42    41.98     0.      70.51     0.26645],[-0.49122431  0.89779298 -0.0373632   0.73716583 -0.44373589],3
19.43,41.97,0.0,70.51,0.28879999999999306,[19.43   41.97    0.     70.51    0.2888],[-0.48831335  0.89694919 -0.0373632   0.73716583 -0.44373533],3
19.43,41.98,0.0,70.51,0.2738000000000067,[19.43   41.98    0.     70.51    0.2738],[-0.48831335  0.89779298 -0.0373632   0.73716583 -0.44373571],3
19.44,20.5,0.0,70.51,0.05779999999997217,[1.944e+01 2.050e+01 0.000e+00 7.051e+01 5.780e-02],[-0.4854024  -0.91467983 -0.0373632   0.73716583 -0.44374117],3
19.44,40.97,0.0,70.51,25.276049999999287,[19.44    40.97     0.      70.51    25.27605],[-0.4854024   0.81256963 -0.0373632   0.73716583 -0.44310343],3
19.44,41.96,0.0,70.51,0.296449999999986,[19.44    41.96     0.      70.51     0.29645],[-0.4854024   0.89610539 -0.0373632   0.73716583 -0.44373513],3
19.45,40.96,0.0,70.51,1.7112500000001472,[19.45    40.96     0.      70.51     1.71125],[-0.48249145  0.81172584 -0.0373632   0.73716583 -0.44369936],3
19.45,41.95,0.0,70.51,0.31205000000010596,[19.45    41.95     0.      70.51     0.31205],[-0.48249145  0.8952616  -0.0373632   0.73716583 -0.44373474],3
19.46,20.49,0.0,70.51,0.10890000000004577,[19.46   20.49    0.     70.51    0.1089],[-0.47958049 -0.91552363 -0.0373632   0.73716583 -0.44373988],3
19.46,41.93,0.0,70.51,0.3361999999999478,[19.46   41.93    0.     70.51    0.3362],[-0.47958049  0.89357401 -0.0373632   0.73716583 -0.44373413],3
19.47,20.49,0.0,70.51,0.10239999999996835,[19.47   20.49    0.     70.51    0.1024],[-0.47666954 -0.91552363 -0.0373632   0.73716583 -0.44374004],3
19.47,20.5,0.0,70.51,0.0992333333333406,[19.47       20.5         0.         70.51        0.09923333],[-0.47666954 -0.91467983 -0.0373632   0.73716583 -0.44374012],3
19.47,41.91,0.0,70.51,0.36125000000006763,[19.47    41.91     0.      70.51     0.36125],[-0.47666954  0.89188641 -0.0373632   0.73716583 -0.4437335 ],3
19.48,20.5,0.0,70.51,0.0480500000000007,[1.948e+01 2.050e+01 0.000e+00 7.051e+01 4.805e-02],[-0.47375859 -0.91467983 -0.0373632   0.73716583 -0.44374142],3
19.48,20.51,0.0,70.51,0.08999999999998123,[19.48 20.51  0.   70.51  0.09],[-0.47375859 -0.91383604 -0.0373632   0.73716583 -0.44374035],3
19.48,20.52,0.0,70.51,0.08703333333330918,[19.48       20.52        0.         70.51        0.08703333],[-0.47375859 -0.91299224 -0.0373632   0.73716583 -0.44374043],3
19.48,20.53,0.0,70.51,0.04204999999998945,[1.948e+01 2.053e+01 0.000e+00 7.051e+01 4.205e-02],[-0.47375859 -0.91214845 -0.0373632   0.73716583 -0.44374157],3
19.48,20.54,0.0,70.51,0.08123333333335592,[19.48       20.54        0.         70.51        0.08123333],[-0.47375859 -0.91130465 -0.0373632   0.73716583 -0.44374058],3
19.48,20.55,0.0,70.51,0.03919999999999236,[1.948e+01 2.055e+01 0.000e+00 7.051e+01 3.920e-02],[-0.47375859 -0.91046086 -0.0373632   0.73716583 -0.44374164],3
19.48,20.56,0.0,70.51,0.07290000000005156,[19.48   20.56    0.     70.51    0.0729],[-0.47375859 -0.90961706 -0.0373632   0.73716583 -0.44374079],3
19.48,20.57,0.0,70.51,0.03644999999999509,[1.948e+01 2.057e+01 0.000e+00 7.051e+01 3.645e-02],[-0.47375859 -0.90877327 -0.0373632   0.73716583 -0.44374171],3
19.48,20.58,0.0,70.51,0.03644999999999509,[1.948e+01 2.058e+01 0.000e+00 7.051e+01 3.645e-02],[-0.47375859 -0.90792947 -0.0373632   0.73716583 -0.44374171],3
19.48,20.59,0.0,70.51,0.03379999999999764,[1.948e+01 2.059e+01 0.000e+00 7.051e+01 3.380e-02],[-0.47375859 -0.90708567 -0.0373632   0.73716583 -0.44374178],3
19.48,20.6,0.0,70.51,0.03379999999999764,[1.948e+01 2.060e+01 0.000e+00 7.051e+01 3.380e-02],[-0.47375859 -0.90624188 -0.0373632   0.73716583 -0.44374178],3
19.48,20.61,0.0,70.51,0.03379999999999764,[1.948e+01 2.061e+01 0.000e+00 7.051e+01 3.380e-02],[-0.47375859 -0.90539808 -0.0373632   0.73716583 -0.44374178],3
19.48,20.62,0.0,70.51,0.03125,[1.948e+01 2.062e+01 0.000e+00 7.051e+01 3.125e-02],[-0.47375859 -0.90455429 -0.0373632   0.73716583 -0.44374184],3
19.48,20.63,0.0,70.51,0.03125,[1.948e+01 2.063e+01 0.000e+00 7.051e+01 3.125e-02],[-0.47375859 -0.90371049 -0.0373632   0.73716583 -0.44374184],3
19.48,40.92,0.0,70.51,1.8432000000000306,[19.48   40.92    0.     70.51    1.8432],[-0.47375859  0.80835066 -0.0373632   0.73716583 -0.44369602],3
19.48,41.9,0.0,70.51,0.3697999999999628,[19.48   41.9     0.     70.51    0.3698],[-0.47375859  0.89104262 -0.0373632   0.73716583 -0.44373328],3
19.49,41.86,0.0,70.51,0.40499999999992836,[19.49  41.86   0.    70.51   0.405],[-0.47084763  0.88766744 -0.0373632   0.73716583 -0.44373239],3
19.5,41.69,0.0,70.51,0.6844500000000187,[19.5     41.69     0.      70.51     0.68445],[-0.46793668  0.87332291 -0.0373632   0.73716583 -0.44372532],3
19.5,41.83,0.0,70.51,0.43245000000005923,[19.5     41.83     0.      70.51     0.43245],[-0.46793668  0.88513605 -0.0373632   0.73716583 -0.44373169],3
19.51,41.8,0.0,70.51,0.4608000000000349,[19.51   41.8     0.     70.51    0.4608],[-0.46502573  0.88260466 -0.0373632   0.73716583 -0.44373098],3
19.52,41.68,0.0,70.51,0.6498000000000492,[19.52   41.68    0.     70.51    0.6498],[-0.46211477  0.87247912 -0.0373632   0.73716583 -0.4437262 ],3
19.52,41.69,0.0,70.51,2.042491666666623,[19.52       41.69        0.         70.51        2.04249167],[-0.46211477  0.87332291 -0.0373632   0.73716583 -0.44369098],3
19.52,41.74,0.0,70.51,0.5304499999999719,[19.52    41.74     0.      70.51     0.53045],[-0.46211477  0.87754189 -0.0373632   0.73716583 -0.44372922],3
19.52,41.77,0.0,70.51,0.490050000000009,[19.52    41.77     0.      70.51     0.49005],[-0.46211477  0.88007328 -0.0373632   0.73716583 -0.44373024],3
19.53,40.83,0.0,70.51,569.53125,[ 19.53     40.83      0.       70.51    569.53125],[-0.45920382  0.8007565  -0.0373632   0.73716583 -0.42933987],3
19.53,41.7,0.0,70.51,0.5831999999999828,[19.53   41.7     0.     70.51    0.5832],[-0.45920382  0.87416671 -0.0373632   0.73716583 -0.44372788],3
19.56,39.15,0.0,70.51,0.7688000000000113,[19.56   39.15    0.     70.51    0.7688],[-0.45047096  0.65899885 -0.0373632   0.73716583 -0.44372319],3
19.58,42.16,0.0,70.51,0.03644999999999509,[1.958e+01 4.216e+01 0.000e+00 7.051e+01 3.645e-02],[-0.44464905  0.9129813  -0.0373632   0.73716583 -0.44374171],3
19.58,44.32,0.0,73.73,75279.76020000002,"[1.95800000e+01 4.43200000e+01 0.00000000e+00 7.37300000e+01
 7.52797602e+04]",[-0.44464905  1.09524114 -0.0373632   1.35391757  1.45999235],3
19.59,23.83,0.0,70.51,1.0952000000000268,[19.59   23.83    0.     70.51    1.0952],[-0.4417381  -0.63369592 -0.0373632   0.73716583 -0.44371493],3
19.59,39.14,0.0,70.51,0.8191999999999651,[19.59   39.14    0.     70.51    0.8192],[-0.4417381   0.65815505 -0.0373632   0.73716583 -0.44372191],3
19.59,42.13,0.0,70.51,0.03920000000000828,[1.959e+01 4.213e+01 0.000e+00 7.051e+01 3.920e-02],[-0.4417381   0.91044992 -0.0373632   0.73716583 -0.44374164],3
19.6,42.08,0.0,70.51,0.054450000000032264,[1.960e+01 4.208e+01 0.000e+00 7.051e+01 5.445e-02],[-0.43882715  0.90623094 -0.0373632   0.73716583 -0.44374125],3
19.6,42.11,0.0,70.51,0.03919999999999236,[1.960e+01 4.211e+01 0.000e+00 7.051e+01 3.920e-02],[-0.43882715  0.90876233 -0.0373632   0.73716583 -0.44374164],3
19.61,42.07,0.0,70.51,0.7270444444444382,[19.61       42.07        0.         70.51        0.72704444],[-0.43591619  0.90538714 -0.0373632   0.73716583 -0.44372424],3
19.61,42.08,0.0,70.51,0.044999999999986356,[1.961e+01 4.208e+01 0.000e+00 7.051e+01 4.500e-02],[-0.43591619  0.90623094 -0.0373632   0.73716583 -0.44374149],3
19.61,42.09,0.0,70.51,0.04204999999998945,[1.961e+01 4.209e+01 0.000e+00 7.051e+01 4.205e-02],[-0.43591619  0.90707473 -0.0373632   0.73716583 -0.44374157],3
19.67,40.74,0.0,70.51,1.0368000000000785,[19.67   40.74    0.     70.51    1.0368],[-0.41845047  0.79316234 -0.0373632   0.73716583 -0.44371641],3
19.72,24.12,0.29,70.51,106.14245000000156,[ 19.72     24.12      0.29     70.51    106.14245],[-0.40389571 -0.60922585  9.89471435  0.73716583 -0.44105842],3
19.89,29.23,0.0,68.56,0.8844500000003569,[19.89    29.23     0.      68.56     0.88445],[-0.3544095  -0.17804633 -0.0373632   0.36366711 -0.44372026],3
19.89,31.69,0.0,62.12,3.276800000000006,[19.89   31.69    0.     62.12    3.2768],[-0.3544095   0.02952737 -0.0373632  -0.86983636 -0.44365976],0
19.9,31.7,0.0,62.12,3.4584499999998384,[19.9     31.7      0.      62.12     3.45845],[-0.35149855  0.03037117 -0.0373632  -0.86983636 -0.44365517],0
19.91,31.72,0.0,62.12,3.8920499999998985,[19.91    31.72     0.      62.12     3.89205],[-0.3485876   0.03205876 -0.0373632  -0.86983636 -0.44364421],0
19.91,31.73,0.0,62.12,8.468233333332982,[19.91       31.73        0.         62.12        8.46823333],[-0.3485876   0.03290256 -0.0373632  -0.86983636 -0.44352848],0
19.91,31.76,0.0,62.12,5.152049999999934,[19.91    31.76     0.      62.12     5.15205],[-0.3485876   0.03543394 -0.0373632  -0.86983636 -0.44361234],0
19.92,29.27,0.0,68.56,0.8580499999999285,[19.92    29.27     0.      68.56     0.85805],[-0.34567664 -0.17467115 -0.0373632   0.36366711 -0.44372093],3
19.92,31.74,0.0,62.12,4.560199999999945,[19.92   31.74    0.     62.12    4.5602],[-0.34567664  0.03374635 -0.0373632  -0.86983636 -0.44362731],0
19.92,31.75,0.0,62.12,4.836049999999688,[19.92    31.75     0.      62.12     4.83605],[-0.34567664  0.03459015 -0.0373632  -0.86983636 -0.44362033],0
20.08,38.33,0.0,58.72,3.251249999999884,[20.08    38.33     0.      58.72     3.25125],[-0.29910139  0.58980761 -0.0373632  -1.5210649  -0.44366041],0
20.14,38.38,0.0,58.72,2.9767999999999946,[20.14   38.38    0.     58.72    2.9768],[-0.28163567  0.59402659 -0.0373632  -1.5210649  -0.44366735],0
20.32,32.63,0.0,68.56,0.5512500000000716,[20.32    32.63     0.      68.56     0.55125],[-0.22923851  0.10884415 -0.0373632   0.36366711 -0.44372869],3
20.33,32.64,0.0,68.56,0.5407999999999622,[20.33   32.64    0.     68.56    0.5408],[-0.22632756  0.10968795 -0.0373632   0.36366711 -0.44372895],3
20.46,31.52,0.0,70.51,0.7080500000000649,[20.46    31.52     0.      70.51     0.70805],[-0.18848517  0.01518285 -0.0373632   0.73716583 -0.44372473],3
20.49,31.78,0.0,70.51,0.5408000000000213,[20.49   31.78    0.     70.51    0.5408],[-0.17975231  0.03712153 -0.0373632   0.73716583 -0.44372895],3
20.54,31.82,0.0,70.51,0.47045000000002646,[20.54    31.82     0.      70.51     0.47045],[-0.16519754  0.04049672 -0.0373632   0.73716583 -0.44373073],3
20.66,32.82,0.0,70.51,0.1104499999999861,[20.66    32.82     0.      70.51     0.11045],[-0.1302661   0.12487627 -0.0373632   0.73716583 -0.44373984],3
20.69,32.81,0.0,70.51,0.10580000000001673,[20.69   32.81    0.     70.51    0.1058],[-0.12153324  0.12403247 -0.0373632   0.73716583 -0.44373996],3
20.7,32.82,0.0,70.51,0.096800000000024,[20.7    32.82    0.     70.51    0.0968],[-0.11862229  0.12487627 -0.0373632   0.73716583 -0.44374018],3
20.72,33.26,0.0,70.51,22431.73804999999,[2.0720000e+01 3.3260000e+01 0.0000000e+00 7.0510000e+01 2.2431738e+04],[-0.11280038  0.16200327 -0.0373632   0.73716583  0.12352916],3
20.95,35.53,0.0,62.12,0.0032000000000078216,[2.095e+01 3.553e+01 0.000e+00 6.212e+01 3.200e-03],[-0.04584846  0.35354486 -0.0373632  -0.86983636 -0.44374255],0
21.0,7.82,0.0,73.73,0.2664499999999925,[21.       7.82     0.      73.73     0.26645],[-0.03129369 -1.98461258 -0.0373632   1.35391757 -0.44373589],3
21.0,10.1,0.0,73.73,28215.001249999998,"[2.10000000e+01 1.01000000e+01 0.00000000e+00 7.37300000e+01
 2.82150012e+04]",[-0.03129369 -1.79222719 -0.0373632   1.35391757  0.26978096],3
21.0,10.15,0.0,73.73,28207.875199999995,"[2.10000000e+01 1.01500000e+01 0.00000000e+00 7.37300000e+01
 2.82078752e+04]",[-0.03129369 -1.78800822 -0.0373632   1.35391757  0.26960075],3
21.0,10.24,0.0,73.73,27822.046049999983,[2.1000000e+01 1.0240000e+01 0.0000000e+00 7.3730000e+01 2.7822046e+04],[-0.03129369 -1.78041406 -0.0373632   1.35391757  0.25984359],3
21.0,10.46,0.0,73.73,27030.45005,[2.100000e+01 1.046000e+01 0.000000e+00 7.373000e+01 2.703045e+04],[-0.03129369 -1.76185055 -0.0373632   1.35391757  0.23982508],3
21.0,10.68,0.0,73.73,26225.080200000004,"[2.10000000e+01 1.06800000e+01 0.00000000e+00 7.37300000e+01
 2.62250802e+04]",[-0.03129369 -1.74328705 -0.0373632   1.35391757  0.21945824],3
21.0,11.1,0.0,73.73,3090.5522000000005,[  21.       11.1       0.       73.73   3090.5522],[-0.03129369 -1.70784764 -0.0373632   1.35391757 -0.36558627],3
21.0,11.19,0.0,73.73,1232.5612500000018,[  21.        11.19       0.        73.73    1232.56125],[-0.03129369 -1.70025348 -0.0373632   1.35391757 -0.41257263],3
21.0,11.21,0.0,73.73,44745.36124999997,"[2.10000000e+01 1.12100000e+01 0.00000000e+00 7.37300000e+01
 4.47453612e+04]",[-0.03129369 -1.69856589 -0.0373632   1.35391757  0.68781397],3
21.0,11.26,0.0,73.73,19775.502299999993,"[2.10000000e+01 1.12600000e+01 0.00000000e+00 7.37300000e+01
 1.97755023e+04]",[-0.03129369 -1.69434691 -0.0373632   1.35391757  0.05635614],3
21.0,11.32,0.0,73.73,31578.358049999988,[2.1000000e+01 1.1320000e+01 0.0000000e+00 7.3730000e+01 3.1578358e+04],[-0.03129369 -1.68928414 -0.0373632   1.35391757  0.35483622],3
21.0,11.33,0.0,73.73,23718.420000000027,[2.100000e+01 1.133000e+01 0.000000e+00 7.373000e+01 2.371842e+04],[-0.03129369 -1.68844034 -0.0373632   1.35391757  0.1560678 ],3
21.0,11.41,0.0,73.73,23566.20499999999,[2.1000000e+01 1.1410000e+01 0.0000000e+00 7.3730000e+01 2.3566205e+04],[-0.03129369 -1.68168998 -0.0373632   1.35391757  0.15221847],3
21.0,11.48,0.0,73.73,44838.14580000001,"[2.10000000e+01 1.14800000e+01 0.00000000e+00 7.37300000e+01
 4.48381458e+04]",[-0.03129369 -1.67578341 -0.0373632   1.35391757  0.69016038],3
21.0,11.53,0.0,73.73,14524.896800000004,"[2.10000000e+01 1.15300000e+01 0.00000000e+00 7.37300000e+01
 1.45248968e+04]",[-0.03129369 -1.67156443 -0.0373632   1.35391757 -0.07642539],3
21.0,11.6,0.0,73.73,14451.700049999998,[2.10000e+01 1.16000e+01 0.00000e+00 7.37300e+01 1.44517e+04],[-0.03129369 -1.66565786 -0.0373632   1.35391757 -0.07827644],3
21.0,11.64,0.0,73.73,3516.249800000001,[  21.       11.64      0.       73.73   3516.2498],[-0.03129369 -1.66228268 -0.0373632   1.35391757 -0.35482088],3
21.0,11.75,0.0,73.73,3630.372049999996,[  21.        11.75       0.        73.73    3630.37205],[-0.03129369 -1.65300093 -0.0373632   1.35391757 -0.35193487],3
21.0,11.86,0.0,73.73,33168.5768,"[2.10000000e+01 1.18600000e+01 0.00000000e+00 7.37300000e+01
 3.31685768e+04]",[-0.03129369 -1.64371918 -0.0373632   1.35391757  0.39505095],3
21.0,11.93,0.0,73.73,23082.40979999999,"[2.10000000e+01 1.19300000e+01 0.00000000e+00 7.37300000e+01
 2.30824098e+04]",[-0.03129369 -1.63781261 -0.0373632   1.35391757  0.13998387],3
21.0,11.96,0.0,73.73,3847.399199999995,[  21.       11.96      0.       73.73   3847.3992],[-0.03129369 -1.63528122 -0.0373632   1.35391757 -0.34644651],3
21.0,12.0,0.0,73.73,14694.12245,"[2.10000000e+01 1.20000000e+01 0.00000000e+00 7.37300000e+01
 1.46941225e+04]",[-0.03129369 -1.63190604 -0.0373632   1.35391757 -0.07214587],3
21.0,12.04,0.0,73.73,952.661250000004,[ 21.       12.04      0.       73.73    952.66125],[-0.03129369 -1.62853086 -0.0373632   1.35391757 -0.41965097],3
21.0,12.09,0.0,73.73,33670.12499999998,[2.1000000e+01 1.2090000e+01 0.0000000e+00 7.3730000e+01 3.3670125e+04],[-0.03129369 -1.62431188 -0.0373632   1.35391757  0.40773451],3
21.0,12.1,0.0,73.73,14664.993799999998,"[2.10000000e+01 1.21000000e+01 0.00000000e+00 7.37300000e+01
 1.46649938e+04]",[-0.03129369 -1.62346809 -0.0373632   1.35391757 -0.0728825 ],3
21.0,12.2,0.0,73.73,14683.83845000001,"[2.10000000e+01 1.22000000e+01 0.00000000e+00 7.37300000e+01
 1.46838385e+04]",[-0.03129369 -1.61503013 -0.0373632   1.35391757 -0.07240594],3
21.0,12.28,0.0,73.73,45859.06125,"[2.10000000e+01 1.22800000e+01 0.00000000e+00 7.37300000e+01
 4.58590612e+04]",[-0.03129369 -1.60827977 -0.0373632   1.35391757  0.7159781 ],3
21.0,12.33,0.0,73.73,14671.845000000001,[2.1000000e+01 1.2330000e+01 0.0000000e+00 7.3730000e+01 1.4671845e+04],[-0.03129369 -1.60406079 -0.0373632   1.35391757 -0.07270924],3
21.0,12.39,0.0,73.73,869.0280500000023,[ 21.       12.39      0.       73.73    869.02805],[-0.03129369 -1.59899802 -0.0373632   1.35391757 -0.42176595],3
21.0,12.51,0.0,73.73,823.3681999999993,[ 21.      12.51     0.      73.73   823.3682],[-0.03129369 -1.58887247 -0.0373632   1.35391757 -0.42292064],3
21.0,12.62,0.0,73.73,22658.94720000001,"[2.10000000e+01 1.26200000e+01 0.00000000e+00 7.37300000e+01
 2.26589472e+04]",[-0.03129369 -1.57959072 -0.0373632   1.35391757  0.12927501],3
21.0,12.69,0.0,73.73,15028.57845000001,"[2.10000000e+01 1.26900000e+01 0.00000000e+00 7.37300000e+01
 1.50285785e+04]",[-0.03129369 -1.57368415 -0.0373632   1.35391757 -0.06368788],3
21.0,12.75,0.0,73.73,15042.451250000007,"[2.10000000e+01 1.27500000e+01 0.00000000e+00 7.37300000e+01
 1.50424513e+04]",[-0.03129369 -1.56862138 -0.0373632   1.35391757 -0.06333705],3
21.0,12.81,0.0,73.73,15058.065799999993,"[2.10000000e+01 1.28100000e+01 0.00000000e+00 7.37300000e+01
 1.50580658e+04]",[-0.03129369 -1.5635586  -0.0373632   1.35391757 -0.06294218],3
21.0,12.86,0.0,73.73,35274.33605000002,"[2.10000000e+01 1.28600000e+01 0.00000000e+00 7.37300000e+01
 3.52743361e+04]",[-0.03129369 -1.55933963 -0.0373632   1.35391757  0.44830308],3
21.0,12.96,0.0,73.73,24398.355733333334,"[2.10000000e+01 1.29600000e+01 0.00000000e+00 7.37300000e+01
 2.43983557e+04]",[-0.03129369 -1.55090167 -0.0373632   1.35391757  0.17326256],3
21.0,13.05,0.0,73.73,4209.031249999992,[  21.        13.05       0.        73.73    4209.03125],[-0.03129369 -1.54330751 -0.0373632   1.35391757 -0.33730127],3
21.0,13.15,0.0,73.73,35903.960450000006,"[2.10000000e+01 1.31500000e+01 0.00000000e+00 7.37300000e+01
 3.59039605e+04]",[-0.03129369 -1.53486955 -0.0373632   1.35391757  0.46422553],3
21.0,13.2,0.0,73.73,15607.911200000011,"[2.10000000e+01 1.32000000e+01 0.00000000e+00 7.37300000e+01
 1.56079112e+04]",[-0.03129369 -1.53065058 -0.0373632   1.35391757 -0.04903725],3
21.0,13.26,0.0,73.73,15652.112450000011,"[2.10000000e+01 1.32600000e+01 0.00000000e+00 7.37300000e+01
 1.56521125e+04]",[-0.03129369 -1.5255878  -0.0373632   1.35391757 -0.04791945],3
21.0,13.31,0.0,73.73,15699.919999999978,[2.100000e+01 1.331000e+01 0.000000e+00 7.373000e+01 1.569992e+04],[-0.03129369 -1.52136883 -0.0373632   1.35391757 -0.04671046],3
21.0,13.34,0.0,73.73,4292.9377999999915,[  21.       13.34      0.       73.73   4292.9378],[-0.03129369 -1.51883744 -0.0373632   1.35391757 -0.33517938],3
21.0,13.4,0.0,73.73,22774.048200000005,"[2.10000000e+01 1.34000000e+01 0.00000000e+00 7.37300000e+01
 2.27740482e+04]",[-0.03129369 -1.51377467 -0.0373632   1.35391757  0.13218577],3
21.0,13.42,0.0,73.73,15809.976199999988,"[2.10000000e+01 1.34200000e+01 0.00000000e+00 7.37300000e+01
 1.58099762e+04]",[-0.03129369 -1.51208708 -0.0373632   1.35391757 -0.04392727],3
21.0,13.51,0.0,73.73,22788.99005,"[2.10000000e+01 1.35100000e+01 0.00000000e+00 7.37300000e+01
 2.27889901e+04]",[-0.03129369 -1.50449292 -0.0373632   1.35391757  0.13256363],3
21.0,13.52,0.0,73.73,36964.80500000001,[2.1000000e+01 1.3520000e+01 0.0000000e+00 7.3730000e+01 3.6964805e+04],[-0.03129369 -1.50364912 -0.0373632   1.35391757  0.49105302],3
21.0,13.56,0.0,73.73,16111.920050000008,"[2.10000000e+01 1.35600000e+01 0.00000000e+00 7.37300000e+01
 1.61119201e+04]",[-0.03129369 -1.50027394 -0.0373632   1.35391757 -0.03629147],3
21.0,13.62,0.0,73.73,22829.571199999977,"[2.10000000e+01 1.36200000e+01 0.00000000e+00 7.37300000e+01
 2.28295712e+04]",[-0.03129369 -1.49521116 -0.0373632   1.35391757  0.13358988],3
21.0,13.64,0.0,73.73,16261.257799999996,"[2.10000000e+01 1.36400000e+01 0.00000000e+00 7.37300000e+01
 1.62612578e+04]",[-0.03129369 -1.49352357 -0.0373632   1.35391757 -0.0325149 ],3
21.0,13.7,0.0,73.73,16340.704199999995,"[2.10000000e+01 1.37000000e+01 0.00000000e+00 7.37300000e+01
 1.63407042e+04]",[-0.03129369 -1.4884608  -0.0373632   1.35391757 -0.03050579],3
21.0,13.8,0.0,73.73,37738.28645000001,"[2.10000000e+01 1.38000000e+01 0.00000000e+00 7.37300000e+01
 3.77382865e+04]",[-0.03129369 -1.48002284 -0.0373632   1.35391757  0.51061344],3
21.0,14.15,0.0,73.73,440.45119999999685,[ 21.      14.15     0.      73.73   440.4512],[-0.03129369 -1.45049    -0.0373632   1.35391757 -0.43260415],3
21.0,14.2,0.0,73.73,16642.1768,"[2.10000000e+01 1.42000000e+01 0.00000000e+00 7.37300000e+01
 1.66421768e+04]",[-0.03129369 -1.44627102 -0.0373632   1.35391757 -0.02288191],3
21.0,14.25,0.0,73.73,38937.24179999998,"[2.10000000e+01 1.42500000e+01 0.00000000e+00 7.37300000e+01
 3.89372418e+04]",[-0.03129369 -1.44205205 -0.0373632   1.35391757  0.54093358],3
21.0,14.56,0.0,68.56,1.8818000000001058,[21.     14.56    0.     68.56    1.8818],[-0.03129369 -1.41589438 -0.0373632   0.36366711 -0.44369504],3
21.0,14.59,0.0,68.56,14.57999999999957,[21.   14.59  0.   68.56 14.58],[-0.03129369 -1.413363   -0.0373632   0.36366711 -0.44337392],3
21.0,14.63,0.0,68.56,24.780799999999743,[21.     14.63    0.     68.56   24.7808],[-0.03129369 -1.40998782 -0.0373632   0.36366711 -0.44311595],3
21.0,14.67,0.0,73.73,38719.044233333334,"[2.10000000e+01 1.46700000e+01 0.00000000e+00 7.37300000e+01
 3.87190442e+04]",[-0.03129369 -1.40661263 -0.0373632   1.35391757  0.53541563],3
21.0,14.78,0.0,73.73,36964.75123333334,"[2.10000000e+01 1.47800000e+01 0.00000000e+00 7.37300000e+01
 3.69647512e+04]",[-0.03129369 -1.39733088 -0.0373632   1.35391757  0.49105166],3
21.0,14.87,0.0,73.73,29719.90840000003,"[2.10000000e+01 1.48700000e+01 0.00000000e+00 7.37300000e+01
 2.97199084e+04]",[-0.03129369 -1.38973672 -0.0373632   1.35391757  0.30783826],3
21.0,14.92,0.0,73.73,67278.45619999997,"[2.10000000e+01 1.49200000e+01 0.00000000e+00 7.37300000e+01
 6.72784562e+04]",[-0.03129369 -1.38551774 -0.0373632   1.35391757  1.25764895],3
21.0,14.95,0.0,73.73,3341.53125,[  21.        14.95       0.        73.73    3341.53125],[-0.03129369 -1.38298636 -0.0373632   1.35391757 -0.35923931],3
21.0,15.02,0.0,73.73,16942.723199999997,"[2.10000000e+01 1.50200000e+01 0.00000000e+00 7.37300000e+01
 1.69427232e+04]",[-0.03129369 -1.37707979 -0.0373632   1.35391757 -0.01528145],3
21.0,15.05,0.0,73.73,67348.17005,"[2.10000000e+01 1.50500000e+01 0.00000000e+00 7.37300000e+01
 6.73481701e+04]",[-0.03129369 -1.3745484  -0.0373632   1.35391757  1.25941193],3
21.0,15.13,0.0,73.73,5450.7240500000025,[  21.        15.13       0.        73.73    5450.72405],[-0.03129369 -1.36779804 -0.0373632   1.35391757 -0.30590035],3
21.0,15.19,0.0,73.73,67436.28125,"[2.10000000e+01 1.51900000e+01 0.00000000e+00 7.37300000e+01
 6.74362812e+04]",[-0.03129369 -1.36273526 -0.0373632   1.35391757  1.26164016],3
21.0,15.28,0.0,73.73,67245.44644999999,"[2.10000000e+01 1.52800000e+01 0.00000000e+00 7.37300000e+01
 6.72454464e+04]",[-0.03129369 -1.35514111 -0.0373632   1.35391757  1.25681417],3
21.0,15.37,0.0,73.73,47840.30439999999,"[2.10000000e+01 1.53700000e+01 0.00000000e+00 7.37300000e+01
 4.78403044e+04]",[-0.03129369 -1.34754695 -0.0373632   1.35391757  0.76608137],3
21.0,15.41,0.0,73.73,67370.19244999997,"[2.10000000e+01 1.54100000e+01 0.00000000e+00 7.37300000e+01
 6.73701924e+04]",[-0.03129369 -1.34417176 -0.0373632   1.35391757  1.25996885],3
21.0,15.47,0.0,73.73,28670.82299999999,[2.1000000e+01 1.5470000e+01 0.0000000e+00 7.3730000e+01 2.8670823e+04],[-0.03129369 -1.33910899 -0.0373632   1.35391757  0.28130814],3
21.0,15.5,0.0,73.73,67212.44479999997,"[2.10000000e+01 1.55000000e+01 0.00000000e+00 7.37300000e+01
 6.72124448e+04]",[-0.03129369 -1.3365776  -0.0373632   1.35391757  1.2559796 ],3
21.0,15.55,0.0,73.73,2884.2012500000033,[  21.        15.55       0.        73.73    2884.20125],[-0.03129369 -1.33235863 -0.0373632   1.35391757 -0.37080464],3
21.0,15.58,0.0,73.73,33536.77943333333,"[2.10000000e+01 1.55800000e+01 0.00000000e+00 7.37300000e+01
 3.35367794e+04]",[-0.03129369 -1.32982724 -0.0373632   1.35391757  0.40436236],3
21.0,15.63,0.0,73.73,42125.4338,"[2.10000000e+01 1.56300000e+01 0.00000000e+00 7.37300000e+01
 4.21254338e+04]",[-0.03129369 -1.32560826 -0.0373632   1.35391757  0.62155914],3
21.0,15.67,0.0,73.73,66948.72320000001,"[2.10000000e+01 1.56700000e+01 0.00000000e+00 7.37300000e+01
 6.69487232e+04]",[-0.03129369 -1.32223308 -0.0373632   1.35391757  1.2493104 ],3
21.0,15.75,0.0,73.73,0.018050000000010367,[2.100e+01 1.575e+01 0.000e+00 7.373e+01 1.805e-02],[-0.03129369 -1.31548271 -0.0373632   1.35391757 -0.44374217],3
21.0,15.76,0.0,73.73,261.5184499999988,[ 21.       15.76      0.       73.73    261.51845],[-0.03129369 -1.31463892 -0.0373632   1.35391757 -0.43712914],3
21.0,15.8,0.0,73.73,37281.130000000005,[2.100000e+01 1.580000e+01 0.000000e+00 7.373000e+01 3.728113e+04],[-0.03129369 -1.31126374 -0.0373632   1.35391757  0.4990525 ],3
21.0,15.84,0.0,73.73,66733.00444999998,"[2.10000000e+01 1.58400000e+01 0.00000000e+00 7.37300000e+01
 6.67330044e+04]",[-0.03129369 -1.30788855 -0.0373632   1.35391757  1.24385513],3
21.0,15.86,0.0,73.73,74826.46124999996,"[2.10000000e+01 1.58600000e+01 0.00000000e+00 7.37300000e+01
 7.48264612e+04]",[-0.03129369 -1.30620096 -0.0373632   1.35391757  1.44852896],3
21.0,15.88,0.0,73.73,37277.57249999999,"[2.10000000e+01 1.58800000e+01 0.00000000e+00 7.37300000e+01
 3.72775725e+04]",[-0.03129369 -1.30451337 -0.0373632   1.35391757  0.49896253],3
21.0,15.92,0.0,73.73,66652.65605000002,"[2.10000000e+01 1.59200000e+01 0.00000000e+00 7.37300000e+01
 6.66526561e+04]",[-0.03129369 -1.30113819 -0.0373632   1.35391757  1.24182321],3
21.0,15.95,0.0,73.73,74664.07245000002,"[2.10000000e+01 1.59500000e+01 0.00000000e+00 7.37300000e+01
 7.46640725e+04]",[-0.03129369 -1.2986068  -0.0373632   1.35391757  1.44442234],3
21.0,15.97,0.0,73.73,2529.0272000000045,[  21.       15.97      0.       73.73   2529.0272],[-0.03129369 -1.29691921 -0.0373632   1.35391757 -0.37978656],3
21.0,16.0,0.0,68.56,5531.416200000007,[  21.       16.        0.       68.56   5531.4162],[-0.03129369 -1.29438783 -0.0373632   0.36366711 -0.30385974],3
21.0,16.0,0.0,70.51,9.63605000000019,[21.      16.       0.      70.51     9.63605],[-0.03129369 -1.29438783 -0.0373632   0.73716583 -0.44349895],3
21.0,16.01,0.0,73.73,16237.822050000006,"[2.10000000e+01 1.60100000e+01 0.00000000e+00 7.37300000e+01
 1.62378221e+04]",[-0.03129369 -1.29354403 -0.0373632   1.35391757 -0.03310756],3
21.0,16.03,0.0,70.51,9.245000000000537,[21.    16.03   0.    70.51   9.245],[-0.03129369 -1.29185644 -0.0373632   0.73716583 -0.44350884],3
21.0,16.05,0.0,73.73,31025.52803333336,[2.1000000e+01 1.6050000e+01 0.0000000e+00 7.3730000e+01 3.1025528e+04],[-0.03129369 -1.29016885 -0.0373632   1.35391757  0.34085582],3
21.0,16.06,0.0,70.51,1.4964500000000314,[21.      16.06     0.      70.51     1.49645],[-0.03129369 -1.28932505 -0.0373632   0.73716583 -0.44370479],3
21.0,16.08,0.0,70.51,8.282450000000434,[21.      16.08     0.      70.51     8.28245],[-0.03129369 -1.28763746 -0.0373632   0.73716583 -0.44353318],3
21.0,16.1,0.0,73.73,56585.84405000003,"[2.10000000e+01 1.61000000e+01 0.00000000e+00 7.37300000e+01
 5.65858441e+04]",[-0.03129369 -1.28594987 -0.0373632   1.35391757  0.98724559],3
21.0,16.11,0.0,70.51,8.080200000000156,[21.     16.11    0.     70.51    8.0802],[-0.03129369 -1.28510608 -0.0373632   0.73716583 -0.44353829],3
21.0,16.13,0.0,73.73,43244.464049999995,[2.1000000e+01 1.6130000e+01 0.0000000e+00 7.3730000e+01 4.3244464e+04],[-0.03129369 -1.28341848 -0.0373632   1.35391757  0.64985807],3
21.0,16.14,0.0,70.51,7.920200000000072,[21.     16.14    0.     70.51    7.9202],[-0.03129369 -1.28257469 -0.0373632   0.73716583 -0.44354234],3
21.0,16.17,0.0,73.73,65768.39120000003,"[2.10000000e+01 1.61700000e+01 0.00000000e+00 7.37300000e+01
 6.57683912e+04]",[-0.03129369 -1.2800433  -0.0373632   1.35391757  1.21946121],3
21.0,16.21,0.0,73.73,43388.6882,"[2.10000000e+01 1.62100000e+01 0.00000000e+00 7.37300000e+01
 4.33886882e+04]",[-0.03129369 -1.27666812 -0.0373632   1.35391757  0.65350533],3
21.0,16.24,0.0,73.73,43565.68989999999,"[2.10000000e+01 1.62400000e+01 0.00000000e+00 7.37300000e+01
 4.35656899e+04]",[-0.03129369 -1.27413673 -0.0373632   1.35391757  0.65798149],3
21.0,16.29,0.0,73.73,26542.449033333352,[2.1000000e+01 1.6290000e+01 0.0000000e+00 7.3730000e+01 2.6542449e+04],[-0.03129369 -1.26991776 -0.0373632   1.35391757  0.22748412],3
21.0,16.33,0.0,73.73,12134.63403333334,"[   21.            16.33           0.            73.73
 12134.63403333]",[-0.03129369 -1.26654257 -0.0373632   1.35391757 -0.13687227],3
21.0,16.37,0.0,73.73,43654.21519999999,"[2.10000000e+01 1.63700000e+01 0.00000000e+00 7.37300000e+01
 4.36542152e+04]",[-0.03129369 -1.26316739 -0.0373632   1.35391757  0.66022019],3
21.0,16.39,0.0,73.73,55411.20500000003,[2.1000000e+01 1.6390000e+01 0.0000000e+00 7.3730000e+01 5.5411205e+04],[-0.03129369 -1.2614798  -0.0373632   1.35391757  0.95754038],3
21.0,16.4,0.0,68.56,5583.074449999984,[  21.        16.4        0.        68.56    5583.07445],[-0.03129369 -1.260636   -0.0373632   0.36366711 -0.30255336],3
21.0,16.43,0.0,73.73,11238.003200000003,[   21.        16.43       0.        73.73   11238.0032],[-0.03129369 -1.25810462 -0.0373632   1.35391757 -0.15954699],3
21.0,16.45,0.0,73.73,43772.48720000002,"[2.10000000e+01 1.64500000e+01 0.00000000e+00 7.37300000e+01
 4.37724872e+04]",[-0.03129369 -1.25641703 -0.0373632   1.35391757  0.66321115],3
21.0,16.46,0.0,73.73,59712.76819999998,"[2.10000000e+01 1.64600000e+01 0.00000000e+00 7.37300000e+01
 5.97127682e+04]",[-0.03129369 -1.25557323 -0.0373632   1.35391757  1.06632176],3
21.0,16.53,0.0,73.73,30839.642233333354,"[2.10000000e+01 1.65300000e+01 0.00000000e+00 7.37300000e+01
 3.08396422e+04]",[-0.03129369 -1.24966666 -0.0373632   1.35391757  0.33615499],3
21.0,16.6,0.0,73.73,64836.00500000003,[2.1000000e+01 1.6600000e+01 0.0000000e+00 7.3730000e+01 6.4836005e+04],[-0.03129369 -1.24376009 -0.0373632   1.35391757  1.19588228],3
21.0,16.61,0.0,73.73,50542.92180000002,"[2.10000000e+01 1.66100000e+01 0.00000000e+00 7.37300000e+01
 5.05429218e+04]",[-0.03129369 -1.2429163  -0.0373632   1.35391757  0.83442733],3
21.0,16.67,0.0,73.73,54186.319999999956,[2.100000e+01 1.667000e+01 0.000000e+00 7.373000e+01 5.418632e+04],[-0.03129369 -1.23785353 -0.0373632   1.35391757  0.92656451],3
21.0,16.72,0.0,68.56,5589.416450000008,[  21.        16.72       0.        68.56    5589.41645],[-0.03129369 -1.23363455 -0.0373632   0.36366711 -0.30239298],3
21.0,16.74,0.0,73.73,16607.53125,[   21.         16.74        0.         73.73    16607.53125],[-0.03129369 -1.23194696 -0.0373632   1.35391757 -0.02375806],3
21.0,16.77,0.0,73.73,44736.38720000002,"[2.10000000e+01 1.67700000e+01 0.00000000e+00 7.37300000e+01
 4.47363872e+04]",[-0.03129369 -1.22941557 -0.0373632   1.35391757  0.68758702],3
21.0,16.8,0.0,68.56,5661.54404999999,[  21.        16.8        0.        68.56    5661.54405],[-0.03129369 -1.22688418 -0.0373632   0.36366711 -0.30056896],3
21.0,16.81,0.0,73.73,57311.64570000002,"[2.10000000e+01 1.68100000e+01 0.00000000e+00 7.37300000e+01
 5.73116457e+04]",[-0.03129369 -1.22604039 -0.0373632   1.35391757  1.00560025],3
21.0,16.85,0.0,68.56,184.12805000000105,[ 21.       16.85      0.       68.56    184.12805],[-0.03129369 -1.22266521 -0.0373632   0.36366711 -0.43908625],3
21.0,16.85,0.0,73.73,19225.809166666655,"[2.10000000e+01 1.68500000e+01 0.00000000e+00 7.37300000e+01
 1.92258092e+04]",[-0.03129369 -1.22266521 -0.0373632   1.35391757  0.04245506],3
21.0,16.88,0.0,68.56,5615.880200000002,[  21.       16.88      0.       68.56   5615.8802],[-0.03129369 -1.22013382 -0.0373632   0.36366711 -0.30172375],3
21.0,16.88,0.0,73.73,71904.71203333332,[2.1000000e+01 1.6880000e+01 0.0000000e+00 7.3730000e+01 7.1904712e+04],[-0.03129369 -1.22013382 -0.0373632   1.35391757  1.37464142],3
21.0,16.94,0.0,73.73,561.1250000000057,[ 21.     16.94    0.     73.73  561.125],[-0.03129369 -1.21507105 -0.0373632   1.35391757 -0.42955245],3
21.0,16.95,0.0,73.73,16516.53125,[   21.         16.95        0.         73.73    16516.53125],[-0.03129369 -1.21422725 -0.0373632   1.35391757 -0.02605934],3
21.0,16.97,0.0,68.56,209.30580000000074,[ 21.      16.97     0.      68.56   209.3058],[-0.03129369 -1.21253966 -0.0373632   0.36366711 -0.43844954],3
21.0,17.02,0.0,73.73,64702.83645000001,"[2.10000000e+01 1.70200000e+01 0.00000000e+00 7.37300000e+01
 6.47028365e+04]",[-0.03129369 -1.20832068 -0.0373632   1.35391757  1.19251461],3
21.0,17.03,0.0,73.73,35617.80500000001,[2.1000000e+01 1.7030000e+01 0.0000000e+00 7.3730000e+01 3.5617805e+04],[-0.03129369 -1.20747689 -0.0373632   1.35391757  0.456989  ],3
21.0,17.04,0.0,68.56,4600.573233333334,[  21.           17.04          0.           68.56       4600.57323333],[-0.03129369 -1.20663309 -0.0373632   0.36366711 -0.32739964],3
21.0,17.08,0.0,68.56,206.2480499999989,[ 21.       17.08      0.       68.56    206.24805],[-0.03129369 -1.20325791 -0.0373632   0.36366711 -0.43852686],3
21.0,17.08,0.0,73.73,108135.75125000006,"[2.10000000e+01 1.70800000e+01 0.00000000e+00 7.37300000e+01
 1.08135751e+05]",[-0.03129369 -1.20325791 -0.0373632   1.35391757  2.29088101],3
21.0,17.12,0.0,68.56,8056.8818000000065,[  21.       17.12      0.       68.56   8056.8818],[-0.03129369 -1.19988273 -0.0373632   0.36366711 -0.23999374],3
21.0,17.12,0.0,73.73,108219.47645,"[2.10000000e+01 1.71200000e+01 0.00000000e+00 7.37300000e+01
 1.08219476e+05]",[-0.03129369 -1.19988273 -0.0373632   1.35391757  2.29299832],3
21.0,17.15,0.0,73.73,26021.392233333332,"[2.10000000e+01 1.71500000e+01 0.00000000e+00 7.37300000e+01
 2.60213922e+04]",[-0.03129369 -1.19735134 -0.0373632   1.35391757  0.21430721],3
21.0,17.16,0.0,73.73,10045.113800000001,[   21.        17.16       0.        73.73   10045.1138],[-0.03129369 -1.19650754 -0.0373632   1.35391757 -0.18971373],3
21.0,17.2,0.0,68.56,5628.6049999999905,[  21.      17.2      0.      68.56  5628.605],[-0.03129369 -1.19313236 -0.0373632   0.36366711 -0.30140195],3
21.0,17.24,0.0,73.73,134908.9568,"[2.10000000e+01 1.72400000e+01 0.00000000e+00 7.37300000e+01
 1.34908957e+05]",[-0.03129369 -1.18975718 -0.0373632   1.35391757  2.96794331],3
21.0,17.28,0.0,73.73,19890.15125000001,"[2.10000000e+01 1.72800000e+01 0.00000000e+00 7.37300000e+01
 1.98901513e+04]",[-0.03129369 -1.186382   -0.0373632   1.35391757  0.05925547],3
21.0,17.34,0.0,68.56,225.78125,[ 21.       17.34      0.       68.56    225.78125],[-0.03129369 -1.18131922 -0.0373632   0.36366711 -0.43803289],3
21.0,17.35,0.0,73.73,65054.21043333335,"[2.10000000e+01 1.73500000e+01 0.00000000e+00 7.37300000e+01
 6.50542104e+04]",[-0.03129369 -1.18047543 -0.0373632   1.35391757  1.20140044],3
21.0,17.41,0.0,68.56,223.87279999999691,[ 21.      17.41     0.      68.56   223.8728],[-0.03129369 -1.17541266 -0.0373632   0.36366711 -0.43808116],3
21.0,17.41,0.0,73.73,35215.926049999965,[2.1000000e+01 1.7410000e+01 0.0000000e+00 7.3730000e+01 3.5215926e+04],[-0.03129369 -1.17541266 -0.0373632   1.35391757  0.44682596],3
21.0,17.43,0.0,73.73,67334.54559999998,"[2.10000000e+01 1.74300000e+01 0.00000000e+00 7.37300000e+01
 6.73345456e+04]",[-0.03129369 -1.17372506 -0.0373632   1.35391757  1.25906738],3
21.0,17.45,0.0,68.56,222.8160499999955,[ 21.       17.45      0.       68.56    222.81605],[-0.03129369 -1.17203747 -0.0373632   0.36366711 -0.43810788],3
21.0,17.49,0.0,73.73,64203.77779999997,"[2.10000000e+01 1.74900000e+01 0.00000000e+00 7.37300000e+01
 6.42037778e+04]",[-0.03129369 -1.16866229 -0.0373632   1.35391757  1.17989402],3
21.0,17.52,0.0,68.56,5677.516799999994,[  21.       17.52      0.       68.56   5677.5168],[-0.03129369 -1.1661309  -0.0373632   0.36366711 -0.30016503],3
21.0,17.54,0.0,73.73,53788.72005,"[2.10000000e+01 1.75400000e+01 0.00000000e+00 7.37300000e+01
 5.37887201e+04]",[-0.03129369 -1.16444331 -0.0373632   1.35391757  0.91650968],3
21.0,17.56,0.0,73.73,69691.37779999999,"[2.10000000e+01 1.75600000e+01 0.00000000e+00 7.37300000e+01
 6.96913778e+04]",[-0.03129369 -1.16275572 -0.0373632   1.35391757  1.31866885],3
21.0,17.57,0.0,73.73,0.5940499999997869,[21.      17.57     0.      73.73     0.59405],[-0.03129369 -1.16191193 -0.0373632   1.35391757 -0.44372761],3
21.0,17.59,0.0,68.56,221.34079999999923,[ 21.      17.59     0.      68.56   221.3408],[-0.03129369 -1.16022434 -0.0373632   0.36366711 -0.43814519],3
21.0,17.59,0.0,73.73,1326.125,[  21.      17.59     0.      73.73  1326.125],[-0.03129369 -1.16022434 -0.0373632   1.35391757 -0.41020652],3
21.0,17.62,0.0,73.73,70979.5012,"[2.10000000e+01 1.76200000e+01 0.00000000e+00 7.37300000e+01
 7.09795012e+04]",[-0.03129369 -1.15769295 -0.0373632   1.35391757  1.35124395],3
21.0,17.66,0.0,73.73,133649.67005000002,[2.1000000e+01 1.7660000e+01 0.0000000e+00 7.3730000e+01 1.3364967e+05],[-0.03129369 -1.15431777 -0.0373632   1.35391757  2.93609746],3
21.0,17.69,0.0,73.73,18564.4069,"[2.10000000e+01 1.76900000e+01 0.00000000e+00 7.37300000e+01
 1.85644069e+04]",[-0.03129369 -1.15178638 -0.0373632   1.35391757  0.02572899],3
21.0,17.74,0.0,73.73,17329.634449999972,[   21.         17.74        0.         73.73    17329.63445],[-0.03129369 -1.1475674  -0.0373632   1.35391757 -0.00549693],3
21.0,17.76,0.0,68.56,226.84500000000145,[ 21.     17.76    0.     68.56  226.845],[-0.03129369 -1.14587981 -0.0373632   0.36366711 -0.43800599],3
21.0,17.77,0.0,73.73,54901.60270000002,"[2.10000000e+01 1.77700000e+01 0.00000000e+00 7.37300000e+01
 5.49016027e+04]",[-0.03129369 -1.14503602 -0.0373632   1.35391757  0.94465315],3
21.0,17.78,0.0,73.73,204186.06079999998,"[2.10000000e+01 1.77800000e+01 0.00000000e+00 7.37300000e+01
 2.04186061e+05]",[-0.03129369 -1.14419222 -0.0373632   1.35391757  4.7198783 ],3
21.0,17.82,0.0,73.73,67062.20645000007,"[2.10000000e+01 1.78200000e+01 0.00000000e+00 7.37300000e+01
 6.70622065e+04]",[-0.03129369 -1.14081704 -0.0373632   1.35391757  1.25218025],3
21.0,17.83,0.0,68.56,5743.776200000019,[  21.       17.83      0.       68.56   5743.7762],[-0.03129369 -1.13997324 -0.0373632   0.36366711 -0.29848941],3
21.0,17.86,0.0,73.73,1140.508800000005,[  21.       17.86      0.       73.73   1140.5088],[-0.03129369 -1.13744186 -0.0373632   1.35391757 -0.41490053],3
21.0,17.87,0.0,73.73,198166.60125,"[2.10000000e+01 1.78700000e+01 0.00000000e+00 7.37300000e+01
 1.98166601e+05]",[-0.03129369 -1.13659806 -0.0373632   1.35391757  4.56765338],3
21.0,17.88,0.0,73.73,11350.72445000001,[   21.         17.88        0.         73.73    11350.72445],[-0.03129369 -1.13575427 -0.0373632   1.35391757 -0.1566964 ],3
21.0,17.9,0.0,73.73,24715.060433333318,"[2.10000000e+01 1.79000000e+01 0.00000000e+00 7.37300000e+01
 2.47150604e+04]",[-0.03129369 -1.13406667 -0.0373632   1.35391757  0.18127165],3
21.0,17.93,0.0,68.56,233.28000000000048,[ 21.    17.93   0.    68.56 233.28],[-0.03129369 -1.13153529 -0.0373632   0.36366711 -0.43784326],3
21.0,17.95,0.0,73.73,65275.29115000002,"[2.10000000e+01 1.79500000e+01 0.00000000e+00 7.37300000e+01
 6.52752912e+04]",[-0.03129369 -1.1298477  -0.0373632   1.35391757  1.2069913 ],3
21.0,18.02,0.0,73.73,48413.38444999997,"[2.10000000e+01 1.80200000e+01 0.00000000e+00 7.37300000e+01
 4.84133844e+04]",[-0.03129369 -1.12394113 -0.0373632   1.35391757  0.78057388],3
21.0,18.03,0.0,73.73,80351.45623333335,"[2.10000000e+01 1.80300000e+01 0.00000000e+00 7.37300000e+01
 8.03514562e+04]",[-0.03129369 -1.12309733 -0.0373632   1.35391757  1.58824946],3
21.0,18.06,0.0,73.73,132000.35804999998,"[2.10000000e+01 1.80600000e+01 0.00000000e+00 7.37300000e+01
 1.32000358e+05]",[-0.03129369 -1.12056595 -0.0373632   1.35391757  2.89438833],3
21.0,18.07,0.0,68.56,5742.704449999971,[  21.        18.07       0.        68.56    5742.70445],[-0.03129369 -1.11972215 -0.0373632   0.36366711 -0.29851651],3
21.0,18.1,0.0,68.56,240.0240499999993,[ 21.       18.1       0.       68.56    240.02405],[-0.03129369 -1.11719076 -0.0373632   0.36366711 -0.43767271],3
21.0,18.1,0.0,73.73,111012.26220000004,"[2.10000000e+01 1.81000000e+01 0.00000000e+00 7.37300000e+01
 1.11012262e+05]",[-0.03129369 -1.11719076 -0.0373632   1.35391757  2.36362453],3
21.0,18.14,0.0,73.73,51372.28293666666,"[2.10000000e+01 1.81400000e+01 0.00000000e+00 7.37300000e+01
 5.13722829e+04]",[-0.03129369 -1.11381558 -0.0373632   1.35391757  0.85540088],3
21.0,18.18,0.0,73.73,88043.93309166667,"[2.10000000e+01 1.81800000e+01 0.00000000e+00 7.37300000e+01
 8.80439331e+04]",[-0.03129369 -1.1104404  -0.0373632   1.35391757  1.78278299],3
21.0,18.21,0.0,73.73,81172.51990000003,"[2.10000000e+01 1.82100000e+01 0.00000000e+00 7.37300000e+01
 8.11725199e+04]",[-0.03129369 -1.10790901 -0.0373632   1.35391757  1.60901318],3
21.0,18.25,0.0,73.73,131687.12000000002,[2.1000000e+01 1.8250000e+01 0.0000000e+00 7.3730000e+01 1.3168712e+05],[-0.03129369 -1.10453383 -0.0373632   1.35391757  2.88646692],3
21.0,18.26,0.0,73.73,47330.41444999997,"[2.10000000e+01 1.82600000e+01 0.00000000e+00 7.37300000e+01
 4.73304144e+04]",[-0.03129369 -1.10369003 -0.0373632   1.35391757  0.75318686],3
21.0,18.28,0.0,73.73,56663.244800000015,"[2.10000000e+01 1.82800000e+01 0.00000000e+00 7.37300000e+01
 5.66632448e+04]",[-0.03129369 -1.10200244 -0.0373632   1.35391757  0.98920297],3
21.0,18.3,0.0,68.56,5753.426449999998,[  21.        18.3        0.        68.56    5753.42645],[-0.03129369 -1.10031485 -0.0373632   0.36366711 -0.29824537],3
21.0,18.32,0.0,73.73,55022.83110000001,"[2.10000000e+01 1.83200000e+01 0.00000000e+00 7.37300000e+01
 5.50228311e+04]",[-0.03129369 -1.09862726 -0.0373632   1.35391757  0.94771887],3
21.0,18.33,0.0,73.73,63300.37805000004,"[2.10000000e+01 1.83300000e+01 0.00000000e+00 7.37300000e+01
 6.33003781e+04]",[-0.03129369 -1.09778347 -0.0373632   1.35391757  1.15704812],3
21.0,18.37,0.0,73.73,15151.923200000047,[   21.        18.37       0.        73.73   15151.9232],[-0.03129369 -1.09440828 -0.0373632   1.35391757 -0.06056864],3
21.0,18.38,0.0,73.73,35553.77779999996,"[2.10000000e+01 1.83800000e+01 0.00000000e+00 7.37300000e+01
 3.55537778e+04]",[-0.03129369 -1.09356449 -0.0373632   1.35391757  0.45536983],3
21.0,18.39,0.0,73.73,12417.304049999995,[   21.         18.39        0.         73.73    12417.30405],[-0.03129369 -1.09272069 -0.0373632   1.35391757 -0.12972388],3
21.0,18.41,0.0,73.73,87160.37089166664,"[2.10000000e+01 1.84100000e+01 0.00000000e+00 7.37300000e+01
 8.71603709e+04]",[-0.03129369 -1.0910331  -0.0373632   1.35391757  1.76043876],3
21.0,18.46,0.0,73.73,57467.280199999994,"[2.10000000e+01 1.84600000e+01 0.00000000e+00 7.37300000e+01
 5.74672802e+04]",[-0.03129369 -1.08681412 -0.0373632   1.35391757  1.00953606],3
21.0,18.49,0.0,73.73,111591.11703333333,"[2.10000000e+01 1.84900000e+01 0.00000000e+00 7.37300000e+01
 1.11591117e+05]",[-0.03129369 -1.08428274 -0.0373632   1.35391757  2.37826307],3
21.0,18.5,0.0,73.73,8815.26420000002,[  21.       18.5       0.       73.73   8815.2642],[-0.03129369 -1.08343894 -0.0373632   1.35391757 -0.22081516],3
21.0,18.54,0.0,68.56,5775.975200000002,[  21.       18.54      0.       68.56   5775.9752],[-0.03129369 -1.08006376 -0.0373632   0.36366711 -0.29767514],3
21.0,18.56,0.0,73.73,20.097800000000923,[21.     18.56    0.     73.73   20.0978],[-0.03129369 -1.07837617 -0.0373632   1.35391757 -0.44323438],3
21.0,18.6,0.0,73.73,109068.06043333338,[2.1000000e+01 1.8600000e+01 0.0000000e+00 7.3730000e+01 1.0906806e+05],[-0.03129369 -1.07500099 -0.0373632   1.35391757  2.31445799],3
21.0,18.61,0.0,73.73,35457.845,[2.1000000e+01 1.8610000e+01 0.0000000e+00 7.3730000e+01 3.5457845e+04],[-0.03129369 -1.07415719 -0.0373632   1.35391757  0.4529438 ],3
21.0,18.63,0.0,73.73,14263.604999999958,[   21.       18.63      0.       73.73  14263.605],[-0.03129369 -1.0724696  -0.0373632   1.35391757 -0.08303314],3
21.0,18.64,0.0,73.73,70312.0305333333,"[2.10000000e+01 1.86400000e+01 0.00000000e+00 7.37300000e+01
 7.03120305e+04]",[-0.03129369 -1.0716258  -0.0373632   1.35391757  1.33436441],3
21.0,18.67,0.0,73.73,67611.92013333338,"[2.10000000e+01 1.86700000e+01 0.00000000e+00 7.37300000e+01
 6.76119201e+04]",[-0.03129369 -1.06909442 -0.0373632   1.35391757  1.26608185],3
21.0,18.71,0.0,70.51,6369.818450000007,[  21.        18.71       0.        70.51    6369.81845],[-0.03129369 -1.06571924 -0.0373632   0.73716583 -0.28265755],3
21.0,18.71,0.0,73.73,44.462450000001674,[21.      18.71     0.      73.73    44.46245],[-0.03129369 -1.06571924 -0.0373632   1.35391757 -0.44261823],3
21.0,18.72,0.0,73.73,8763.55604999999,[  21.        18.72       0.        73.73    8763.55605],[-0.03129369 -1.06487544 -0.0373632   1.35391757 -0.22212279],3
21.0,18.73,0.0,73.73,25710.672399999992,"[2.10000000e+01 1.87300000e+01 0.00000000e+00 7.37300000e+01
 2.57106724e+04]",[-0.03129369 -1.06403164 -0.0373632   1.35391757  0.20644948],3
21.0,18.76,0.0,73.73,24511.129733333317,"[2.10000000e+01 1.87600000e+01 0.00000000e+00 7.37300000e+01
 2.45111297e+04]",[-0.03129369 -1.06150026 -0.0373632   1.35391757  0.17611448],3
21.0,18.77,0.0,68.56,5809.342049999996,[  21.        18.77       0.        68.56    5809.34205],[-0.03129369 -1.06065646 -0.0373632   0.36366711 -0.29683133],3
21.0,18.77,0.0,70.51,6527.673800000005,[  21.       18.77      0.       70.51   6527.6738],[-0.03129369 -1.06065646 -0.0373632   0.73716583 -0.27866558],3
21.0,18.8,0.0,70.51,95.91124999999953,[21.      18.8      0.      70.51    95.91125],[-0.03129369 -1.05812508 -0.0373632   0.73716583 -0.44131715],3
21.0,18.8,0.0,73.73,8513.820049999978,[  21.        18.8        0.        73.73    8513.82005],[-0.03129369 -1.05812508 -0.0373632   1.35391757 -0.22843832],3
21.0,18.82,0.0,73.73,59602.233800000016,"[2.10000000e+01 1.88200000e+01 0.00000000e+00 7.37300000e+01
 5.96022338e+04]",[-0.03129369 -1.05643748 -0.0373632   1.35391757  1.06352648],3
21.0,18.83,0.0,70.51,93.29780000000034,[21.     18.83    0.     70.51   93.2978],[-0.03129369 -1.05559369 -0.0373632   0.73716583 -0.44138324],3
21.0,18.84,0.0,68.56,229.19404999999932,[ 21.       18.84      0.       68.56    229.19405],[-0.03129369 -1.05474989 -0.0373632   0.36366711 -0.43794659],3
21.0,18.85,0.0,70.51,91.53044999999963,[21.      18.85     0.      70.51    91.53045],[-0.03129369 -1.0539061  -0.0373632   0.73716583 -0.44142794],3
21.0,18.85,0.0,73.73,8939.182049999981,[  21.        18.85       0.        73.73    8939.18205],[-0.03129369 -1.0539061  -0.0373632   1.35391757 -0.21768142],3
21.0,18.86,0.0,73.73,127316.47749999995,"[2.10000000e+01 1.88600000e+01 0.00000000e+00 7.37300000e+01
 1.27316477e+05]",[-0.03129369 -1.0530623  -0.0373632   1.35391757  2.7759386 ],3
21.0,18.88,0.0,70.51,4048.048633333343,[  21.           18.88          0.           70.51       4048.04863333],[-0.03129369 -1.05137471 -0.0373632   0.73716583 -0.34137233],3
21.0,18.91,0.0,73.73,8274.124800000027,[  21.       18.91      0.       73.73   8274.1248],[-0.03129369 -1.04884332 -0.0373632   1.35391757 -0.23449992],3
21.0,18.92,0.0,68.56,8429.212799999974,[  21.       18.92      0.       68.56   8429.2128],[-0.03129369 -1.04799953 -0.0373632   0.36366711 -0.23057793],3
21.0,18.94,0.0,70.51,6893.728199999989,[  21.       18.94      0.       70.51   6893.7282],[-0.03129369 -1.04631194 -0.0373632   0.73716583 -0.2694085 ],3
21.0,18.94,0.0,73.73,63496.22479999998,"[2.10000000e+01 1.89400000e+01 0.00000000e+00 7.37300000e+01
 6.34962248e+04]",[-0.03129369 -1.04631194 -0.0373632   1.35391757  1.16200085],3
21.0,18.97,0.0,73.73,26397.45760000002,"[2.10000000e+01 1.89700000e+01 0.00000000e+00 7.37300000e+01
 2.63974576e+04]",[-0.03129369 -1.04378055 -0.0373632   1.35391757  0.22381746],3
21.0,18.98,0.0,62.12,428.0738000000006,[ 21.      18.98     0.      62.12   428.0738],[-0.03129369 -1.04293676 -0.0373632  -0.86983636 -0.43291716],0
21.0,19.0,0.0,68.56,5852.538050000006,[  21.        19.         0.        68.56    5852.53805],[-0.03129369 -1.04124916 -0.0373632   0.36366711 -0.29573895],3
21.0,19.0,0.0,70.51,7027.051250000015,[  21.        19.         0.        70.51    7027.05125],[-0.03129369 -1.04124916 -0.0373632   0.73716583 -0.26603692],3
21.0,19.0,0.0,73.73,16268.47220000001,[   21.        19.         0.        73.73   16268.4722],[-0.03129369 -1.04124916 -0.0373632   1.35391757 -0.03233245],3
21.0,19.01,0.0,73.73,123.55920000000222,[ 21.      19.01     0.      73.73   123.5592],[-0.03129369 -1.04040537 -0.0373632   1.35391757 -0.44061797],3
21.0,19.03,0.0,68.56,4.032800000000413,[21.     19.03    0.     68.56    4.0328],[-0.03129369 -1.03871778 -0.0373632   0.36366711 -0.44364065],3
21.0,19.05,0.0,70.51,7162.848050000007,[  21.        19.05       0.        70.51    7162.84805],[-0.03129369 -1.03703019 -0.0373632   0.73716583 -0.26260278],3
21.0,19.07,0.0,73.73,0.15125000000006877,[21.      19.07     0.      73.73     0.15125],[-0.03129369 -1.0353426  -0.0373632   1.35391757 -0.44373881],3
21.0,19.08,0.0,73.73,30642.569233333325,"[2.10000000e+01 1.90800000e+01 0.00000000e+00 7.37300000e+01
 3.06425692e+04]",[-0.03129369 -1.0344988  -0.0373632   1.35391757  0.33117125],3
21.0,19.09,0.0,73.73,3057.6200000000035,[  21.     19.09    0.     73.73 3057.62],[-0.03129369 -1.033655   -0.0373632   1.35391757 -0.36641908],3
21.0,19.09,0.03,73.73,3.8641999999999244,[2.1000e+01 1.9090e+01 3.0000e-02 7.3730e+01 3.8642e+00],[-0.03129369 -1.033655    0.9900931   1.35391757 -0.44364491],3
21.0,19.11,0.0,70.51,7299.944449999998,[  21.        19.11       0.        70.51    7299.94445],[-0.03129369 -1.03196741 -0.0373632   0.73716583 -0.25913578],3
21.0,19.11,0.0,73.73,67040.23445,"[2.10000000e+01 1.91100000e+01 0.00000000e+00 7.37300000e+01
 6.70402345e+04]",[-0.03129369 -1.03196741 -0.0373632   1.35391757  1.25162461],3
21.0,19.12,0.0,73.73,57277.58579999996,"[2.10000000e+01 1.91200000e+01 0.00000000e+00 7.37300000e+01
 5.72775858e+04]",[-0.03129369 -1.03112362 -0.0373632   1.35391757  1.00473892],3
21.0,19.13,0.0,73.73,21842.59005000001,"[2.10000000e+01 1.91300000e+01 0.00000000e+00 7.37300000e+01
 2.18425901e+04]",[-0.03129369 -1.03027982 -0.0373632   1.35391757  0.10863031],3
21.0,19.15,0.0,73.73,28862.433800000024,"[2.10000000e+01 1.91500000e+01 0.00000000e+00 7.37300000e+01
 2.88624338e+04]",[-0.03129369 -1.02859223 -0.0373632   1.35391757  0.28615375],3
21.0,19.16,0.0,68.56,26155.496133333356,"[2.10000000e+01 1.91600000e+01 0.00000000e+00 6.85600000e+01
 2.61554961e+04]",[-0.03129369 -1.02774844 -0.0373632   0.36366711  0.21769854],3
21.0,19.17,0.0,70.51,7440.780050000001,[  21.        19.17       0.        70.51    7440.78005],[-0.03129369 -1.02690464 -0.0373632   0.73716583 -0.25557421],3
21.0,19.18,0.0,68.56,17989.25119999999,[   21.        19.18       0.        68.56   17989.2512],[-0.03129369 -1.02606085 -0.0373632   0.36366711  0.01118399],3
21.0,19.18,0.0,73.73,16375.070449999994,[   21.         19.18        0.         73.73    16375.07045],[-0.03129369 -1.02606085 -0.0373632   1.35391757 -0.02963671],3
21.0,19.19,0.0,68.56,17591.25245000001,[   21.         19.19        0.         68.56    17591.25245],[-0.03129369 -1.02521705 -0.0373632   0.36366711  0.00111908],3
21.0,19.19,0.0,73.73,28833.609799999984,"[2.10000000e+01 1.91900000e+01 0.00000000e+00 7.37300000e+01
 2.88336098e+04]",[-0.03129369 -1.02521705 -0.0373632   1.35391757  0.28542483],3
21.0,19.22,0.0,68.56,0.16820000000005672,[21.     19.22    0.     68.56    0.1682],[-0.03129369 -1.02268566 -0.0373632   0.36366711 -0.44373838],3
21.0,19.22,0.0,70.51,7582.96124999999,[  21.        19.22       0.        70.51    7582.96125],[-0.03129369 -1.02268566 -0.0373632   0.73716583 -0.25197862],3
21.0,19.23,0.0,68.56,5907.8450000000175,[  21.      19.23     0.      68.56  5907.845],[-0.03129369 -1.02184187 -0.0373632   0.36366711 -0.29434031],3
21.0,19.23,0.0,73.73,56256.64245,"[2.10000000e+01 1.92300000e+01 0.00000000e+00 7.37300000e+01
 5.62566424e+04]",[-0.03129369 -1.02184187 -0.0373632   1.35391757  0.97892048],3
21.0,19.24,0.0,73.73,65171.33044999999,"[2.10000000e+01 1.92400000e+01 0.00000000e+00 7.37300000e+01
 6.51713304e+04]",[-0.03129369 -1.02099807 -0.0373632   1.35391757  1.20436226],3
21.0,19.26,0.0,68.56,11839.480091666648,"[   21.            19.26           0.            68.56
 11839.48009167]",[-0.03129369 -1.01931048 -0.0373632   0.36366711 -0.14433636],3
21.0,19.26,0.0,73.73,11827.22000000001,[   21.      19.26     0.      73.73 11827.22],[-0.03129369 -1.01931048 -0.0373632   1.35391757 -0.1446464 ],3
21.0,19.28,0.0,70.51,7728.974449999998,[  21.        19.28       0.        70.51    7728.97445],[-0.03129369 -1.01762289 -0.0373632   0.73716583 -0.24828612],3
21.0,19.29,0.0,68.56,17281.264049999994,[   21.         19.29        0.         68.56    17281.26405],[-0.03129369 -1.01677909 -0.0373632   0.36366711 -0.00672016],3
21.0,19.3,0.0,73.73,17100.906300000002,[   21.        19.3        0.        73.73   17100.9063],[-0.03129369 -1.0159353  -0.0373632   1.35391757 -0.01128119],3
21.0,19.33,0.0,68.56,12140.580025000017,[   21.          19.33         0.          68.56     12140.580025],[-0.03129369 -1.01340391 -0.0373632   0.36366711 -0.1367219 ],3
21.0,19.33,0.0,70.51,31951.39205,[2.1000000e+01 1.9330000e+01 0.0000000e+00 7.0510000e+01 3.1951392e+04],[-0.03129369 -1.01340391 -0.0373632   0.73716583  0.36426981],3
21.0,19.35,0.0,73.73,16476.570449999996,[   21.         19.35        0.         73.73    16476.57045],[-0.03129369 -1.01171632 -0.0373632   1.35391757 -0.0270699 ],3
21.0,19.36,0.0,68.56,17162.48645000003,[   21.         19.36        0.         68.56    17162.48645],[-0.03129369 -1.01087253 -0.0373632   0.36366711 -0.0097239 ],3
21.0,19.36,0.0,73.73,64257.54005,"[2.10000000e+01 1.93600000e+01 0.00000000e+00 7.37300000e+01
 6.42575401e+04]",[-0.03129369 -1.01087253 -0.0373632   1.35391757  1.1812536 ],3
21.0,19.39,0.0,68.56,5870.944800000014,[  21.       19.39      0.       68.56   5870.9448],[-0.03129369 -1.00834114 -0.0373632   0.36366711 -0.29527347],3
21.0,19.39,0.0,70.51,8026.445000000006,[  21.      19.39     0.      70.51  8026.445],[-0.03129369 -1.00834114 -0.0373632   0.73716583 -0.24076345],3
21.0,19.41,0.0,68.56,13599.930833333323,"[   21.            19.41           0.            68.56
 13599.93083333]",[-0.03129369 -1.00665355 -0.0373632   0.36366711 -0.09981667],3
21.0,19.41,0.0,73.73,54999.177800000005,"[2.10000000e+01 1.94100000e+01 0.00000000e+00 7.37300000e+01
 5.49991778e+04]",[-0.03129369 -1.00665355 -0.0373632   1.35391757  0.94712071],3
21.0,19.44,0.0,73.73,11172.135200000002,[   21.        19.44       0.        73.73   11172.1352],[-0.03129369 -1.00412216 -0.0373632   1.35391757 -0.16121271],3
21.0,19.45,0.0,70.51,70526.41244999997,"[2.10000000e+01 1.94500000e+01 0.00000000e+00 7.05100000e+01
 7.05264124e+04]",[-0.03129369 -1.00327837 -0.0373632   0.73716583  1.33978587],3
21.0,19.47,0.0,73.73,4444.3592000000135,[  21.       19.47      0.       73.73   4444.3592],[-0.03129369 -1.00159077 -0.0373632   1.35391757 -0.33135011],3
21.0,19.48,0.0,68.56,10.57999999999958,[21.   19.48  0.   68.56 10.58],[-0.03129369 -1.00074698 -0.0373632   0.36366711 -0.44347508],3
21.0,19.5,0.0,68.56,17587.50125,[   21.         19.5         0.         68.56    17587.50125],[-0.03129369 -0.99905939 -0.0373632   0.36366711  0.00102421],3
21.0,19.5,0.0,70.51,36456.42309999999,"[2.10000000e+01 1.95000000e+01 0.00000000e+00 7.05100000e+01
 3.64564231e+04]",[-0.03129369 -0.99905939 -0.0373632   0.73716583  0.47819665],3
21.0,19.51,0.0,68.56,17342.66879999998,[   21.        19.51       0.        68.56   17342.6688],[-0.03129369 -0.99821559 -0.0373632   0.36366711 -0.00516731],3
21.0,19.52,0.0,73.73,16574.742449999998,[   21.         19.52        0.         73.73    16574.74245],[-0.03129369 -0.9973718  -0.0373632   1.35391757 -0.02458725],3
21.0,19.54,0.0,68.56,43218.0,[2.1000e+01 1.9540e+01 0.0000e+00 6.8560e+01 4.3218e+04],[-0.03129369 -0.99568421 -0.0373632   0.36366711  0.64918883],3
21.0,19.54,0.0,73.73,34840.080449999994,"[2.10000000e+01 1.95400000e+01 0.00000000e+00 7.37300000e+01
 3.48400804e+04]",[-0.03129369 -0.99568421 -0.0373632   1.35391757  0.43732128],3
21.0,19.55,0.0,68.56,16.017799999999177,[21.     19.55    0.     68.56   16.0178],[-0.03129369 -0.99484041 -0.0373632   0.36366711 -0.44333756],3
21.0,19.58,0.0,68.56,11761.346800000007,[   21.        19.58       0.        68.56   11761.3468],[-0.03129369 -0.99230902 -0.0373632   0.36366711 -0.14631226],3
21.0,19.58,0.0,70.51,29880.34580000001,"[2.10000000e+01 1.95800000e+01 0.00000000e+00 7.05100000e+01
 2.98803458e+04]",[-0.03129369 -0.99230902 -0.0373632   0.73716583  0.31189553],3
21.0,19.58,0.0,73.73,4329.151250000012,[  21.        19.58       0.        73.73    4329.15125],[-0.03129369 -0.99230902 -0.0373632   1.35391757 -0.33426358],3
21.0,19.61,0.0,68.56,17169.89804999999,[   21.         19.61        0.         68.56    17169.89805],[-0.03129369 -0.98977764 -0.0373632   0.36366711 -0.00953647],3
21.0,19.61,0.0,73.73,98656.82000000002,[2.100000e+01 1.961000e+01 0.000000e+00 7.373000e+01 9.865682e+04],[-0.03129369 -0.98977764 -0.0373632   1.35391757  2.05117019],3
21.0,19.62,0.0,73.73,202.60844999999992,[ 21.       19.62      0.       73.73    202.60845],[-0.03129369 -0.98893384 -0.0373632   1.35391757 -0.43861891],3
21.0,19.64,0.0,73.73,4272.576799999989,[  21.       19.64      0.       73.73   4272.5768],[-0.03129369 -0.98724625 -0.0373632   1.35391757 -0.33569428],3
21.0,19.66,0.0,70.51,69721.24820000003,"[2.10000000e+01 1.96600000e+01 0.00000000e+00 7.05100000e+01
 6.97212482e+04]",[-0.03129369 -0.98555866 -0.0373632   0.73716583  1.31942423],3
21.0,19.67,0.0,68.56,22050.000000000036,[2.100e+01 1.967e+01 0.000e+00 6.856e+01 2.205e+04],[-0.03129369 -0.98471486 -0.0373632   0.36366711  0.11387546],3
21.0,19.69,0.0,73.73,26524.86309999999,"[2.10000000e+01 1.96900000e+01 0.00000000e+00 7.37300000e+01
 2.65248631e+04]",[-0.03129369 -0.98302727 -0.0373632   1.35391757  0.22703939],3
21.0,19.7,0.0,73.73,23101.751250000034,"[2.10000000e+01 1.97000000e+01 0.00000000e+00 7.37300000e+01
 2.31017513e+04]",[-0.03129369 -0.98218348 -0.0373632   1.35391757  0.14047299],3
21.0,19.72,0.0,70.51,8425.31805,[  21.        19.72       0.        70.51    8425.31805],[-0.03129369 -0.98049589 -0.0373632   0.73716583 -0.23067643],3
21.0,19.73,0.0,73.73,170954.58645000012,"[2.10000000e+01 1.97300000e+01 0.00000000e+00 7.37300000e+01
 1.70954586e+05]",[-0.03129369 -0.97965209 -0.0373632   1.35391757  3.87949412],3
21.0,19.74,0.0,68.56,237.61999999999654,[ 21.    19.74   0.    68.56 237.62],[-0.03129369 -0.97880829 -0.0373632   0.36366711 -0.43773351],3
21.0,19.75,0.0,68.56,297.9240500000006,[ 21.       19.75      0.       68.56    297.92405],[-0.03129369 -0.9779645  -0.0373632   0.36366711 -0.43620849],3
21.0,19.75,0.0,73.73,4161.456449999996,[  21.        19.75       0.        73.73    4161.45645],[-0.03129369 -0.9779645  -0.0373632   1.35391757 -0.33850438],3
21.0,19.77,0.0,68.56,5921.984449999992,[  21.        19.77       0.        68.56    5921.98445],[-0.03129369 -0.97627691 -0.0373632   0.36366711 -0.29398274],3
21.0,19.78,0.0,73.73,23753.324633333337,"[2.10000000e+01 1.97800000e+01 0.00000000e+00 7.37300000e+01
 2.37533246e+04]",[-0.03129369 -0.97543311 -0.0373632   1.35391757  0.1569505 ],3
21.0,19.8,0.0,73.73,26749.84499999995,[2.1000000e+01 1.9800000e+01 0.0000000e+00 7.3730000e+01 2.6749845e+04],[-0.03129369 -0.97374552 -0.0373632   1.35391757  0.23272891],3
21.0,19.82,0.0,68.56,13263.31845000001,[   21.         19.82        0.         68.56    13263.31845],[-0.03129369 -0.97205793 -0.0373632   0.36366711 -0.10832919],3
21.0,19.83,0.0,68.56,21863.49604999999,[2.1000000e+01 1.9830000e+01 0.0000000e+00 6.8560000e+01 2.1863496e+04],[-0.03129369 -0.97121413 -0.0373632   0.36366711  0.109159  ],3
21.0,19.86,0.0,68.56,17168.045000000002,[   21.       19.86      0.       68.56  17168.045],[-0.03129369 -0.96868275 -0.0373632   0.36366711 -0.00958333],3
21.0,19.86,0.0,73.73,11699.742400000008,[   21.        19.86       0.        73.73   11699.7424],[-0.03129369 -0.96868275 -0.0373632   1.35391757 -0.14787016],3
21.0,19.88,0.0,73.73,895.4912000000045,[ 21.      19.88     0.      73.73   895.4912],[-0.03129369 -0.96699516 -0.0373632   1.35391757 -0.42109673],3
21.0,19.89,0.0,68.56,17108.800199999972,[   21.        19.89       0.        68.56   17108.8002],[-0.03129369 -0.96615136 -0.0373632   0.36366711 -0.01108156],3
21.0,19.91,0.0,73.73,26339.715199999984,"[2.10000000e+01 1.99100000e+01 0.00000000e+00 7.37300000e+01
 2.63397152e+04]",[-0.03129369 -0.96446377 -0.0373632   1.35391757  0.22235722],3
21.0,19.92,0.0,68.56,50689.28000000003,[2.100000e+01 1.992000e+01 0.000000e+00 6.856000e+01 5.068928e+04],[-0.03129369 -0.96361998 -0.0373632   0.36366711  0.83812855],3
21.0,19.93,0.0,68.56,11798.364633333349,"[   21.            19.93           0.            68.56
 11798.36463333]",[-0.03129369 -0.96277618 -0.0373632   0.36366711 -0.14537612],3
21.0,19.93,0.0,70.51,68028.84979999998,"[2.10000000e+01 1.99300000e+01 0.00000000e+00 7.05100000e+01
 6.80288498e+04]",[-0.03129369 -0.96277618 -0.0373632   0.73716583  1.27662551],3
21.0,19.94,0.0,73.73,5521.687033333349,[  21.           19.94          0.           73.73       5521.68703333],[-0.03129369 -0.96193238 -0.0373632   1.35391757 -0.30410578],3
21.0,19.96,0.0,68.56,16994.30479999996,[   21.        19.96       0.        68.56   16994.3048],[-0.03129369 -0.96024479 -0.0373632   0.36366711 -0.01397702],3
21.0,19.98,0.0,62.12,204.62645000000037,[ 21.       19.98      0.       62.12    204.62645],[-0.03129369 -0.9585572  -0.0373632  -0.86983636 -0.43856787],0
21.0,19.99,0.0,73.73,876.129800000003,[ 21.      19.99     0.      73.73   876.1298],[-0.03129369 -0.95771341 -0.0373632   1.35391757 -0.42158636],3
21.0,20.0,0.0,68.56,23480.89286666669,"[2.10000000e+01 2.00000000e+01 0.00000000e+00 6.85600000e+01
 2.34808929e+04]",[-0.03129369 -0.95686961 -0.0373632   0.36366711  0.15006103],3
21.0,20.02,0.0,73.73,23427.46580000001,"[2.10000000e+01 2.00200000e+01 0.00000000e+00 7.37300000e+01
 2.34274658e+04]",[-0.03129369 -0.95518202 -0.0373632   1.35391757  0.14870992],3
21.0,20.05,0.0,62.12,199.0012500000009,[ 21.       20.05      0.       62.12    199.00125],[-0.03129369 -0.95265063 -0.0373632  -0.86983636 -0.43871013],0
21.0,20.07,0.0,68.56,22313.806233333347,"[2.10000000e+01 2.00700000e+01 0.00000000e+00 6.85600000e+01
 2.23138062e+04]",[-0.03129369 -0.95096304 -0.0373632   0.36366711  0.1205468 ],3
21.0,20.07,0.0,73.73,3973.861250000003,[  21.        20.07       0.        73.73    3973.86125],[-0.03129369 -0.95096304 -0.0373632   1.35391757 -0.34324844],3
21.0,20.08,0.0,70.51,67304.13605000003,"[2.10000000e+01 2.00800000e+01 0.00000000e+00 7.05100000e+01
 6.73041361e+04]",[-0.03129369 -0.95011925 -0.0373632   0.73716583  1.25829836],3
21.0,20.09,0.0,73.73,53033.6573333333,"[2.10000000e+01 2.00900000e+01 0.00000000e+00 7.37300000e+01
 5.30336573e+04]",[-0.03129369 -0.94927545 -0.0373632   1.35391757  0.89741505],3
21.0,20.1,0.0,73.73,50363.895500000006,"[2.10000000e+01 2.01000000e+01 0.00000000e+00 7.37300000e+01
 5.03638955e+04]",[-0.03129369 -0.94843166 -0.0373632   1.35391757  0.82989997],3
21.0,20.11,0.0,73.73,11672.546533333338,"[   21.            20.11           0.            73.73
 11672.54653333]",[-0.03129369 -0.94758786 -0.0373632   1.35391757 -0.14855791],3
21.0,20.12,0.0,73.73,4174.238449999995,[  21.        20.12       0.        73.73    4174.23845],[-0.03129369 -0.94674406 -0.0373632   1.35391757 -0.33818114],3
21.0,20.13,0.0,73.73,63532.785733333316,"[2.10000000e+01 2.01300000e+01 0.00000000e+00 7.37300000e+01
 6.35327857e+04]",[-0.03129369 -0.94590027 -0.0373632   1.35391757  1.16292543],3
21.0,20.14,0.0,68.56,10206.041200000007,[   21.        20.14       0.        68.56   10206.0412],[-0.03129369 -0.94505647 -0.0373632   0.36366711 -0.18564407],3
21.0,20.15,0.0,68.56,5162.296050000002,[  21.        20.15       0.        68.56    5162.29605],[-0.03129369 -0.94421268 -0.0373632   0.36366711 -0.31319435],3
21.0,20.15,0.0,73.73,0.0024499999999955434,[2.100e+01 2.015e+01 0.000e+00 7.373e+01 2.450e-03],[-0.03129369 -0.94421268 -0.0373632   1.35391757 -0.44374257],3
21.0,20.16,0.0,73.73,52465.322449999985,"[2.10000000e+01 2.01600000e+01 0.00000000e+00 7.37300000e+01
 5.24653224e+04]",[-0.03129369 -0.94336888 -0.0373632   1.35391757  0.88304254],3
21.0,20.17,0.0,68.56,21907.43120000001,"[2.10000000e+01 2.01700000e+01 0.00000000e+00 6.85600000e+01
 2.19074312e+04]",[-0.03129369 -0.94252509 -0.0373632   0.36366711  0.11027007],3
21.0,20.17,0.0,73.73,23605.299200000005,"[2.10000000e+01 2.01700000e+01 0.00000000e+00 7.37300000e+01
 2.36052992e+04]",[-0.03129369 -0.94252509 -0.0373632   1.35391757  0.15320711],3
21.0,20.18,0.0,73.73,47363.8032,"[2.10000000e+01 2.01800000e+01 0.00000000e+00 7.37300000e+01
 4.73638032e+04]",[-0.03129369 -0.94168129 -0.0373632   1.35391757  0.75403123],3
21.0,20.19,0.0,70.51,66532.2242,"[2.10000000e+01 2.01900000e+01 0.00000000e+00 7.05100000e+01
 6.65322242e+04]",[-0.03129369 -0.9408375  -0.0373632   0.73716583  1.23877764],3
21.0,20.2,0.0,68.56,17095.854049999994,[   21.         20.2         0.         68.56    17095.85405],[-0.03129369 -0.9399937  -0.0373632   0.36366711 -0.01140896],3
21.0,20.21,0.0,73.73,18020.39903333334,"[   21.            20.21           0.            73.73
 18020.39903333]",[-0.03129369 -0.9391499  -0.0373632   1.35391757  0.01197168],3
21.0,20.22,0.0,68.56,4741.015833333324,[  21.           20.22          0.           68.56       4741.01583333],[-0.03129369 -0.93830611 -0.0373632   0.36366711 -0.32384802],3
21.0,20.22,0.0,73.73,79366.78709999997,"[2.10000000e+01 2.02200000e+01 0.00000000e+00 7.37300000e+01
 7.93667871e+04]",[-0.03129369 -0.93830611 -0.0373632   1.35391757  1.56334836],3
21.0,20.26,0.0,73.73,46683.28990000002,"[2.10000000e+01 2.02600000e+01 0.00000000e+00 7.37300000e+01
 4.66832899e+04]",[-0.03129369 -0.93493093 -0.0373632   1.35391757  0.73682186],3
21.0,20.27,0.0,62.12,9790.202450000004,[  21.        20.27       0.        62.12    9790.20245],[-0.03129369 -0.93408713 -0.0373632  -0.86983636 -0.19616014],0
21.0,20.27,0.0,73.73,4820.484433333321,[  21.           20.27          0.           73.73       4820.48443333],[-0.03129369 -0.93408713 -0.0373632   1.35391757 -0.32183835],3
21.0,20.28,0.0,68.56,13196.625800000005,[   21.        20.28       0.        68.56   13196.6258],[-0.03129369 -0.93324334 -0.0373632   0.36366711 -0.11001577],3
21.0,20.28,0.0,73.73,0.06845000000002271,[2.100e+01 2.028e+01 0.000e+00 7.373e+01 6.845e-02],[-0.03129369 -0.93324334 -0.0373632   1.35391757 -0.4437409 ],3
21.0,20.29,0.0,70.51,65801.03645,"[2.10000000e+01 2.02900000e+01 0.00000000e+00 7.05100000e+01
 6.58010364e+04]",[-0.03129369 -0.93239954 -0.0373632   0.73716583  1.22028677],3
21.0,20.3,0.0,68.56,6001.696799999994,[  21.       20.3       0.       68.56   6001.6968],[-0.03129369 -0.93155574 -0.0373632   0.36366711 -0.29196691],3
21.0,20.3,0.0,73.73,80545.41729999997,"[2.10000000e+01 2.03000000e+01 0.00000000e+00 7.37300000e+01
 8.05454173e+04]",[-0.03129369 -0.93155574 -0.0373632   1.35391757  1.59315451],3
21.0,20.31,0.0,62.12,7450.542450000013,[  21.        20.31       0.        62.12    7450.54245],[-0.03129369 -0.93071195 -0.0373632  -0.86983636 -0.25532734],0
21.0,20.32,0.0,73.73,12331.322079999994,[   21.         20.32        0.         73.73    12331.32208],[-0.03129369 -0.92986815 -0.0373632   1.35391757 -0.13189826],3
21.0,20.33,0.0,73.73,81752.27763333337,"[2.10000000e+01 2.03300000e+01 0.00000000e+00 7.37300000e+01
 8.17522776e+04]",[-0.03129369 -0.92902436 -0.0373632   1.35391757  1.62367456],3
21.0,20.34,0.0,73.73,27666.270233333318,"[2.10000000e+01 2.03400000e+01 0.00000000e+00 7.37300000e+01
 2.76662702e+04]",[-0.03129369 -0.92818056 -0.0373632   1.35391757  0.25590421],3
21.0,20.35,0.0,73.73,108717.07043333331,[2.1000000e+01 2.0350000e+01 0.0000000e+00 7.3730000e+01 1.0871707e+05],[-0.03129369 -0.92733677 -0.0373632   1.35391757  2.30558187],3
21.0,20.36,0.0,68.56,16974.03125,[   21.         20.36        0.         68.56    16974.03125],[-0.03129369 -0.92649297 -0.0373632   0.36366711 -0.01448971],3
21.0,20.37,0.0,73.73,2341.692400000008,[  21.       20.37      0.       73.73   2341.6924],[-0.03129369 -0.92564918 -0.0373632   1.35391757 -0.38452403],3
21.0,20.38,0.0,68.56,8650.070450000012,[  21.        20.38       0.        68.56    8650.07045],[-0.03129369 -0.92480538 -0.0373632   0.36366711 -0.22499271],3
21.0,20.39,0.0,70.51,65102.75280000003,"[2.10000000e+01 2.03900000e+01 0.00000000e+00 7.05100000e+01
 6.51027528e+04]",[-0.03129369 -0.92396158 -0.0373632   0.73716583  1.20262802],3
21.0,20.4,0.0,73.73,21817.220433333343,"[2.10000000e+01 2.04000000e+01 0.00000000e+00 7.37300000e+01
 2.18172204e+04]",[-0.03129369 -0.92311779 -0.0373632   1.35391757  0.10798874],3
21.0,20.41,0.0,73.73,38137.828420000005,"[2.10000000e+01 2.04100000e+01 0.00000000e+00 7.37300000e+01
 3.81378284e+04]",[-0.03129369 -0.92227399 -0.0373632   1.35391757  0.52071737],3
21.0,20.42,0.0,62.12,8346.319999999998,[  21.     20.42    0.     62.12 8346.32],[-0.03129369 -0.9214302  -0.0373632  -0.86983636 -0.23267419],0
21.0,20.42,0.0,68.56,21792.456449999998,"[2.10000000e+01 2.04200000e+01 0.00000000e+00 6.85600000e+01
 2.17924564e+04]",[-0.03129369 -0.9214302  -0.0373632   0.36366711  0.10736249],3
21.0,20.42,0.0,73.73,268.4645299999998,[ 21.       20.42      0.       73.73    268.46453],[-0.03129369 -0.9214302  -0.0373632   1.35391757 -0.43695348],3
21.0,20.43,0.0,73.73,39461.10156190477,"[2.10000000e+01 2.04300000e+01 0.00000000e+00 7.37300000e+01
 3.94611016e+04]",[-0.03129369 -0.9205864  -0.0373632   1.35391757  0.55418137],3
21.0,20.44,0.0,62.12,7400.577800000003,[  21.       20.44      0.       62.12   7400.5778],[-0.03129369 -0.91974261 -0.0373632  -0.86983636 -0.25659088],0
21.0,20.44,0.0,70.51,8515.125,[  21.      20.44     0.      70.51  8515.125],[-0.03129369 -0.91974261 -0.0373632   0.73716583 -0.22840532],3
21.0,20.44,0.0,73.73,0.2982249999999627,[21.       20.44      0.       73.73      0.298225],[-0.03129369 -0.91974261 -0.0373632   1.35391757 -0.44373509],3
21.0,20.45,0.0,68.56,22117.237733333342,"[2.10000000e+01 2.04500000e+01 0.00000000e+00 6.85600000e+01
 2.21172377e+04]",[-0.03129369 -0.91889881 -0.0373632   0.36366711  0.11557582],3
21.0,20.45,0.0,73.73,18807.389870000003,[   21.         20.45        0.         73.73    18807.38987],[-0.03129369 -0.91889881 -0.0373632   1.35391757  0.03187373],3
21.0,20.46,0.0,73.73,4.458799999999923,[21.     20.46    0.     73.73    4.4588],[-0.03129369 -0.91805502 -0.0373632   1.35391757 -0.44362987],3
21.0,20.47,0.0,73.73,41900.863349999985,"[2.10000000e+01 2.04700000e+01 0.00000000e+00 7.37300000e+01
 4.19008633e+04]",[-0.03129369 -0.91721122 -0.0373632   1.35391757  0.61588002],3
21.0,20.48,0.0,73.73,10171.413700000014,[   21.        20.48       0.        73.73   10171.4137],[-0.03129369 -0.91636742 -0.0373632   1.35391757 -0.18651976],3
21.0,20.49,0.0,70.51,64444.09005,[2.100000e+01 2.049000e+01 0.000000e+00 7.051000e+01 6.444409e+04],[-0.03129369 -0.91552363 -0.0373632   0.73716583  1.18597122],3
21.0,20.49,0.0,73.73,30534.88762666668,"[2.10000000e+01 2.04900000e+01 0.00000000e+00 7.37300000e+01
 3.05348876e+04]",[-0.03129369 -0.91552363 -0.0373632   1.35391757  0.32844811],3
21.0,20.51,0.0,68.56,267.7369333333318,[ 21.          20.51         0.          68.56       267.73693333],[-0.03129369 -0.91383604 -0.0373632   0.36366711 -0.43697188],3
21.0,20.51,0.0,73.73,108170.43583333334,"[2.10000000e+01 2.05100000e+01 0.00000000e+00 7.37300000e+01
 1.08170436e+05]",[-0.03129369 -0.91383604 -0.0373632   1.35391757  2.29175814],3
21.0,20.53,0.0,68.56,43132.78204999991,[2.1000000e+01 2.0530000e+01 0.0000000e+00 6.8560000e+01 4.3132782e+04],[-0.03129369 -0.91214845 -0.0373632   0.36366711  0.64703377],3
21.0,20.54,0.0,73.73,1193.1612499999983,[  21.        20.54       0.        73.73    1193.16125],[-0.03129369 -0.91130465 -0.0373632   1.35391757 -0.41356901],3
21.0,20.55,0.0,73.73,119198.91379999995,"[2.10000000e+01 2.05500000e+01 0.00000000e+00 7.37300000e+01
 1.19198914e+05]",[-0.03129369 -0.91046086 -0.0373632   1.35391757  2.57065514],3
21.0,20.56,0.0,62.12,96.04980000000097,[21.     20.56    0.     62.12   96.0498],[-0.03129369 -0.90961706 -0.0373632  -0.86983636 -0.44131365],0
21.0,20.56,0.0,73.73,154629.16604999994,"[2.10000000e+01 2.05600000e+01 0.00000000e+00 7.37300000e+01
 1.54629166e+05]",[-0.03129369 -0.90961706 -0.0373632   1.35391757  3.46664379],3
21.0,20.57,0.0,73.73,76712.14813333336,"[2.10000000e+01 2.05700000e+01 0.00000000e+00 7.37300000e+01
 7.67121481e+04]",[-0.03129369 -0.90877327 -0.0373632   1.35391757  1.49621572],3
21.0,20.59,0.0,68.56,13921.322533333328,"[   21.            20.59           0.            68.56
 13921.32253333]",[-0.03129369 -0.90708567 -0.0373632   0.36366711 -0.09168906],3
21.0,20.59,0.0,70.51,63824.49919999999,"[2.10000000e+01 2.05900000e+01 0.00000000e+00 7.05100000e+01
 6.38244992e+04]",[-0.03129369 -0.90708567 -0.0373632   0.73716583  1.17030251],3
21.0,20.59,0.0,73.73,79967.44140000003,"[2.10000000e+01 2.05900000e+01 0.00000000e+00 7.37300000e+01
 7.99674414e+04]",[-0.03129369 -0.90708567 -0.0373632   1.35391757  1.57853819],3
21.0,20.6,0.0,68.56,6010.464799999986,[  21.       20.6       0.       68.56   6010.4648],[-0.03129369 -0.90624188 -0.0373632   0.36366711 -0.29174517],3
21.0,20.62,0.0,62.12,7207.201799999993,[  21.       20.62      0.       62.12   7207.2018],[-0.03129369 -0.90455429 -0.0373632  -0.86983636 -0.26148113],0
21.0,20.64,0.0,73.73,72602.24853333333,"[2.10000000e+01 2.06400000e+01 0.00000000e+00 7.37300000e+01
 7.26022485e+04]",[-0.03129369 -0.9028667  -0.0373632   1.35391757  1.39228128],3
21.0,20.65,0.0,73.73,30538.99863333333,"[2.10000000e+01 2.06500000e+01 0.00000000e+00 7.37300000e+01
 3.05389986e+04]",[-0.03129369 -0.9020229  -0.0373632   1.35391757  0.32855207],3
21.0,20.66,0.0,68.56,48.314450000000406,[21.      20.66     0.      68.56    48.31445],[-0.03129369 -0.90117911 -0.0373632   0.36366711 -0.44252082],3
21.0,20.67,0.0,68.56,17381.80125000003,[   21.         20.67        0.         68.56    17381.80125],[-0.03129369 -0.90033531 -0.0373632   0.36366711 -0.00417769],3
21.0,20.67,0.0,73.73,195612.61519999997,"[2.10000000e+01 2.06700000e+01 0.00000000e+00 7.37300000e+01
 1.95612615e+05]",[-0.03129369 -0.90033531 -0.0373632   1.35391757  4.50306613],3
21.0,20.68,0.0,62.12,6358.536449999998,[  21.        20.68       0.        62.12    6358.53645],[-0.03129369 -0.89949151 -0.0373632  -0.86983636 -0.28294286],0
21.0,20.68,0.0,73.73,45523.5138,"[2.10000000e+01 2.06800000e+01 0.00000000e+00 7.37300000e+01
 4.55235138e+04]",[-0.03129369 -0.89949151 -0.0373632   1.35391757  0.70749251],3
21.0,20.69,0.0,68.56,16935.360799999995,[   21.        20.69       0.        68.56   16935.3608],[-0.03129369 -0.89864772 -0.0373632   0.36366711 -0.01546764],3
21.0,20.71,0.0,73.73,144587.39463333332,"[2.10000000e+01 2.07100000e+01 0.00000000e+00 7.37300000e+01
 1.44587395e+05]",[-0.03129369 -0.89696013 -0.0373632   1.35391757  3.21269941],3
21.0,20.72,0.0,70.51,25193.390450000006,"[2.10000000e+01 2.07200000e+01 0.00000000e+00 7.05100000e+01
 2.51933905e+04]",[-0.03129369 -0.89611633 -0.0373632   0.73716583  0.19336804],3
21.0,20.72,0.0,73.73,41081.244800000015,"[2.10000000e+01 2.07200000e+01 0.00000000e+00 7.37300000e+01
 4.10812448e+04]",[-0.03129369 -0.89611633 -0.0373632   1.35391757  0.59515285],3
21.0,20.73,0.0,68.56,56.81779999999966,[21.     20.73    0.     68.56   56.8178],[-0.03129369 -0.89527254 -0.0373632   0.36366711 -0.44230578],3
21.0,20.75,0.0,68.56,17453.752366666657,"[   21.            20.75           0.            68.56
 17453.75236667]",[-0.03129369 -0.89358495 -0.0373632   0.36366711 -0.00235814],3
21.0,20.75,0.0,73.73,5345.779999999992,[  21.     20.75    0.     73.73 5345.78],[-0.03129369 -0.89358495 -0.0373632   1.35391757 -0.30855426],3
21.0,20.76,0.0,62.12,7711.578050000006,[  21.        20.76       0.        62.12    7711.57805],[-0.03129369 -0.89274115 -0.0373632  -0.86983636 -0.24872606],0
21.0,20.76,0.0,73.73,1031.4220333333326,[  21.           20.76          0.           73.73       1031.42203333],[-0.03129369 -0.89274115 -0.0373632   1.35391757 -0.4176592 ],3
21.0,20.78,0.0,70.51,62679.24179999998,"[2.10000000e+01 2.07800000e+01 0.00000000e+00 7.05100000e+01
 6.26792418e+04]",[-0.03129369 -0.89105356 -0.0373632   0.73716583  1.14134033],3
21.0,20.78,0.0,73.73,273075.2802000001,[2.1000000e+01 2.0780000e+01 0.0000000e+00 7.3730000e+01 2.7307528e+05],[-0.03129369 -0.89105356 -0.0373632   1.35391757  6.46200416],3
21.0,20.79,0.0,73.73,103.68000000000049,[ 21.    20.79   0.    73.73 103.68],[-0.03129369 -0.89020976 -0.0373632   1.35391757 -0.44112069],3
21.0,20.8,0.0,68.56,68.67919999999899,[21.     20.8     0.     68.56   68.6792],[-0.03129369 -0.88936597 -0.0373632   0.36366711 -0.44200582],3
21.0,20.8,0.0,73.73,20513.512633333332,"[   21.            20.8            0.            73.73
 20513.51263333]",[-0.03129369 -0.88936597 -0.0373632   1.35391757  0.07501954],3
21.0,20.83,0.0,68.56,4999.930000000001,[  21.     20.83    0.     68.56 4999.93],[-0.03129369 -0.88683458 -0.0373632   0.36366711 -0.31730039],3
21.0,20.85,0.0,73.73,83.99575833333397,[21.         20.85        0.         73.73       83.99575833],[-0.03129369 -0.88514699 -0.0373632   1.35391757 -0.44161848],3
21.0,20.86,0.0,68.56,16830.620449999984,[   21.         20.86        0.         68.56    16830.62045],[-0.03129369 -0.88430319 -0.0373632   0.36366711 -0.0181164 ],3
21.0,20.86,0.0,73.73,72581.22163000001,"[2.10000000e+01 2.08600000e+01 0.00000000e+00 7.37300000e+01
 7.25812216e+04]",[-0.03129369 -0.88430319 -0.0373632   1.35391757  1.39174954],3
21.0,20.87,0.0,73.73,17681.148320000008,[   21.         20.87        0.         73.73    17681.14832],[-0.03129369 -0.8834594  -0.0373632   1.35391757  0.00339243],3
21.0,20.88,0.0,73.73,12438.424969999993,[   21.         20.88        0.         73.73    12438.42497],[-0.03129369 -0.8826156  -0.0373632   1.35391757 -0.12918976],3
21.0,20.89,0.0,73.73,51884.21034999999,"[2.10000000e+01 2.08900000e+01 0.00000000e+00 7.37300000e+01
 5.18842103e+04]",[-0.03129369 -0.88177181 -0.0373632   1.35391757  0.86834691],3
21.0,20.9,0.0,73.73,25712.487566666667,"[2.10000000e+01 2.09000000e+01 0.00000000e+00 7.37300000e+01
 2.57124876e+04]",[-0.03129369 -0.88092801 -0.0373632   1.35391757  0.20649538],3
21.0,20.91,0.0,73.73,3288.8340916666643,[  21.           20.91          0.           73.73       3288.83409167],[-0.03129369 -0.88008422 -0.0373632   1.35391757 -0.36057196],3
21.0,20.92,0.0,68.56,21596.654450000056,"[2.10000000e+01 2.09200000e+01 0.00000000e+00 6.85600000e+01
 2.15966545e+04]",[-0.03129369 -0.87924042 -0.0373632   0.36366711  0.10241089],3
21.0,20.92,0.0,70.51,8554.319999999994,[  21.     20.92    0.     70.51 8554.32],[-0.03129369 -0.87924042 -0.0373632   0.73716583 -0.22741412],3
21.0,20.92,0.0,73.73,1373.7738499999978,[  21.        20.92       0.        73.73    1373.77385],[-0.03129369 -0.87924042 -0.0373632   1.35391757 -0.40900154],3
21.0,20.93,0.0,73.73,59540.602240000015,"[2.10000000e+01 2.09300000e+01 0.00000000e+00 7.37300000e+01
 5.95406022e+04]",[-0.03129369 -0.87839663 -0.0373632   1.35391757  1.06196789],3
21.0,20.94,0.0,73.73,123.6107800000004,[ 21.       20.94      0.       73.73    123.61078],[-0.03129369 -0.87755283 -0.0373632   1.35391757 -0.44061666],3
21.0,20.95,0.0,68.56,72.36045000000104,[21.      20.95     0.      68.56    72.36045],[-0.03129369 -0.87670903 -0.0373632   0.36366711 -0.44191272],3
21.0,20.95,0.0,73.73,16194.244959999987,[   21.         20.95        0.         73.73    16194.24496],[-0.03129369 -0.87670903 -0.0373632   1.35391757 -0.03420957],3
21.0,20.96,0.0,62.12,40.680199999999836,[21.     20.96    0.     62.12   40.6802],[-0.03129369 -0.87586524 -0.0373632  -0.86983636 -0.44271388],0
21.0,20.96,0.0,73.73,15784.030491666665,"[   21.            20.96           0.            73.73
 15784.03049167]",[-0.03129369 -0.87586524 -0.0373632   1.35391757 -0.0445834 ],3
21.0,20.97,0.0,73.73,70839.05070000004,"[2.10000000e+01 2.09700000e+01 0.00000000e+00 7.37300000e+01
 7.08390507e+04]",[-0.03129369 -0.87502144 -0.0373632   1.35391757  1.34769212],3
21.0,20.98,0.0,68.56,6102.915200000002,[  21.       20.98      0.       68.56   6102.9152],[-0.03129369 -0.87417765 -0.0373632   0.36366711 -0.28940721],3
21.0,20.98,0.0,73.73,9012.87379999999,[  21.       20.98      0.       73.73   9012.8738],[-0.03129369 -0.87417765 -0.0373632   1.35391757 -0.21581785],3
21.0,20.99,0.0,70.51,24050.6312,"[2.10000000e+01 2.09900000e+01 0.00000000e+00 7.05100000e+01
 2.40506312e+04]",[-0.03129369 -0.87333385 -0.0373632   0.73716583  0.16446903],3
21.0,21.0,0.0,73.73,79454.56120000003,"[2.10000000e+01 2.10000000e+01 0.00000000e+00 7.37300000e+01
 7.94545612e+04]",[-0.03129369 -0.87249006 -0.0373632   1.35391757  1.56556806],3
21.0,21.01,0.0,73.73,30341.697799999994,"[2.10000000e+01 2.10100000e+01 0.00000000e+00 7.37300000e+01
 3.03416978e+04]",[-0.03129369 -0.87164626 -0.0373632   1.35391757  0.32356257],3
21.0,21.02,0.0,68.56,19114.035199999995,[   21.        21.02       0.        68.56   19114.0352],[-0.03129369 -0.87080247 -0.0373632   0.36366711  0.03962843],3
21.0,21.02,0.0,70.51,61047.16820000002,"[2.10000000e+01 2.10200000e+01 0.00000000e+00 7.05100000e+01
 6.10471682e+04]",[-0.03129369 -0.87080247 -0.0373632   0.73716583  1.10006714],3
21.0,21.02,0.0,73.73,24037.604091666664,"[2.10000000e+01 2.10200000e+01 0.00000000e+00 7.37300000e+01
 2.40376041e+04]",[-0.03129369 -0.87080247 -0.0373632   1.35391757  0.16413959],3
21.0,21.04,0.0,73.73,73310.79342999999,"[2.10000000e+01 2.10400000e+01 0.00000000e+00 7.37300000e+01
 7.33107934e+04]",[-0.03129369 -0.86911487 -0.0373632   1.35391757  1.41019953],3
21.0,21.06,0.0,70.51,8596.227199999994,[  21.       21.06      0.       70.51   8596.2272],[-0.03129369 -0.86742728 -0.0373632   0.73716583 -0.22635434],3
21.0,21.07,0.0,62.12,6200.524800000007,[  21.       21.07      0.       62.12   6200.5248],[-0.03129369 -0.86658349 -0.0373632  -0.86983636 -0.28693878],0
21.0,21.07,0.0,68.56,231.125,[ 21.     21.07    0.     68.56  231.125],[-0.03129369 -0.86658349 -0.0373632   0.36366711 -0.43789776],3
21.0,21.08,0.0,73.73,71283.53056999999,"[2.10000000e+01 2.10800000e+01 0.00000000e+00 7.37300000e+01
 7.12835306e+04]",[-0.03129369 -0.86573969 -0.0373632   1.35391757  1.35893248],3
21.0,21.09,0.0,68.56,24422.710050000023,"[2.10000000e+01 2.10900000e+01 0.00000000e+00 6.85600000e+01
 2.44227101e+04]",[-0.03129369 -0.8648959  -0.0373632   0.36366711  0.17387846],3
21.0,21.09,0.0,73.73,42227.08604999999,[2.1000000e+01 2.1090000e+01 0.0000000e+00 7.3730000e+01 4.2227086e+04],[-0.03129369 -0.8648959  -0.0373632   1.35391757  0.6241298 ],3
21.0,21.1,0.0,68.56,16685.99119999997,[   21.        21.1        0.        68.56   16685.9912],[-0.03129369 -0.8640521  -0.0373632   0.36366711 -0.0217739 ],3
21.0,21.11,0.0,73.73,119516.49405,"[2.10000000e+01 2.11100000e+01 0.00000000e+00 7.37300000e+01
 1.19516494e+05]",[-0.03129369 -0.86320831 -0.0373632   1.35391757  2.57868636],3
21.0,21.12,0.0,73.73,22071.717033333323,[2.1000000e+01 2.1120000e+01 0.0000000e+00 7.3730000e+01 2.2071717e+04],[-0.03129369 -0.86236451 -0.0373632   1.35391757  0.11442466],3
21.0,21.13,0.0,73.73,20441.916266666656,"[   21.            21.13           0.            73.73
 20441.91626667]",[-0.03129369 -0.86152071 -0.0373632   1.35391757  0.07320895],3
21.0,21.14,0.0,73.73,5073.625166666682,[  21.           21.14          0.           73.73       5073.62516667],[-0.03129369 -0.86067692 -0.0373632   1.35391757 -0.31543673],3
21.0,21.15,0.0,68.56,245.3112499999995,[ 21.       21.15      0.       68.56    245.31125],[-0.03129369 -0.85983312 -0.0373632   0.36366711 -0.437539  ],3
21.0,21.15,0.0,73.73,71850.55415,"[2.10000000e+01 2.11500000e+01 0.00000000e+00 7.37300000e+01
 7.18505541e+04]",[-0.03129369 -0.85983312 -0.0373632   1.35391757  1.37327183],3
21.0,21.16,0.0,70.51,60034.59005,[2.100000e+01 2.116000e+01 0.000000e+00 7.051000e+01 6.003459e+04],[-0.03129369 -0.85898933 -0.0373632   0.73716583  1.07446025],3
21.0,21.16,0.0,73.73,1.1400499999999862,[21.      21.16     0.      73.73     1.14005],[-0.03129369 -0.85898933 -0.0373632   1.35391757 -0.4437138 ],3
21.0,21.17,0.0,73.73,21067.47609166666,"[2.10000000e+01 2.11700000e+01 0.00000000e+00 7.37300000e+01
 2.10674761e+04]",[-0.03129369 -0.85814553 -0.0373632   1.35391757  0.08902861],3
21.0,21.18,0.0,68.56,16753.65125000003,[   21.         21.18        0.         68.56    16753.65125],[-0.03129369 -0.85730174 -0.0373632   0.36366711 -0.02006286],3
21.0,21.18,0.0,73.73,55188.71700000001,[2.1000000e+01 2.1180000e+01 0.0000000e+00 7.3730000e+01 5.5188717e+04],[-0.03129369 -0.85730174 -0.0373632   1.35391757  0.95191392],3
21.0,21.19,0.0,70.51,23239.52404999998,[2.1000000e+01 2.1190000e+01 0.0000000e+00 7.0510000e+01 2.3239524e+04],[-0.03129369 -0.85645794 -0.0373632   0.73716583  0.1439571 ],3
21.0,21.19,0.0,73.73,16507.21989166666,"[   21.            21.19           0.            73.73
 16507.21989167]",[-0.03129369 -0.85645794 -0.0373632   1.35391757 -0.02629481],3
21.0,21.21,0.0,62.12,6780.301249999999,[  21.        21.21       0.        62.12    6780.30125],[-0.03129369 -0.85477035 -0.0373632  -0.86983636 -0.27227693],0
21.0,21.21,0.0,73.73,4594.705633333328,[  21.           21.21          0.           73.73       4594.70563333],[-0.03129369 -0.85477035 -0.0373632   1.35391757 -0.32754803],3
21.0,21.22,0.0,73.73,119135.44845000003,"[2.10000000e+01 2.12200000e+01 0.00000000e+00 7.37300000e+01
 1.19135448e+05]",[-0.03129369 -0.85392656 -0.0373632   1.35391757  2.56905018],3
21.0,21.23,0.0,68.56,636.5311999999942,[ 21.      21.23     0.      68.56   636.5312],[-0.03129369 -0.85308276 -0.0373632   0.36366711 -0.42764552],3
21.0,21.23,0.0,73.73,14578.924000000023,[   21.       21.23      0.       73.73  14578.924],[-0.03129369 -0.85308276 -0.0373632   1.35391757 -0.0750591 ],3
21.0,21.24,0.0,73.73,29065.627300000007,"[2.10000000e+01 2.12400000e+01 0.00000000e+00 7.37300000e+01
 2.90656273e+04]",[-0.03129369 -0.85223896 -0.0373632   1.35391757  0.29129227],3
21.0,21.25,0.0,73.73,57784.0063,"[2.10000000e+01 2.12500000e+01 0.00000000e+00 7.37300000e+01
 5.77840063e+04]",[-0.03129369 -0.85139517 -0.0373632   1.35391757  1.01754568],3
21.0,21.26,0.0,73.73,0.20103333333331364,[21.         21.26        0.         73.73        0.20103333],[-0.03129369 -0.85055137 -0.0373632   1.35391757 -0.44373755],3
21.0,21.27,0.0,62.12,12.650450000000149,[21.      21.27     0.      62.12    12.65045],[-0.03129369 -0.84970758 -0.0373632  -0.86983636 -0.44342272],0
21.0,21.27,0.0,68.56,6161.610049999987,[  21.        21.27       0.        68.56    6161.61005],[-0.03129369 -0.84970758 -0.0373632   0.36366711 -0.28792289],3
21.0,21.27,0.0,73.73,21816.56973333333,"[2.10000000e+01 2.12700000e+01 0.00000000e+00 7.37300000e+01
 2.18165697e+04]",[-0.03129369 -0.84970758 -0.0373632   1.35391757  0.10797229],3
21.0,21.28,0.0,73.73,45074.87680000001,"[2.10000000e+01 2.12800000e+01 0.00000000e+00 7.37300000e+01
 4.50748768e+04]",[-0.03129369 -0.84886378 -0.0373632   1.35391757  0.69614702],3
21.0,21.29,0.0,73.73,6075.525633333333,[  21.           21.29          0.           73.73       6075.52563333],[-0.03129369 -0.84801999 -0.0373632   1.35391757 -0.29009986],3
21.0,21.3,0.0,63.07,1049.736200000001,[  21.       21.3       0.       63.07   1049.7362],[-0.03129369 -0.84717619 -0.0373632  -0.68787544 -0.41719606],0
21.0,21.3,0.0,68.56,228.3384500000001,[ 21.       21.3       0.       68.56    228.33845],[-0.03129369 -0.84717619 -0.0373632   0.36366711 -0.43796823],3
21.0,21.3,0.0,73.73,30171.961249999982,"[2.10000000e+01 2.13000000e+01 0.00000000e+00 7.37300000e+01
 3.01719612e+04]",[-0.03129369 -0.84717619 -0.0373632   1.35391757  0.31927013],3
21.0,21.31,0.0,73.73,0.10124999999994372,[21.      21.31     0.      73.73     0.10125],[-0.03129369 -0.8463324  -0.0373632   1.35391757 -0.44374007],3
21.0,21.32,0.0,73.73,10037.501233333338,"[   21.            21.32           0.            73.73
 10037.50123333]",[-0.03129369 -0.8454886  -0.0373632   1.35391757 -0.18990625],3
21.0,21.33,0.0,68.56,21528.125,[2.1000000e+01 2.1330000e+01 0.0000000e+00 6.8560000e+01 2.1528125e+04],[-0.03129369 -0.8446448  -0.0373632   0.36366711  0.10067787],3
21.0,21.33,0.0,73.73,64501.544449999965,"[2.10000000e+01 2.13300000e+01 0.00000000e+00 7.37300000e+01
 6.45015444e+04]",[-0.03129369 -0.8446448  -0.0373632   1.35391757  1.18742418],3
21.0,21.35,0.0,62.12,10980.138050000009,[   21.         21.35        0.         62.12    10980.13805],[-0.03129369 -0.84295721 -0.0373632  -0.86983636 -0.16606809],0
21.0,21.35,0.0,68.56,43194.48319999999,"[2.10000000e+01 2.13500000e+01 0.00000000e+00 6.85600000e+01
 4.31944832e+04]",[-0.03129369 -0.84295721 -0.0373632   0.36366711  0.64859412],3
21.0,21.35,0.0,73.73,95378.90402999998,[2.1000000e+01 2.1350000e+01 0.0000000e+00 7.3730000e+01 9.5378904e+04],[-0.03129369 -0.84295721 -0.0373632   1.35391757  1.96827562],3
21.0,21.37,0.0,62.12,723.5207999999986,[ 21.      21.37     0.      62.12   723.5208],[-0.03129369 -0.84126962 -0.0373632  -0.86983636 -0.42544566],0
21.0,21.37,0.0,73.73,223593.21920000002,"[2.10000000e+01 2.13700000e+01 0.00000000e+00 7.37300000e+01
 2.23593219e+05]",[-0.03129369 -0.84126962 -0.0373632   1.35391757  5.21066209],3
21.0,21.38,0.0,68.56,626.2260499999954,[ 21.       21.38      0.       68.56    626.22605],[-0.03129369 -0.84042583 -0.0373632   0.36366711 -0.42790612],3
21.0,21.38,0.0,70.51,58766.204449999976,"[2.10000000e+01 2.13800000e+01 0.00000000e+00 7.05100000e+01
 5.87662044e+04]",[-0.03129369 -0.84042583 -0.0373632   0.73716583  1.0423843 ],3
21.0,21.39,0.0,62.12,566.8344500000005,[ 21.       21.39      0.       62.12    566.83445],[-0.03129369 -0.83958203 -0.0373632  -0.86983636 -0.42940807],0
21.0,21.39,0.0,73.73,25146.2738,"[2.10000000e+01 2.13900000e+01 0.00000000e+00 7.37300000e+01
 2.51462738e+04]",[-0.03129369 -0.83958203 -0.0373632   1.35391757  0.19217652],3
21.0,21.41,0.0,62.12,663.936800000002,[ 21.      21.41     0.      62.12   663.9368],[-0.03129369 -0.83789444 -0.0373632  -0.86983636 -0.42695246],0
21.0,21.42,0.0,62.12,10731.125,[   21.       21.42      0.       62.12  10731.125],[-0.03129369 -0.83705064 -0.0373632  -0.86983636 -0.17236533],0
21.0,21.42,0.0,68.56,6198.297799999978,[  21.       21.42      0.       68.56   6198.2978],[-0.03129369 -0.83705064 -0.0373632   0.36366711 -0.2869951 ],3
21.0,21.42,0.0,73.73,168503.29423333332,"[2.10000000e+01 2.14200000e+01 0.00000000e+00 7.37300000e+01
 1.68503294e+05]",[-0.03129369 -0.83705064 -0.0373632   1.35391757  3.81750387],3
21.0,21.43,0.0,70.51,58273.56604999998,[2.1000000e+01 2.1430000e+01 0.0000000e+00 7.0510000e+01 5.8273566e+04],[-0.03129369 -0.83620685 -0.0373632   0.73716583  1.02992606],3
21.0,21.44,0.0,73.73,85976.66015833328,"[2.10000000e+01 2.14400000e+01 0.00000000e+00 7.37300000e+01
 8.59766602e+04]",[-0.03129369 -0.83536305 -0.0373632   1.35391757  1.73050413],3
21.0,21.45,0.0,62.12,555.1111999999998,[ 21.      21.45     0.      62.12   555.1112],[-0.03129369 -0.83451926 -0.0373632  -0.86983636 -0.42970453],0
21.0,21.45,0.0,63.07,1285.244999999998,[  21.      21.45     0.      63.07  1285.245],[-0.03129369 -0.83451926 -0.0373632  -0.68787544 -0.41124032],0
21.0,21.45,0.0,68.56,108.19205000000053,[ 21.       21.45      0.       68.56    108.19205],[-0.03129369 -0.83451926 -0.0373632   0.36366711 -0.44100658],3
21.0,21.46,0.0,62.12,632.9681999999995,[ 21.      21.46     0.      62.12   632.9682],[-0.03129369 -0.83367546 -0.0373632  -0.86983636 -0.42773562],0
21.0,21.46,0.0,73.73,28615.93896666667,[2.1000000e+01 2.1460000e+01 0.0000000e+00 7.3730000e+01 2.8615939e+04],[-0.03129369 -0.83367546 -0.0373632   1.35391757  0.27992019],3
21.0,21.48,0.0,62.12,416.449800000002,[ 21.      21.48     0.      62.12   416.4498],[-0.03129369 -0.83198787 -0.0373632  -0.86983636 -0.43321111],0
21.0,21.48,0.0,73.73,2076.2568000000033,[  21.       21.48      0.       73.73   2076.2568],[-0.03129369 -0.83198787 -0.0373632   1.35391757 -0.39123658],3
21.0,21.49,0.0,62.12,10450.24245,[   21.         21.49        0.         62.12    10450.24245],[-0.03129369 -0.83114408 -0.0373632  -0.86983636 -0.17946852],0
21.0,21.5,0.0,68.56,17681.140433333316,"[   21.            21.5            0.            68.56
 17681.14043333]",[-0.03129369 -0.83030028 -0.0373632   0.36366711  0.00339223],3
21.0,21.5,0.0,73.73,226855.00819999995,"[2.10000000e+01 2.15000000e+01 0.00000000e+00 7.37300000e+01
 2.26855008e+05]",[-0.03129369 -0.83030028 -0.0373632   1.35391757  5.29314883],3
21.0,21.51,0.0,62.12,1.3448000000000708,[21.     21.51    0.     62.12    1.3448],[-0.03129369 -0.82945648 -0.0373632  -0.86983636 -0.44370862],0
21.0,21.51,0.0,73.73,62660.738349999985,"[2.10000000e+01 2.15100000e+01 0.00000000e+00 7.37300000e+01
 6.26607383e+04]",[-0.03129369 -0.82945648 -0.0373632   1.35391757  1.1408724 ],3
21.0,21.52,0.0,70.51,8522.956799999993,[  21.       21.52      0.       70.51   8522.9568],[-0.03129369 -0.82861269 -0.0373632   0.73716583 -0.22820726],3
21.0,21.52,0.0,73.73,55547.77805000004,"[2.10000000e+01 2.15200000e+01 0.00000000e+00 7.37300000e+01
 5.55477781e+04]",[-0.03129369 -0.82861269 -0.0373632   1.35391757  0.96099415],3
21.0,21.53,0.0,62.12,488.28125,[ 21.       21.53      0.       62.12    488.28125],[-0.03129369 -0.82776889 -0.0373632  -0.86983636 -0.43139458],0
21.0,21.53,0.0,68.56,1.3447999999997913,[21.     21.53    0.     68.56    1.3448],[-0.03129369 -0.82776889 -0.0373632   0.36366711 -0.44370862],3
21.0,21.53,0.0,73.73,27916.18689999997,"[2.10000000e+01 2.15300000e+01 0.00000000e+00 7.37300000e+01
 2.79161869e+04]",[-0.03129369 -0.82776889 -0.0373632   1.35391757  0.2622243 ],3
21.0,21.54,0.0,73.73,138.9422999999993,[ 21.      21.54     0.      73.73   138.9423],[-0.03129369 -0.8269251  -0.0373632   1.35391757 -0.44022895],3
21.0,21.55,0.0,62.12,5544.085033333334,[  21.           21.55          0.           62.12       5544.08503333],[-0.03129369 -0.8260813  -0.0373632  -0.86983636 -0.30353936],0
21.0,21.55,0.0,73.73,44860.47413333335,"[2.10000000e+01 2.15500000e+01 0.00000000e+00 7.37300000e+01
 4.48604741e+04]",[-0.03129369 -0.8260813  -0.0373632   1.35391757  0.69072503],3
21.0,21.56,0.0,62.12,516.1684500000017,[ 21.       21.56      0.       62.12    516.16845],[-0.03129369 -0.82523751 -0.0373632  -0.86983636 -0.43068935],0
21.0,21.56,0.0,68.56,1.185799999999944,[21.     21.56    0.     68.56    1.1858],[-0.03129369 -0.82523751 -0.0373632   0.36366711 -0.44371264],3
21.0,21.56,0.0,73.73,2390.861250000002,[  21.        21.56       0.        73.73    2390.86125],[-0.03129369 -0.82523751 -0.0373632   1.35391757 -0.38328061],3
21.0,21.57,0.0,62.12,548.1360499999967,[ 21.       21.57      0.       62.12    548.13605],[-0.03129369 -0.82439371 -0.0373632  -0.86983636 -0.42988093],0
21.0,21.57,0.0,68.56,4633.956449999998,[  21.        21.57       0.        68.56    4633.95645],[-0.03129369 -0.82439371 -0.0373632   0.36366711 -0.32655542],3
21.0,21.57,0.0,73.73,127744.57509999997,"[2.10000000e+01 2.15700000e+01 0.00000000e+00 7.37300000e+01
 1.27744575e+05]",[-0.03129369 -0.82439371 -0.0373632   1.35391757  2.78676468],3
21.0,21.58,0.0,73.73,154649.55359999998,"[2.10000000e+01 2.15800000e+01 0.00000000e+00 7.37300000e+01
 1.54649554e+05]",[-0.03129369 -0.82354992 -0.0373632   1.35391757  3.46715936],3
21.0,21.59,0.0,62.12,514.2424499999979,[ 21.       21.59      0.       62.12    514.24245],[-0.03129369 -0.82270612 -0.0373632  -0.86983636 -0.43073806],0
21.0,21.59,0.0,68.56,8840.61595833334,[  21.           21.59          0.           68.56       8840.61595833],[-0.03129369 -0.82270612 -0.0373632   0.36366711 -0.22017404],3
21.0,21.59,0.0,73.73,60712.18579999999,"[2.10000000e+01 2.15900000e+01 0.00000000e+00 7.37300000e+01
 6.07121858e+04]",[-0.03129369 -0.82270612 -0.0373632   1.35391757  1.09159584],3
21.0,21.6,0.0,63.07,1503.1644500000054,[  21.        21.6        0.        63.07    1503.16445],[-0.03129369 -0.82186232 -0.0373632  -0.68787544 -0.4057294 ],0
21.0,21.61,0.0,73.73,9504.857433333345,[  21.           21.61          0.           73.73       9504.85743333],[-0.03129369 -0.82101853 -0.0373632   1.35391757 -0.20337617],3
21.0,21.62,0.0,62.12,3771.340366666664,[  21.           21.62          0.           62.12       3771.34036667],[-0.03129369 -0.82017473 -0.0373632  -0.86983636 -0.34836995],0
21.0,21.62,0.0,68.56,233.1050999999993,[ 21.      21.62     0.      68.56   233.1051],[-0.03129369 -0.82017473 -0.0373632   0.36366711 -0.43784768],3
21.0,21.64,0.0,73.73,86369.99220000002,"[2.10000000e+01 2.16400000e+01 0.00000000e+00 7.37300000e+01
 8.63699922e+04]",[-0.03129369 -0.81848714 -0.0373632   1.35391757  1.74045103],3
21.0,21.65,0.0,68.56,4158.007033333317,[  21.           21.65          0.           68.56       4158.00703333],[-0.03129369 -0.81764335 -0.0373632   0.36366711 -0.33859161],3
21.0,21.65,0.0,70.51,29121.137733333322,"[2.10000000e+01 2.16500000e+01 0.00000000e+00 7.05100000e+01
 2.91211377e+04]",[-0.03129369 -0.81764335 -0.0373632   0.73716583  0.29269607],3
21.0,21.65,0.0,73.73,146344.22663333334,"[2.10000000e+01 2.16500000e+01 0.00000000e+00 7.37300000e+01
 1.46344227e+05]",[-0.03129369 -0.81764335 -0.0373632   1.35391757  3.25712759],3
21.0,21.66,0.0,62.12,688.9472000000022,[ 21.      21.66     0.      62.12   688.9472],[-0.03129369 -0.81679955 -0.0373632  -0.86983636 -0.42631998],0
21.0,21.66,0.0,68.56,25049.934450000008,"[2.10000000e+01 2.16600000e+01 0.00000000e+00 6.85600000e+01
 2.50499345e+04]",[-0.03129369 -0.81679955 -0.0373632   0.36366711  0.18974021],3
21.0,21.66,0.0,73.73,76640.96679999998,"[2.10000000e+01 2.16600000e+01 0.00000000e+00 7.37300000e+01
 7.66409668e+04]",[-0.03129369 -0.81679955 -0.0373632   1.35391757  1.49441563],3
21.0,21.67,0.0,73.73,63303.91853333335,"[2.10000000e+01 2.16700000e+01 0.00000000e+00 7.37300000e+01
 6.33039185e+04]",[-0.03129369 -0.81595576 -0.0373632   1.35391757  1.15713765],3
21.0,21.68,0.0,62.12,3725.2984249999986,[  21.         21.68        0.         62.12     3725.298425],[-0.03129369 -0.81511196 -0.0373632  -0.86983636 -0.3495343 ],0
21.0,21.68,0.0,63.07,1615.9612499999948,[  21.        21.68       0.        63.07    1615.96125],[-0.03129369 -0.81511196 -0.0373632  -0.68787544 -0.40287691],0
21.0,21.68,0.0,68.56,1.0658000000000531,[21.     21.68    0.     68.56    1.0658],[-0.03129369 -0.81511196 -0.0373632   0.36366711 -0.44371568],3
21.0,21.68,0.0,73.73,4699.712133333329,[  21.           21.68          0.           73.73       4699.71213333],[-0.03129369 -0.81511196 -0.0373632   1.35391757 -0.32489254],3
21.0,21.7,0.0,68.56,214.03805000000114,[ 21.       21.7       0.       68.56    214.03805],[-0.03129369 -0.81342437 -0.0373632   0.36366711 -0.43832987],3
21.0,21.7,0.0,70.51,29231.73443333335,"[2.10000000e+01 2.17000000e+01 0.00000000e+00 7.05100000e+01
 2.92317344e+04]",[-0.03129369 -0.81342437 -0.0373632   0.73716583  0.29549292],3
21.0,21.7,0.0,73.73,2498.5380500000038,[  21.        21.7        0.        73.73    2498.53805],[-0.03129369 -0.81342437 -0.0373632   1.35391757 -0.3805576 ],3
21.0,21.71,0.0,62.12,771.0664499999992,[ 21.       21.71      0.       62.12    771.06645],[-0.03129369 -0.81258057 -0.0373632  -0.86983636 -0.42424328],0
21.0,21.71,0.0,68.56,146.5472000000001,[ 21.      21.71     0.      68.56   146.5472],[-0.03129369 -0.81258057 -0.0373632   0.36366711 -0.44003663],3
21.0,21.71,0.0,70.51,3637.1920500000115,[  21.        21.71       0.        70.51    3637.19205],[-0.03129369 -0.81258057 -0.0373632   0.73716583 -0.3517624 ],3
21.0,21.72,0.0,73.73,144949.61693333334,"[2.10000000e+01 2.17200000e+01 0.00000000e+00 7.37300000e+01
 1.44949617e+05]",[-0.03129369 -0.81173678 -0.0373632   1.35391757  3.22185958],3
21.0,21.73,0.0,62.12,486.40804999999636,[ 21.       21.73      0.       62.12    486.40805],[-0.03129369 -0.81089298 -0.0373632  -0.86983636 -0.43144195],0
21.0,21.73,0.0,68.56,171.31005000000192,[ 21.       21.73      0.       68.56    171.31005],[-0.03129369 -0.81089298 -0.0373632   0.36366711 -0.4394104 ],3
21.0,21.73,0.0,70.51,14.905800000000198,[21.     21.73    0.     70.51   14.9058],[-0.03129369 -0.81089298 -0.0373632   0.73716583 -0.44336568],3
21.0,21.73,0.0,73.73,191599.07045000003,[2.1000000e+01 2.1730000e+01 0.0000000e+00 7.3730000e+01 1.9159907e+05],[-0.03129369 -0.81089298 -0.0373632   1.35391757  4.40156839],3
21.0,21.74,0.0,62.12,9491.664199999996,[  21.       21.74      0.       62.12   9491.6642],[-0.03129369 -0.81004919 -0.0373632  -0.86983636 -0.20370981],0
21.0,21.74,0.0,73.73,22805.88593000002,"[2.10000000e+01 2.17400000e+01 0.00000000e+00 7.37300000e+01
 2.28058859e+04]",[-0.03129369 -0.81004919 -0.0373632   1.35391757  0.13299091],3
21.0,21.75,0.0,63.07,1728.7199999999973,[  21.     21.75    0.     63.07 1728.72],[-0.03129369 -0.80920539 -0.0373632  -0.68787544 -0.40002537],0
21.0,21.75,0.0,68.56,12905.817799999995,[   21.        21.75       0.        68.56   12905.8178],[-0.03129369 -0.80920539 -0.0373632   0.36366711 -0.11736996],3
21.0,21.75,0.0,70.51,7697.923200000012,[  21.       21.75      0.       70.51   7697.9232],[-0.03129369 -0.80920539 -0.0373632   0.73716583 -0.24907137],3
21.0,21.75,0.0,73.73,6993.8964499999975,[  21.        21.75       0.        73.73    6993.89645],[-0.03129369 -0.80920539 -0.0373632   1.35391757 -0.26687537],3
21.0,21.76,0.0,68.56,170.016800000001,[ 21.      21.76     0.      68.56   170.0168],[-0.03129369 -0.8083616  -0.0373632   0.36366711 -0.43944311],3
21.0,21.76,0.0,70.51,48.7084500000006,[21.      21.76     0.      70.51    48.70845],[-0.03129369 -0.8083616  -0.0373632   0.73716583 -0.44251085],3
21.0,21.77,0.0,70.51,21182.994449999984,"[2.10000000e+01 2.17700000e+01 0.00000000e+00 7.05100000e+01
 2.11829944e+04]",[-0.03129369 -0.8075178  -0.0373632   0.73716583  0.09194993],3
21.0,21.77,0.0,73.73,75058.75125000002,"[2.10000000e+01 2.17700000e+01 0.00000000e+00 7.37300000e+01
 7.50587513e+04]",[-0.03129369 -0.8075178  -0.0373632   1.35391757  1.45440329],3
21.0,21.78,0.0,63.07,81.28125,[21.      21.78     0.      63.07    81.28125],[-0.03129369 -0.806674   -0.0373632  -0.68787544 -0.44168713],0
21.0,21.78,0.0,68.56,762.0607999999986,[ 21.      21.78     0.      68.56   762.0608],[-0.03129369 -0.806674   -0.0373632   0.36366711 -0.42447103],3
21.0,21.78,0.0,70.51,21796.632049999993,[2.1000000e+01 2.1780000e+01 0.0000000e+00 7.0510000e+01 2.1796632e+04],[-0.03129369 -0.806674   -0.0373632   0.73716583  0.10746809],3
21.0,21.79,0.0,63.07,0.0012500000000005684,[2.100e+01 2.179e+01 0.000e+00 6.307e+01 1.250e-03],[-0.03129369 -0.80583021 -0.0373632  -0.68787544 -0.4437426 ],0
21.0,21.79,0.0,68.56,6368.689799999976,[  21.       21.79      0.       68.56   6368.6898],[-0.03129369 -0.80583021 -0.0373632   0.36366711 -0.28268609],3
21.0,21.79,0.0,73.73,111646.49862500005,"[2.10000000e+01 2.17900000e+01 0.00000000e+00 7.37300000e+01
 1.11646499e+05]",[-0.03129369 -0.80583021 -0.0373632   1.35391757  2.37966361],3
21.0,21.8,0.0,62.12,927.0817999999977,[ 21.      21.8      0.      62.12   927.0818],[-0.03129369 -0.80498641 -0.0373632  -0.86983636 -0.42029784],0
21.0,21.8,0.0,70.51,8274.12479999999,[  21.       21.8       0.       70.51   8274.1248],[-0.03129369 -0.80498641 -0.0373632   0.73716583 -0.23449992],3
21.0,21.8,0.0,73.73,123995.84333333331,"[2.10000000e+01 2.18000000e+01 0.00000000e+00 7.37300000e+01
 1.23995843e+05]",[-0.03129369 -0.80498641 -0.0373632   1.35391757  2.69196374],3
21.0,21.81,0.0,62.12,5196.87390000001,[  21.       21.81      0.       62.12   5196.8739],[-0.03129369 -0.80414262 -0.0373632  -0.86983636 -0.31231991],0
21.0,21.82,0.0,63.07,1244.107691666669,[  21.           21.82          0.           63.07       1244.10769167],[-0.03129369 -0.80329882 -0.0373632  -0.68787544 -0.41228064],0
21.0,21.82,0.0,68.56,21117.180049999974,[2.100000e+01 2.182000e+01 0.000000e+00 6.856000e+01 2.111718e+04],[-0.03129369 -0.80329882 -0.0373632   0.36366711  0.09028556],3
21.0,21.82,0.0,70.51,4991.221199999992,[  21.       21.82      0.       70.51   4991.2212],[-0.03129369 -0.80329882 -0.0373632   0.73716583 -0.31752062],3
21.0,21.82,0.0,73.73,32823.05346190476,"[2.10000000e+01 2.18200000e+01 0.00000000e+00 7.37300000e+01
 3.28230535e+04]",[-0.03129369 -0.80329882 -0.0373632   1.35391757  0.38631308],3
21.0,21.83,0.0,68.56,20036.016199999965,[   21.        21.83       0.        68.56   20036.0162],[-0.03129369 -0.80245503 -0.0373632   0.36366711  0.06294422],3
21.0,21.84,0.0,62.12,100.67805000000078,[ 21.       21.84      0.       62.12    100.67805],[-0.03129369 -0.80161123 -0.0373632  -0.86983636 -0.4411966 ],0
21.0,21.84,0.0,70.51,2694.5140499999934,[  21.        21.84       0.        70.51    2694.51405],[-0.03129369 -0.80161123 -0.0373632   0.73716583 -0.3756016 ],3
21.0,21.85,0.0,62.12,371.8264499999995,[ 21.       21.85      0.       62.12    371.82645],[-0.03129369 -0.80076744 -0.0373632  -0.86983636 -0.43433959],0
21.0,21.85,0.0,63.07,2827.5069000000008,[  21.       21.85      0.       63.07   2827.5069],[-0.03129369 -0.80076744 -0.0373632  -0.68787544 -0.37223837],0
21.0,21.85,0.0,68.56,201.60319999999854,[ 21.      21.85     0.      68.56   201.6032],[-0.03129369 -0.80076744 -0.0373632   0.36366711 -0.43864433],3
21.0,21.85,0.0,70.51,6336.002449999999,[  21.        21.85       0.        70.51    6336.00245],[-0.03129369 -0.80076744 -0.0373632   0.73716583 -0.28351272],3
21.0,21.85,0.0,73.73,2833.5392000000106,[  21.       21.85      0.       73.73   2833.5392],[-0.03129369 -0.80076744 -0.0373632   1.35391757 -0.37208582],3
21.0,21.86,0.0,63.07,0.10580000000001673,[21.     21.86    0.     63.07    0.1058],[-0.03129369 -0.79992364 -0.0373632  -0.68787544 -0.44373996],0
21.0,21.87,0.0,62.12,9081.476449999998,[  21.        21.87       0.        62.12    9081.47645],[-0.03129369 -0.79907985 -0.0373632  -0.86983636 -0.21408297],0
21.0,21.87,0.0,68.56,4632.765700000005,[  21.       21.87      0.       68.56   4632.7657],[-0.03129369 -0.79907985 -0.0373632   0.36366711 -0.32658553],3
21.0,21.87,0.0,73.73,215233.60500000004,"[2.10000000e+01 2.18700000e+01 0.00000000e+00 7.37300000e+01
 2.15233605e+05]",[-0.03129369 -0.79907985 -0.0373632   1.35391757  4.99925746],3
21.0,21.88,0.0,62.12,1112.032800000001,[  21.       21.88      0.       62.12   1112.0328],[-0.03129369 -0.79823605 -0.0373632  -0.86983636 -0.41562065],0
21.0,21.88,0.0,70.51,3473.5643,[  21.       21.88      0.       70.51   3473.5643],[-0.03129369 -0.79823605 -0.0373632   0.73716583 -0.35590035],3
21.0,21.88,0.0,73.73,102741.01973333328,[2.1000000e+01 2.1880000e+01 0.0000000e+00 7.3730000e+01 1.0274102e+05],[-0.03129369 -0.79823605 -0.0373632   1.35391757  2.15445471],3
21.0,21.89,0.0,62.12,7.960050000000036,[21.      21.89     0.      62.12     7.96005],[-0.03129369 -0.79739225 -0.0373632  -0.86983636 -0.44354133],0
21.0,21.89,0.0,63.07,57.07263333333316,[21.         21.89        0.         63.07       57.07263333],[-0.03129369 -0.79739225 -0.0373632  -0.68787544 -0.44229933],0
21.0,21.89,0.0,73.73,4193.301233333337,[  21.           21.89          0.           73.73       4193.30123333],[-0.03129369 -0.79739225 -0.0373632   1.35391757 -0.33769906],3
21.0,21.9,0.0,63.07,245.31124999999824,[ 21.       21.9       0.       63.07    245.31125],[-0.03129369 -0.79654846 -0.0373632  -0.68787544 -0.437539  ],0
21.0,21.9,0.0,68.56,825.8047999999994,[ 21.      21.9      0.      68.56   825.8048],[-0.03129369 -0.79654846 -0.0373632   0.36366711 -0.42285902],3
21.0,21.9,0.0,70.51,7338.720825000007,[  21.         21.9         0.         70.51     7338.720825],[-0.03129369 -0.79654846 -0.0373632   0.73716583 -0.25815517],3
21.0,21.91,0.0,68.56,12575.558533333357,"[   21.            21.91           0.            68.56
 12575.55853333]",[-0.03129369 -0.79570466 -0.0373632   0.36366711 -0.12572182],3
21.0,21.91,0.0,70.51,25072.322450000003,"[2.10000000e+01 2.19100000e+01 0.00000000e+00 7.05100000e+01
 2.50723225e+04]",[-0.03129369 -0.79570466 -0.0373632   0.73716583  0.19030638],3
21.0,21.92,0.0,63.07,80.89919999999817,[21.     21.92    0.     63.07   80.8992],[-0.03129369 -0.79486087 -0.0373632  -0.68787544 -0.44169679],0
21.0,21.92,0.0,70.51,18909.290450000004,[   21.         21.92        0.         70.51    18909.29045],[-0.03129369 -0.79486087 -0.0373632   0.73716583  0.03445068],3
21.0,21.93,0.0,62.12,3207.6101333333295,[  21.           21.93          0.           62.12       3207.61013333],[-0.03129369 -0.79401707 -0.0373632  -0.86983636 -0.36262601],0
21.0,21.93,0.0,68.56,213.41779999999935,[ 21.      21.93     0.      68.56   213.4178],[-0.03129369 -0.79401707 -0.0373632   0.36366711 -0.43834555],3
21.0,21.93,0.0,70.51,36965.388133333305,"[2.10000000e+01 2.19300000e+01 0.00000000e+00 7.05100000e+01
 3.69653881e+04]",[-0.03129369 -0.79401707 -0.0373632   0.73716583  0.49106776],3
21.0,21.93,0.0,73.73,207973.80180000004,"[2.10000000e+01 2.19300000e+01 0.00000000e+00 7.37300000e+01
 2.07973802e+05]",[-0.03129369 -0.79401707 -0.0373632   1.35391757  4.81566574],3
21.0,21.94,0.0,62.12,460.5612500000024,[ 21.       21.94      0.       62.12    460.56125],[-0.03129369 -0.79317328 -0.0373632  -0.86983636 -0.43209559],0
21.0,21.94,0.0,68.56,4197.11219999999,[  21.       21.94      0.       68.56   4197.1122],[-0.03129369 -0.79317328 -0.0373632   0.36366711 -0.33760269],3
21.0,21.94,0.0,70.51,18140.482533333336,"[   21.            21.94           0.            70.51
 18140.48253333]",[-0.03129369 -0.79317328 -0.0373632   0.73716583  0.01500845],3
21.0,21.94,0.0,73.73,266858.9568000001,"[2.10000000e+01 2.19400000e+01 0.00000000e+00 7.37300000e+01
 2.66858957e+05]",[-0.03129369 -0.79317328 -0.0373632   1.35391757  6.30480078],3
21.0,21.95,0.0,63.07,2884.1140333333356,[  21.           21.95          0.           63.07       2884.11403333],[-0.03129369 -0.79232948 -0.0373632  -0.68787544 -0.37080684],0
21.0,21.95,0.0,70.51,9541.329800000014,[  21.       21.95      0.       70.51   9541.3298],[-0.03129369 -0.79232948 -0.0373632   0.73716583 -0.20245383],3
21.0,21.95,0.0,73.73,145352.14444999993,"[2.10000000e+01 2.19500000e+01 0.00000000e+00 7.37300000e+01
 1.45352144e+05]",[-0.03129369 -0.79232948 -0.0373632   1.35391757  3.23203902],3
21.0,21.96,0.0,68.56,233.9284499999999,[ 21.       21.96      0.       68.56    233.92845],[-0.03129369 -0.79148569 -0.0373632   0.36366711 -0.43782686],3
21.0,21.96,0.0,73.73,8872.217099999998,[  21.       21.96      0.       73.73   8872.2171],[-0.03129369 -0.79148569 -0.0373632   1.35391757 -0.21937489],3
21.0,21.97,0.0,63.07,3021.753800000001,[  21.       21.97      0.       63.07   3021.7538],[-0.03129369 -0.79064189 -0.0373632  -0.68787544 -0.3673261 ],0
21.0,21.97,0.0,70.51,3559.8314250000035,[  21.         21.97        0.         70.51     3559.831425],[-0.03129369 -0.79064189 -0.0373632   0.73716583 -0.35371876],3
21.0,21.98,0.0,73.73,71215.38000000002,[2.100000e+01 2.198000e+01 0.000000e+00 7.373000e+01 7.121538e+04],[-0.03129369 -0.78979809 -0.0373632   1.35391757  1.35720904],3
21.0,21.99,0.0,63.07,81.91999999999942,[21.   21.99  0.   63.07 81.92],[-0.03129369 -0.7889543  -0.0373632  -0.68787544 -0.44167097],0
21.0,21.99,0.0,68.56,11318.911766666663,"[   21.            21.99           0.            68.56
 11318.91176667]",[-0.03129369 -0.7889543  -0.0373632   0.36366711 -0.15750091],3
21.0,21.99,0.0,73.73,3145.831199999995,[  21.       21.99      0.       73.73   3145.8312],[-0.03129369 -0.7889543  -0.0373632   1.35391757 -0.36418833],3
21.0,22.0,0.0,62.12,467.568200000003,[ 21.      22.       0.      62.12   467.5682],[-0.03129369 -0.7881105  -0.0373632  -0.86983636 -0.43191839],0
21.0,22.0,0.0,70.51,10254.0349,[   21.        22.         0.        70.51   10254.0349],[-0.03129369 -0.7881105  -0.0373632   0.73716583 -0.18443037],3
21.0,22.0,0.0,73.73,143133.90079999997,"[2.10000000e+01 2.20000000e+01 0.00000000e+00 7.37300000e+01
 1.43133901e+05]",[-0.03129369 -0.7881105  -0.0373632   1.35391757  3.1759423 ],3
21.0,22.01,0.0,68.56,4157.808050000005,[  21.        22.01       0.        68.56    4157.80805],[-0.03129369 -0.78726671 -0.0373632   0.36366711 -0.33859664],3
21.0,22.01,0.0,70.51,1658.3040500000052,[  21.        22.01       0.        70.51    1658.30405],[-0.03129369 -0.78726671 -0.0373632   0.73716583 -0.40180611],3
21.0,22.02,0.0,62.12,13203.518799999994,[   21.        22.02       0.        62.12   13203.5188],[-0.03129369 -0.78642291 -0.0373632  -0.86983636 -0.10984145],0
21.0,22.02,0.0,63.07,50.76123333333372,[21.         22.02        0.         63.07       50.76123333],[-0.03129369 -0.78642291 -0.0373632  -0.68787544 -0.44245894],0
21.0,22.02,0.0,70.51,27584.77203333333,[2.1000000e+01 2.2020000e+01 0.0000000e+00 7.0510000e+01 2.7584772e+04],[-0.03129369 -0.78642291 -0.0373632   0.73716583  0.25384322],3
21.0,22.02,0.0,73.73,136306.5846666666,"[2.10000000e+01 2.20200000e+01 0.00000000e+00 7.37300000e+01
 1.36306585e+05]",[-0.03129369 -0.78642291 -0.0373632   1.35391757  3.00328765],3
21.0,22.04,0.0,62.12,8516.430050000006,[  21.        22.04       0.        62.12    8516.43005],[-0.03129369 -0.78473532 -0.0373632  -0.86983636 -0.22837231],0
21.0,22.04,0.0,70.51,1776.0800000000047,[  21.     22.04    0.     70.51 1776.08],[-0.03129369 -0.78473532 -0.0373632   0.73716583 -0.39882769],3
21.0,22.05,0.0,63.07,70.21125000000094,[21.      22.05     0.      63.07    70.21125],[-0.03129369 -0.78389153 -0.0373632  -0.68787544 -0.44196707],0
21.0,22.05,0.0,73.73,3313.794050000007,[  21.        22.05       0.        73.73    3313.79405],[-0.03129369 -0.78389153 -0.0373632   1.35391757 -0.35994075],3
21.0,22.06,0.0,62.12,1534.0260500000024,[  21.        22.06       0.        62.12    1534.02605],[-0.03129369 -0.78304773 -0.0373632  -0.86983636 -0.40494895],0
21.0,22.06,0.0,63.07,4924.288800000001,[  21.       22.06      0.       63.07   4924.2888],[-0.03129369 -0.78304773 -0.0373632  -0.68787544 -0.31921326],0
21.0,22.06,0.0,70.51,1505.9072000000028,[  21.       22.06      0.       70.51   1505.9072],[-0.03129369 -0.78304773 -0.0373632   0.73716583 -0.40566004],3
21.0,22.07,0.0,68.56,321.56480000000323,[ 21.      22.07     0.      68.56   321.5648],[-0.03129369 -0.78220393 -0.0373632   0.36366711 -0.43561064],3
21.0,22.07,0.0,70.51,29199.707033333347,[2.1000000e+01 2.2070000e+01 0.0000000e+00 7.0510000e+01 2.9199707e+04],[-0.03129369 -0.78220393 -0.0373632   0.73716583  0.29468299],3
21.0,22.07,0.0,73.73,203834.74005,[2.1000000e+01 2.2070000e+01 0.0000000e+00 7.3730000e+01 2.0383474e+05],[-0.03129369 -0.78220393 -0.0373632   1.35391757  4.71099382],3
21.0,22.08,0.0,68.56,251.32820000000163,[ 21.      22.08     0.      68.56   251.3282],[-0.03129369 -0.78136014 -0.0373632   0.36366711 -0.43738684],3
21.0,22.08,0.0,73.73,58674.84263333332,"[2.10000000e+01 2.20800000e+01 0.00000000e+00 7.37300000e+01
 5.86748426e+04]",[-0.03129369 -0.78136014 -0.0373632   1.35391757  1.04007387],3
21.0,22.09,0.0,63.07,77.62580000000045,[21.     22.09    0.     63.07   77.6258],[-0.03129369 -0.78051634 -0.0373632  -0.68787544 -0.44177957],0
21.0,22.09,0.0,73.73,118480.23023333334,[2.1000000e+01 2.2090000e+01 0.0000000e+00 7.3730000e+01 1.1848023e+05],[-0.03129369 -0.78051634 -0.0373632   1.35391757  2.55248049],3
21.0,22.1,0.0,62.12,9232.518056666671,[  21.           22.1           0.           62.12       9232.51805667],[-0.03129369 -0.77967255 -0.0373632  -0.86983636 -0.21026331],0
21.0,22.1,0.0,70.51,3402.3000500000007,[  21.        22.1        0.        70.51    3402.30005],[-0.03129369 -0.77967255 -0.0373632   0.73716583 -0.35770254],3
21.0,22.1,0.0,73.73,11505.415433333339,"[   21.            22.1            0.            73.73
 11505.41543333]",[-0.03129369 -0.77967255 -0.0373632   1.35391757 -0.15278445],3
21.0,22.11,0.0,63.07,165.80204999999756,[ 21.       22.11      0.       63.07    165.80205],[-0.03129369 -0.77882875 -0.0373632  -0.68787544 -0.4395497 ],0
21.0,22.11,0.0,70.51,16203.600199999997,[   21.        22.11       0.        70.51   16203.6002],[-0.03129369 -0.77882875 -0.0373632   0.73716583 -0.03397299],3
21.0,22.12,0.0,62.12,473.08880000000147,[ 21.      22.12     0.      62.12   473.0888],[-0.03129369 -0.77798496 -0.0373632  -0.86983636 -0.43177878],0
21.0,22.12,0.0,63.07,48.715033333334354,[21.         22.12        0.         63.07       48.71503333],[-0.03129369 -0.77798496 -0.0373632  -0.68787544 -0.44251069],0
21.0,22.12,0.0,70.51,19882.174050000005,[   21.         22.12        0.         70.51    19882.17405],[-0.03129369 -0.77798496 -0.0373632   0.73716583  0.05905374],3
21.0,22.13,0.0,62.12,7178.080870000006,[  21.        22.13       0.        62.12    7178.08087],[-0.03129369 -0.77714116 -0.0373632  -0.86983636 -0.26221756],0
21.0,22.14,0.0,62.12,6884.964280952387,[  21.           22.14          0.           62.12       6884.96428095],[-0.03129369 -0.77629737 -0.0373632  -0.86983636 -0.26963013],0
21.0,22.14,0.0,73.73,201472.82419999997,"[2.10000000e+01 2.21400000e+01 0.00000000e+00 7.37300000e+01
 2.01472824e+05]",[-0.03129369 -0.77629737 -0.0373632   1.35391757  4.6512638 ],3
21.0,22.15,0.0,62.12,1823.4299766666645,[  21.           22.15          0.           62.12       1823.42997667],[-0.03129369 -0.77545357 -0.0373632  -0.86983636 -0.39763027],0
21.0,22.15,0.0,63.07,74.90880000000011,[21.     22.15    0.     63.07   74.9088],[-0.03129369 -0.77545357 -0.0373632  -0.68787544 -0.44184828],0
21.0,22.15,0.0,68.56,15623.123733333336,"[   21.            22.15           0.            68.56
 15623.12373333]",[-0.03129369 -0.77545357 -0.0373632   0.36366711 -0.04865254],3
21.0,22.15,0.0,70.51,53916.71219999998,"[2.10000000e+01 2.21500000e+01 0.00000000e+00 7.05100000e+01
 5.39167122e+04]",[-0.03129369 -0.77545357 -0.0373632   0.73716583  0.91974645],3
21.0,22.16,0.0,62.12,4829.806149999993,[  21.        22.16       0.        62.12    4829.80615],[-0.03129369 -0.77460977 -0.0373632  -0.86983636 -0.32160262],0
21.0,22.16,0.0,68.56,7319.249233333324,[  21.           22.16          0.           68.56       7319.24923333],[-0.03129369 -0.77460977 -0.0373632   0.36366711 -0.25864758],3
21.0,22.16,0.0,73.73,134608.76399999994,"[2.10000000e+01 2.21600000e+01 0.00000000e+00 7.37300000e+01
 1.34608764e+05]",[-0.03129369 -0.77460977 -0.0373632   1.35391757  2.9603518 ],3
21.0,22.17,0.0,62.12,9286.290626666683,[  21.           22.17          0.           62.12       9286.29062667],[-0.03129369 -0.77376598 -0.0373632  -0.86983636 -0.20890346],0
21.0,22.17,0.0,63.07,5030.0449999999955,[  21.      22.17     0.      63.07  5030.045],[-0.03129369 -0.77376598 -0.0373632  -0.68787544 -0.31653882],0
21.0,22.17,0.0,70.51,3176.842050000003,[  21.        22.17       0.        70.51    3176.84205],[-0.03129369 -0.77376598 -0.0373632   0.73716583 -0.3634041 ],3
21.0,22.18,0.0,62.12,6217.825496666664,[  21.           22.18          0.           62.12       6217.82549667],[-0.03129369 -0.77292218 -0.0373632  -0.86983636 -0.28650127],0
21.0,22.18,0.0,63.07,2037.059633333333,[  21.           22.18          0.           63.07       2037.05963333],[-0.03129369 -0.77292218 -0.0373632  -0.68787544 -0.39222783],0
21.0,22.18,0.0,70.51,1043.7880500000024,[  21.        22.18       0.        70.51    1043.78805],[-0.03129369 -0.77292218 -0.0373632   0.73716583 -0.41734648],3
21.0,22.18,0.0,73.73,57791.23263333334,"[2.10000000e+01 2.21800000e+01 0.00000000e+00 7.37300000e+01
 5.77912326e+04]",[-0.03129369 -0.77292218 -0.0373632   1.35391757  1.01772843],3
21.0,22.19,0.0,62.12,7727.761366666668,[  21.           22.19          0.           62.12       7727.76136667],[-0.03129369 -0.77207839 -0.0373632  -0.86983636 -0.2483168 ],0
21.0,22.19,0.0,70.51,53618.30045000001,"[2.10000000e+01 2.21900000e+01 0.00000000e+00 7.05100000e+01
 5.36183005e+04]",[-0.03129369 -0.77207839 -0.0373632   0.73716583  0.91219997],3
21.0,22.2,0.0,62.12,6970.79867,[  21.        22.2        0.        62.12    6970.79867],[-0.03129369 -0.77123459 -0.0373632  -0.86983636 -0.26745948],0
21.0,22.2,0.0,73.73,199269.845,"[2.10000000e+01 2.22000000e+01 0.00000000e+00 7.37300000e+01
 1.99269845e+05]",[-0.03129369 -0.77123459 -0.0373632   1.35391757  4.59555309],3
21.0,22.21,0.0,62.12,6779.19607,[  21.        22.21       0.        62.12    6779.19607],[-0.03129369 -0.7703908  -0.0373632  -0.86983636 -0.27230488],0
21.0,22.21,0.0,63.07,60.9407999999996,[21.     22.21    0.     63.07   60.9408],[-0.03129369 -0.7703908  -0.0373632  -0.68787544 -0.44220151],0
21.0,22.21,0.0,73.73,8615.247599999995,[  21.       22.21      0.       73.73   8615.2476],[-0.03129369 -0.7703908  -0.0373632   1.35391757 -0.22587334],3
21.0,22.22,0.0,62.12,4977.346633333326,[  21.           22.22          0.           62.12       4977.34663333],[-0.03129369 -0.769547   -0.0373632  -0.86983636 -0.3178715 ],0
21.0,22.22,0.0,63.07,5060.179999999997,[  21.     22.22    0.     63.07 5060.18],[-0.03129369 -0.769547   -0.0373632  -0.68787544 -0.31577674],0
21.0,22.22,0.0,68.56,476.8624000000008,[ 21.      22.22     0.      68.56   476.8624],[-0.03129369 -0.769547   -0.0373632   0.36366711 -0.43168335],3
21.0,22.23,0.0,62.12,3571.167625,[  21.         22.23        0.         62.12     3571.167625],[-0.03129369 -0.76870321 -0.0373632  -0.86983636 -0.35343208],0
21.0,22.23,0.0,68.56,31403.271233333333,"[2.10000000e+01 2.22300000e+01 0.00000000e+00 6.85600000e+01
 3.14032712e+04]",[-0.03129369 -0.76870321 -0.0373632   0.36366711  0.35040849],3
21.0,22.23,0.0,73.73,110330.22130000003,"[2.10000000e+01 2.22300000e+01 0.00000000e+00 7.37300000e+01
 1.10330221e+05]",[-0.03129369 -0.76870321 -0.0373632   1.35391757  2.34637653],3
21.0,22.24,0.0,62.12,7937.479799999996,[  21.       22.24      0.       62.12   7937.4798],[-0.03129369 -0.76785941 -0.0373632  -0.86983636 -0.24301327],0
21.0,22.24,0.0,70.51,20454.178291666678,"[   21.            22.24           0.            70.51
 20454.17829167]",[-0.03129369 -0.76785941 -0.0373632   0.73716583  0.07351904],3
21.0,22.24,0.0,73.73,117408.12573333329,"[2.10000000e+01 2.22400000e+01 0.00000000e+00 7.37300000e+01
 1.17408126e+05]",[-0.03129369 -0.76785941 -0.0373632   1.35391757  2.52536825],3
21.0,22.25,0.0,62.12,0.2520500000000258,[21.      22.25     0.      62.12     0.25205],[-0.03129369 -0.76701561 -0.0373632  -0.86983636 -0.44373626],0
21.0,22.25,0.0,63.07,1654.510891666666,[  21.           22.25          0.           63.07       1654.51089167],[-0.03129369 -0.76701561 -0.0373632  -0.68787544 -0.40190203],0
21.0,22.26,0.0,62.12,4549.892049999993,[  21.        22.26       0.        62.12    4549.89205],[-0.03129369 -0.76617182 -0.0373632  -0.86983636 -0.32868131],0
21.0,22.26,0.0,73.73,3937.3938000000007,[  21.       22.26      0.       73.73   3937.3938],[-0.03129369 -0.76617182 -0.0373632   1.35391757 -0.34417066],3
21.0,22.27,0.0,62.12,11752.742499999997,[   21.        22.27       0.        62.12   11752.7425],[-0.03129369 -0.76532802 -0.0373632  -0.86983636 -0.14652985],0
21.0,22.27,0.0,63.07,5026.033799999999,[  21.       22.27      0.       63.07   5026.0338],[-0.03129369 -0.76532802 -0.0373632  -0.68787544 -0.31664026],0
21.0,22.27,0.0,70.51,2920.008200000001,[  21.       22.27      0.       70.51   2920.0082],[-0.03129369 -0.76532802 -0.0373632   0.73716583 -0.36989912],3
21.0,22.28,0.0,62.12,1379.8795299999992,[  21.        22.28       0.        62.12    1379.87953],[-0.03129369 -0.76448423 -0.0373632  -0.86983636 -0.40884713],0
21.0,22.28,0.0,63.07,69.85619999999925,[21.     22.28    0.     63.07   69.8562],[-0.03129369 -0.76448423 -0.0373632  -0.68787544 -0.44197605],0
21.0,22.29,0.0,62.12,5325.9735800000035,[  21.        22.29       0.        62.12    5325.97358],[-0.03129369 -0.76364043 -0.0373632  -0.86983636 -0.30905514],0
21.0,22.29,0.0,70.51,12670.728050000009,[   21.         22.29        0.         70.51    12670.72805],[-0.03129369 -0.76364043 -0.0373632   0.73716583 -0.12331509],3
21.0,22.29,0.0,73.73,101241.00020000004,[2.10000e+01 2.22900e+01 0.00000e+00 7.37300e+01 1.01241e+05],[-0.03129369 -0.76364043 -0.0373632   1.35391757  2.11652101],3
21.0,22.3,0.0,62.12,0.5555583333333646,[21.         22.3         0.         62.12        0.55555833],[-0.03129369 -0.76279664 -0.0373632  -0.86983636 -0.44372858],0
21.0,22.3,0.0,68.56,562.1304499999952,[ 21.       22.3       0.       68.56    562.13045],[-0.03129369 -0.76279664 -0.0373632   0.36366711 -0.42952703],3
21.0,22.3,0.0,70.51,7555.892450000001,[  21.        22.3        0.        70.51    7555.89245],[-0.03129369 -0.76279664 -0.0373632   0.73716583 -0.25266316],3
21.0,22.31,0.0,62.12,7049.451330000001,[  21.        22.31       0.        62.12    7049.45133],[-0.03129369 -0.76195284 -0.0373632  -0.86983636 -0.26547045],0
21.0,22.31,0.0,63.07,1699.7836916666663,[  21.           22.31          0.           63.07       1699.78369167],[-0.03129369 -0.76195284 -0.0373632  -0.68787544 -0.40075714],0
21.0,22.31,0.0,68.56,31295.830033333357,[2.100000e+01 2.231000e+01 0.000000e+00 6.856000e+01 3.129583e+04],[-0.03129369 -0.76195284 -0.0373632   0.36366711  0.34769143],3
21.0,22.31,0.0,70.51,12957.280200000003,[   21.        22.31       0.        70.51   12957.2802],[-0.03129369 -0.76195284 -0.0373632   0.73716583 -0.11606853],3
21.0,22.31,0.0,73.73,92488.94386999997,"[2.10000000e+01 2.23100000e+01 0.00000000e+00 7.37300000e+01
 9.24889439e+04]",[-0.03129369 -0.76195284 -0.0373632   1.35391757  1.89519199],3
21.0,22.32,0.0,62.12,3199.9573099999952,[  21.        22.32       0.        62.12    3199.95731],[-0.03129369 -0.76110905 -0.0373632  -0.86983636 -0.36281954],0
21.0,22.33,0.0,62.12,6541.173233333335,[  21.           22.33          0.           62.12       6541.17323333],[-0.03129369 -0.76026525 -0.0373632  -0.86983636 -0.27832419],0
21.0,22.34,0.0,62.12,8847.026424999993,[  21.         22.34        0.         62.12     8847.026425],[-0.03129369 -0.75942145 -0.0373632  -0.86983636 -0.22001193],0
21.0,22.34,0.0,63.07,67.39605000000081,[21.      22.34     0.      63.07    67.39605],[-0.03129369 -0.75942145 -0.0373632  -0.68787544 -0.44203827],0
21.0,22.34,0.0,70.51,6645.900900000001,[  21.       22.34      0.       70.51   6645.9009],[-0.03129369 -0.75942145 -0.0373632   0.73716583 -0.27567576],3
21.0,22.34,0.0,73.73,144995.34043333324,[2.1000000e+01 2.2340000e+01 0.0000000e+00 7.3730000e+01 1.4499534e+05],[-0.03129369 -0.75942145 -0.0373632   1.35391757  3.22301587],3
21.0,22.35,0.0,62.12,4516.629625000008,[  21.         22.35        0.         62.12     4516.629625],[-0.03129369 -0.75857766 -0.0373632  -0.86983636 -0.32952248],0
21.0,22.36,0.0,62.12,878.8084916666653,[ 21.          22.36         0.          62.12       878.80849167],[-0.03129369 -0.75773386 -0.0373632  -0.86983636 -0.42151862],0
21.0,22.36,0.0,68.56,1486.0256666666683,[  21.           22.36          0.           68.56       1486.02566667],[-0.03129369 -0.75773386 -0.0373632   0.36366711 -0.40616282],3
21.0,22.36,0.0,70.51,19536.714450000014,[   21.         22.36        0.         70.51    19536.71445],[-0.03129369 -0.75773386 -0.0373632   0.73716583  0.05031748],3
21.0,22.37,0.0,62.12,5692.245366666655,[  21.           22.37          0.           62.12       5692.24536667],[-0.03129369 -0.75689007 -0.0373632  -0.86983636 -0.29979256],0
21.0,22.37,0.0,63.07,2404.6442250000005,[  21.         22.37        0.         63.07     2404.644225],[-0.03129369 -0.75689007 -0.0373632  -0.68787544 -0.38293206],0
21.0,22.37,0.0,70.51,4178.808200000007,[  21.       22.37      0.       70.51   4178.8082],[-0.03129369 -0.75689007 -0.0373632   0.73716583 -0.33806558],3
21.0,22.37,0.0,73.73,382.5377999999991,[ 21.      22.37     0.      73.73   382.5378],[-0.03129369 -0.75689007 -0.0373632   1.35391757 -0.43406871],3
21.0,22.38,0.0,62.12,9218.88213333333,[  21.           22.38          0.           62.12       9218.88213333],[-0.03129369 -0.75604627 -0.0373632  -0.86983636 -0.21060814],0
21.0,22.38,0.0,70.51,19728.924799999993,[   21.        22.38       0.        70.51   19728.9248],[-0.03129369 -0.75604627 -0.0373632   0.73716583  0.05517825],3
21.0,22.38,0.0,73.73,145330.57845,"[2.10000000e+01 2.23800000e+01 0.00000000e+00 7.37300000e+01
 1.45330578e+05]",[-0.03129369 -0.75604627 -0.0373632   1.35391757  3.23149364],3
21.0,22.39,0.0,68.56,5762.750300000002,[  21.       22.39      0.       68.56   5762.7503],[-0.03129369 -0.75520248 -0.0373632   0.36366711 -0.29800958],3
21.0,22.39,0.0,73.73,100302.72604999997,"[2.10000000e+01 2.23900000e+01 0.00000000e+00 7.37300000e+01
 1.00302726e+05]",[-0.03129369 -0.75520248 -0.0373632   1.35391757  2.09279318],3
21.0,22.4,0.0,62.12,10792.74320000001,[   21.        22.4        0.        62.12   10792.7432],[-0.03129369 -0.75435868 -0.0373632  -0.86983636 -0.17080708],0
21.0,22.4,0.0,63.07,37.73470000000047,[21.     22.4     0.     63.07   37.7347],[-0.03129369 -0.75435868 -0.0373632  -0.68787544 -0.44278837],0
21.0,22.4,0.0,70.51,4406.727199999994,[  21.       22.4       0.       70.51   4406.7272],[-0.03129369 -0.75435868 -0.0373632   0.73716583 -0.33230178],3
21.0,22.41,0.0,62.12,10275.287366666676,"[   21.            22.41           0.            62.12
 10275.28736667]",[-0.03129369 -0.75351489 -0.0373632  -0.86983636 -0.18389292],0
21.0,22.41,0.0,73.73,253970.645,"[2.10000000e+01 2.24100000e+01 0.00000000e+00 7.37300000e+01
 2.53970645e+05]",[-0.03129369 -0.75351489 -0.0373632   1.35391757  5.97887081],3
21.0,22.42,0.0,63.07,5032.0511999999935,[  21.       22.42      0.       63.07   5032.0512],[-0.03129369 -0.75267109 -0.0373632  -0.68787544 -0.31648808],0
21.0,22.42,0.0,68.56,38.43790000000081,[21.     22.42    0.     68.56   38.4379],[-0.03129369 -0.75267109 -0.0373632   0.36366711 -0.44277058],3
21.0,22.43,0.0,62.12,23048.044999999973,[2.1000000e+01 2.2430000e+01 0.0000000e+00 6.2120000e+01 2.3048045e+04],[-0.03129369 -0.75182729 -0.0373632  -0.86983636  0.13911482],0
21.0,22.43,0.0,63.07,63.95804999999938,[21.      22.43     0.      63.07    63.95805],[-0.03129369 -0.75182729 -0.0373632  -0.68787544 -0.44212521],0
21.0,22.43,0.0,68.56,2261.28125,[  21.        22.43       0.        68.56    2261.28125],[-0.03129369 -0.75182729 -0.0373632   0.36366711 -0.38655754],3
21.0,22.43,0.0,70.51,7040.315100000007,[  21.       22.43      0.       70.51   7040.3151],[-0.03129369 -0.75182729 -0.0373632   0.73716583 -0.26570149],3
21.0,22.43,0.0,73.73,165082.57999999996,[2.1000000e+01 2.2430000e+01 0.0000000e+00 7.3730000e+01 1.6508258e+05],[-0.03129369 -0.75182729 -0.0373632   1.35391757  3.73099811],3
21.0,22.44,0.0,73.73,187063.9777999999,"[2.10000000e+01 2.24400000e+01 0.00000000e+00 7.37300000e+01
 1.87063978e+05]",[-0.03129369 -0.7509835  -0.0373632   1.35391757  4.28688133],3
21.0,22.45,0.0,62.12,98.9824500000015,[21.      22.45     0.      62.12    98.98245],[-0.03129369 -0.7501397  -0.0373632  -0.86983636 -0.44123948],0
21.0,22.45,0.0,68.56,6282.232891666664,[  21.           22.45          0.           68.56       6282.23289167],[-0.03129369 -0.7501397  -0.0373632   0.36366711 -0.28487249],3
21.0,22.45,0.0,73.73,136982.6767,"[2.10000000e+01 2.24500000e+01 0.00000000e+00 7.37300000e+01
 1.36982677e+05]",[-0.03129369 -0.7501397  -0.0373632   1.35391757  3.0203852 ],3
21.0,22.46,0.0,63.07,3250.5521583333316,[  21.           22.46          0.           63.07       3250.55215833],[-0.03129369 -0.74929591 -0.0373632  -0.68787544 -0.36154006],0
21.0,22.46,0.0,73.73,170399.5442,"[2.10000000e+01 2.24600000e+01 0.00000000e+00 7.37300000e+01
 1.70399544e+05]",[-0.03129369 -0.74929591 -0.0373632   1.35391757  3.86545776],3
21.0,22.47,0.0,62.12,2793.9729333333335,[  21.           22.47          0.           62.12       2793.97293333],[-0.03129369 -0.74845211 -0.0373632  -0.86983636 -0.3730864 ],0
21.0,22.47,0.0,70.51,35633.82079999999,"[2.10000000e+01 2.24700000e+01 0.00000000e+00 7.05100000e+01
 3.56338208e+04]",[-0.03129369 -0.74845211 -0.0373632   0.73716583  0.45739402],3
21.0,22.47,0.0,73.73,246542.42000000004,[2.1000000e+01 2.2470000e+01 0.0000000e+00 7.3730000e+01 2.4654242e+05],[-0.03129369 -0.74845211 -0.0373632   1.35391757  5.7910199 ],3
21.0,22.48,0.0,62.12,21823.783200000016,"[2.10000000e+01 2.24800000e+01 0.00000000e+00 6.21200000e+01
 2.18237832e+04]",[-0.03129369 -0.74760832 -0.0373632  -0.86983636  0.10815471],0
21.0,22.48,0.0,68.56,4204.38555833333,[  21.           22.48          0.           68.56       4204.38555833],[-0.03129369 -0.74760832 -0.0373632   0.36366711 -0.33741876],3
21.0,22.49,0.0,63.07,61.827199999999415,[21.     22.49    0.     63.07   61.8272],[-0.03129369 -0.74676452 -0.0373632  -0.68787544 -0.4421791 ],0
21.0,22.49,0.0,70.51,333.33619999999837,[ 21.      22.49     0.      70.51   333.3362],[-0.03129369 -0.74676452 -0.0373632   0.73716583 -0.43531296],3
21.0,22.49,0.0,73.73,80515.29975833329,"[2.10000000e+01 2.24900000e+01 0.00000000e+00 7.37300000e+01
 8.05152998e+04]",[-0.03129369 -0.74676452 -0.0373632   1.35391757  1.59239287],3
21.0,22.5,0.0,62.12,7128.655633333327,[  21.           22.5           0.           62.12       7128.65563333],[-0.03129369 -0.74592073 -0.0373632  -0.86983636 -0.26346747],0
21.0,22.5,0.0,68.56,2566.144799999991,[  21.       22.5       0.       68.56   2566.1448],[-0.03129369 -0.74592073 -0.0373632   0.36366711 -0.3788479 ],3
21.0,22.5,0.0,70.51,2335.8612500000054,[  21.        22.5        0.        70.51    2335.86125],[-0.03129369 -0.74592073 -0.0373632   0.73716583 -0.3846715 ],3
21.0,22.51,0.0,63.07,3857.1536333333297,[  21.           22.51          0.           63.07       3857.15363333],[-0.03129369 -0.74507693 -0.0373632  -0.68787544 -0.34619984],0
21.0,22.51,0.0,68.56,11.472049999999825,[21.      22.51     0.      68.56    11.47205],[-0.03129369 -0.74507693 -0.0373632   0.36366711 -0.44345252],3
21.0,22.51,0.0,73.73,132512.32213333336,"[2.10000000e+01 2.25100000e+01 0.00000000e+00 7.37300000e+01
 1.32512322e+05]",[-0.03129369 -0.74507693 -0.0373632   1.35391757  2.90733529],3
21.0,22.52,0.0,63.07,3126.1434333333273,[  21.           22.52          0.           63.07       3126.14343333],[-0.03129369 -0.74423314 -0.0373632  -0.68787544 -0.36468621],0
21.0,22.52,0.0,70.51,34225.164633333334,"[2.10000000e+01 2.25200000e+01 0.00000000e+00 7.05100000e+01
 3.42251646e+04]",[-0.03129369 -0.74423314 -0.0373632   0.73716583  0.42177079],3
21.0,22.52,0.0,73.73,57856.83327000003,"[2.10000000e+01 2.25200000e+01 0.00000000e+00 7.37300000e+01
 5.78568333e+04]",[-0.03129369 -0.74423314 -0.0373632   1.35391757  1.01938739],3
21.0,22.53,0.0,62.12,9937.23340000001,[  21.       22.53      0.       62.12   9937.2334],[-0.03129369 -0.74338934 -0.0373632  -0.86983636 -0.1924419 ],0
21.0,22.53,0.0,68.56,4836.297679999997,[  21.        22.53       0.        68.56    4836.29768],[-0.03129369 -0.74338934 -0.0373632   0.36366711 -0.32143845],3
21.0,22.53,0.0,73.73,105076.11822500006,"[2.10000000e+01 2.25300000e+01 0.00000000e+00 7.37300000e+01
 1.05076118e+05]",[-0.03129369 -0.74338934 -0.0373632   1.35391757  2.21350655],3
21.0,22.54,0.0,63.07,59.841800000000596,[21.     22.54    0.     63.07   59.8418],[-0.03129369 -0.74254554 -0.0373632  -0.68787544 -0.4422293 ],0
21.0,22.54,0.0,73.73,27963.760049999975,[2.100000e+01 2.254000e+01 0.000000e+00 7.373000e+01 2.796376e+04],[-0.03129369 -0.74254554 -0.0373632   1.35391757  0.26342737],3
21.0,22.55,0.0,62.12,7931.8897333333425,[  21.           22.55          0.           62.12       7931.88973333],[-0.03129369 -0.74170175 -0.0373632  -0.86983636 -0.24315464],0
21.0,22.55,0.0,70.51,242.66045000000065,[ 21.       22.55      0.       70.51    242.66045],[-0.03129369 -0.74170175 -0.0373632   0.73716583 -0.43760604],3
21.0,22.55,0.0,73.73,97276.86874999994,"[2.10000000e+01 2.25500000e+01 0.00000000e+00 7.37300000e+01
 9.72768687e+04]",[-0.03129369 -0.74170175 -0.0373632   1.35391757  2.01627288],3
21.0,22.56,0.0,62.12,8798.187633333328,[  21.           22.56          0.           62.12       8798.18763333],[-0.03129369 -0.74085795 -0.0373632  -0.86983636 -0.221247  ],0
21.0,22.56,0.0,68.56,6497.112120000009,[  21.        22.56       0.        68.56    6497.11212],[-0.03129369 -0.74085795 -0.0373632   0.36366711 -0.27943845],3
21.0,22.57,0.0,63.07,2480.3667666666665,[  21.           22.57          0.           63.07       2480.36676667],[-0.03129369 -0.74001416 -0.0373632  -0.68787544 -0.38101713],0
21.0,22.57,0.0,68.56,3220.8338000000085,[  21.       22.57      0.       68.56   3220.8338],[-0.03129369 -0.74001416 -0.0373632   0.36366711 -0.3622916 ],3
21.0,22.57,0.0,70.51,2178.6600499999995,[  21.        22.57       0.        70.51    2178.66005],[-0.03129369 -0.74001416 -0.0373632   0.73716583 -0.38864693],3
21.0,22.57,0.0,73.73,84426.05895833332,[2.1000000e+01 2.2570000e+01 0.0000000e+00 7.3730000e+01 8.4426059e+04],[-0.03129369 -0.74001416 -0.0373632   1.35391757  1.69129129],3
21.0,22.58,0.0,73.73,15758.450449999995,[   21.         22.58        0.         73.73    15758.45045],[-0.03129369 -0.73917036 -0.0373632   1.35391757 -0.04523029],3
21.0,22.59,0.0,68.56,11.418633333333604,[21.         22.59        0.         68.56       11.41863333],[-0.03129369 -0.73832657 -0.0373632   0.36366711 -0.44345387],3
21.0,22.59,0.0,73.73,62403.16514666665,"[2.10000000e+01 2.25900000e+01 0.00000000e+00 7.37300000e+01
 6.24031651e+04]",[-0.03129369 -0.73832657 -0.0373632   1.35391757  1.13435868],3
21.0,22.6,0.0,62.12,8571.332449999985,[  21.        22.6        0.        62.12    8571.33245],[-0.03129369 -0.73748277 -0.0373632  -0.86983636 -0.2269839 ],0
21.0,22.6,0.0,63.07,57.78125,[21.      22.6      0.      63.07    57.78125],[-0.03129369 -0.73748277 -0.0373632  -0.68787544 -0.44228141],0
21.0,22.6,0.0,68.56,7931.781433333332,[  21.           22.6           0.           68.56       7931.78143333],[-0.03129369 -0.73748277 -0.0373632   0.36366711 -0.24315738],3
21.0,22.6,0.0,73.73,135466.5657333334,"[2.10000000e+01 2.26000000e+01 0.00000000e+00 7.37300000e+01
 1.35466566e+05]",[-0.03129369 -0.73748277 -0.0373632   1.35391757  2.98204457],3
21.0,22.61,0.0,62.12,7760.879000000004,[  21.      22.61     0.      62.12  7760.879],[-0.03129369 -0.73663898 -0.0373632  -0.86983636 -0.2474793 ],0
21.0,22.61,0.0,63.07,6843.330050000001,[  21.        22.61       0.        63.07    6843.33005],[-0.03129369 -0.73663898 -0.0373632  -0.68787544 -0.27068301],0
21.0,22.61,0.0,70.51,33549.84886666667,"[2.10000000e+01 2.26100000e+01 0.00000000e+00 7.05100000e+01
 3.35498489e+04]",[-0.03129369 -0.73663898 -0.0373632   0.73716583  0.40469287],3
21.0,22.61,0.0,73.73,197531.26580000008,"[2.10000000e+01 2.26100000e+01 0.00000000e+00 7.37300000e+01
 1.97531266e+05]",[-0.03129369 -0.73663898 -0.0373632   1.35391757  4.55158651],3
21.0,22.62,0.0,68.56,4.032800000000413,[21.     22.62    0.     68.56    4.0328],[-0.03129369 -0.73579518 -0.0373632   0.36366711 -0.44364065],3
21.0,22.62,0.0,73.73,169036.23680000004,"[2.10000000e+01 2.26200000e+01 0.00000000e+00 7.37300000e+01
 1.69036237e+05]",[-0.03129369 -0.73579518 -0.0373632   1.35391757  3.83098135],3
21.0,22.63,0.0,62.12,200.0,[ 21.    22.63   0.    62.12 200.  ],[-0.03129369 -0.73495138 -0.0373632  -0.86983636 -0.43868487],0
21.0,22.63,0.0,63.07,56.711249999999154,[21.      22.63     0.      63.07    56.71125],[-0.03129369 -0.73495138 -0.0373632  -0.68787544 -0.44230847],0
21.0,22.63,0.0,70.51,2031.3938000000005,[  21.       22.63      0.       70.51   2031.3938],[-0.03129369 -0.73495138 -0.0373632   0.73716583 -0.39237111],3
21.0,22.63,0.0,73.73,198009.245,"[2.10000000e+01 2.26300000e+01 0.00000000e+00 7.37300000e+01
 1.98009245e+05]",[-0.03129369 -0.73495138 -0.0373632   1.35391757  4.56367403],3
21.0,22.64,0.0,62.12,22573.875200000002,"[2.10000000e+01 2.26400000e+01 0.00000000e+00 6.21200000e+01
 2.25738752e+04]",[-0.03129369 -0.73410759 -0.0373632  -0.86983636  0.12712364],0
21.0,22.64,0.0,63.07,4189.785799999997,[  21.       22.64      0.       63.07   4189.7858],[-0.03129369 -0.73410759 -0.0373632  -0.68787544 -0.33778797],0
21.0,22.64,0.0,68.56,12167.25483333333,"[   21.            22.64           0.            68.56
 12167.25483333]",[-0.03129369 -0.73410759 -0.0373632   0.36366711 -0.13604733],3
21.0,22.65,0.0,62.12,1342.6561999999967,[  21.       22.65      0.       62.12   1342.6562],[-0.03129369 -0.73326379 -0.0373632  -0.86983636 -0.40978846],0
21.0,22.65,0.0,68.56,4.032800000000413,[21.     22.65    0.     68.56    4.0328],[-0.03129369 -0.73326379 -0.0373632   0.36366711 -0.44364065],3
21.0,22.65,0.0,73.73,123013.28803333337,"[2.10000000e+01 2.26500000e+01 0.00000000e+00 7.37300000e+01
 1.23013288e+05]",[-0.03129369 -0.73326379 -0.0373632   1.35391757  2.6671161 ],3
21.0,22.66,0.0,62.12,5602.111249999996,[  21.        22.66       0.        62.12    5602.11125],[-0.03129369 -0.73242    -0.0373632  -0.86983636 -0.30207195],0
21.0,22.66,0.0,63.07,3476.643970000001,[  21.        22.66       0.        63.07    3476.64397],[-0.03129369 -0.73242    -0.0373632  -0.68787544 -0.35582247],0
21.0,22.66,0.0,73.73,140545.4162,"[2.10000000e+01 2.26600000e+01 0.00000000e+00 7.37300000e+01
 1.40545416e+05]",[-0.03129369 -0.73242    -0.0373632   1.35391757  3.11048262],3
21.0,22.67,0.0,62.12,22510.176200000013,"[2.10000000e+01 2.26700000e+01 0.00000000e+00 6.21200000e+01
 2.25101762e+04]",[-0.03129369 -0.7315762  -0.0373632  -0.86983636  0.12551277],0
21.0,22.67,0.0,68.56,12261.779999999986,[   21.      22.67     0.      68.56 12261.78],[-0.03129369 -0.7315762  -0.0373632   0.36366711 -0.1336569 ],3
21.0,22.67,0.0,70.51,8770.176800000007,[  21.       22.67      0.       70.51   8770.1768],[-0.03129369 -0.7315762  -0.0373632   0.73716583 -0.22195536],3
21.0,22.67,0.0,73.73,149954.09449166668,"[2.10000000e+01 2.26700000e+01 0.00000000e+00 7.37300000e+01
 1.49954094e+05]",[-0.03129369 -0.7315762  -0.0373632   1.35391757  3.34841683],3
21.0,22.68,0.0,63.07,30.59923333333401,[21.         22.68        0.         63.07       30.59923333],[-0.03129369 -0.73073241 -0.0373632  -0.68787544 -0.44296881],0
21.0,22.68,0.0,68.56,275.5142333333335,[ 21.          22.68         0.          68.56       275.51423333],[-0.03129369 -0.73073241 -0.0373632   0.36366711 -0.43677521],3
21.0,22.68,0.0,70.51,16290.125,[   21.       22.68      0.       70.51  16290.125],[-0.03129369 -0.73073241 -0.0373632   0.73716583 -0.03178488],3
21.0,22.68,0.0,73.73,82422.06005000001,"[2.10000000e+01 2.26800000e+01 0.00000000e+00 7.37300000e+01
 8.24220601e+04]",[-0.03129369 -0.73073241 -0.0373632   1.35391757  1.64061255],3
21.0,22.69,0.0,62.12,13402.371233333326,"[   21.            22.69           0.            62.12
 13402.37123333]",[-0.03129369 -0.72988861 -0.0373632  -0.86983636 -0.10481271],0
21.0,22.69,0.0,73.73,102719.90196666667,"[2.10000000e+01 2.26900000e+01 0.00000000e+00 7.37300000e+01
 1.02719902e+05]",[-0.03129369 -0.72988861 -0.0373632   1.35391757  2.15392067],3
21.0,22.7,0.0,62.12,4257.738891666663,[  21.           22.7           0.           62.12       4257.73889167],[-0.03129369 -0.72904482 -0.0373632  -0.86983636 -0.33606951],0
21.0,22.7,0.0,70.51,26406.889624999993,"[2.10000000e+01 2.27000000e+01 0.00000000e+00 7.05100000e+01
 2.64068896e+04]",[-0.03129369 -0.72904482 -0.0373632   0.73716583  0.22405598],3
21.0,22.71,0.0,63.07,2768.405120000002,[  21.        22.71       0.        63.07    2768.40512],[-0.03129369 -0.72820102 -0.0373632  -0.68787544 -0.37373298],0
21.0,22.71,0.0,68.56,2049.531633333322,[  21.           22.71          0.           68.56       2049.53163333],[-0.03129369 -0.72820102 -0.0373632   0.36366711 -0.39191243],3
21.0,22.71,0.0,73.73,94046.7607766667,"[2.10000000e+01 2.27100000e+01 0.00000000e+00 7.37300000e+01
 9.40467608e+04]",[-0.03129369 -0.72820102 -0.0373632   1.35391757  1.93458731],3
21.0,22.72,0.0,62.12,22416.913800000002,"[2.10000000e+01 2.27200000e+01 0.00000000e+00 6.21200000e+01
 2.24169138e+04]",[-0.03129369 -0.72735722 -0.0373632  -0.86983636  0.12315427],0
21.0,22.72,0.0,68.56,313.00019999999955,[ 21.      22.72     0.      68.56   313.0002],[-0.03129369 -0.72735722 -0.0373632   0.36366711 -0.43582723],3
21.0,22.72,0.0,70.51,18649.598449999987,[   21.         22.72        0.         70.51    18649.59845],[-0.03129369 -0.72735722 -0.0373632   0.73716583  0.02788338],3
21.0,22.73,0.0,70.51,8665.861250000013,[  21.        22.73       0.        70.51    8665.86125],[-0.03129369 -0.72651343 -0.0373632   0.73716583 -0.22459338],3
21.0,22.73,0.0,73.73,139971.0622300001,"[2.10000000e+01 2.27300000e+01 0.00000000e+00 7.37300000e+01
 1.39971062e+05]",[-0.03129369 -0.72651343 -0.0373632   1.35391757  3.0959579 ],3
21.0,22.74,0.0,62.12,228.3384499999989,[ 21.       22.74      0.       62.12    228.33845],[-0.03129369 -0.72566963 -0.0373632  -0.86983636 -0.43796823],0
21.0,22.74,0.0,63.07,53.04499999999953,[21.    22.74   0.    63.07  53.045],[-0.03129369 -0.72566963 -0.0373632  -0.68787544 -0.44240119],0
21.0,22.74,0.0,68.56,11.28125,[21.      22.74     0.      68.56    11.28125],[-0.03129369 -0.72566963 -0.0373632   0.36366711 -0.44345734],3
21.0,22.74,0.0,70.51,74869.02079999998,"[2.10000000e+01 2.27400000e+01 0.00000000e+00 7.05100000e+01
 7.48690208e+04]",[-0.03129369 -0.72566963 -0.0373632   0.73716583  1.44960524],3
21.0,22.75,0.0,62.12,12002.581033333323,"[   21.            22.75           0.            62.12
 12002.58103333]",[-0.03129369 -0.72482584 -0.0373632  -0.86983636 -0.14021173],0
21.0,22.75,0.0,63.07,6863.23280000001,[  21.       22.75      0.       63.07   6863.2328],[-0.03129369 -0.72482584 -0.0373632  -0.68787544 -0.27017969],0
21.0,22.75,0.0,70.51,11717.40803333332,"[   21.            22.75           0.            70.51
 11717.40803333]",[-0.03129369 -0.72482584 -0.0373632   0.73716583 -0.14742342],3
21.0,22.75,0.0,73.73,123561.38362499997,"[2.10000000e+01 2.27500000e+01 0.00000000e+00 7.37300000e+01
 1.23561384e+05]",[-0.03129369 -0.72482584 -0.0373632   1.35391757  2.68097678],3
21.0,22.76,0.0,63.07,4478.364800000004,[  21.       22.76      0.       63.07   4478.3648],[-0.03129369 -0.72398204 -0.0373632  -0.68787544 -0.33049015],0
21.0,22.76,0.0,68.56,260.60444999999834,[ 21.       22.76      0.       68.56    260.60445],[-0.03129369 -0.72398204 -0.0373632   0.36366711 -0.43715226],3
21.0,22.76,0.0,70.51,8407.154449999987,[  21.        22.76       0.        70.51    8407.15445],[-0.03129369 -0.72398204 -0.0373632   0.73716583 -0.23113576],3
21.0,22.77,0.0,62.12,18.666049999999736,[21.      22.77     0.      62.12    18.66605],[-0.03129369 -0.72313825 -0.0373632  -0.86983636 -0.44327059],0
21.0,22.77,0.0,63.07,4659.020449999997,[  21.        22.77       0.        63.07    4659.02045],[-0.03129369 -0.72313825 -0.0373632  -0.68787544 -0.32592158],0
21.0,22.77,0.0,68.56,11.233799999999505,[21.     22.77    0.     68.56   11.2338],[-0.03129369 -0.72313825 -0.0373632   0.36366711 -0.44345854],3
21.0,22.77,0.0,70.51,17342.668800000003,[   21.        22.77       0.        70.51   17342.6688],[-0.03129369 -0.72313825 -0.0373632   0.73716583 -0.00516731],3
21.0,22.77,0.0,73.73,98822.71309166665,"[2.10000000e+01 2.27700000e+01 0.00000000e+00 7.37300000e+01
 9.88227131e+04]",[-0.03129369 -0.72313825 -0.0373632   1.35391757  2.05536543],3
21.0,22.78,0.0,62.12,3763.648799999999,[  21.       22.78      0.       62.12   3763.6488],[-0.03129369 -0.72229445 -0.0373632  -0.86983636 -0.34856446],0
21.0,22.78,0.0,73.73,168211.6002,[2.100000e+01 2.278000e+01 0.000000e+00 7.373000e+01 1.682116e+05],[-0.03129369 -0.72229445 -0.0373632   1.35391757  3.81012728],3
21.0,22.79,0.0,62.12,1225.6200499999995,[  21.        22.79       0.        62.12    1225.62005],[-0.03129369 -0.72145066 -0.0373632  -0.86983636 -0.41274817],0
21.0,22.79,0.0,63.07,51.40979999999929,[21.     22.79    0.     63.07   51.4098],[-0.03129369 -0.72145066 -0.0373632  -0.68787544 -0.44244254],0
21.0,22.79,0.0,68.56,22.177799999999788,[21.     22.79    0.     68.56   22.1778],[-0.03129369 -0.72145066 -0.0373632   0.36366711 -0.44318178],3
21.0,22.79,0.0,70.51,36616.73643333332,"[2.10000000e+01 2.27900000e+01 0.00000000e+00 7.05100000e+01
 3.66167364e+04]",[-0.03129369 -0.72145066 -0.0373632   0.73716583  0.48225078],3
21.0,22.79,0.0,73.73,46327.33583333332,"[2.10000000e+01 2.27900000e+01 0.00000000e+00 7.37300000e+01
 4.63273358e+04]",[-0.03129369 -0.72145066 -0.0373632   1.35391757  0.72782021],3
21.0,22.8,0.0,62.12,291.3697999999983,[ 21.      22.8      0.      62.12   291.3698],[-0.03129369 -0.72060686 -0.0373632  -0.86983636 -0.43637424],0
21.0,22.8,0.0,63.07,6890.206050000012,[  21.        22.8        0.        63.07    6890.20605],[-0.03129369 -0.72060686 -0.0373632  -0.68787544 -0.26949757],0
21.0,22.8,0.0,68.56,6434.272633333335,[  21.           22.8           0.           68.56       6434.27263333],[-0.03129369 -0.72060686 -0.0373632   0.36366711 -0.28102758],3
21.0,22.8,0.0,73.73,139544.13532000006,"[2.10000000e+01 2.28000000e+01 0.00000000e+00 7.37300000e+01
 1.39544135e+05]",[-0.03129369 -0.72060686 -0.0373632   1.35391757  3.08516143],3
21.0,22.82,0.0,62.12,7400.577799999989,[  21.       22.82      0.       62.12   7400.5778],[-0.03129369 -0.71891927 -0.0373632  -0.86983636 -0.25659088],0
21.0,22.82,0.0,63.07,50.501249999999544,[21.      22.82     0.      63.07    50.50125],[-0.03129369 -0.71891927 -0.0373632  -0.68787544 -0.44246551],0
21.0,22.82,0.0,68.56,12319.790449999986,[   21.         22.82        0.         68.56    12319.79045],[-0.03129369 -0.71891927 -0.0373632   0.36366711 -0.13218989],3
21.0,22.82,0.0,73.73,92040.9570916667,"[2.10000000e+01 2.28200000e+01 0.00000000e+00 7.37300000e+01
 9.20409571e+04]",[-0.03129369 -0.71891927 -0.0373632   1.35391757  1.88386294],3
21.0,22.83,0.0,62.12,2793.0457000000015,[  21.       22.83      0.       62.12   2793.0457],[-0.03129369 -0.71807547 -0.0373632  -0.86983636 -0.37310985],0
21.0,22.83,0.0,63.07,4579.244999999988,[  21.      22.83     0.      63.07  4579.245],[-0.03129369 -0.71807547 -0.0373632  -0.68787544 -0.32793901],0
21.0,22.83,0.0,68.56,634.0360500000005,[ 21.       22.83      0.       68.56    634.03605],[-0.03129369 -0.71807547 -0.0373632   0.36366711 -0.42770862],3
21.0,22.83,0.0,70.51,31847.832200000004,"[2.10000000e+01 2.28300000e+01 0.00000000e+00 7.05100000e+01
 3.18478322e+04]",[-0.03129369 -0.71807547 -0.0373632   0.73716583  0.3616509 ],3
21.0,22.84,0.0,62.12,1585.4080500000066,[  21.        22.84       0.        62.12    1585.40805],[-0.03129369 -0.71723168 -0.0373632  -0.86983636 -0.40364956],0
21.0,22.84,0.0,73.73,110507.60047999995,[2.100000e+01 2.284000e+01 0.000000e+00 7.373000e+01 1.105076e+05],[-0.03129369 -0.71723168 -0.0373632   1.35391757  2.35086224],3
21.0,22.85,0.0,63.07,4153.8993000000055,[  21.       22.85      0.       63.07   4153.8993],[-0.03129369 -0.71638788 -0.0373632  -0.68787544 -0.33869549],0
21.0,22.85,0.0,68.56,2436.019999999989,[  21.     22.85    0.     68.56 2436.02],[-0.03129369 -0.71638788 -0.0373632   0.36366711 -0.3821386 ],3
21.0,22.86,0.0,73.73,150224.73630000008,"[2.10000000e+01 2.28600000e+01 0.00000000e+00 7.37300000e+01
 1.50224736e+05]",[-0.03129369 -0.71554409 -0.0373632   1.35391757  3.35526103],3
21.0,22.87,0.0,62.12,9032.284958333325,[  21.           22.87          0.           62.12       9032.28495833],[-0.03129369 -0.71470029 -0.0373632  -0.86983636 -0.21532696],0
21.0,22.87,0.0,63.07,48.80719999999939,[21.     22.87    0.     63.07   48.8072],[-0.03129369 -0.71470029 -0.0373632  -0.68787544 -0.44250836],0
21.0,22.87,0.0,73.73,240471.125,"[2.10000000e+01 2.28700000e+01 0.00000000e+00 7.37300000e+01
 2.40471125e+05]",[-0.03129369 -0.71470029 -0.0373632   1.35391757  5.63748412],3
21.0,22.88,0.0,68.56,8109.40303333336,[  21.           22.88          0.           68.56       8109.40303333],[-0.03129369 -0.7138565  -0.0373632   0.36366711 -0.23866554],3
21.0,22.88,0.0,73.73,87519.88103333338,[2.1000000e+01 2.2880000e+01 0.0000000e+00 7.3730000e+01 8.7519881e+04],[-0.03129369 -0.7138565  -0.0373632   1.35391757  1.76953034],3
21.0,22.89,0.0,63.07,204.62645000000037,[ 21.       22.89      0.       63.07    204.62645],[-0.03129369 -0.7130127  -0.0373632  -0.68787544 -0.43856787],0
21.0,22.89,0.0,73.73,105126.31253333332,"[2.10000000e+01 2.28900000e+01 0.00000000e+00 7.37300000e+01
 1.05126313e+05]",[-0.03129369 -0.7130127  -0.0373632   1.35391757  2.21477591],3
21.0,22.9,0.0,62.12,2958.998024999997,[  21.         22.9         0.         62.12     2958.998025],[-0.03129369 -0.7121689  -0.0373632  -0.86983636 -0.36891311],0
21.0,22.9,0.0,63.07,2585.348466666667,[  21.           22.9           0.           63.07       2585.34846667],[-0.03129369 -0.7121689  -0.0373632  -0.68787544 -0.37836226],0
21.0,22.9,0.0,70.51,1459.6204499999985,[  21.        22.9        0.        70.51    1459.62045],[-0.03129369 -0.7121689  -0.0373632   0.73716583 -0.40683058],3
21.0,22.91,0.0,68.56,614.6017999999981,[ 21.      22.91     0.      68.56   614.6018],[-0.03129369 -0.71132511 -0.0373632   0.36366711 -0.42820009],3
21.0,22.91,0.0,73.73,90339.83030000003,"[2.10000000e+01 2.29100000e+01 0.00000000e+00 7.37300000e+01
 9.03398303e+04]",[-0.03129369 -0.71132511 -0.0373632   1.35391757  1.84084348],3
21.0,22.93,0.0,62.12,1596.6900499999995,[  21.        22.93       0.        62.12    1596.69005],[-0.03129369 -0.70963752 -0.0373632  -0.86983636 -0.40336425],0
21.0,22.93,0.0,63.07,1.53125,[21.      22.93     0.      63.07     1.53125],[-0.03129369 -0.70963752 -0.0373632  -0.68787544 -0.44370391],0
21.0,22.93,0.0,73.73,82675.25263333337,"[2.10000000e+01 2.29300000e+01 0.00000000e+00 7.37300000e+01
 8.26752526e+04]",[-0.03129369 -0.70963752 -0.0373632   1.35391757  1.64701549],3
21.0,22.94,0.0,62.12,3679.3542333333417,[  21.           22.94          0.           62.12       3679.35423333],[-0.03129369 -0.70879372 -0.0373632  -0.86983636 -0.35069617],0
21.0,22.94,0.0,63.07,105.85124999999934,[ 21.       22.94      0.       63.07    105.85125],[-0.03129369 -0.70879372 -0.0373632  -0.68787544 -0.44106578],0
21.0,22.94,0.0,73.73,135230.1421,"[2.10000000e+01 2.29400000e+01 0.00000000e+00 7.37300000e+01
 1.35230142e+05]",[-0.03129369 -0.70879372 -0.0373632   1.35391757  2.9760657 ],3
21.0,22.95,0.0,63.07,2346.6904666666665,[  21.           22.95          0.           63.07       2346.69046667],[-0.03129369 -0.70794993 -0.0373632  -0.68787544 -0.38439764],0
21.0,22.96,0.0,68.56,50854.983200000024,"[2.10000000e+01 2.29600000e+01 0.00000000e+00 6.85600000e+01
 5.08549832e+04]",[-0.03129369 -0.70710613 -0.0373632   0.36366711  0.84231899],3
21.0,22.96,0.0,70.51,30509.440199999997,"[2.10000000e+01 2.29600000e+01 0.00000000e+00 7.05100000e+01
 3.05094402e+04]",[-0.03129369 -0.70710613 -0.0373632   0.73716583  0.32780457],3
21.0,22.96,0.0,73.73,204371.42445000005,"[2.10000000e+01 2.29600000e+01 0.00000000e+00 7.37300000e+01
 2.04371424e+05]",[-0.03129369 -0.70710613 -0.0373632   1.35391757  4.72456593],3
21.0,22.97,0.0,62.12,7447.973633333339,[  21.           22.97          0.           62.12       7447.97363333],[-0.03129369 -0.70626234 -0.0373632  -0.86983636 -0.2553923 ],0
21.0,22.97,0.0,73.73,173389.82719999997,"[2.10000000e+01 2.29700000e+01 0.00000000e+00 7.37300000e+01
 1.73389827e+05]",[-0.03129369 -0.70626234 -0.0373632   1.35391757  3.94107844],3
21.0,22.98,0.0,62.12,4046.400800000003,[  21.       22.98      0.       62.12   4046.4008],[-0.03129369 -0.70541854 -0.0373632  -0.86983636 -0.341414  ],0
21.0,22.98,0.0,63.07,4669.579899999995,[  21.       22.98      0.       63.07   4669.5799],[-0.03129369 -0.70541854 -0.0373632  -0.68787544 -0.32565455],0
21.0,22.98,0.0,73.73,64700.838700000066,"[2.10000000e+01 2.29800000e+01 0.00000000e+00 7.37300000e+01
 6.47008387e+04]",[-0.03129369 -0.70541854 -0.0373632   1.35391757  1.19246409],3
21.0,22.99,0.0,62.12,10955.636133333317,"[   21.            22.99           0.            62.12
 10955.63613333]",[-0.03129369 -0.70457474 -0.0373632  -0.86983636 -0.16668771],0
21.0,22.99,0.0,68.56,1112.5044500000035,[  21.        22.99       0.        68.56    1112.50445],[-0.03129369 -0.70457474 -0.0373632   0.36366711 -0.41560873],3
21.0,22.99,0.0,73.73,119108.82243333335,"[2.10000000e+01 2.29900000e+01 0.00000000e+00 7.37300000e+01
 1.19108822e+05]",[-0.03129369 -0.70457474 -0.0373632   1.35391757  2.56837684],3
21.0,23.0,0.0,63.07,31.68080000000029,[21.     23.      0.     63.07   31.6808],[-0.03129369 -0.70373095 -0.0373632  -0.68787544 -0.44294146],0
21.0,23.01,0.0,62.12,255.37999999999795,[ 21.    23.01   0.    62.12 255.38],[-0.03129369 -0.70288715 -0.0373632  -0.86983636 -0.43728438],0
21.0,23.01,0.0,63.07,5091.414050000002,[  21.        23.01       0.        63.07    5091.41405],[-0.03129369 -0.70288715 -0.0373632  -0.68787544 -0.31498687],0
21.0,23.01,0.0,73.73,102026.5695,"[2.10000000e+01 2.30100000e+01 0.00000000e+00 7.37300000e+01
 1.02026569e+05]",[-0.03129369 -0.70288715 -0.0373632   1.35391757  2.13638712],3
21.0,23.02,0.0,62.12,1935.5582916666663,[  21.           23.02          0.           62.12       1935.55829167],[-0.03129369 -0.70204336 -0.0373632  -0.86983636 -0.39479468],0
21.0,23.02,0.0,73.73,54793.17963333332,"[2.10000000e+01 2.30200000e+01 0.00000000e+00 7.37300000e+01
 5.47931796e+04]",[-0.03129369 -0.70204336 -0.0373632   1.35391757  0.94191126],3
21.0,23.03,0.0,62.12,3646.164400000002,[  21.       23.03      0.       62.12   3646.1644],[-0.03129369 -0.70119956 -0.0373632  -0.86983636 -0.3515355 ],0
21.0,23.03,0.0,63.07,4198.343400000002,[  21.       23.03      0.       63.07   4198.3434],[-0.03129369 -0.70119956 -0.0373632  -0.68787544 -0.33757155],0
21.0,23.03,0.0,68.56,7647.134449999967,[  21.        23.03       0.        68.56    7647.13445],[-0.03129369 -0.70119956 -0.0373632   0.36366711 -0.25035576],3
21.0,23.03,0.0,73.73,13904.81973333333,"[   21.            23.03           0.            73.73
 13904.81973333]",[-0.03129369 -0.70119956 -0.0373632   1.35391757 -0.09210639],3
21.0,23.04,0.0,62.12,702.7500500000003,[ 21.       23.04      0.       62.12    702.75005],[-0.03129369 -0.70035577 -0.0373632  -0.86983636 -0.42597092],0
21.0,23.04,0.0,68.56,50679.72845,"[2.10000000e+01 2.30400000e+01 0.00000000e+00 6.85600000e+01
 5.06797285e+04]",[-0.03129369 -0.70035577 -0.0373632   0.36366711  0.837887  ],3
21.0,23.04,0.0,73.73,91733.55293333337,"[2.10000000e+01 2.30400000e+01 0.00000000e+00 7.37300000e+01
 9.17335529e+04]",[-0.03129369 -0.70035577 -0.0373632   1.35391757  1.87608906],3
21.0,23.05,0.0,62.12,11901.294425000006,[   21.          23.05         0.          62.12     11901.294425],[-0.03129369 -0.69951197 -0.0373632  -0.86983636 -0.14277315],0
21.0,23.05,0.0,63.07,32.80499999999972,[21.    23.05   0.    63.07  32.805],[-0.03129369 -0.69951197 -0.0373632  -0.68787544 -0.44291303],0
21.0,23.05,0.0,73.73,89255.61293333334,"[2.10000000e+01 2.30500000e+01 0.00000000e+00 7.37300000e+01
 8.92556129e+04]",[-0.03129369 -0.69951197 -0.0373632   1.35391757  1.81342492],3
21.0,23.06,0.0,62.12,2232.9942916666646,[  21.           23.06          0.           62.12       2232.99429167],[-0.03129369 -0.69866818 -0.0373632  -0.86983636 -0.38727288],0
21.0,23.06,0.0,68.56,1105.440199999999,[  21.       23.06      0.       68.56   1105.4402],[-0.03129369 -0.69866818 -0.0373632   0.36366711 -0.41578737],3
21.0,23.06,0.0,73.73,16167.61620000001,[   21.        23.06       0.        73.73   16167.6162],[-0.03129369 -0.69866818 -0.0373632   1.35391757 -0.03488298],3
21.0,23.07,0.0,62.12,17869.951250000002,[   21.         23.07        0.         62.12    17869.95125],[-0.03129369 -0.69782438 -0.0373632  -0.86983636  0.00816703],0
21.0,23.07,0.0,63.07,3556.5056333333346,[  21.           23.07          0.           63.07       3556.50563333],[-0.03129369 -0.69782438 -0.0373632  -0.68787544 -0.35380286],0
21.0,23.08,0.0,62.12,162.72079999999934,[ 21.      23.08     0.      62.12   162.7208],[-0.03129369 -0.69698058 -0.0373632  -0.86983636 -0.43962762],0
21.0,23.08,0.0,63.07,3701.205733333338,[  21.           23.08          0.           63.07       3701.20573333],[-0.03129369 -0.69698058 -0.0373632  -0.68787544 -0.35014357],0
21.0,23.08,0.0,73.73,68273.08051999999,"[2.10000000e+01 2.30800000e+01 0.00000000e+00 7.37300000e+01
 6.82730805e+04]",[-0.03129369 -0.69698058 -0.0373632   1.35391757  1.28280181],3
21.0,23.09,0.0,73.73,25714.611433333313,"[2.10000000e+01 2.30900000e+01 0.00000000e+00 7.37300000e+01
 2.57146114e+04]",[-0.03129369 -0.69613679 -0.0373632   1.35391757  0.20654909],3
21.0,23.1,0.0,62.12,6195.283366666673,[  21.           23.1           0.           62.12       6195.28336667],[-0.03129369 -0.69529299 -0.0373632  -0.86983636 -0.28707133],0
21.0,23.1,0.0,73.73,171317.3112500001,"[2.10000000e+01 2.31000000e+01 0.00000000e+00 7.37300000e+01
 1.71317311e+05]",[-0.03129369 -0.69529299 -0.0373632   1.35391757  3.88866699],3
21.0,23.11,0.0,63.07,0.31204999999997124,[21.      23.11     0.      63.07     0.31205],[-0.03129369 -0.6944492  -0.0373632  -0.68787544 -0.44373474],0
21.0,23.11,0.0,68.56,21636.672633333317,"[2.10000000e+01 2.31100000e+01 0.00000000e+00 6.85600000e+01
 2.16366726e+04]",[-0.03129369 -0.6944492  -0.0373632   0.36366711  0.10342291],3
21.0,23.11,0.0,73.73,109352.43613333328,"[2.10000000e+01 2.31100000e+01 0.00000000e+00 7.37300000e+01
 1.09352436e+05]",[-0.03129369 -0.6944492  -0.0373632   1.35391757  2.32164951],3
21.0,23.12,0.0,62.12,12114.475633333332,"[   21.            23.12           0.            62.12
 12114.47563333]",[-0.03129369 -0.6936054  -0.0373632  -0.86983636 -0.13738205],0
21.0,23.12,0.0,63.07,3671.2684000000027,[  21.       23.12      0.       63.07   3671.2684],[-0.03129369 -0.6936054  -0.0373632  -0.68787544 -0.35090065],0
21.0,23.13,0.0,62.12,3384.1764499999986,[  21.        23.13       0.        62.12    3384.17645],[-0.03129369 -0.69276161 -0.0373632  -0.86983636 -0.35816086],0
21.0,23.13,0.0,63.07,3554.6236333333345,[  21.           23.13          0.           63.07       3554.62363333],[-0.03129369 -0.69276161 -0.0373632  -0.68787544 -0.35385046],0
21.0,23.13,0.0,73.73,55189.24090000003,"[2.10000000e+01 2.31300000e+01 0.00000000e+00 7.37300000e+01
 5.51892409e+04]",[-0.03129369 -0.69276161 -0.0373632   1.35391757  0.95192717],3
21.0,23.14,0.0,62.12,9282.395433333335,[  21.           23.14          0.           62.12       9282.39543333],[-0.03129369 -0.69191781 -0.0373632  -0.86983636 -0.20900197],0
21.0,23.14,0.0,63.07,5402.801249999987,[  21.        23.14       0.        63.07    5402.80125],[-0.03129369 -0.69191781 -0.0373632  -0.68787544 -0.30711226],0
21.0,23.14,0.0,68.56,626.9340500000069,[ 21.       23.14      0.       68.56    626.93405],[-0.03129369 -0.69191781 -0.0373632   0.36366711 -0.42788822],3
21.0,23.14,0.0,73.73,88721.05496999998,[2.1000000e+01 2.3140000e+01 0.0000000e+00 7.3730000e+01 8.8721055e+04],[-0.03129369 -0.69191781 -0.0373632   1.35391757  1.79990659],3
21.0,23.15,0.0,62.12,835.5192333333373,[ 21.          23.15         0.          62.12       835.51923333],[-0.03129369 -0.69107402 -0.0373632  -0.86983636 -0.42261335],0
21.0,23.15,0.0,73.73,131548.43769999992,"[2.10000000e+01 2.31500000e+01 0.00000000e+00 7.37300000e+01
 1.31548438e+05]",[-0.03129369 -0.69107402 -0.0373632   1.35391757  2.88295981],3
21.0,23.16,0.0,62.12,7917.023533333327,[  21.           23.16          0.           62.12       7917.02353333],[-0.03129369 -0.69023022 -0.0373632  -0.86983636 -0.24353059],0
21.0,23.16,0.0,63.07,3410.15846666667,[  21.           23.16          0.           63.07       3410.15846667],[-0.03129369 -0.69023022 -0.0373632  -0.68787544 -0.35750381],0
21.0,23.16,0.0,73.73,16482.01679999999,[   21.        23.16       0.        73.73   16482.0168],[-0.03129369 -0.69023022 -0.0373632   1.35391757 -0.02693217],3
21.0,23.17,0.0,62.12,3118.2316666666643,[  21.           23.17          0.           62.12       3118.23166667],[-0.03129369 -0.68938643 -0.0373632  -0.86983636 -0.36488629],0
21.0,23.17,0.0,73.73,11555.065033333325,"[   21.            23.17           0.            73.73
 11555.06503333]",[-0.03129369 -0.68938643 -0.0373632   1.35391757 -0.15152888],3
21.0,23.18,0.0,62.12,106.88643333333339,[ 21.          23.18         0.          62.12       106.88643333],[-0.03129369 -0.68854263 -0.0373632  -0.86983636 -0.4410396 ],0
21.0,23.19,0.0,63.07,2590.688700000004,[  21.       23.19      0.       63.07   2590.6887],[-0.03129369 -0.68769883 -0.0373632  -0.68787544 -0.37822722],0
21.0,23.19,0.0,68.56,7706.611250000011,[  21.        23.19       0.        68.56    7706.61125],[-0.03129369 -0.68769883 -0.0373632   0.36366711 -0.24885166],3
21.0,23.19,0.0,73.73,9148.845091666688,[  21.           23.19          0.           73.73       9148.84509167],[-0.03129369 -0.68769883 -0.0373632   1.35391757 -0.2123793 ],3
21.0,23.2,0.0,68.56,27016.501249999983,"[2.10000000e+01 2.32000000e+01 0.00000000e+00 6.85600000e+01
 2.70165012e+04]",[-0.03129369 -0.68685504 -0.0373632   0.36366711  0.23947233],3
21.0,23.21,0.0,62.12,5297.836616666671,[  21.           23.21          0.           62.12       5297.83661667],[-0.03129369 -0.68601124 -0.0373632  -0.86983636 -0.30976669],0
21.0,23.21,0.0,63.07,2692.1256249999933,[  21.         23.21        0.         63.07     2692.125625],[-0.03129369 -0.68601124 -0.0373632  -0.68787544 -0.375662  ],0
21.0,23.21,0.0,73.73,22416.913800000028,"[2.10000000e+01 2.32100000e+01 0.00000000e+00 7.37300000e+01
 2.24169138e+04]",[-0.03129369 -0.68601124 -0.0373632   1.35391757  0.12315427],3
21.0,23.22,0.0,62.12,36.808199999999864,[21.     23.22    0.     62.12   36.8082],[-0.03129369 -0.68516745 -0.0373632  -0.86983636 -0.4428118 ],0
21.0,23.22,0.0,73.73,8533.701270000001,[  21.        23.22       0.        73.73    8533.70127],[-0.03129369 -0.68516745 -0.0373632   1.35391757 -0.22793555],3
21.0,23.23,0.0,62.12,557.4799000000008,[ 21.      23.23     0.      62.12   557.4799],[-0.03129369 -0.68432365 -0.0373632  -0.86983636 -0.42964463],0
21.0,23.24,0.0,63.07,3665.046233333329,[  21.           23.24          0.           63.07       3665.04623333],[-0.03129369 -0.68347986 -0.0373632  -0.68787544 -0.351058  ],0
21.0,23.24,0.0,73.73,58000.219425000054,"[2.10000000e+01 2.32400000e+01 0.00000000e+00 7.37300000e+01
 5.80002194e+04]",[-0.03129369 -0.68347986 -0.0373632   1.35391757  1.02301345],3
21.0,23.25,0.0,62.12,7715.793491666659,[  21.           23.25          0.           62.12       7715.79349167],[-0.03129369 -0.68263606 -0.0373632  -0.86983636 -0.24861945],0
21.0,23.25,0.0,63.07,3772.545033333334,[  21.           23.25          0.           63.07       3772.54503333],[-0.03129369 -0.68263606 -0.0373632  -0.68787544 -0.34833949],0
21.0,23.25,0.0,68.56,14371.905799999993,[   21.        23.25       0.        68.56   14371.9058],[-0.03129369 -0.68263606 -0.0373632   0.36366711 -0.08029435],3
21.0,23.26,0.0,62.12,16.820000000000064,[21.   23.26  0.   62.12 16.82],[-0.03129369 -0.68179227 -0.0373632  -0.86983636 -0.44331727],0
21.0,23.26,0.0,63.07,6176.049800000011,[  21.       23.26      0.       63.07   6176.0498],[-0.03129369 -0.68179227 -0.0373632  -0.68787544 -0.28755773],0
21.0,23.26,0.0,73.73,10744.93043333331,"[   21.            23.26           0.            73.73
 10744.93043333]",[-0.03129369 -0.68179227 -0.0373632   1.35391757 -0.17201621],3
21.0,23.27,0.0,62.12,2400.5520499999975,[  21.        23.27       0.        62.12    2400.55205],[-0.03129369 -0.68094847 -0.0373632  -0.86983636 -0.38303554],0
21.0,23.27,0.0,73.73,12616.625733333338,"[   21.            23.27           0.            73.73
 12616.62573333]",[-0.03129369 -0.68094847 -0.0373632   1.35391757 -0.12468328],3
21.0,23.28,0.0,62.12,9680.03043,[  21.        23.28       0.        62.12    9680.03043],[-0.03129369 -0.68010467 -0.0373632  -0.86983636 -0.19894625],0
21.0,23.28,0.0,63.07,25.92000000000033,[21.   23.28  0.   63.07 25.92],[-0.03129369 -0.68010467 -0.0373632  -0.68787544 -0.44308715],0
21.0,23.28,0.0,68.56,11113.914050000021,[   21.         23.28        0.         68.56    11113.91405],[-0.03129369 -0.68010467 -0.0373632   0.36366711 -0.16268506],3
21.0,23.28,0.0,73.73,36328.60125000005,"[2.10000000e+01 2.32800000e+01 0.00000000e+00 7.37300000e+01
 3.63286013e+04]",[-0.03129369 -0.68010467 -0.0373632   1.35391757  0.47496419],3
21.0,23.29,0.0,62.12,6946.425666666669,[  21.           23.29          0.           62.12       6946.42566667],[-0.03129369 -0.67926088 -0.0373632  -0.86983636 -0.26807585],0
21.0,23.29,0.0,73.73,7031.519000000008,[  21.      23.29     0.      73.73  7031.519],[-0.03129369 -0.67926088 -0.0373632   1.35391757 -0.26592394],3
21.0,23.3,0.0,63.07,3300.9046999999973,[  21.       23.3       0.       63.07   3300.9047],[-0.03129369 -0.67841708 -0.0373632  -0.68787544 -0.3602667 ],0
21.0,23.3,0.0,73.73,82353.97263333338,"[2.10000000e+01 2.33000000e+01 0.00000000e+00 7.37300000e+01
 8.23539726e+04]",[-0.03129369 -0.67841708 -0.0373632   1.35391757  1.63889071],3
21.0,23.31,0.0,62.12,1712.9584333333362,[  21.           23.31          0.           62.12       1712.95843333],[-0.03129369 -0.67757329 -0.0373632  -0.86983636 -0.40042396],0
21.0,23.32,0.0,62.12,3758.449433333333,[  21.           23.32          0.           62.12       3758.44943333],[-0.03129369 -0.67672949 -0.0373632  -0.86983636 -0.34869595],0
21.0,23.32,0.0,73.73,20122.186050000026,[   21.         23.32        0.         73.73    20122.18605],[-0.03129369 -0.67672949 -0.0373632   1.35391757  0.06512335],3
21.0,23.33,0.0,62.12,15335.258449999988,[   21.         23.33        0.         62.12    15335.25845],[-0.03129369 -0.6758857  -0.0373632  -0.86983636 -0.05593231],0
21.0,23.33,0.0,63.07,3507.8650916666725,[  21.           23.33          0.           63.07       3507.86509167],[-0.03129369 -0.6758857  -0.0373632  -0.68787544 -0.35503292],0
21.0,23.33,0.0,68.56,3542.2944499999776,[  21.        23.33       0.        68.56    3542.29445],[-0.03129369 -0.6758857  -0.0373632   0.36366711 -0.35416225],3
21.0,23.33,0.0,73.73,4179.722450000017,[  21.        23.33       0.        73.73    4179.72245],[-0.03129369 -0.6758857  -0.0373632   1.35391757 -0.33804246],3
21.0,23.34,0.0,62.12,8592.965291666673,[  21.           23.34          0.           62.12       8592.96529167],[-0.03129369 -0.6750419  -0.0373632  -0.86983636 -0.22643683],0
21.0,23.34,0.0,63.07,3660.7589999999987,[  21.      23.34     0.      63.07  3660.759],[-0.03129369 -0.6750419  -0.0373632  -0.68787544 -0.35116642],0
21.0,23.34,0.0,73.73,19798.510050000026,[   21.         23.34        0.         73.73    19798.51005],[-0.03129369 -0.6750419  -0.0373632   1.35391757  0.05693798],3
21.0,23.35,0.0,62.12,648.711666666667,[ 21.          23.35         0.          62.12       648.71166667],[-0.03129369 -0.67419811 -0.0373632  -0.86983636 -0.42733749],0
21.0,23.35,0.0,73.73,86770.7269333333,"[2.10000000e+01 2.33500000e+01 0.00000000e+00 7.37300000e+01
 8.67707269e+04]",[-0.03129369 -0.67419811 -0.0373632   1.35391757  1.75058513],3
21.0,23.36,0.0,63.07,2730.860466666671,[  21.           23.36          0.           63.07       2730.86046667],[-0.03129369 -0.67335431 -0.0373632  -0.68787544 -0.37468244],0
21.0,23.36,0.0,68.56,11134.796450000003,[   21.         23.36        0.         68.56    11134.79645],[-0.03129369 -0.67335431 -0.0373632   0.36366711 -0.16215696],3
21.0,23.36,0.0,73.73,38848.60402999999,[2.1000000e+01 2.3360000e+01 0.0000000e+00 7.3730000e+01 3.8848604e+04],[-0.03129369 -0.67335431 -0.0373632   1.35391757  0.53869204],3
21.0,23.37,0.0,62.12,5420.801025000003,[  21.         23.37        0.         62.12     5420.801025],[-0.03129369 -0.67251051 -0.0373632  -0.86983636 -0.30665707],0
21.0,23.38,0.0,62.12,42.044450000000666,[21.      23.38     0.      62.12    42.04445],[-0.03129369 -0.67166672 -0.0373632  -0.86983636 -0.44267938],0
21.0,23.38,0.0,63.07,3073.82125666667,[  21.           23.38          0.           63.07       3073.82125667],[-0.03129369 -0.67166672 -0.0373632  -0.68787544 -0.36600937],0
21.0,23.38,0.0,70.51,19208.0,[   21.      23.38     0.      70.51 19208.  ],[-0.03129369 -0.67166672 -0.0373632   0.73716583  0.04200468],3
21.0,23.38,0.0,73.73,17910.417233333297,"[   21.            23.38           0.            73.73
 17910.41723333]",[-0.03129369 -0.67166672 -0.0373632   1.35391757  0.00919037],3
21.0,23.39,0.0,62.12,1713.4658000000013,[  21.       23.39      0.       62.12   1713.4658],[-0.03129369 -0.67082292 -0.0373632  -0.86983636 -0.40041113],0
21.0,23.39,0.0,73.73,16431.219200000014,[   21.        23.39       0.        73.73   16431.2192],[-0.03129369 -0.67082292 -0.0373632   1.35391757 -0.02821678],3
21.0,23.4,0.0,62.12,8854.24763333333,[  21.           23.4           0.           62.12       8854.24763333],[-0.03129369 -0.66997913 -0.0373632  -0.86983636 -0.21982931],0
21.0,23.4,0.0,63.07,11.28125,[21.      23.4      0.      63.07    11.28125],[-0.03129369 -0.66997913 -0.0373632  -0.68787544 -0.44345734],0
21.0,23.4,0.0,68.56,3578.5800000000017,[  21.     23.4     0.     68.56 3578.58],[-0.03129369 -0.66997913 -0.0373632   0.36366711 -0.35324463],3
21.0,23.4,0.0,73.73,5570.401250000007,[  21.        23.4        0.        73.73    5570.40125],[-0.03129369 -0.66997913 -0.0373632   1.35391757 -0.30287385],3
21.0,23.41,0.0,62.12,8408.014079999992,[  21.        23.41       0.        62.12    8408.01408],[-0.03129369 -0.66913533 -0.0373632  -0.86983636 -0.23111402],0
21.0,23.41,0.0,63.07,3901.5402999999997,[  21.       23.41      0.       63.07   3901.5403],[-0.03129369 -0.66913533 -0.0373632  -0.68787544 -0.34507735],0
21.0,23.41,0.0,73.73,47558.36405000001,"[2.10000000e+01 2.34100000e+01 0.00000000e+00 7.37300000e+01
 4.75583641e+04]",[-0.03129369 -0.66913533 -0.0373632   1.35391757  0.75895144],3
21.0,23.42,0.0,62.12,1241.5144499999992,[  21.        23.42       0.        62.12    1241.51445],[-0.03129369 -0.66829154 -0.0373632  -0.86983636 -0.41234622],0
21.0,23.42,0.0,63.07,3590.683000000007,[  21.      23.42     0.      63.07  3590.683],[-0.03129369 -0.66829154 -0.0373632  -0.68787544 -0.35293856],0
21.0,23.42,0.0,73.73,1761.651300000013,[  21.       23.42      0.       73.73   1761.6513],[-0.03129369 -0.66829154 -0.0373632   1.35391757 -0.39919258],3
21.0,23.43,0.0,62.12,4503.675033333334,[  21.           23.43          0.           62.12       4503.67503333],[-0.03129369 -0.66744774 -0.0373632  -0.86983636 -0.32985008],0
21.0,23.43,0.0,63.07,0.1624499999999637,[21.      23.43     0.      63.07     0.16245],[-0.03129369 -0.66744774 -0.0373632  -0.68787544 -0.44373852],0
21.0,23.43,0.0,73.73,18215.678449999978,[   21.         23.43        0.         73.73    18215.67845],[-0.03129369 -0.66744774 -0.0373632   1.35391757  0.01691006],3
21.0,23.44,0.0,62.12,2697.4512500000033,[  21.        23.44       0.        62.12    2697.45125],[-0.03129369 -0.66660395 -0.0373632  -0.86983636 -0.37552732],0
21.0,23.44,0.0,63.07,26.791199999999534,[21.     23.44    0.     63.07   26.7912],[-0.03129369 -0.66660395 -0.0373632  -0.68787544 -0.44306511],0
21.0,23.44,0.0,68.56,9621.44323333334,[  21.           23.44          0.           68.56       9621.44323333],[-0.03129369 -0.66660395 -0.0373632   0.36366711 -0.20042785],3
21.0,23.45,0.0,62.12,15970.419200000006,[   21.        23.45       0.        62.12   15970.4192],[-0.03129369 -0.66576015 -0.0373632  -0.86983636 -0.03986986],0
21.0,23.45,0.0,63.07,2.2177000000001894,[21.     23.45    0.     63.07    2.2177],[-0.03129369 -0.66576015 -0.0373632  -0.68787544 -0.44368655],0
21.0,23.45,0.0,73.73,11502.923033333329,"[   21.            23.45           0.            73.73
 11502.92303333]",[-0.03129369 -0.66576015 -0.0373632   1.35391757 -0.15284748],3
21.0,23.46,0.0,62.12,8308.372333333324,[  21.           23.46          0.           62.12       8308.37233333],[-0.03129369 -0.66491635 -0.0373632  -0.86983636 -0.23363385],0
21.0,23.46,0.0,63.07,4140.278199999998,[  21.       23.46      0.       63.07   4140.2782],[-0.03129369 -0.66491635 -0.0373632  -0.68787544 -0.33903995],0
21.0,23.47,0.0,62.12,5493.71468,[  21.        23.47       0.        62.12    5493.71468],[-0.03129369 -0.66407256 -0.0373632  -0.86983636 -0.30481317],0
21.0,23.47,0.0,63.07,3968.8860000000045,[  21.      23.47     0.      63.07  3968.886],[-0.03129369 -0.66407256 -0.0373632  -0.68787544 -0.34337426],0
21.0,23.47,0.0,68.56,7171.559433333348,[  21.           23.47          0.           68.56       7171.55943333],[-0.03129369 -0.66407256 -0.0373632   0.36366711 -0.26238248],3
21.0,23.47,0.0,73.73,37185.05556999998,"[2.10000000e+01 2.34700000e+01 0.00000000e+00 7.37300000e+01
 3.71850556e+04]",[-0.03129369 -0.66407256 -0.0373632   1.35391757  0.49662289],3
21.0,23.48,0.0,63.07,7.955933333333612,[21.         23.48        0.         63.07        7.95593333],[-0.03129369 -0.66322876 -0.0373632  -0.68787544 -0.44354143],0
21.0,23.48,0.0,73.73,1841.2923000000033,[  21.       23.48      0.       73.73   1841.2923],[-0.03129369 -0.66322876 -0.0373632   1.35391757 -0.39717855],3
21.0,23.49,0.0,62.12,16306.374050000017,[   21.         23.49        0.         62.12    16306.37405],[-0.03129369 -0.66238497 -0.0373632  -0.86983636 -0.03137396],0
21.0,23.49,0.0,63.07,3.0138999999999943,[21.     23.49    0.     63.07    3.0139],[-0.03129369 -0.66238497 -0.0373632  -0.68787544 -0.44366641],0
21.0,23.49,0.0,68.56,0.2664500000000133,[21.      23.49     0.      68.56     0.26645],[-0.03129369 -0.66238497 -0.0373632   0.36366711 -0.44373589],3
21.0,23.49,0.0,73.73,20720.37245000001,[   21.         23.49        0.         73.73    20720.37245],[-0.03129369 -0.66238497 -0.0373632   1.35391757  0.08025077],3
21.0,23.5,0.0,62.12,2535.5679766666685,[  21.           23.5           0.           62.12       2535.56797667],[-0.03129369 -0.66154117 -0.0373632  -0.86983636 -0.37962115],0
21.0,23.5,0.0,63.07,3504.6507866666666,[  21.           23.5           0.           63.07       3504.65078667],[-0.03129369 -0.66154117 -0.0373632  -0.68787544 -0.35511421],0
21.0,23.5,0.0,73.73,16937.20124999997,[   21.         23.5         0.         73.73    16937.20125],[-0.03129369 -0.66154117 -0.0373632   1.35391757 -0.0154211 ],3
21.0,23.51,0.0,63.07,3856.4752,[  21.       23.51      0.       63.07   3856.4752],[-0.03129369 -0.66069738 -0.0373632  -0.68787544 -0.34621699],0
21.0,23.51,0.0,73.73,55270.906691666656,"[2.10000000e+01 2.35100000e+01 0.00000000e+00 7.37300000e+01
 5.52709067e+04]",[-0.03129369 -0.66069738 -0.0373632   1.35391757  0.9539924 ],3
21.0,23.52,0.0,62.12,18156.55680000002,[   21.        23.52       0.        62.12   18156.5568],[-0.03129369 -0.65985358 -0.0373632  -0.86983636  0.01541495],0
21.0,23.52,0.0,63.07,3865.8412333333363,[  21.           23.52          0.           63.07       3865.84123333],[-0.03129369 -0.65985358 -0.0373632  -0.68787544 -0.34598014],0
21.0,23.52,0.0,68.56,6746.14819999999,[  21.       23.52      0.       68.56   6746.1482],[-0.03129369 -0.65985358 -0.0373632   0.36366711 -0.27314062],3
21.0,23.53,0.0,62.12,8353.265491666669,[  21.           23.53          0.           62.12       8353.26549167],[-0.03129369 -0.65900979 -0.0373632  -0.86983636 -0.23249855],0
21.0,23.53,0.0,63.07,4.9616666666667015,[21.         23.53        0.         63.07        4.96166667],[-0.03129369 -0.65900979 -0.0373632  -0.68787544 -0.44361716],0
21.0,23.54,0.0,62.12,6477.060369999995,[  21.        23.54       0.        62.12    6477.06037],[-0.03129369 -0.65816599 -0.0373632  -0.86983636 -0.27994553],0
21.0,23.54,0.0,63.07,4287.685899999999,[  21.       23.54      0.       63.07   4287.6859],[-0.03129369 -0.65816599 -0.0373632  -0.68787544 -0.33531219],0
21.0,23.54,0.0,68.56,7204.68189999998,[  21.       23.54      0.       68.56   7204.6819],[-0.03129369 -0.65816599 -0.0373632   0.36366711 -0.26154485],3
21.0,23.55,0.0,63.07,2317.1901999999964,[  21.       23.55      0.       63.07   2317.1902],[-0.03129369 -0.65732219 -0.0373632  -0.68787544 -0.38514367],0
21.0,23.55,0.0,73.73,3852.4147000000107,[  21.       23.55      0.       73.73   3852.4147],[-0.03129369 -0.65732219 -0.0373632   1.35391757 -0.34631968],3
21.0,23.56,0.0,62.12,1706.2090916666648,[  21.           23.56          0.           62.12       1706.20909167],[-0.03129369 -0.6564784  -0.0373632  -0.86983636 -0.40059465],0
21.0,23.56,0.0,63.07,19.764233333333568,[21.         23.56        0.         63.07       19.76423333],[-0.03129369 -0.6564784  -0.0373632  -0.68787544 -0.44324282],0
21.0,23.56,0.0,73.73,48809.37680000002,"[2.10000000e+01 2.35600000e+01 0.00000000e+00 7.37300000e+01
 4.88093768e+04]",[-0.03129369 -0.6564784  -0.0373632   1.35391757  0.79058805],3
21.0,23.57,0.0,62.12,5390.751350000003,[  21.        23.57       0.        62.12    5390.75135],[-0.03129369 -0.6556346  -0.0373632  -0.86983636 -0.30741699],0
21.0,23.57,0.0,63.07,2974.8287333333337,[  21.           23.57          0.           63.07       2974.82873333],[-0.03129369 -0.6556346  -0.0373632  -0.68787544 -0.36851278],0
21.0,23.58,0.0,62.12,11475.84009999999,[   21.        23.58       0.        62.12   11475.8401],[-0.03129369 -0.65479081 -0.0373632  -0.86983636 -0.15353238],0
21.0,23.58,0.0,63.07,4667.052099999998,[  21.       23.58      0.       63.07   4667.0521],[-0.03129369 -0.65479081 -0.0373632  -0.68787544 -0.32571847],0
21.0,23.58,0.0,70.51,19245.25804999998,[   21.         23.58        0.         70.51    19245.25805],[-0.03129369 -0.65479081 -0.0373632   0.73716583  0.0429469 ],3
21.0,23.58,0.0,73.73,53739.53279999999,"[2.10000000e+01 2.35800000e+01 0.00000000e+00 7.37300000e+01
 5.37395328e+04]",[-0.03129369 -0.65479081 -0.0373632   1.35391757  0.91526579],3
21.0,23.59,0.0,62.12,8483.81656666666,[  21.           23.59          0.           62.12       8483.81656667],[-0.03129369 -0.65394701 -0.0373632  -0.86983636 -0.22919707],0
21.0,23.59,0.0,63.07,2902.1646250000044,[  21.         23.59        0.         63.07     2902.164625],[-0.03129369 -0.65394701 -0.0373632  -0.68787544 -0.37035036],0
21.0,23.59,0.0,68.56,12747.254450000011,[   21.         23.59        0.         68.56    12747.25445],[-0.03129369 -0.65394701 -0.0373632   0.36366711 -0.12137983],3
21.0,23.6,0.0,63.07,6.827033333332945,[21.         23.6         0.         63.07        6.82703333],[-0.03129369 -0.65310322 -0.0373632  -0.68787544 -0.44356998],0
21.0,23.6,0.0,68.56,7411.959100000006,[  21.       23.6       0.       68.56   7411.9591],[-0.03129369 -0.65310322 -0.0373632   0.36366711 -0.25630306],3
21.0,23.61,0.0,62.12,3145.903429999994,[  21.        23.61       0.        62.12    3145.90343],[-0.03129369 -0.65225942 -0.0373632  -0.86983636 -0.3641865 ],0
21.0,23.61,0.0,68.56,3557.461250000002,[  21.        23.61       0.        68.56    3557.46125],[-0.03129369 -0.65225942 -0.0373632   0.36366711 -0.3537787 ],3
21.0,23.61,0.0,73.73,87650.65804999995,[2.1000000e+01 2.3610000e+01 0.0000000e+00 7.3730000e+01 8.7650658e+04],[-0.03129369 -0.65225942 -0.0373632   1.35391757  1.77283754],3
21.0,23.62,0.0,62.12,94.77390000000065,[21.     23.62    0.     62.12   94.7739],[-0.03129369 -0.65141563 -0.0373632  -0.86983636 -0.44134591],0
21.0,23.62,0.0,63.07,4450.663733333339,[  21.           23.62          0.           63.07       4450.66373333],[-0.03129369 -0.65141563 -0.0373632  -0.68787544 -0.33119068],0
21.0,23.62,0.0,73.73,9802.604233333332,[  21.           23.62          0.           73.73       9802.60423333],[-0.03129369 -0.65141563 -0.0373632   1.35391757 -0.19584651],3
21.0,23.63,0.0,62.12,12170.724233333325,"[   21.            23.63           0.            62.12
 12170.72423333]",[-0.03129369 -0.65057183 -0.0373632  -0.86983636 -0.13595959],0
21.0,23.63,0.0,63.07,3724.640833333331,[  21.           23.63          0.           63.07       3724.64083333],[-0.03129369 -0.65057183 -0.0373632  -0.68787544 -0.34955093],0
21.0,23.63,0.0,68.56,0.37844999999990503,[21.      23.63     0.      68.56     0.37845],[-0.03129369 -0.65057183 -0.0373632   0.36366711 -0.44373306],3
21.0,23.64,0.0,62.12,1265.0448999999967,[  21.       23.64      0.       62.12   1265.0449],[-0.03129369 -0.64972803 -0.0373632  -0.86983636 -0.41175116],0
21.0,23.64,0.0,63.07,8.040049999999964,[21.      23.64     0.      63.07     8.04005],[-0.03129369 -0.64972803 -0.0373632  -0.68787544 -0.44353931],0
21.0,23.65,0.0,63.07,4059.7041333333264,[  21.           23.65          0.           63.07       4059.70413333],[-0.03129369 -0.64888424 -0.0373632  -0.68787544 -0.34107758],0
21.0,23.66,0.0,63.07,6789.620449999997,[  21.        23.66       0.        63.07    6789.62045],[-0.03129369 -0.64804044 -0.0373632  -0.68787544 -0.27204126],0
21.0,23.66,0.0,73.73,43609.90013333334,"[2.10000000e+01 2.36600000e+01 0.00000000e+00 7.37300000e+01
 4.36099001e+04]",[-0.03129369 -0.64804044 -0.0373632   1.35391757  0.65909951],3
21.0,23.67,0.0,62.12,2495.726799999996,[  21.       23.67      0.       62.12   2495.7268],[-0.03129369 -0.64719665 -0.0373632  -0.86983636 -0.38062869],0
21.0,23.67,0.0,63.07,3883.042133333327,[  21.           23.67          0.           63.07       3883.04213333],[-0.03129369 -0.64719665 -0.0373632  -0.68787544 -0.34554515],0
21.0,23.67,0.0,68.56,12705.774049999976,[   21.         23.67        0.         68.56    12705.77405],[-0.03129369 -0.64719665 -0.0373632   0.36366711 -0.12242882],3
21.0,23.67,0.0,73.73,15604.377800000035,[   21.        23.67       0.        73.73   15604.3778],[-0.03129369 -0.64719665 -0.0373632   1.35391757 -0.04912661],3
21.0,23.68,0.0,62.12,4451.8348000000005,[  21.       23.68      0.       62.12   4451.8348],[-0.03129369 -0.64635285 -0.0373632  -0.86983636 -0.33116106],0
21.0,23.68,0.0,63.07,4209.8350333333365,[  21.           23.68          0.           63.07       4209.83503333],[-0.03129369 -0.64635285 -0.0373632  -0.68787544 -0.33728094],0
21.0,23.68,0.0,68.56,18531.804824999977,[   21.          23.68         0.          68.56     18531.804825],[-0.03129369 -0.64635285 -0.0373632   0.36366711  0.02490452],3
21.0,23.68,0.0,73.73,18909.290450000026,[   21.         23.68        0.         73.73    18909.29045],[-0.03129369 -0.64635285 -0.0373632   1.35391757  0.03445068],3
21.0,23.69,0.0,62.12,2380.5,[  21.     23.69    0.     62.12 2380.5 ],[-0.03129369 -0.64550906 -0.0373632  -0.86983636 -0.38354264],0
21.0,23.69,0.0,63.07,4263.630699999996,[  21.       23.69      0.       63.07   4263.6307],[-0.03129369 -0.64550906 -0.0373632  -0.68787544 -0.33592052],0
21.0,23.7,0.0,63.07,20.73680000000035,[21.     23.7     0.     63.07   20.7368],[-0.03129369 -0.64466526 -0.0373632  -0.68787544 -0.44321822],0
21.0,23.7,0.0,73.73,3089.7660499999834,[  21.        23.7        0.        73.73    3089.76605],[-0.03129369 -0.64466526 -0.0373632   1.35391757 -0.36560615],3
21.0,23.71,0.0,62.12,5080.2771,[  21.       23.71      0.       62.12   5080.2771],[-0.03129369 -0.64382147 -0.0373632  -0.86983636 -0.31526851],0
21.0,23.71,0.0,63.07,2894.0060916666694,[  21.           23.71          0.           63.07       2894.00609167],[-0.03129369 -0.64382147 -0.0373632  -0.68787544 -0.37055668],0
21.0,23.72,0.0,62.12,7272.827033333327,[  21.           23.72          0.           62.12       7272.82703333],[-0.03129369 -0.64297767 -0.0373632  -0.86983636 -0.25982155],0
21.0,23.73,0.0,63.07,3917.226440000003,[  21.        23.73       0.        63.07    3917.22644],[-0.03129369 -0.64213387 -0.0373632  -0.68787544 -0.34468067],0
21.0,23.74,0.0,62.12,839.5930916666683,[ 21.          23.74         0.          62.12       839.59309167],[-0.03129369 -0.64129008 -0.0373632  -0.86983636 -0.42251033],0
21.0,23.74,0.0,63.07,19.593799999999945,[21.     23.74    0.     63.07   19.5938],[-0.03129369 -0.64129008 -0.0373632  -0.68787544 -0.44324713],0
21.0,23.74,0.0,68.56,1280.1799999999953,[  21.     23.74    0.     68.56 1280.18],[-0.03129369 -0.64129008 -0.0373632   0.36366711 -0.41136841],3
21.0,23.74,0.0,73.73,2981.464200000011,[  21.       23.74      0.       73.73   2981.4642],[-0.03129369 -0.64129008 -0.0373632   1.35391757 -0.36834497],3
21.0,23.75,0.0,62.12,4859.03769166667,[  21.           23.75          0.           62.12       4859.03769167],[-0.03129369 -0.64044628 -0.0373632  -0.86983636 -0.32086339],0
21.0,23.75,0.0,68.56,43197.422449999984,"[2.10000000e+01 2.37500000e+01 0.00000000e+00 6.85600000e+01
 4.31974224e+04]",[-0.03129369 -0.64044628 -0.0373632   0.36366711  0.64866845],3
21.0,23.76,0.0,62.12,6041.789750000001,[  21.        23.76       0.        62.12    6041.78975],[-0.03129369 -0.63960249 -0.0373632  -0.86983636 -0.290953  ],0
21.0,23.76,0.0,63.07,14.907899999999568,[21.     23.76    0.     63.07   14.9079],[-0.03129369 -0.63960249 -0.0373632  -0.68787544 -0.44336563],0
21.0,23.76,0.0,68.56,11072.208050000008,[   21.         23.76        0.         68.56    11072.20805],[-0.03129369 -0.63960249 -0.0373632   0.36366711 -0.16373975],3
21.0,23.76,0.0,73.73,27485.856633333307,"[2.10000000e+01 2.37600000e+01 0.00000000e+00 7.37300000e+01
 2.74858566e+04]",[-0.03129369 -0.63960249 -0.0373632   1.35391757  0.25134176],3
21.0,23.77,0.0,62.12,1786.7833696428565,[  21.           23.77          0.           62.12       1786.78336964],[-0.03129369 -0.63875869 -0.0373632  -0.86983636 -0.39855702],0
21.0,23.77,0.0,63.07,4817.875633333333,[  21.           23.77          0.           63.07       4817.87563333],[-0.03129369 -0.63875869 -0.0373632  -0.68787544 -0.32190433],0
21.0,23.77,0.0,70.51,19317.916799999988,[   21.        23.77       0.        70.51   19317.9168],[-0.03129369 -0.63875869 -0.0373632   0.73716583  0.04478435],3
21.0,23.78,0.0,62.12,1825.1431356060582,[  21.           23.78          0.           62.12       1825.14313561],[-0.03129369 -0.6379149  -0.0373632  -0.86983636 -0.39758695],0
21.0,23.78,0.0,63.07,4107.916433333344,[  21.           23.78          0.           63.07       4107.91643333],[-0.03129369 -0.6379149  -0.0373632  -0.68787544 -0.33985834],0
21.0,23.78,0.0,73.73,2882.6824499999875,[  21.        23.78       0.        73.73    2882.68245],[-0.03129369 -0.6379149  -0.0373632   1.35391757 -0.37084304],3
21.0,23.79,0.0,62.12,7437.529533333326,[  21.           23.79          0.           62.12       7437.52953333],[-0.03129369 -0.6370711  -0.0373632  -0.86983636 -0.25565642],0
21.0,23.79,0.0,63.07,4017.0099999999984,[  21.     23.79    0.     63.07 4017.01],[-0.03129369 -0.6370711  -0.0373632  -0.68787544 -0.34215726],0
21.0,23.79,0.0,68.56,658.4820499999987,[ 21.       23.79      0.       68.56    658.48205],[-0.03129369 -0.6370711  -0.0373632   0.36366711 -0.42709041],3
21.0,23.79,0.0,73.73,4002.4404499999923,[  21.        23.79       0.        73.73    4002.44045],[-0.03129369 -0.6370711  -0.0373632   1.35391757 -0.34252571],3
21.0,23.8,0.0,63.07,4170.416633333327,[  21.           23.8           0.           63.07       4170.41663333],[-0.03129369 -0.63622731 -0.0373632  -0.68787544 -0.33827779],0
21.0,23.8,0.0,73.73,56380.82000000001,[2.100000e+01 2.380000e+01 0.000000e+00 7.373000e+01 5.638082e+04],[-0.03129369 -0.63622731 -0.0373632   1.35391757  0.98206078],3
21.0,23.81,0.0,63.07,6964.360199999998,[  21.       23.81      0.       63.07   6964.3602],[-0.03129369 -0.63538351 -0.0373632  -0.68787544 -0.2676223 ],0
21.0,23.81,0.0,68.56,3761.0464500000016,[  21.        23.81       0.        68.56    3761.04645],[-0.03129369 -0.63538351 -0.0373632   0.36366711 -0.34863027],3
21.0,23.81,0.0,73.73,128068.60500000001,"[2.10000000e+01 2.38100000e+01 0.00000000e+00 7.37300000e+01
 1.28068605e+05]",[-0.03129369 -0.63538351 -0.0373632   1.35391757  2.79495901],3
21.0,23.82,0.0,62.12,5669.983900000001,[  21.       23.82      0.       62.12   5669.9839],[-0.03129369 -0.63453972 -0.0373632  -0.86983636 -0.30035553],0
21.0,23.82,0.0,63.07,16.957033333333303,[21.         23.82        0.         63.07       16.95703333],[-0.03129369 -0.63453972 -0.0373632  -0.68787544 -0.44331381],0
21.0,23.83,0.0,63.07,4543.606799999995,[  21.       23.83      0.       63.07   4543.6068],[-0.03129369 -0.63369592 -0.0373632  -0.68787544 -0.32884026],0
21.0,23.83,0.0,68.56,22066.878666666682,"[2.10000000e+01 2.38300000e+01 0.00000000e+00 6.85600000e+01
 2.20668787e+04]",[-0.03129369 -0.63369592 -0.0373632   0.36366711  0.1143023 ],3
21.0,23.83,0.0,73.73,17153.224200000026,[   21.        23.83       0.        73.73   17153.2242],[-0.03129369 -0.63369592 -0.0373632   1.35391757 -0.00995813],3
21.0,23.84,0.0,62.12,2440.1008333333334,[  21.           23.84          0.           62.12       2440.10083333],[-0.03129369 -0.63285212 -0.0373632  -0.86983636 -0.3820354 ],0
21.0,23.84,0.0,63.07,4333.189633333333,[  21.           23.84          0.           63.07       4333.18963333],[-0.03129369 -0.63285212 -0.0373632  -0.68787544 -0.33416145],0
21.0,23.85,0.0,62.12,226.41919999999942,[ 21.      23.85     0.      62.12   226.4192],[-0.03129369 -0.63200833 -0.0373632  -0.86983636 -0.43801676],0
21.0,23.85,0.0,63.07,4303.471520000002,[  21.        23.85       0.        63.07    4303.47152],[-0.03129369 -0.63200833 -0.0373632  -0.68787544 -0.33491299],0
21.0,23.85,0.0,73.73,3680.8199999999865,[  21.     23.85    0.     73.73 3680.82],[-0.03129369 -0.63200833 -0.0373632   1.35391757 -0.3506591 ],3
21.0,23.86,0.0,63.07,4970.237233333342,[  21.           23.86          0.           63.07       4970.23723333],[-0.03129369 -0.63116453 -0.0373632  -0.68787544 -0.31805128],0
21.0,23.86,0.0,73.73,39420.48973333334,"[2.10000000e+01 2.38600000e+01 0.00000000e+00 7.37300000e+01
 3.94204897e+04]",[-0.03129369 -0.63116453 -0.0373632   1.35391757  0.55315434],3
21.0,23.87,0.0,62.12,930.3204333333372,[ 21.          23.87         0.          62.12       930.32043333],[-0.03129369 -0.63032074 -0.0373632  -0.86983636 -0.42021594],0
21.0,23.87,0.0,63.07,5499.907199999993,[  21.       23.87      0.       63.07   5499.9072],[-0.03129369 -0.63032074 -0.0373632  -0.68787544 -0.30465656],0
21.0,23.88,0.0,62.12,9709.211250000011,[  21.        23.88       0.        62.12    9709.21125],[-0.03129369 -0.62947694 -0.0373632  -0.86983636 -0.19820831],0
21.0,23.88,0.0,63.07,2689.771529999998,[  21.        23.88       0.        63.07    2689.77153],[-0.03129369 -0.62947694 -0.0373632  -0.68787544 -0.37572153],0
21.0,23.88,0.0,68.56,1336.4449999999965,[  21.      23.88     0.      68.56  1336.445],[-0.03129369 -0.62947694 -0.0373632   0.36366711 -0.40994554],3
21.0,23.89,0.0,62.12,6012.657800000003,[  21.       23.89      0.       62.12   6012.6578],[-0.03129369 -0.62863315 -0.0373632  -0.86983636 -0.29168972],0
21.0,23.89,0.0,63.07,4645.548699999997,[  21.       23.89      0.       63.07   4645.5487],[-0.03129369 -0.62863315 -0.0373632  -0.68787544 -0.32626227],0
21.0,23.9,0.0,62.12,8069.580799999995,[  21.       23.9       0.       62.12   8069.5808],[-0.03129369 -0.62778935 -0.0373632  -0.86983636 -0.2396726 ],0
21.0,23.9,0.0,63.07,36.88903333333415,[21.         23.9         0.         63.07       36.88903333],[-0.03129369 -0.62778935 -0.0373632  -0.68787544 -0.44280975],0
21.0,23.9,0.0,68.56,8980.680199999997,[  21.       23.9       0.       68.56   8980.6802],[-0.03129369 -0.62778935 -0.0373632   0.36366711 -0.21663198],3
21.0,23.9,0.0,73.73,5566.180050000011,[  21.        23.9        0.        73.73    5566.18005],[-0.03129369 -0.62778935 -0.0373632   1.35391757 -0.3029806 ],3
21.0,23.91,0.0,62.12,15556.716049999988,[   21.         23.91        0.         62.12    15556.71605],[-0.03129369 -0.62694556 -0.0373632  -0.86983636 -0.05033191],0
21.0,23.91,0.0,63.07,7.449800000000272,[21.     23.91    0.     63.07    7.4498],[-0.03129369 -0.62694556 -0.0373632  -0.68787544 -0.44355423],0
21.0,23.91,0.0,68.56,297.67999999999944,[ 21.    23.91   0.    68.56 297.68],[-0.03129369 -0.62694556 -0.0373632   0.36366711 -0.43621466],3
21.0,23.91,0.0,73.73,60506.098633333364,"[2.10000000e+01 2.39100000e+01 0.00000000e+00 7.37300000e+01
 6.05060986e+04]",[-0.03129369 -0.62694556 -0.0373632   1.35391757  1.08638414],3
21.0,23.92,0.0,63.07,35.78580000000031,[21.     23.92    0.     63.07   35.7858],[-0.03129369 -0.62610176 -0.0373632  -0.68787544 -0.44283765],0
21.0,23.93,0.0,63.07,3233.1250000000005,[  21.      23.93     0.      63.07  3233.125],[-0.03129369 -0.62525796 -0.0373632  -0.68787544 -0.36198077],0
21.0,23.94,0.0,62.12,5815.240691666665,[  21.           23.94          0.           62.12       5815.24069167],[-0.03129369 -0.62441417 -0.0373632  -0.86983636 -0.29668216],0
21.0,23.94,0.0,63.07,63.056450000000204,[21.      23.94     0.      63.07    63.05645],[-0.03129369 -0.62441417 -0.0373632  -0.68787544 -0.44214801],0
21.0,23.95,0.0,63.07,5699.916449999998,[  21.        23.95       0.        63.07    5699.91645],[-0.03129369 -0.62357037 -0.0373632  -0.68787544 -0.29959857],0
21.0,23.95,0.0,73.73,33444.738450000026,"[2.10000000e+01 2.39500000e+01 0.00000000e+00 7.37300000e+01
 3.34447385e+04]",[-0.03129369 -0.62357037 -0.0373632   1.35391757  0.40203475],3
21.0,23.96,0.0,62.12,988.7904500000012,[ 21.       23.96      0.       62.12    988.79045],[-0.03129369 -0.62272658 -0.0373632  -0.86983636 -0.4187373 ],0
21.0,23.96,0.0,63.07,2.875900000000072,[21.     23.96    0.     63.07    2.8759],[-0.03129369 -0.62272658 -0.0373632  -0.68787544 -0.4436699 ],0
21.0,23.96,0.0,70.51,19424.205000000016,[   21.       23.96      0.       70.51  19424.205],[-0.03129369 -0.62272658 -0.0373632   0.73716583  0.04747225],3
21.0,23.97,0.0,68.56,14402.439200000024,[   21.        23.97       0.        68.56   14402.4392],[-0.03129369 -0.62188278 -0.0373632   0.36366711 -0.07952219],3
21.0,23.97,0.0,73.73,2765.455433333345,[  21.           23.97          0.           73.73       2765.45543333],[-0.03129369 -0.62188278 -0.0373632   1.35391757 -0.37380758],3
21.0,23.98,0.0,62.12,9035.68553,[  21.        23.98       0.        62.12    9035.68553],[-0.03129369 -0.62103899 -0.0373632  -0.86983636 -0.21524097],0
21.0,23.98,0.0,63.07,5272.4909666666645,[  21.           23.98          0.           63.07       5272.49096667],[-0.03129369 -0.62103899 -0.0373632  -0.68787544 -0.31040765],0
21.0,23.99,0.0,63.07,17.633200000000723,[21.     23.99    0.     63.07   17.6332],[-0.03129369 -0.62019519 -0.0373632  -0.68787544 -0.44329671],0
21.0,23.99,0.0,68.56,16770.12980000004,[   21.        23.99       0.        68.56   16770.1298],[-0.03129369 -0.62019519 -0.0373632   0.36366711 -0.01964613],3
21.0,24.0,0.0,62.12,2343.3857999999987,[  21.       24.        0.       62.12   2343.3858],[-0.03129369 -0.6193514  -0.0373632  -0.86983636 -0.38448121],0
21.0,24.0,0.0,63.07,4169.256133333325,[  21.           24.            0.           63.07       4169.25613333],[-0.03129369 -0.6193514  -0.0373632  -0.68787544 -0.33830714],0
21.0,24.01,0.0,62.12,1175.1552000000008,[  21.       24.01      0.       62.12   1175.1552],[-0.03129369 -0.6185076  -0.0373632  -0.86983636 -0.41402436],0
21.0,24.01,0.0,63.07,5889.380450000015,[  21.        24.01       0.        63.07    5889.38045],[-0.03129369 -0.6185076  -0.0373632  -0.68787544 -0.29480725],0
21.0,24.01,0.0,68.56,9103.052450000025,[  21.        24.01       0.        68.56    9103.05245],[-0.03129369 -0.6185076  -0.0373632   0.36366711 -0.21353734],3
21.0,24.01,0.0,73.73,67907.25463333334,"[2.10000000e+01 2.40100000e+01 0.00000000e+00 7.37300000e+01
 6.79072546e+04]",[-0.03129369 -0.6185076  -0.0373632   1.35391757  1.27355051],3
21.0,24.02,0.0,62.12,78.00005000000012,[21.      24.02     0.      62.12    78.00005],[-0.03129369 -0.6176638  -0.0373632  -0.86983636 -0.4417701 ],0
21.0,24.02,0.0,63.07,3177.3350666666656,[  21.           24.02          0.           63.07       3177.33506667],[-0.03129369 -0.6176638  -0.0373632  -0.68787544 -0.36339163],0
21.0,24.02,0.0,68.56,3794.9472000000005,[  21.       24.02      0.       68.56   3794.9472],[-0.03129369 -0.6176638  -0.0373632   0.36366711 -0.34777296],3
21.0,24.02,0.0,73.73,129861.36845000005,"[2.10000000e+01 2.40200000e+01 0.00000000e+00 7.37300000e+01
 1.29861368e+05]",[-0.03129369 -0.6176638  -0.0373632   1.35391757  2.84029585],3
21.0,24.03,0.0,62.12,2306.005200000006,[  21.       24.03      0.       62.12   2306.0052],[-0.03129369 -0.61682001 -0.0373632  -0.86983636 -0.38542652],0
21.0,24.04,0.0,62.12,6208.4564,[  21.       24.04      0.       62.12   6208.4564],[-0.03129369 -0.61597621 -0.0373632  -0.86983636 -0.2867382 ],0
21.0,24.04,0.0,63.07,4156.766033333338,[  21.           24.04          0.           63.07       4156.76603333],[-0.03129369 -0.61597621 -0.0373632  -0.68787544 -0.338623  ],0
21.0,24.04,0.0,68.56,9119.251250000008,[  21.        24.04       0.        68.56    9119.25125],[-0.03129369 -0.61597621 -0.0373632   0.36366711 -0.21312769],3
21.0,24.05,0.0,62.12,2999.808700000005,[  21.       24.05      0.       62.12   2999.8087],[-0.03129369 -0.61513242 -0.0373632  -0.86983636 -0.36788106],0
21.0,24.05,0.0,63.07,23.701091666666667,[21.         24.05        0.         63.07       23.70109167],[-0.03129369 -0.61513242 -0.0373632  -0.68787544 -0.44314326],0
21.0,24.06,0.0,63.07,7027.87449166667,[  21.           24.06          0.           63.07       7027.87449167],[-0.03129369 -0.61428862 -0.0373632  -0.68787544 -0.2660161 ],0
21.0,24.06,0.0,73.73,67182.1024333334,"[2.10000000e+01 2.40600000e+01 0.00000000e+00 7.37300000e+01
 6.71821024e+04]",[-0.03129369 -0.61428862 -0.0373632   1.35391757  1.25521228],3
21.0,24.07,0.0,63.07,5.85623333333359,[21.         24.07        0.         63.07        5.85623333],[-0.03129369 -0.61344483 -0.0373632  -0.68787544 -0.44359453],0
21.0,24.07,0.0,68.56,17036.283100000004,[   21.        24.07       0.        68.56   17036.2831],[-0.03129369 -0.61344483 -0.0373632   0.36366711 -0.01291543],3
21.0,24.08,0.0,62.12,51.308450000000526,[21.      24.08     0.      62.12    51.30845],[-0.03129369 -0.61260103 -0.0373632  -0.86983636 -0.4424451 ],0
21.0,24.08,0.0,63.07,4095.5196249999995,[  21.         24.08        0.         63.07     4095.519625],[-0.03129369 -0.61260103 -0.0373632  -0.68787544 -0.34017184],0
21.0,24.09,0.0,62.12,10777.105033333337,"[   21.            24.09           0.            62.12
 10777.10503333]",[-0.03129369 -0.61175724 -0.0373632  -0.86983636 -0.17120255],0
21.0,24.09,0.0,63.07,53.25119999999934,[21.     24.09    0.     63.07   53.2512],[-0.03129369 -0.61175724 -0.0373632  -0.68787544 -0.44239597],0
21.0,24.09,0.0,68.56,9034.36820000001,[  21.       24.09      0.       68.56   9034.3682],[-0.03129369 -0.61175724 -0.0373632   0.36366711 -0.21527428],3
21.0,24.09,0.0,73.73,1968.3169583333329,[  21.           24.09          0.           73.73       1968.31695833],[-0.03129369 -0.61175724 -0.0373632   1.35391757 -0.39396625],3
21.0,24.1,0.0,62.12,6457.815633333333,[  21.           24.1           0.           62.12       6457.81563333],[-0.03129369 -0.61091344 -0.0373632  -0.86983636 -0.28043221],0
21.0,24.1,0.0,63.07,7063.091758333337,[  21.           24.1           0.           63.07       7063.09175833],[-0.03129369 -0.61091344 -0.0373632  -0.68787544 -0.2651255 ],0
21.0,24.1,0.0,73.73,0.3674250000000787,[21.       24.1       0.       73.73      0.367425],[-0.03129369 -0.61091344 -0.0373632   1.35391757 -0.44373334],3
21.0,24.11,0.0,63.07,0.026450000000004182,[2.100e+01 2.411e+01 0.000e+00 6.307e+01 2.645e-02],[-0.03129369 -0.61006964 -0.0373632  -0.68787544 -0.44374196],0
21.0,24.11,0.0,73.73,66460.2412,"[2.10000000e+01 2.41100000e+01 0.00000000e+00 7.37300000e+01
 6.64602412e+04]",[-0.03129369 -0.61006964 -0.0373632   1.35391757  1.23695727],3
21.0,24.12,0.0,63.07,0.08820000000003056,[21.     24.12    0.     63.07    0.0882],[-0.03129369 -0.60922585 -0.0373632  -0.68787544 -0.4437404 ],0
21.0,24.12,0.0,73.73,71767.29863333334,"[2.10000000e+01 2.41200000e+01 0.00000000e+00 7.37300000e+01
 7.17672986e+04]",[-0.03129369 -0.60922585 -0.0373632   1.35391757  1.3711664 ],3
21.0,24.13,0.0,62.12,8468.582233333333,[  21.           24.13          0.           62.12       8468.58223333],[-0.03129369 -0.60838205 -0.0373632  -0.86983636 -0.22958233],0
21.0,24.13,0.0,63.07,3322.3133300000004,[  21.        24.13       0.        63.07    3322.31333],[-0.03129369 -0.60838205 -0.0373632  -0.68787544 -0.35972531],0
21.0,24.13,0.0,68.56,14393.954449999954,[   21.         24.13        0.         68.56    14393.95445],[-0.03129369 -0.60838205 -0.0373632   0.36366711 -0.07973676],3
21.0,24.13,0.0,73.73,0.13005000000005335,[21.      24.13     0.      73.73     0.13005],[-0.03129369 -0.60838205 -0.0373632   1.35391757 -0.44373934],3
21.0,24.14,0.0,62.12,7549.747200000006,[  21.       24.14      0.       62.12   7549.7472],[-0.03129369 -0.60753826 -0.0373632  -0.86983636 -0.25281857],0
21.0,24.14,0.0,73.73,8082.613679999998,[  21.        24.14       0.        73.73    8082.61368],[-0.03129369 -0.60753826 -0.0373632   1.35391757 -0.23934301],3
21.0,24.15,0.0,62.12,1605.7444500000008,[  21.        24.15       0.        62.12    1605.74445],[-0.03129369 -0.60669446 -0.0373632  -0.86983636 -0.40313528],0
21.0,24.15,0.0,63.07,2849.860199999999,[  21.       24.15      0.       63.07   2849.8602],[-0.03129369 -0.60669446 -0.0373632  -0.68787544 -0.37167308],0
21.0,24.15,0.0,68.56,10289.819066666672,"[   21.            24.15           0.            68.56
 10289.81906667]",[-0.03129369 -0.60669446 -0.0373632   0.36366711 -0.18352543],3
21.0,24.15,0.0,73.73,164.1231,[ 21.      24.15     0.      73.73   164.1231],[-0.03129369 -0.60669446 -0.0373632   1.35391757 -0.43959215],3
21.0,24.16,0.0,62.12,6504.05303333333,[  21.           24.16          0.           62.12       6504.05303333],[-0.03129369 -0.60585067 -0.0373632  -0.86983636 -0.27926292],0
21.0,24.16,0.0,63.07,21.213033333333367,[21.         24.16        0.         63.07       21.21303333],[-0.03129369 -0.60585067 -0.0373632  -0.68787544 -0.44320618],0
21.0,24.16,0.0,73.73,65846.84470000003,"[2.10000000e+01 2.41600000e+01 0.00000000e+00 7.37300000e+01
 6.58468447e+04]",[-0.03129369 -0.60585067 -0.0373632   1.35391757  1.22144521],3
21.0,24.17,0.0,63.07,5697.78125,[  21.        24.17       0.        63.07    5697.78125],[-0.03129369 -0.60500687 -0.0373632  -0.68787544 -0.29965257],0
21.0,24.17,0.0,73.73,2552.729199999996,[  21.       24.17      0.       73.73   2552.7292],[-0.03129369 -0.60500687 -0.0373632   1.35391757 -0.37918717],3
21.0,24.18,0.0,62.12,4524.776533333333,[  21.           24.18          0.           62.12       4524.77653333],[-0.03129369 -0.60416308 -0.0373632  -0.86983636 -0.32931645],0
21.0,24.18,0.0,63.07,959.839691666669,[ 21.          24.18         0.          63.07       959.83969167],[-0.03129369 -0.60416308 -0.0373632  -0.68787544 -0.41946943],0
21.0,24.18,0.0,68.56,14299.096050000002,[   21.         24.18        0.         68.56    14299.09605],[-0.03129369 -0.60416308 -0.0373632   0.36366711 -0.08213562],3
21.0,24.18,0.0,73.73,0.2763333333332561,[21.         24.18        0.         73.73        0.27633333],[-0.03129369 -0.60416308 -0.0373632   1.35391757 -0.44373564],3
21.0,24.19,0.0,62.12,879.0624500000002,[ 21.       24.19      0.       62.12    879.06245],[-0.03129369 -0.60331928 -0.0373632  -0.86983636 -0.42151219],0
21.0,24.19,0.0,63.07,5675.385800000002,[  21.       24.19      0.       63.07   5675.3858],[-0.03129369 -0.60331928 -0.0373632  -0.68787544 -0.30021892],0
21.0,24.19,0.0,73.73,3680.8200000000156,[  21.     24.19    0.     73.73 3680.82],[-0.03129369 -0.60331928 -0.0373632   1.35391757 -0.3506591 ],3
21.0,24.2,0.0,62.12,128.96179999999913,[ 21.      24.2      0.      62.12   128.9618],[-0.03129369 -0.60247548 -0.0373632  -0.86983636 -0.44048134],0
21.0,24.2,0.0,68.56,7976.143899999999,[  21.       24.2       0.       68.56   7976.1439],[-0.03129369 -0.60247548 -0.0373632   0.36366711 -0.2420355 ],3
21.0,24.2,0.0,73.73,160.80479999999847,[ 21.      24.2      0.      73.73   160.8048],[-0.03129369 -0.60247548 -0.0373632   1.35391757 -0.43967607],3
21.0,24.21,0.0,62.12,565.07978,[ 21.       24.21      0.       62.12    565.07978],[-0.03129369 -0.60163169 -0.0373632  -0.86983636 -0.42945244],0
21.0,24.21,0.0,63.07,2184.5782700000004,[  21.        24.21       0.        63.07    2184.57827],[-0.03129369 -0.60163169 -0.0373632  -0.68787544 -0.38849726],0
21.0,24.21,0.0,73.73,46208.093766666665,"[2.10000000e+01 2.42100000e+01 0.00000000e+00 7.37300000e+01
 4.62080938e+04]",[-0.03129369 -0.60163169 -0.0373632   1.35391757  0.72480472],3
21.0,24.22,0.0,62.12,1203.9324499999968,[  21.        24.22       0.        62.12    1203.93245],[-0.03129369 -0.60078789 -0.0373632  -0.86983636 -0.41329662],0
21.0,24.22,0.0,63.07,1705.8640500000047,[  21.        24.22       0.        63.07    1705.86405],[-0.03129369 -0.60078789 -0.0373632  -0.68787544 -0.40060337],0
21.0,24.22,0.0,68.56,22499.568450000024,"[2.10000000e+01 2.42200000e+01 0.00000000e+00 6.85600000e+01
 2.24995685e+04]",[-0.03129369 -0.60078789 -0.0373632   0.36366711  0.12524451],3
21.0,24.22,0.0,73.73,1174.5005600000015,[  21.        24.22       0.        73.73    1174.50056],[-0.03129369 -0.60078789 -0.0373632   1.35391757 -0.41404092],3
21.0,24.23,0.0,62.12,2128.8152666666697,[  21.           24.23          0.           62.12       2128.81526667],[-0.03129369 -0.5999441  -0.0373632  -0.86983636 -0.38990744],0
21.0,24.23,0.0,63.07,3438.684433333344,[  21.           24.23          0.           63.07       3438.68443333],[-0.03129369 -0.5999441  -0.0373632  -0.68787544 -0.35678242],0
21.0,24.23,0.0,68.56,16986.357491666666,"[   21.            24.23           0.            68.56
 16986.35749167]",[-0.03129369 -0.5999441  -0.0373632   0.36366711 -0.01417799],3
21.0,24.23,0.0,73.73,32652.654769999986,"[2.10000000e+01 2.42300000e+01 0.00000000e+00 7.37300000e+01
 3.26526548e+04]",[-0.03129369 -0.5999441  -0.0373632   1.35391757  0.3820039 ],3
21.0,24.24,0.0,62.12,4423.193500000002,[  21.       24.24      0.       62.12   4423.1935],[-0.03129369 -0.5991003  -0.0373632  -0.86983636 -0.33188536],0
21.0,24.24,0.0,63.07,12.954050000000452,[21.      24.24     0.      63.07    12.95405],[-0.03129369 -0.5991003  -0.0373632  -0.68787544 -0.44341504],0
21.0,24.24,0.0,73.73,1716.7715666666747,[  21.           24.24          0.           73.73       1716.77156667],[-0.03129369 -0.5991003  -0.0373632   1.35391757 -0.40032753],3
21.0,24.25,0.0,62.12,1788.6180500000069,[  21.        24.25       0.        62.12    1788.61805],[-0.03129369 -0.59825651 -0.0373632  -0.86983636 -0.39851062],0
21.0,24.25,0.0,63.07,3750.0150999999987,[  21.       24.25      0.       63.07   3750.0151],[-0.03129369 -0.59825651 -0.0373632  -0.68787544 -0.34890924],0
21.0,24.25,0.0,68.56,14155.713800000018,[   21.        24.25       0.        68.56   14155.7138],[-0.03129369 -0.59825651 -0.0373632   0.36366711 -0.08576158],3
21.0,24.25,0.0,73.73,0.11520000000000873,[21.     24.25    0.     73.73    0.1152],[-0.03129369 -0.59825651 -0.0373632   1.35391757 -0.44373972],3
21.0,24.26,0.0,62.12,2211.683366666664,[  21.           24.26          0.           62.12       2211.68336667],[-0.03129369 -0.59741271 -0.0373632  -0.86983636 -0.38781181],0
21.0,24.26,0.0,63.07,1306.523633333334,[  21.           24.26          0.           63.07       1306.52363333],[-0.03129369 -0.59741271 -0.0373632  -0.68787544 -0.41070221],0
21.0,24.26,0.0,73.73,36333.01853000002,"[2.10000000e+01 2.42600000e+01 0.00000000e+00 7.37300000e+01
 3.63330185e+04]",[-0.03129369 -0.59741271 -0.0373632   1.35391757  0.47507589],3
21.0,24.27,0.0,62.12,8243.280000000004,[  21.     24.27    0.     62.12 8243.28],[-0.03129369 -0.59656892 -0.0373632  -0.86983636 -0.23527995],0
21.0,24.27,0.0,63.07,2612.0440916666685,[  21.           24.27          0.           63.07       2612.04409167],[-0.03129369 -0.59656892 -0.0373632  -0.68787544 -0.37768716],0
21.0,24.27,0.0,73.73,2188.9410333333344,[  21.           24.27          0.           73.73       2188.94103333],[-0.03129369 -0.59656892 -0.0373632   1.35391757 -0.38838693],3
21.0,24.28,0.0,62.12,13375.93679999999,[   21.        24.28       0.        62.12   13375.9368],[-0.03129369 -0.59572512 -0.0373632  -0.86983636 -0.10548121],0
21.0,24.28,0.0,68.56,570.2064499999993,[ 21.       24.28      0.       68.56    570.20645],[-0.03129369 -0.59572512 -0.0373632   0.36366711 -0.42932279],3
21.0,24.28,0.0,73.73,0.011249999999962483,[2.100e+01 2.428e+01 0.000e+00 7.373e+01 1.125e-02],[-0.03129369 -0.59572512 -0.0373632   1.35391757 -0.44374235],3
21.0,24.29,0.0,62.12,3477.0480249999996,[  21.         24.29        0.         62.12     3477.048025],[-0.03129369 -0.59488132 -0.0373632  -0.86983636 -0.35581225],0
21.0,24.29,0.0,63.07,3725.181633333332,[  21.           24.29          0.           63.07       3725.18163333],[-0.03129369 -0.59488132 -0.0373632  -0.68787544 -0.34953725],0
21.0,24.29,0.0,70.51,11667.808800000012,[   21.        24.29       0.        70.51   11667.8088],[-0.03129369 -0.59488132 -0.0373632   0.73716583 -0.14867772],3
21.0,24.3,0.0,62.12,6525.604096666666,[  21.           24.3           0.           62.12       6525.60409667],[-0.03129369 -0.59403753 -0.0373632  -0.86983636 -0.27871792],0
21.0,24.3,0.0,63.07,983.9542916666677,[ 21.          24.3          0.          63.07       983.95429167],[-0.03129369 -0.59403753 -0.0373632  -0.68787544 -0.41885961],0
21.0,24.3,0.0,68.56,21498.096233333312,"[2.10000000e+01 2.43000000e+01 0.00000000e+00 6.85600000e+01
 2.14980962e+04]",[-0.03129369 -0.59403753 -0.0373632   0.36366711  0.09991848],3
21.0,24.3,0.0,73.73,111415.60125,"[2.10000000e+01 2.43000000e+01 0.00000000e+00 7.37300000e+01
 1.11415601e+05]",[-0.03129369 -0.59403753 -0.0373632   1.35391757  2.37382449],3
21.0,24.31,0.0,62.12,3383.7580124999995,[  21.          24.31         0.          62.12      3383.7580125],[-0.03129369 -0.59319373 -0.0373632  -0.86983636 -0.35817144],0
21.0,24.31,0.0,63.07,5491.519999999995,[  21.     24.31    0.     63.07 5491.52],[-0.03129369 -0.59319373 -0.0373632  -0.68787544 -0.30486867],0
21.0,24.31,0.0,68.56,16633.056049999977,[   21.         24.31        0.         68.56    16633.05605],[-0.03129369 -0.59319373 -0.0373632   0.36366711 -0.02311256],3
21.0,24.32,0.0,62.12,2083.221347619048,[  21.           24.32          0.           62.12       2083.22134762],[-0.03129369 -0.59234994 -0.0373632  -0.86983636 -0.39106046],0
21.0,24.32,0.0,73.73,1603.212433333336,[  21.           24.32          0.           73.73       1603.21243333],[-0.03129369 -0.59234994 -0.0373632   1.35391757 -0.40319931],3
21.0,24.33,0.0,62.12,2339.279986111109,[  21.           24.33          0.           62.12       2339.27998611],[-0.03129369 -0.59150614 -0.0373632  -0.86983636 -0.38458504],0
21.0,24.33,0.0,63.07,2730.270866666669,[  21.           24.33          0.           63.07       2730.27086667],[-0.03129369 -0.59150614 -0.0373632  -0.68787544 -0.37469735],0
21.0,24.33,0.0,68.56,567.1711999999983,[ 21.      24.33     0.      68.56   567.1712],[-0.03129369 -0.59150614 -0.0373632   0.36366711 -0.42939955],3
21.0,24.34,0.0,62.12,6964.018420000013,[  21.        24.34       0.        62.12    6964.01842],[-0.03129369 -0.59066235 -0.0373632  -0.86983636 -0.26763095],0
21.0,24.34,0.0,63.07,1316.093633333332,[  21.           24.34          0.           63.07       1316.09363333],[-0.03129369 -0.59066235 -0.0373632  -0.68787544 -0.4104602 ],0
21.0,24.34,0.0,73.73,119819.81045000002,[2.1000000e+01 2.4340000e+01 0.0000000e+00 7.3730000e+01 1.1981981e+05],[-0.03129369 -0.59066235 -0.0373632   1.35391757  2.58635687],3
21.0,24.35,0.0,62.12,3407.9286333333353,[  21.           24.35          0.           62.12       3407.92863333],[-0.03129369 -0.58981855 -0.0373632  -0.86983636 -0.3575602 ],0
21.0,24.35,0.0,63.07,5413.2012499999955,[  21.        24.35       0.        63.07    5413.20125],[-0.03129369 -0.58981855 -0.0373632  -0.68787544 -0.30684925],0
21.0,24.35,0.0,68.56,3082.6951999999987,[  21.       24.35      0.       68.56   3082.6952],[-0.03129369 -0.58981855 -0.0373632   0.36366711 -0.36578496],3
21.0,24.35,0.0,73.73,109886.72,[2.1000000e+01 2.4350000e+01 0.0000000e+00 7.3730000e+01 1.0988672e+05],[-0.03129369 -0.58981855 -0.0373632   1.35391757  2.33516091],3
21.0,24.36,0.0,62.12,6690.931200000007,[  21.       24.36      0.       62.12   6690.9312],[-0.03129369 -0.58897476 -0.0373632  -0.86983636 -0.27453699],0
21.0,24.36,0.0,63.07,5.678450000000207,[21.      24.36     0.      63.07     5.67845],[-0.03129369 -0.58897476 -0.0373632  -0.68787544 -0.44359903],0
21.0,24.37,0.0,62.12,67.04819999999981,[21.     24.37    0.     62.12   67.0482],[-0.03129369 -0.58813096 -0.0373632  -0.86983636 -0.44204706],0
21.0,24.37,0.0,63.07,3324.128233333332,[  21.           24.37          0.           63.07       3324.12823333],[-0.03129369 -0.58813096 -0.0373632  -0.68787544 -0.35967941],0
21.0,24.37,0.0,73.73,1361.3762000000092,[  21.       24.37      0.       73.73   1361.3762],[-0.03129369 -0.58813096 -0.0373632   1.35391757 -0.40931506],3
21.0,24.38,0.0,62.12,7132.20649166667,[  21.           24.38          0.           62.12       7132.20649167],[-0.03129369 -0.58728716 -0.0373632  -0.86983636 -0.26337767],0
21.0,24.38,0.0,63.07,1589.352200000003,[  21.       24.38      0.       63.07   1589.3522],[-0.03129369 -0.58728716 -0.0373632  -0.68787544 -0.40354982],0
21.0,24.38,0.0,68.56,7738.924050000024,[  21.        24.38       0.        68.56    7738.92405],[-0.03129369 -0.58728716 -0.0373632   0.36366711 -0.24803451],3
21.0,24.39,0.0,62.12,13610.850050000001,[   21.         24.39        0.         62.12    13610.85005],[-0.03129369 -0.58644337 -0.0373632  -0.86983636 -0.09954053],0
21.0,24.39,0.0,63.07,2670.4383583333306,[  21.           24.39          0.           63.07       2670.43835833],[-0.03129369 -0.58644337 -0.0373632  -0.68787544 -0.37621044],0
21.0,24.39,0.0,68.56,50219.14320000002,"[2.10000000e+01 2.43900000e+01 0.00000000e+00 6.85600000e+01
 5.02191432e+04]",[-0.03129369 -0.58644337 -0.0373632   0.36366711  0.82623936],3
21.0,24.4,0.0,62.12,6773.316050000005,[  21.        24.4        0.        62.12    6773.31605],[-0.03129369 -0.58559957 -0.0373632  -0.86983636 -0.27245358],0
21.0,24.4,0.0,73.73,62819.350033333394,[2.100000e+01 2.440000e+01 0.000000e+00 7.373000e+01 6.281935e+04],[-0.03129369 -0.58559957 -0.0373632   1.35391757  1.1448835 ],3
21.0,24.41,0.0,62.12,2805.4634916666732,[  21.           24.41          0.           62.12       2805.46349167],[-0.03129369 -0.58475578 -0.0373632  -0.86983636 -0.37279582],0
21.0,24.41,0.0,63.07,5277.753800000001,[  21.       24.41      0.       63.07   5277.7538],[-0.03129369 -0.58475578 -0.0373632  -0.68787544 -0.31027456],0
21.0,24.42,0.0,63.07,1146.8473000000029,[  21.       24.42      0.       63.07   1146.8473],[-0.03129369 -0.58391198 -0.0373632  -0.68787544 -0.41474024],0
21.0,24.42,0.0,68.56,3046.6817999999957,[  21.       24.42      0.       68.56   3046.6818],[-0.03129369 -0.58391198 -0.0373632   0.36366711 -0.3666957 ],3
21.0,24.43,0.0,62.12,5662.599798214287,[  21.           24.43          0.           62.12       5662.59979821],[-0.03129369 -0.58306819 -0.0373632  -0.86983636 -0.30054226],0
21.0,24.43,0.0,63.07,5503.0540500000025,[  21.        24.43       0.        63.07    5503.05405],[-0.03129369 -0.58306819 -0.0373632  -0.68787544 -0.30457698],0
21.0,24.43,0.0,73.73,1180.494050000007,[  21.        24.43       0.        73.73    1180.49405],[-0.03129369 -0.58306819 -0.0373632   1.35391757 -0.41388935],3
21.0,24.44,0.0,62.12,2242.0387457142874,[  21.           24.44          0.           62.12       2242.03874571],[-0.03129369 -0.58222439 -0.0373632  -0.86983636 -0.38704416],0
21.0,24.44,0.0,63.07,28.652450000000808,[21.      24.44     0.      63.07    28.65245],[-0.03129369 -0.58222439 -0.0373632  -0.68787544 -0.44301804],0
21.0,24.44,0.0,73.73,68232.95103333335,[2.1000000e+01 2.4440000e+01 0.0000000e+00 7.3730000e+01 6.8232951e+04],[-0.03129369 -0.58222439 -0.0373632   1.35391757  1.28178698],3
21.0,24.45,0.0,62.12,4273.663233333332,[  21.           24.45          0.           62.12       4273.66323333],[-0.03129369 -0.5813806  -0.0373632  -0.86983636 -0.33566681],0
21.0,24.45,0.0,63.07,5064.204800000004,[  21.       24.45      0.       63.07   5064.2048],[-0.03129369 -0.5813806  -0.0373632  -0.68787544 -0.31567496],0
21.0,24.45,0.0,70.51,63642.41645,"[2.10000000e+01 2.44500000e+01 0.00000000e+00 7.05100000e+01
 6.36424164e+04]",[-0.03129369 -0.5813806  -0.0373632   0.73716583  1.16569786],3
21.0,24.46,0.0,63.07,4547.988333333334,[  21.           24.46          0.           63.07       4547.98833333],[-0.03129369 -0.5805368  -0.0373632  -0.68787544 -0.32872945],0
21.0,24.46,0.0,68.56,9326.48013333333,[  21.           24.46          0.           68.56       9326.48013333],[-0.03129369 -0.5805368  -0.0373632   0.36366711 -0.20788712],3
21.0,24.47,0.0,62.12,826.7534333333354,[ 21.          24.47         0.          62.12       826.75343333],[-0.03129369 -0.57969301 -0.0373632  -0.86983636 -0.42283503],0
21.0,24.47,0.0,63.07,36.080533333332845,[21.         24.47        0.         63.07       36.08053333],[-0.03129369 -0.57969301 -0.0373632  -0.68787544 -0.4428302 ],0
21.0,24.47,0.0,73.73,53103.37089166665,"[2.10000000e+01 2.44700000e+01 0.00000000e+00 7.37300000e+01
 5.31033709e+04]",[-0.03129369 -0.57969301 -0.0373632   1.35391757  0.89917802],3
21.0,24.48,0.0,62.12,4463.430429999995,[  21.        24.48       0.        62.12    4463.43043],[-0.03129369 -0.57884921 -0.0373632  -0.86983636 -0.33086782],0
21.0,24.48,0.0,63.07,5213.2260500000075,[  21.        24.48       0.        63.07    5213.22605],[-0.03129369 -0.57884921 -0.0373632  -0.68787544 -0.31190639],0
21.0,24.49,0.0,62.12,13914.45619999999,[   21.        24.49       0.        62.12   13914.4562],[-0.03129369 -0.57800541 -0.0373632  -0.86983636 -0.0918627 ],0
21.0,24.49,0.0,68.56,3009.3281999999945,[  21.       24.49      0.       68.56   3009.3282],[-0.03129369 -0.57800541 -0.0373632   0.36366711 -0.36764032],3
21.0,24.49,0.0,73.73,1014.3007999999984,[  21.       24.49      0.       73.73   1014.3008],[-0.03129369 -0.57800541 -0.0373632   1.35391757 -0.41809218],3
21.0,24.5,0.0,62.12,1032.0921333333335,[  21.           24.5           0.           62.12       1032.09213333],[-0.03129369 -0.57716162 -0.0373632  -0.86983636 -0.41764226],0
21.0,24.5,0.0,63.07,2016.9927300000018,[  21.        24.5        0.        63.07    2016.99273],[-0.03129369 -0.57716162 -0.0373632  -0.68787544 -0.3927353 ],0
21.0,24.51,0.0,62.12,6368.689800000008,[  21.       24.51      0.       62.12   6368.6898],[-0.03129369 -0.57631782 -0.0373632  -0.86983636 -0.28268609],0
21.0,24.51,0.0,68.56,13931.143199999993,[   21.        24.51       0.        68.56   13931.1432],[-0.03129369 -0.57631782 -0.0373632   0.36366711 -0.0914407 ],3
21.0,24.52,0.0,62.12,8022.521958333331,[  21.           24.52          0.           62.12       8022.52195833],[-0.03129369 -0.57547403 -0.0373632  -0.86983636 -0.24086266],0
21.0,24.52,0.0,63.07,5098.480200000002,[  21.       24.52      0.       63.07   5098.4802],[-0.03129369 -0.57547403 -0.0373632  -0.68787544 -0.31480817],0
21.0,24.53,0.0,62.12,68.09444999999886,[21.      24.53     0.      62.12    68.09445],[-0.03129369 -0.57463023 -0.0373632  -0.86983636 -0.4420206 ],0
21.0,24.53,0.0,63.07,952.0868916666655,[ 21.          24.53         0.          63.07       952.08689167],[-0.03129369 -0.57463023 -0.0373632  -0.68787544 -0.41966549],0
21.0,24.53,0.0,68.56,21310.346533333337,"[2.10000000e+01 2.45300000e+01 0.00000000e+00 6.85600000e+01
 2.13103465e+04]",[-0.03129369 -0.57463023 -0.0373632   0.36366711  0.09517051],3
21.0,24.53,0.0,70.51,12377.937800000014,[   21.        24.53       0.        70.51   12377.9378],[-0.03129369 -0.57463023 -0.0373632   0.73716583 -0.13071941],3
21.0,24.53,0.0,73.73,1987.65124999999,[  21.        24.53       0.        73.73    1987.65125],[-0.03129369 -0.57463023 -0.0373632   1.35391757 -0.39347731],3
21.0,24.54,0.0,62.12,7179.732700000002,[  21.       24.54      0.       62.12   7179.7327],[-0.03129369 -0.57378644 -0.0373632  -0.86983636 -0.26217579],0
21.0,24.54,0.0,63.07,5037.068449999989,[  21.        24.54       0.        63.07    5037.06845],[-0.03129369 -0.57378644 -0.0373632  -0.68787544 -0.3163612 ],0
21.0,24.55,0.0,62.12,24.780800000000944,[21.     24.55    0.     62.12   24.7808],[-0.03129369 -0.57294264 -0.0373632  -0.86983636 -0.44311595],0
21.0,24.55,0.0,63.07,5731.992449999993,[  21.        24.55       0.        63.07    5731.99245],[-0.03129369 -0.57294264 -0.0373632  -0.68787544 -0.29878741],0
21.0,24.55,0.0,73.73,113478.47999999997,[2.1000000e+01 2.4550000e+01 0.0000000e+00 7.3730000e+01 1.1347848e+05],[-0.03129369 -0.57294264 -0.0373632   1.35391757  2.42599222],3
21.0,24.56,0.0,62.12,6070.62020000001,[  21.       24.56      0.       62.12   6070.6202],[-0.03129369 -0.57209885 -0.0373632  -0.86983636 -0.29022392],0
21.0,24.56,0.0,63.07,23.766633333333054,[21.         24.56        0.         63.07       23.76663333],[-0.03129369 -0.57209885 -0.0373632  -0.68787544 -0.4431416 ],0
21.0,24.56,0.0,68.56,6926.1233333333485,[  21.           24.56          0.           68.56       6926.12333333],[-0.03129369 -0.57209885 -0.0373632   0.36366711 -0.26858927],3
21.0,24.57,0.0,62.12,3743.1217333333334,[  21.           24.57          0.           62.12       3743.12173333],[-0.03129369 -0.57125505 -0.0373632  -0.86983636 -0.34908357],0
21.0,24.57,0.0,63.07,6539.716133333334,[  21.           24.57          0.           63.07       6539.71613333],[-0.03129369 -0.57125505 -0.0373632  -0.68787544 -0.27836104],0
21.0,24.57,0.0,70.51,20276.95219999999,[   21.        24.57       0.        70.51   20276.9522],[-0.03129369 -0.57125505 -0.0373632   0.73716583  0.06903721],3
21.0,24.58,0.0,62.12,57.6738000000001,[21.     24.58    0.     62.12   57.6738],[-0.03129369 -0.57041125 -0.0373632  -0.86983636 -0.44228413],0
21.0,24.58,0.0,68.56,13779.66004999998,[   21.         24.58        0.         68.56    13779.66005],[-0.03129369 -0.57041125 -0.0373632   0.36366711 -0.09527153],3
21.0,24.59,0.0,62.12,9807.617100000003,[  21.       24.59      0.       62.12   9807.6171],[-0.03129369 -0.56956746 -0.0373632  -0.86983636 -0.19571974],0
21.0,24.59,0.0,63.07,2599.5402,[  21.       24.59      0.       63.07   2599.5402],[-0.03129369 -0.56956746 -0.0373632  -0.68787544 -0.37800337],0
21.0,24.6,0.0,62.12,4482.970899999999,[  21.       24.6       0.       62.12   4482.9709],[-0.03129369 -0.56872366 -0.0373632  -0.86983636 -0.33037367],0
21.0,24.6,0.0,63.07,46.368449999999406,[21.      24.6      0.      63.07    46.36845],[-0.03129369 -0.56872366 -0.0373632  -0.68787544 -0.44257003],0
21.0,24.6,0.0,70.51,12480.420049999988,[   21.         24.6         0.         70.51    12480.42005],[-0.03129369 -0.56872366 -0.0373632   0.73716583 -0.12812776],3
21.0,24.61,0.0,62.12,6239.699899999997,[  21.       24.61      0.       62.12   6239.6999],[-0.03129369 -0.56787987 -0.0373632  -0.86983636 -0.28594809],0
21.0,24.61,0.0,63.07,4344.762824999997,[  21.         24.61        0.         63.07     4344.762825],[-0.03129369 -0.56787987 -0.0373632  -0.68787544 -0.33386878],0
21.0,24.61,0.0,68.56,7722.75920000001,[  21.       24.61      0.       68.56   7722.7592],[-0.03129369 -0.56787987 -0.0373632   0.36366711 -0.2484433 ],3
21.0,24.61,0.0,73.73,13541.219033333362,"[   21.            24.61           0.            73.73
 13541.21903333]",[-0.03129369 -0.56787987 -0.0373632   1.35391757 -0.10130142],3
21.0,24.62,0.0,68.56,28541.38320000002,"[2.10000000e+01 2.46200000e+01 0.00000000e+00 6.85600000e+01
 2.85413832e+04]",[-0.03129369 -0.56703607 -0.0373632   0.36366711  0.27803477],3
21.0,24.63,0.0,62.12,4465.564633333343,[  21.           24.63          0.           62.12       4465.56463333],[-0.03129369 -0.56619228 -0.0373632  -0.86983636 -0.33081385],0
21.0,24.63,0.0,63.07,31.93126666666655,[21.         24.63        0.         63.07       31.93126667],[-0.03129369 -0.56619228 -0.0373632  -0.68787544 -0.44293513],0
21.0,24.63,0.0,68.56,13688.505800000006,[   21.        24.63       0.        68.56   13688.5058],[-0.03129369 -0.56619228 -0.0373632   0.36366711 -0.09757671],3
21.0,24.64,0.0,62.12,5359.328186666666,[  21.           24.64          0.           62.12       5359.32818667],[-0.03129369 -0.56534848 -0.0373632  -0.86983636 -0.30821164],0
21.0,24.64,0.0,63.07,6392.345699999996,[  21.       24.64      0.       63.07   6392.3457],[-0.03129369 -0.56534848 -0.0373632  -0.68787544 -0.28208786],0
21.0,24.65,0.0,62.12,8783.425800000003,[  21.       24.65      0.       62.12   8783.4258],[-0.03129369 -0.56450469 -0.0373632  -0.86983636 -0.22162031],0
21.0,24.65,0.0,73.73,48985.67929166665,"[2.10000000e+01 2.46500000e+01 0.00000000e+00 7.37300000e+01
 4.89856793e+04]",[-0.03129369 -0.56450469 -0.0373632   1.35391757  0.79504653],3
21.0,24.66,0.0,62.12,7179.098433333327,[  21.           24.66          0.           62.12       7179.09843333],[-0.03129369 -0.56366089 -0.0373632  -0.86983636 -0.26219183],0
21.0,24.66,0.0,63.07,2034.2120700000032,[  21.        24.66       0.        63.07    2034.21207],[-0.03129369 -0.56366089 -0.0373632  -0.68787544 -0.39229984],0
21.0,24.67,0.0,62.12,5.6112499999998855,[21.      24.67     0.      62.12     5.61125],[-0.03129369 -0.56281709 -0.0373632  -0.86983636 -0.44360073],0
21.0,24.68,0.0,62.12,3455.4372249999983,[  21.         24.68        0.         62.12     3455.437225],[-0.03129369 -0.5619733  -0.0373632  -0.86983636 -0.35635876],0
21.0,24.68,0.0,63.07,6346.488933333332,[  21.           24.68          0.           63.07       6346.48893333],[-0.03129369 -0.5619733  -0.0373632  -0.68787544 -0.28324753],0
21.0,24.68,0.0,68.56,13599.303200000011,[   21.        24.68       0.        68.56   13599.3032],[-0.03129369 -0.5619733  -0.0373632   0.36366711 -0.09983254],3
21.0,24.68,0.0,70.51,65286.91125,"[2.10000000e+01 2.46800000e+01 0.00000000e+00 7.05100000e+01
 6.52869112e+04]",[-0.03129369 -0.5619733  -0.0373632   0.73716583  1.20728516],3
21.0,24.69,0.0,62.12,6704.225020000007,[  21.        24.69       0.        62.12    6704.22502],[-0.03129369 -0.5611295  -0.0373632  -0.86983636 -0.27420081],0
21.0,24.69,0.0,63.07,2384.1505333333293,[  21.           24.69          0.           63.07       2384.15053333],[-0.03129369 -0.5611295  -0.0373632  -0.68787544 -0.38345032],0
21.0,24.69,0.0,68.56,22994.401250000035,"[2.10000000e+01 2.46900000e+01 0.00000000e+00 6.85600000e+01
 2.29944013e+04]",[-0.03129369 -0.5611295  -0.0373632   0.36366711  0.13775824],3
21.0,24.69,0.0,73.73,247.0864500000004,[ 21.       24.69      0.       73.73    247.08645],[-0.03129369 -0.5611295  -0.0373632   1.35391757 -0.43749411],3
21.0,24.7,0.0,62.12,1182.438449999997,[  21.        24.7        0.        62.12    1182.43845],[-0.03129369 -0.56028571 -0.0373632  -0.86983636 -0.41384018],0
21.0,24.7,0.0,63.07,39.78320000000065,[21.     24.7     0.     63.07   39.7832],[-0.03129369 -0.56028571 -0.0373632  -0.68787544 -0.44273656],0
21.0,24.7,0.0,68.56,49461.415199999996,"[2.10000000e+01 2.47000000e+01 0.00000000e+00 6.85600000e+01
 4.94614152e+04]",[-0.03129369 -0.56028571 -0.0373632   0.36366711  0.80707732],3
21.0,24.7,0.0,73.73,8998.611800000002,[  21.       24.7       0.       73.73   8998.6118],[-0.03129369 -0.56028571 -0.0373632   1.35391757 -0.21617852],3
21.0,24.71,0.0,62.12,46.6808333333327,[21.         24.71        0.         62.12       46.68083333],[-0.03129369 -0.55944191 -0.0373632  -0.86983636 -0.44256213],0
21.0,24.71,0.0,63.07,6576.631633333334,[  21.           24.71          0.           63.07       6576.63163333],[-0.03129369 -0.55944191 -0.0373632  -0.68787544 -0.27742749],0
21.0,24.71,0.0,73.73,256.0550333333315,[ 21.          24.71         0.          73.73       256.05503333],[-0.03129369 -0.55944191 -0.0373632   1.35391757 -0.43726731],3
21.0,24.72,0.0,62.12,4949.712866666668,[  21.           24.72          0.           62.12       4949.71286667],[-0.03129369 -0.55859812 -0.0373632  -0.86983636 -0.31857032],0
21.0,24.72,0.0,63.07,3.9761999999998205,[21.     24.72    0.     63.07    3.9762],[-0.03129369 -0.55859812 -0.0373632  -0.68787544 -0.44364208],0
21.0,24.73,0.0,62.12,8163.815833333336,[  21.           24.73          0.           62.12       8163.81583333],[-0.03129369 -0.55775432 -0.0373632  -0.86983636 -0.23728951],0
21.0,24.73,0.0,63.07,3320.0270333333383,[  21.           24.73          0.           63.07       3320.02703333],[-0.03129369 -0.55775432 -0.0373632  -0.68787544 -0.35978312],0
21.0,24.73,0.0,73.73,135.83523333333366,[ 21.          24.73         0.          73.73       135.83523333],[-0.03129369 -0.55775432 -0.0373632   1.35391757 -0.44030752],3
21.0,24.74,0.0,62.12,1238.5440333333356,[  21.           24.74          0.           62.12       1238.54403333],[-0.03129369 -0.55691053 -0.0373632  -0.86983636 -0.41242134],0
21.0,24.74,0.0,63.07,2814.914866666666,[  21.           24.74          0.           63.07       2814.91486667],[-0.03129369 -0.55691053 -0.0373632  -0.68787544 -0.37255681],0
21.0,24.74,0.0,70.51,20499.075200000003,[   21.        24.74       0.        70.51   20499.0752],[-0.03129369 -0.55691053 -0.0373632   0.73716583  0.07465443],3
21.0,24.74,0.0,73.73,344.79380000000276,[ 21.      24.74     0.      73.73   344.7938],[-0.03129369 -0.55691053 -0.0373632   1.35391757 -0.43502321],3
21.0,24.75,0.0,62.12,2585.20575073529,[  21.           24.75          0.           62.12       2585.20575074],[-0.03129369 -0.55606673 -0.0373632  -0.86983636 -0.37836587],0
21.0,24.75,0.0,63.07,1288.9369333333336,[  21.           24.75          0.           63.07       1288.93693333],[-0.03129369 -0.55606673 -0.0373632  -0.68787544 -0.41114696],0
21.0,24.76,0.0,62.12,35.94495147058817,[21.         24.76        0.         62.12       35.94495147],[-0.03129369 -0.55522293 -0.0373632  -0.86983636 -0.44283363],0
21.0,24.76,0.0,63.07,5210.16320000001,[  21.       24.76      0.       63.07   5210.1632],[-0.03129369 -0.55522293 -0.0373632  -0.68787544 -0.31198384],0
21.0,24.76,0.0,68.56,4050.0,[  21.     24.76    0.     68.56 4050.  ],[-0.03129369 -0.55522293 -0.0373632   0.36366711 -0.34132298],3
21.0,24.76,0.0,73.73,50627.18042499997,"[2.10000000e+01 2.47600000e+01 0.00000000e+00 7.37300000e+01
 5.06271804e+04]",[-0.03129369 -0.55522293 -0.0373632   1.35391757  0.83655813],3
21.0,24.77,0.0,63.07,3039.1822333333325,[  21.           24.77          0.           63.07       3039.18223333],[-0.03129369 -0.55437914 -0.0373632  -0.68787544 -0.36688535],0
21.0,24.77,0.0,68.56,41928.28819999998,"[2.10000000e+01 2.47700000e+01 0.00000000e+00 6.85600000e+01
 4.19282882e+04]",[-0.03129369 -0.55437914 -0.0373632   0.36366711  0.61657356],3
21.0,24.78,0.0,62.12,7081.037370000005,[  21.        24.78       0.        62.12    7081.03737],[-0.03129369 -0.55353534 -0.0373632  -0.86983636 -0.26467168],0
21.0,24.78,0.0,63.07,746.6731000000009,[ 21.      24.78     0.      63.07   746.6731],[-0.03129369 -0.55353534 -0.0373632  -0.68787544 -0.42486016],0
21.0,24.78,0.0,68.56,11202.051200000027,[   21.        24.78       0.        68.56   11202.0512],[-0.03129369 -0.55353534 -0.0373632   0.36366711 -0.16045617],3
21.0,24.78,0.0,73.73,316.51279999999633,[ 21.      24.78     0.      73.73   316.5128],[-0.03129369 -0.55353534 -0.0373632   1.35391757 -0.4357384 ],3
21.0,24.79,0.0,62.12,8598.849800000005,[  21.       24.79      0.       62.12   8598.8498],[-0.03129369 -0.55269155 -0.0373632  -0.86983636 -0.22628802],0
21.0,24.79,0.0,63.07,3208.9430333333376,[  21.           24.79          0.           63.07       3208.94303333],[-0.03129369 -0.55269155 -0.0373632  -0.68787544 -0.3625923 ],0
21.0,24.79,0.0,73.73,22981.536050000046,"[2.10000000e+01 2.47900000e+01 0.00000000e+00 7.37300000e+01
 2.29815361e+04]",[-0.03129369 -0.55269155 -0.0373632   1.35391757  0.13743289],3
21.0,24.8,0.0,63.07,7.880450000000108,[21.      24.8      0.      63.07     7.88045],[-0.03129369 -0.55184775 -0.0373632  -0.68787544 -0.44354334],0
21.0,24.8,0.0,70.51,20452.53125,[   21.         24.8         0.         70.51    20452.53125],[-0.03129369 -0.55184775 -0.0373632   0.73716583  0.07347739],3
21.0,24.8,0.0,73.73,63.8449999999982,[21.    24.8    0.    73.73  63.845],[-0.03129369 -0.55184775 -0.0373632   1.35391757 -0.44212807],3
21.0,24.81,0.0,62.12,9079.35009999999,[  21.       24.81      0.       62.12   9079.3501],[-0.03129369 -0.55100396 -0.0373632  -0.86983636 -0.21413674],0
21.0,24.81,0.0,63.07,3986.508099999998,[  21.       24.81      0.       63.07   3986.5081],[-0.03129369 -0.55100396 -0.0373632  -0.68787544 -0.34292862],0
21.0,24.82,0.0,62.12,1827.6747000000043,[  21.       24.82      0.       62.12   1827.6747],[-0.03129369 -0.55016016 -0.0373632  -0.86983636 -0.39752293],0
21.0,24.82,0.0,63.07,3141.0815000000034,[  21.       24.82      0.       63.07   3141.0815],[-0.03129369 -0.55016016 -0.0373632  -0.68787544 -0.36430844],0
21.0,24.82,0.0,68.56,2707.7440500000107,[  21.        24.82       0.        68.56    2707.74405],[-0.03129369 -0.55016016 -0.0373632   0.36366711 -0.37526703],3
21.0,24.83,0.0,73.73,494.7234333333391,[ 21.          24.83         0.          73.73       494.72343333],[-0.03129369 -0.54931637 -0.0373632   1.35391757 -0.43123167],3
21.0,24.84,0.0,63.07,2562.9046249999974,[  21.         24.84        0.         63.07     2562.904625],[-0.03129369 -0.54847257 -0.0373632  -0.68787544 -0.37892984],0
21.0,24.84,0.0,68.56,41650.7522,"[2.10000000e+01 2.48400000e+01 0.00000000e+00 6.85600000e+01
 4.16507522e+04]",[-0.03129369 -0.54847257 -0.0373632   0.36366711  0.60955501],3
21.0,24.84,0.0,70.51,13066.977799999999,[   21.        24.84       0.        70.51   13066.9778],[-0.03129369 -0.54847257 -0.0373632   0.73716583 -0.11329441],3
21.0,24.84,0.0,73.73,140.11379999999824,[ 21.      24.84     0.      73.73   140.1138],[-0.03129369 -0.54847257 -0.0373632   1.35391757 -0.44019932],3
21.0,24.85,0.0,62.12,5910.290633333319,[  21.           24.85          0.           62.12       5910.29063333],[-0.03129369 -0.54762877 -0.0373632  -0.86983636 -0.29427846],0
21.0,24.85,0.0,63.07,4226.192566666666,[  21.           24.85          0.           63.07       4226.19256667],[-0.03129369 -0.54762877 -0.0373632  -0.68787544 -0.33686728],0
21.0,24.86,0.0,62.12,11947.06486666668,"[   21.            24.86           0.            62.12
 11947.06486667]",[-0.03129369 -0.54678498 -0.0373632  -0.86983636 -0.14161567],0
21.0,24.86,0.0,68.56,24661.52043333334,"[2.10000000e+01 2.48600000e+01 0.00000000e+00 6.85600000e+01
 2.46615204e+04]",[-0.03129369 -0.54678498 -0.0373632   0.36366711  0.17991768],3
21.0,24.86,0.0,73.73,104479.34720000003,"[2.10000000e+01 2.48600000e+01 0.00000000e+00 7.37300000e+01
 1.04479347e+05]",[-0.03129369 -0.54678498 -0.0373632   1.35391757  2.19841493],3
21.0,24.87,0.0,62.12,468.179999999999,[ 21.    24.87   0.    62.12 468.18],[-0.03129369 -0.54594118 -0.0373632  -0.86983636 -0.43190292],0
21.0,24.87,0.0,63.07,2897.0042333333336,[  21.           24.87          0.           63.07       2897.00423333],[-0.03129369 -0.54594118 -0.0373632  -0.68787544 -0.37048086],0
21.0,24.87,0.0,73.73,309.0708916666686,[ 21.          24.87         0.          73.73       309.07089167],[-0.03129369 -0.54594118 -0.0373632   1.35391757 -0.4359266 ],3
21.0,24.88,0.0,62.12,10853.475033333325,"[   21.            24.88           0.            62.12
 10853.47503333]",[-0.03129369 -0.54509739 -0.0373632  -0.86983636 -0.16927125],0
21.0,24.88,0.0,63.07,3827.0164333333355,[  21.           24.88          0.           63.07       3827.01643333],[-0.03129369 -0.54509739 -0.0373632  -0.68787544 -0.34696197],0
21.0,24.88,0.0,73.73,21982.851200000037,"[2.10000000e+01 2.48800000e+01 0.00000000e+00 7.37300000e+01
 2.19828512e+04]",[-0.03129369 -0.54509739 -0.0373632   1.35391757  0.11217735],3
21.0,24.89,0.0,62.12,341.72436666666727,[ 21.          24.89         0.          62.12       341.72436667],[-0.03129369 -0.54425359 -0.0373632  -0.86983636 -0.43510083],0
21.0,24.89,0.0,63.07,726.5754699999986,[ 21.       24.89      0.       63.07    726.57547],[-0.03129369 -0.54425359 -0.0373632  -0.68787544 -0.42536841],0
21.0,24.89,0.0,68.56,2668.151250000005,[  21.        24.89       0.        68.56    2668.15125],[-0.03129369 -0.54425359 -0.0373632   0.36366711 -0.37626828],3
21.0,24.89,0.0,73.73,1.5842000000001537,[21.     24.89    0.     73.73    1.5842],[-0.03129369 -0.54425359 -0.0373632   1.35391757 -0.44370257],3
21.0,24.9,0.0,62.12,17766.52675277778,"[   21.            24.9            0.            62.12
 17766.52675278]",[-0.03129369 -0.5434098  -0.0373632  -0.86983636  0.00555155],0
21.0,24.91,0.0,62.12,247.29921428571427,[ 21.          24.91         0.          62.12       247.29921429],[-0.03129369 -0.542566   -0.0373632  -0.86983636 -0.43748873],0
21.0,24.91,0.0,63.07,2639.642691666669,[  21.           24.91          0.           63.07       2639.64269167],[-0.03129369 -0.542566   -0.0373632  -0.68787544 -0.37698923],0
21.0,24.91,0.0,68.56,13441.440800000006,[   21.        24.91       0.        68.56   13441.4408],[-0.03129369 -0.542566   -0.0373632   0.36366711 -0.10382469],3
21.0,24.91,0.0,70.51,66926.7698,"[2.10000000e+01 2.49100000e+01 0.00000000e+00 7.05100000e+01
 6.69267698e+04]",[-0.03129369 -0.542566   -0.0373632   0.73716583  1.24875522],3
21.0,24.92,0.0,62.12,2404.517694444444,[  21.           24.92          0.           62.12       2404.51769444],[-0.03129369 -0.54172221 -0.0373632  -0.86983636 -0.38293526],0
21.0,24.92,0.0,63.07,856.3878666666668,[ 21.          24.92         0.          63.07       856.38786667],[-0.03129369 -0.54172221 -0.0373632  -0.68787544 -0.42208561],0
21.0,24.92,0.0,73.73,165.07445000000132,[ 21.       24.92      0.       73.73    165.07445],[-0.03129369 -0.54172221 -0.0373632   1.35391757 -0.4395681 ],3
21.0,24.93,0.0,62.12,5631.972429090904,[  21.           24.93          0.           62.12       5631.97242909],[-0.03129369 -0.54087841 -0.0373632  -0.86983636 -0.30131679],0
21.0,24.93,0.0,68.56,11136.288799999984,[   21.        24.93       0.        68.56   11136.2888],[-0.03129369 -0.54087841 -0.0373632   0.36366711 -0.16211922],3
21.0,24.94,0.0,62.12,16553.410409999993,[   21.         24.94        0.         62.12    16553.41041],[-0.03129369 -0.54003461 -0.0373632  -0.86983636 -0.02512671],0
21.0,24.94,0.0,63.07,1933.49277,[  21.        24.94       0.        63.07    1933.49277],[-0.03129369 -0.54003461 -0.0373632  -0.68787544 -0.39484691],0
21.0,24.95,0.0,62.12,9044.167648888892,[  21.           24.95          0.           62.12       9044.16764889],[-0.03129369 -0.53919082 -0.0373632  -0.86983636 -0.21502646],0
21.0,24.96,0.0,62.12,8798.134333333323,[  21.           24.96          0.           62.12       8798.13433333],[-0.03129369 -0.53834702 -0.0373632  -0.86983636 -0.22124835],0
21.0,24.96,0.0,63.07,4094.9971333333324,[  21.           24.96          0.           63.07       4094.99713333],[-0.03129369 -0.53834702 -0.0373632  -0.68787544 -0.34018506],0
21.0,24.96,0.0,68.56,2628.125,[  21.      24.96     0.      68.56  2628.125],[-0.03129369 -0.53834702 -0.0373632   0.36366711 -0.3772805 ],3
21.0,24.96,0.0,73.73,258.0992000000032,[ 21.      24.96     0.      73.73   258.0992],[-0.03129369 -0.53834702 -0.0373632   1.35391757 -0.43721561],3
21.0,24.97,0.0,62.12,9679.566583333319,[  21.           24.97          0.           62.12       9679.56658333],[-0.03129369 -0.53750323 -0.0373632  -0.86983636 -0.19895798],0
21.0,24.97,0.0,63.07,2474.4176333333335,[  21.           24.97          0.           63.07       2474.41763333],[-0.03129369 -0.53750323 -0.0373632  -0.68787544 -0.38116757],0
21.0,24.97,0.0,70.51,20710.195199999995,[   21.        24.97       0.        70.51   20710.1952],[-0.03129369 -0.53750323 -0.0373632   0.73716583  0.0799934 ],3
21.0,24.97,0.0,73.73,47913.43090000002,"[2.10000000e+01 2.49700000e+01 0.00000000e+00 7.37300000e+01
 4.79134309e+04]",[-0.03129369 -0.53750323 -0.0373632   1.35391757  0.76793065],3
21.0,24.98,0.0,62.12,5860.625792857146,[  21.           24.98          0.           62.12       5860.62579286],[-0.03129369 -0.53665943 -0.0373632  -0.86983636 -0.29553442],0
21.0,24.98,0.0,68.56,13312.224450000012,[   21.         24.98        0.         68.56    13312.22445],[-0.03129369 -0.53665943 -0.0373632   0.36366711 -0.10709242],3
21.0,24.99,0.0,62.12,17068.81119555554,"[   21.            24.99           0.            62.12
 17068.81119556]",[-0.03129369 -0.53581564 -0.0373632  -0.86983636 -0.01209284],0
21.0,24.99,0.0,63.07,4054.0246666666717,[  21.           24.99          0.           63.07       4054.02466667],[-0.03129369 -0.53581564 -0.0373632  -0.68787544 -0.3412212 ],0
21.0,25.0,0.0,62.12,10053.025421428567,"[   21.            25.             0.            62.12
 10053.02542143]",[-0.03129369 -0.53497184 -0.0373632  -0.86983636 -0.18951366],0
21.0,25.0,0.0,63.07,4040.106050000004,[  21.        25.         0.        63.07    4040.10605],[-0.03129369 -0.53497184 -0.0373632  -0.68787544 -0.34157319],0
21.0,25.01,0.0,62.12,8904.684192857136,[  21.           25.01          0.           62.12       8904.68419286],[-0.03129369 -0.53412805 -0.0373632  -0.86983636 -0.21855383],0
21.0,25.01,0.0,63.07,228.5522000000011,[ 21.      25.01     0.      63.07   228.5522],[-0.03129369 -0.53412805 -0.0373632  -0.68787544 -0.43796282],0
21.0,25.01,0.0,68.56,30100.27663333335,"[2.10000000e+01 2.50100000e+01 0.00000000e+00 6.85600000e+01
 3.01002766e+04]",[-0.03129369 -0.53412805 -0.0373632   0.36366711  0.31745732],3
21.0,25.02,0.0,62.12,8995.193365909088,[  21.           25.02          0.           62.12       8995.19336591],[-0.03129369 -0.53328425 -0.0373632  -0.86983636 -0.21626496],0
21.0,25.02,0.0,63.07,3009.861650000001,[  21.        25.02       0.        63.07    3009.86165],[-0.03129369 -0.53328425 -0.0373632  -0.68787544 -0.36762683],0
21.0,25.03,0.0,62.12,8517.571011111108,[  21.           25.03          0.           62.12       8517.57101111],[-0.03129369 -0.53244045 -0.0373632  -0.86983636 -0.22834346],0
21.0,25.03,0.0,63.07,3963.1704499999973,[  21.        25.03       0.        63.07    3963.17045],[-0.03129369 -0.53244045 -0.0373632  -0.68787544 -0.3435188 ],0
21.0,25.03,0.0,68.56,13229.137799999977,[   21.        25.03       0.        68.56   13229.1378],[-0.03129369 -0.53244045 -0.0373632   0.36366711 -0.10919358],3
21.0,25.03,0.0,70.51,20681.712199999987,[   21.        25.03       0.        70.51   20681.7122],[-0.03129369 -0.53244045 -0.0373632   0.73716583  0.0792731 ],3
21.0,25.04,0.0,62.12,16760.611862878784,"[   21.            25.04           0.            62.12
 16760.61186288]",[-0.03129369 -0.53159666 -0.0373632  -0.86983636 -0.01988683],0
21.0,25.04,0.0,63.07,3457.6584333333303,[  21.           25.04          0.           63.07       3457.65843333],[-0.03129369 -0.53159666 -0.0373632  -0.68787544 -0.35630259],0
21.0,25.05,0.0,62.12,6675.474237912092,[  21.           25.05          0.           62.12       6675.47423791],[-0.03129369 -0.53075286 -0.0373632  -0.86983636 -0.27492788],0
21.0,25.05,0.0,63.07,0.19844999999996132,[21.      25.05     0.      63.07     0.19845],[-0.03129369 -0.53075286 -0.0373632  -0.68787544 -0.44373761],0
21.0,25.05,0.0,68.56,13185.256049999998,[   21.         25.05        0.         68.56    13185.25605],[-0.03129369 -0.53075286 -0.0373632   0.36366711 -0.1103033 ],3
21.0,25.06,0.0,62.12,5916.106306315795,[  21.           25.06          0.           62.12       5916.10630632],[-0.03129369 -0.52990907 -0.0373632  -0.86983636 -0.29413139],0
21.0,25.06,0.0,63.07,5998.09123333333,[  21.           25.06          0.           63.07       5998.09123333],[-0.03129369 -0.52990907 -0.0373632  -0.68787544 -0.29205809],0
21.0,25.07,0.0,62.12,9063.377306666665,[  21.           25.07          0.           62.12       9063.37730667],[-0.03129369 -0.52906527 -0.0373632  -0.86983636 -0.21454067],0
21.0,25.07,0.0,63.07,1854.357129999999,[  21.        25.07       0.        63.07    1854.35713],[-0.03129369 -0.52906527 -0.0373632  -0.68787544 -0.39684816],0
21.0,25.08,0.0,62.12,22385.113090476167,"[2.10000000e+01 2.50800000e+01 0.00000000e+00 6.21200000e+01
 2.23851131e+04]",[-0.03129369 -0.52822148 -0.0373632  -0.86983636  0.12235007],0
21.0,25.08,0.0,68.56,13143.068450000017,[   21.         25.08        0.         68.56    13143.06845],[-0.03129369 -0.52822148 -0.0373632   0.36366711 -0.11137017],3
21.0,25.09,0.0,62.12,5821.6400916666635,[  21.           25.09          0.           62.12       5821.64009167],[-0.03129369 -0.52737768 -0.0373632  -0.86983636 -0.29652033],0
21.0,25.09,0.0,63.07,3957.479758333333,[  21.           25.09          0.           63.07       3957.47975833],[-0.03129369 -0.52737768 -0.0373632  -0.68787544 -0.34366271],0
21.0,25.09,0.0,68.56,29018.814049999994,[2.1000000e+01 2.5090000e+01 0.0000000e+00 6.8560000e+01 2.9018814e+04],[-0.03129369 -0.52737768 -0.0373632   0.36366711  0.29010842],3
21.0,25.1,0.0,62.12,9317.796599999989,[  21.       25.1       0.       62.12   9317.7966],[-0.03129369 -0.52653389 -0.0373632  -0.86983636 -0.20810671],0
21.0,25.1,0.0,63.07,2374.4970916666684,[  21.           25.1           0.           63.07       2374.49709167],[-0.03129369 -0.52653389 -0.0373632  -0.68787544 -0.38369444],0
21.0,25.1,0.0,68.56,20812.092233333336,"[   21.            25.1            0.            68.56
 20812.09223333]",[-0.03129369 -0.52653389 -0.0373632   0.36366711  0.08257026],3
21.0,25.11,0.0,62.12,10230.555758333328,"[   21.            25.11           0.            62.12
 10230.55575833]",[-0.03129369 -0.52569009 -0.0373632  -0.86983636 -0.18502413],0
21.0,25.12,0.0,62.12,4581.766291666664,[  21.           25.12          0.           62.12       4581.76629167],[-0.03129369 -0.5248463  -0.0373632  -0.86983636 -0.32787525],0
21.0,25.12,0.0,63.07,729.5787799999999,[ 21.       25.12      0.       63.07    729.57878],[-0.03129369 -0.5248463  -0.0373632  -0.68787544 -0.42529246],0
21.0,25.12,0.0,68.56,13060.512200000037,[   21.        25.12       0.        68.56   13060.5122],[-0.03129369 -0.5248463  -0.0373632   0.36366711 -0.11345792],3
21.0,25.13,0.0,62.12,31811.966569999993,"[2.10000000e+01 2.51300000e+01 0.00000000e+00 6.21200000e+01
 3.18119666e+04]",[-0.03129369 -0.5240025  -0.0373632  -0.86983636  0.3607439 ],0
21.0,25.13,0.0,63.07,5975.431199999993,[  21.       25.13      0.       63.07   5975.4312],[-0.03129369 -0.5240025  -0.0373632  -0.68787544 -0.29263113],0
21.0,25.13,0.0,73.73,41971.736450000004,"[2.10000000e+01 2.51300000e+01 0.00000000e+00 7.37300000e+01
 4.19717365e+04]",[-0.03129369 -0.5240025  -0.0373632   1.35391757  0.61767232],3
21.0,25.14,0.0,62.12,5210.608500000001,[  21.       25.14      0.       62.12   5210.6085],[-0.03129369 -0.5231587  -0.0373632  -0.86983636 -0.31197258],0
21.0,25.14,0.0,63.07,3741.9900499999994,[  21.        25.14       0.        63.07    3741.99005],[-0.03129369 -0.5231587  -0.0373632  -0.68787544 -0.34911218],0
21.0,25.14,0.0,73.73,200.40019999999964,[ 21.      25.14     0.      73.73   200.4002],[-0.03129369 -0.5231587  -0.0373632   1.35391757 -0.43867475],3
21.0,25.15,0.0,62.12,0.8844499999999033,[21.      25.15     0.      62.12     0.88445],[-0.03129369 -0.52231491 -0.0373632  -0.86983636 -0.44372026],0
21.0,25.15,0.0,63.07,3760.9555666666724,[  21.           25.15          0.           63.07       3760.95556667],[-0.03129369 -0.52231491 -0.0373632  -0.68787544 -0.34863257],0
21.0,25.15,0.0,68.56,13018.524800000021,[   21.        25.15       0.        68.56   13018.5248],[-0.03129369 -0.52231491 -0.0373632   0.36366711 -0.11451973],3
21.0,25.16,0.0,62.12,6264.911036111109,[  21.           25.16          0.           62.12       6264.91103611],[-0.03129369 -0.52147111 -0.0373632  -0.86983636 -0.28531053],0
21.0,25.16,0.0,63.07,149.966399999999,[ 21.      25.16     0.      63.07   149.9664],[-0.03129369 -0.52147111 -0.0373632  -0.68787544 -0.43995016],0
21.0,25.17,0.0,62.12,40038.369799999986,"[2.10000000e+01 2.51700000e+01 0.00000000e+00 6.21200000e+01
 4.00383698e+04]",[-0.03129369 -0.52062732 -0.0373632  -0.86983636  0.56877979],0
21.0,25.17,0.0,63.07,2474.2086999999974,[  21.       25.17      0.       63.07   2474.2087],[-0.03129369 -0.52062732 -0.0373632  -0.68787544 -0.38117286],0
21.0,25.17,0.0,68.56,24224.518799999998,"[2.10000000e+01 2.51700000e+01 0.00000000e+00 6.85600000e+01
 2.42245188e+04]",[-0.03129369 -0.52062732 -0.0373632   0.36366711  0.16886644],3
21.0,25.18,0.0,62.12,4044.777896666671,[  21.           25.18          0.           62.12       4044.77789667],[-0.03129369 -0.51978352 -0.0373632  -0.86983636 -0.34145504],0
21.0,25.18,0.0,63.07,5537.519433333333,[  21.           25.18          0.           63.07       5537.51943333],[-0.03129369 -0.51978352 -0.0373632  -0.68787544 -0.3037054 ],0
21.0,25.19,0.0,62.12,9820.597733333336,[  21.           25.19          0.           62.12       9820.59773333],[-0.03129369 -0.51893973 -0.0373632  -0.86983636 -0.19539148],0
21.0,25.19,0.0,63.07,2586.301491666664,[  21.           25.19          0.           63.07       2586.30149167],[-0.03129369 -0.51893973 -0.0373632  -0.68787544 -0.37833816],0
21.0,25.19,0.0,70.51,20971.51999999999,[   21.      25.19     0.      70.51 20971.52],[-0.03129369 -0.51893973 -0.0373632   0.73716583  0.08660199],3
21.0,25.2,0.0,62.12,8578.008633333333,[  21.           25.2           0.           62.12       8578.00863333],[-0.03129369 -0.51809593 -0.0373632  -0.86983636 -0.22681507],0
21.0,25.2,0.0,63.07,0.08820000000003056,[21.     25.2     0.     63.07    0.0882],[-0.03129369 -0.51809593 -0.0373632  -0.68787544 -0.4437404 ],0
21.0,25.21,0.0,62.12,40314.11769166668,"[2.10000000e+01 2.52100000e+01 0.00000000e+00 6.21200000e+01
 4.03141177e+04]",[-0.03129369 -0.51725214 -0.0373632  -0.86983636  0.57575312],0
21.0,25.22,0.0,62.12,5220.258170000001,[  21.        25.22       0.        62.12    5220.25817],[-0.03129369 -0.51640834 -0.0373632  -0.86983636 -0.31172855],0
21.0,25.22,0.0,63.07,2997.8058299999993,[  21.        25.22       0.        63.07    2997.80583],[-0.03129369 -0.51640834 -0.0373632  -0.68787544 -0.36793171],0
21.0,25.22,0.0,68.56,6491.4086999999745,[  21.       25.22      0.       68.56   6491.4087],[-0.03129369 -0.51640834 -0.0373632   0.36366711 -0.27958268],3
21.0,25.22,0.0,70.51,13994.644999999993,[   21.       25.22      0.       70.51  13994.645],[-0.03129369 -0.51640834 -0.0373632   0.73716583 -0.08983482],3
21.0,25.23,0.0,62.12,20570.004449999986,[   21.         25.23        0.         62.12    20570.00445],[-0.03129369 -0.51556454 -0.0373632  -0.86983636  0.07644815],0
21.0,25.23,0.0,73.73,26773.780900000005,"[2.10000000e+01 2.52300000e+01 0.00000000e+00 7.37300000e+01
 2.67737809e+04]",[-0.03129369 -0.51556454 -0.0373632   1.35391757  0.23333422],3
21.0,25.24,0.0,62.12,3643.796929999997,[  21.        25.24       0.        62.12    3643.79693],[-0.03129369 -0.51472075 -0.0373632  -0.86983636 -0.35159537],0
21.0,25.24,0.0,68.56,24059.028933333328,"[2.10000000e+01 2.52400000e+01 0.00000000e+00 6.85600000e+01
 2.40590289e+04]",[-0.03129369 -0.51472075 -0.0373632   0.36366711  0.1646814 ],3
21.0,25.25,0.0,62.12,29427.135530000014,"[2.10000000e+01 2.52500000e+01 0.00000000e+00 6.21200000e+01
 2.94271355e+04]",[-0.03129369 -0.51387695 -0.0373632  -0.86983636  0.30043438],0
21.0,25.25,0.0,63.07,3947.285166666669,[  21.           25.25          0.           63.07       3947.28516667],[-0.03129369 -0.51387695 -0.0373632  -0.68787544 -0.34392052],0
21.0,25.25,0.0,70.51,20963.3288,[   21.        25.25       0.        70.51   20963.3288],[-0.03129369 -0.51387695 -0.0373632   0.73716583  0.08639485],3
21.0,25.26,0.0,62.12,8867.813249999996,[  21.        25.26       0.        62.12    8867.81325],[-0.03129369 -0.51303316 -0.0373632  -0.86983636 -0.21948625],0
21.0,25.26,0.0,63.07,3628.6680500000048,[  21.        25.26       0.        63.07    3628.66805],[-0.03129369 -0.51303316 -0.0373632  -0.68787544 -0.35197796],0
21.0,25.27,0.0,68.56,12814.404050000023,[   21.         25.27        0.         68.56    12814.40405],[-0.03129369 -0.51218936 -0.0373632   0.36366711 -0.1196817 ],3
21.0,25.28,0.0,62.12,16764.90185,[   21.         25.28        0.         62.12    16764.90185],[-0.03129369 -0.51134557 -0.0373632  -0.86983636 -0.01977834],0
21.0,25.28,0.0,63.07,2953.741579999997,[  21.        25.28       0.        63.07    2953.74158],[-0.03129369 -0.51134557 -0.0373632  -0.68787544 -0.36904604],0
21.0,25.28,0.0,73.73,61611.921700000006,"[2.10000000e+01 2.52800000e+01 0.00000000e+00 7.37300000e+01
 6.16119217e+04]",[-0.03129369 -0.51134557 -0.0373632   1.35391757  1.11434908],3
21.0,25.29,0.0,62.12,23531.481800000005,"[2.10000000e+01 2.52900000e+01 0.00000000e+00 6.21200000e+01
 2.35314818e+04]",[-0.03129369 -0.51050177 -0.0373632  -0.86983636  0.15134036],0
21.0,25.29,0.0,68.56,6432.154299999984,[  21.       25.29      0.       68.56   6432.1543],[-0.03129369 -0.51050177 -0.0373632   0.36366711 -0.28108115],3
21.0,25.3,0.0,62.12,597.2090333333358,[ 21.          25.3          0.          62.12       597.20903333],[-0.03129369 -0.50965798 -0.0373632  -0.86983636 -0.42863993],0
21.0,25.3,0.0,70.51,69923.04080000002,"[2.10000000e+01 2.53000000e+01 0.00000000e+00 7.05100000e+01
 6.99230408e+04]",[-0.03129369 -0.50965798 -0.0373632   0.73716583  1.32452733],3
21.0,25.31,0.0,62.12,34149.65109999999,"[2.10000000e+01 2.53100000e+01 0.00000000e+00 6.21200000e+01
 3.41496511e+04]",[-0.03129369 -0.50881418 -0.0373632  -0.86983636  0.41986115],0
21.0,25.31,0.0,63.07,2918.1331800000007,[  21.        25.31       0.        63.07    2918.13318],[-0.03129369 -0.50881418 -0.0373632  -0.68787544 -0.36994654],0
21.0,25.31,0.0,68.56,12732.888200000007,[   21.        25.31       0.        68.56   12732.8882],[-0.03129369 -0.50881418 -0.0373632   0.36366711 -0.12174314],3
21.0,25.32,0.0,62.12,4107.752133333332,[  21.           25.32          0.           62.12       4107.75213333],[-0.03129369 -0.50797038 -0.0373632  -0.86983636 -0.3398625 ],0
21.0,25.33,0.0,62.12,22598.734891666663,"[2.10000000e+01 2.53300000e+01 0.00000000e+00 6.21200000e+01
 2.25987349e+04]",[-0.03129369 -0.50712659 -0.0373632  -0.86983636  0.12775231],0
21.0,25.33,0.0,63.07,3549.8737999999994,[  21.       25.33      0.       63.07   3549.8738],[-0.03129369 -0.50712659 -0.0373632  -0.68787544 -0.35397057],0
21.0,25.33,0.0,68.56,287.52020000000044,[ 21.      25.33     0.      68.56   287.5202],[-0.03129369 -0.50712659 -0.0373632   0.36366711 -0.43647159],3
21.0,25.33,0.0,73.73,20158.40936666666,"[   21.            25.33           0.            73.73
 20158.40936667]",[-0.03129369 -0.50712659 -0.0373632   1.35391757  0.0660394 ],3
21.0,25.34,0.0,62.12,32111.44830000001,"[2.10000000e+01 2.53400000e+01 0.00000000e+00 6.21200000e+01
 3.21114483e+04]",[-0.03129369 -0.50628279 -0.0373632  -0.86983636  0.36831744],0
21.0,25.34,0.0,63.07,730.384200000001,[ 21.      25.34     0.      63.07   730.3842],[-0.03129369 -0.50628279 -0.0373632  -0.68787544 -0.42527209],0
21.0,25.34,0.0,68.56,12693.024449999988,[   21.         25.34        0.         68.56    12693.02445],[-0.03129369 -0.50628279 -0.0373632   0.36366711 -0.12275124],3
21.0,25.35,0.0,62.12,14301.390358333332,"[   21.            25.35           0.            62.12
 14301.39035833]",[-0.03129369 -0.505439   -0.0373632  -0.86983636 -0.0820776 ],0
21.0,25.35,0.0,63.07,2974.179233333338,[  21.           25.35          0.           63.07       2974.17923333],[-0.03129369 -0.505439   -0.0373632  -0.68787544 -0.3685292 ],0
21.0,25.36,0.0,62.12,41277.27869999999,"[2.10000000e+01 2.53600000e+01 0.00000000e+00 6.21200000e+01
 4.12772787e+04]",[-0.03129369 -0.5045952  -0.0373632  -0.86983636  0.60011031],0
21.0,25.36,0.0,68.56,17938.588691666653,"[   21.            25.36           0.            68.56
 17938.58869167]",[-0.03129369 -0.5045952  -0.0373632   0.36366711  0.00990279],3
21.0,25.37,0.0,62.12,14659.537895238098,"[   21.            25.37           0.            62.12
 14659.53789524]",[-0.03129369 -0.50375141 -0.0373632  -0.86983636 -0.07302047],0
21.0,25.37,0.0,63.07,3738.313758333338,[  21.           25.37          0.           63.07       3738.31375833],[-0.03129369 -0.50375141 -0.0373632  -0.68787544 -0.34920515],0
21.0,25.38,0.0,62.12,20091.717699999987,[   21.        25.38       0.        62.12   20091.7177],[-0.03129369 -0.50290761 -0.0373632  -0.86983636  0.06435285],0
21.0,25.38,0.0,63.07,5252.1000499999955,[  21.        25.38       0.        63.07    5252.10005],[-0.03129369 -0.50290761 -0.0373632  -0.68787544 -0.31092331],0
21.0,25.38,0.0,73.73,64046.47363333334,"[2.10000000e+01 2.53800000e+01 0.00000000e+00 7.37300000e+01
 6.40464736e+04]",[-0.03129369 -0.50290761 -0.0373632   1.35391757  1.17591598],3
21.0,25.39,0.0,62.12,30349.150300000005,"[2.10000000e+01 2.53900000e+01 0.00000000e+00 6.21200000e+01
 3.03491503e+04]",[-0.03129369 -0.50206382 -0.0373632  -0.86983636  0.32375103],0
21.0,25.39,0.0,63.07,3427.092049999997,[  21.        25.39       0.        63.07    3427.09205],[-0.03129369 -0.50206382 -0.0373632  -0.68787544 -0.35707558],0
21.0,25.39,0.0,68.56,47780.67844999993,"[2.10000000e+01 2.53900000e+01 0.00000000e+00 6.85600000e+01
 4.77806784e+04]",[-0.03129369 -0.50206382 -0.0373632   0.36366711  0.7645735 ],3
21.0,25.4,0.0,62.12,29343.061766666655,"[2.10000000e+01 2.54000000e+01 0.00000000e+00 6.21200000e+01
 2.93430618e+04]",[-0.03129369 -0.50122002 -0.0373632  -0.86983636  0.29830826],0
21.0,25.4,0.0,63.07,5578.160933333333,[  21.           25.4           0.           63.07       5578.16093333],[-0.03129369 -0.50122002 -0.0373632  -0.68787544 -0.30267762],0
21.0,25.41,0.0,62.12,2559.8833000000013,[  21.       25.41      0.       62.12   2559.8833],[-0.03129369 -0.50037622 -0.0373632  -0.86983636 -0.37900625],0
21.0,25.41,0.0,63.07,198.40319999999807,[ 21.      25.41     0.      63.07   198.4032],[-0.03129369 -0.50037622 -0.0373632  -0.68787544 -0.43872525],0
21.0,25.41,0.0,68.56,20377.357433333353,"[   21.            25.41           0.            68.56
 20377.35743333]",[-0.03129369 -0.50037622 -0.0373632   0.36366711  0.07157633],3
21.0,25.42,0.0,62.12,23663.90896666668,[2.1000000e+01 2.5420000e+01 0.0000000e+00 6.2120000e+01 2.3663909e+04],[-0.03129369 -0.49953243 -0.0373632  -0.86983636  0.15468929],0
21.0,25.42,0.0,68.56,29541.51245000004,"[2.10000000e+01 2.54200000e+01 0.00000000e+00 6.85600000e+01
 2.95415125e+04]",[-0.03129369 -0.49953243 -0.0373632   0.36366711  0.30332684],3
21.0,25.42,0.0,73.73,16592.95444999995,[   21.         25.42        0.         73.73    16592.95445],[-0.03129369 -0.49953243 -0.0373632   1.35391757 -0.02412669],3
21.0,25.43,0.0,62.12,23979.51843,"[2.10000000e+01 2.54300000e+01 0.00000000e+00 6.21200000e+01
 2.39795184e+04]",[-0.03129369 -0.49868863 -0.0373632  -0.86983636  0.16267067],0
21.0,25.43,0.0,63.07,2824.0093500000016,[  21.        25.43       0.        63.07    2824.00935],[-0.03129369 -0.49868863 -0.0373632  -0.68787544 -0.37232682],0
21.0,25.43,0.0,68.56,12535.777800000023,[   21.        25.43       0.        68.56   12535.7778],[-0.03129369 -0.49868863 -0.0373632   0.36366711 -0.12672782],3
21.0,25.43,0.0,73.73,42965.52979999996,"[2.10000000e+01 2.54300000e+01 0.00000000e+00 7.37300000e+01
 4.29655298e+04]",[-0.03129369 -0.49868863 -0.0373632   1.35391757  0.64280416],3
21.0,25.44,0.0,62.12,27777.706133333326,"[2.10000000e+01 2.54400000e+01 0.00000000e+00 6.21200000e+01
 2.77777061e+04]",[-0.03129369 -0.49784484 -0.0373632  -0.86983636  0.25872229],0
21.0,25.45,0.0,62.12,4329.837319999998,[  21.        25.45       0.        62.12    4329.83732],[-0.03129369 -0.49700104 -0.0373632  -0.86983636 -0.33424623],0
21.0,25.45,0.0,63.07,3306.4711999999995,[  21.       25.45      0.       63.07   3306.4712],[-0.03129369 -0.49700104 -0.0373632  -0.68787544 -0.36012593],0
21.0,25.45,0.0,68.56,11468.55124999999,[   21.         25.45        0.         68.56    11468.55125],[-0.03129369 -0.49700104 -0.0373632   0.36366711 -0.15371671],3
21.0,25.46,0.0,62.12,44272.5312,"[2.10000000e+01 2.54600000e+01 0.00000000e+00 6.21200000e+01
 4.42725312e+04]",[-0.03129369 -0.49615725 -0.0373632  -0.86983636  0.67585666],0
21.0,25.46,0.0,63.07,3735.233625000004,[  21.         25.46        0.         63.07     3735.233625],[-0.03129369 -0.49615725 -0.0373632  -0.68787544 -0.34928305],0
21.0,25.47,0.0,62.12,20607.76814999999,[   21.         25.47        0.         62.12    20607.76815],[-0.03129369 -0.49531345 -0.0373632  -0.86983636  0.07740314],0
21.0,25.47,0.0,63.07,3278.8802000000014,[  21.       25.47      0.       63.07   3278.8802],[-0.03129369 -0.49531345 -0.0373632  -0.68787544 -0.36082368],0
21.0,25.47,0.0,73.73,101.81644999999975,[ 21.       25.47      0.       73.73    101.81645],[-0.03129369 -0.49531345 -0.0373632   1.35391757 -0.44116781],3
21.0,25.48,0.0,62.12,29940.738033333328,[2.1000000e+01 2.5480000e+01 0.0000000e+00 6.2120000e+01 2.9940738e+04],[-0.03129369 -0.49446966 -0.0373632  -0.86983636  0.31342278],0
21.0,25.48,0.0,68.56,23877.05863333335,"[2.10000000e+01 2.54800000e+01 0.00000000e+00 6.85600000e+01
 2.38770586e+04]",[-0.03129369 -0.49446966 -0.0373632   0.36366711  0.16007959],3
21.0,25.48,0.0,73.73,95777.51445000003,"[2.10000000e+01 2.54800000e+01 0.00000000e+00 7.37300000e+01
 9.57775145e+04]",[-0.03129369 -0.49446966 -0.0373632   1.35391757  1.978356  ],3
21.0,25.49,0.0,62.12,0.03125,[2.100e+01 2.549e+01 0.000e+00 6.212e+01 3.125e-02],[-0.03129369 -0.49362586 -0.0373632  -0.86983636 -0.44374184],0
21.0,25.49,0.0,63.07,653.8014249999982,[ 21.        25.49       0.        63.07     653.801425],[-0.03129369 -0.49362586 -0.0373632  -0.68787544 -0.42720878],0
21.0,25.49,0.0,68.56,23938.908050000064,"[2.10000000e+01 2.54900000e+01 0.00000000e+00 6.85600000e+01
 2.39389081e+04]",[-0.03129369 -0.49362586 -0.0373632   0.36366711  0.16164368],3
21.0,25.5,0.0,62.12,16234.617379999992,[   21.         25.5         0.         62.12    16234.61738],[-0.03129369 -0.49278206 -0.0373632  -0.86983636 -0.0331886 ],0
21.0,25.51,0.0,63.07,2981.216533333338,[  21.           25.51          0.           63.07       2981.21653333],[-0.03129369 -0.49193827 -0.0373632  -0.68787544 -0.36835124],0
21.0,25.51,0.0,70.51,0.02880000000000218,[2.100e+01 2.551e+01 0.000e+00 7.051e+01 2.880e-02],[-0.03129369 -0.49193827 -0.0373632   0.73716583 -0.4437419 ],3
21.0,25.51,0.0,73.73,12173.047300000015,[   21.        25.51       0.        73.73   12173.0473],[-0.03129369 -0.49193827 -0.0373632   1.35391757 -0.13590084],3
21.0,25.52,0.0,62.12,17666.47337,[   21.         25.52        0.         62.12    17666.47337],[-0.03129369 -0.49109447 -0.0373632  -0.86983636  0.00302132],0
21.0,25.52,0.0,63.07,5275.513233333336,[  21.           25.52          0.           63.07       5275.51323333],[-0.03129369 -0.49109447 -0.0373632  -0.68787544 -0.31033122],0
21.0,25.52,0.0,70.51,0.02880000000000218,[2.100e+01 2.552e+01 0.000e+00 7.051e+01 2.880e-02],[-0.03129369 -0.49109447 -0.0373632   0.73716583 -0.4437419 ],3
21.0,25.52,0.0,73.73,43288.58879999997,"[2.10000000e+01 2.55200000e+01 0.00000000e+00 7.37300000e+01
 4.32885888e+04]",[-0.03129369 -0.49109447 -0.0373632   1.35391757  0.65097393],3
21.0,25.53,0.0,62.12,59.514050000000275,[21.      25.53     0.      62.12    59.51405],[-0.03129369 -0.49025068 -0.0373632  -0.86983636 -0.44223759],0
21.0,25.53,0.0,63.07,4874.775233333336,[  21.           25.53          0.           63.07       4874.77523333],[-0.03129369 -0.49025068 -0.0373632  -0.68787544 -0.3204654 ],0
21.0,25.53,0.0,68.56,47422.760450000045,"[2.10000000e+01 2.55300000e+01 0.00000000e+00 6.85600000e+01
 4.74227605e+04]",[-0.03129369 -0.49025068 -0.0373632   0.36366711  0.75552218],3
21.0,25.53,0.0,70.51,46915.01663333335,"[2.10000000e+01 2.55300000e+01 0.00000000e+00 7.05100000e+01
 4.69150166e+04]",[-0.03129369 -0.49025068 -0.0373632   0.73716583  0.74268195],3
21.0,25.54,0.0,62.12,58028.02444999997,"[2.10000000e+01 2.55400000e+01 0.00000000e+00 6.21200000e+01
 5.80280244e+04]",[-0.03129369 -0.48940688 -0.0373632  -0.86983636  1.02371661],0
21.0,25.54,0.0,63.07,3632.103619999997,[  21.        25.54       0.        63.07    3632.10362],[-0.03129369 -0.48940688 -0.0373632  -0.68787544 -0.35189108],0
21.0,25.54,0.0,73.73,0.03456666666669676,"[2.10000000e+01 2.55400000e+01 0.00000000e+00 7.37300000e+01
 3.45666667e-02]",[-0.03129369 -0.48940688 -0.0373632   1.35391757 -0.44374176],3
21.0,25.55,0.0,62.12,56744.06720000002,"[2.10000000e+01 2.55500000e+01 0.00000000e+00 6.21200000e+01
 5.67440672e+04]",[-0.03129369 -0.48856309 -0.0373632  -0.86983636  0.99124687],0
21.0,25.55,0.0,63.07,2791.9257333333344,[  21.           25.55          0.           63.07       2791.92573333],[-0.03129369 -0.48856309 -0.0373632  -0.68787544 -0.37313817],0
21.0,25.55,0.0,68.56,2069.817800000002,[  21.       25.55      0.       68.56   2069.8178],[-0.03129369 -0.48856309 -0.0373632   0.36366711 -0.39139942],3
21.0,25.55,0.0,70.51,0.016200000000001227,[2.100e+01 2.555e+01 0.000e+00 7.051e+01 1.620e-02],[-0.03129369 -0.48856309 -0.0373632   0.73716583 -0.44374222],3
21.0,25.55,0.0,73.73,0.1624444444443915,[21.         25.55        0.         73.73        0.16244444],[-0.03129369 -0.48856309 -0.0373632   1.35391757 -0.44373852],3
21.0,25.56,0.0,63.07,6350.275733333331,[  21.           25.56          0.           63.07       6350.27573333],[-0.03129369 -0.48771929 -0.0373632  -0.68787544 -0.28315176],0
21.0,25.56,0.0,73.73,12.243121818181901,[21.         25.56        0.         73.73       12.24312182],[-0.03129369 -0.48771929 -0.0373632   1.35391757 -0.44343302],3
21.0,25.57,0.0,62.12,21362.380691666665,"[2.10000000e+01 2.55700000e+01 0.00000000e+00 6.21200000e+01
 2.13623807e+04]",[-0.03129369 -0.4868755  -0.0373632  -0.86983636  0.09648639],0
21.0,25.57,0.0,63.07,14886.06229166667,"[   21.            25.57           0.            63.07
 14886.06229167]",[-0.03129369 -0.4868755  -0.0373632  -0.68787544 -0.06729194],0
21.0,25.57,0.0,70.51,0.014449999999983379,[2.100e+01 2.557e+01 0.000e+00 7.051e+01 1.445e-02],[-0.03129369 -0.4868755  -0.0373632   0.73716583 -0.44374227],3
21.0,25.57,0.0,73.73,13.304488888888823,[21.         25.57        0.         73.73       13.30448889],[-0.03129369 -0.4868755  -0.0373632   1.35391757 -0.44340618],3
21.0,25.58,0.0,63.07,5001.219433333331,[  21.           25.58          0.           63.07       5001.21943333],[-0.03129369 -0.4860317  -0.0373632  -0.68787544 -0.31726778],0
21.0,25.58,0.0,73.73,18302.15017888887,"[   21.            25.58           0.            73.73
 18302.15017889]",[-0.03129369 -0.4860317  -0.0373632   1.35391757  0.01909683],3
21.0,25.59,0.0,62.12,1546.9266333333305,[  21.           25.59          0.           62.12       1546.92663333],[-0.03129369 -0.4851879  -0.0373632  -0.86983636 -0.40462271],0
21.0,25.59,0.0,63.07,9533.04319999999,[  21.       25.59      0.       63.07   9533.0432],[-0.03129369 -0.4851879  -0.0373632  -0.68787544 -0.20266339],0
21.0,25.59,0.0,70.51,0.012800000000004003,[2.100e+01 2.559e+01 0.000e+00 7.051e+01 1.280e-02],[-0.03129369 -0.4851879  -0.0373632   0.73716583 -0.44374231],3
21.0,25.59,0.0,73.73,0.2070214285714058,[21.         25.59        0.         73.73        0.20702143],[-0.03129369 -0.4851879  -0.0373632   1.35391757 -0.4437374 ],3
21.0,25.6,0.0,63.07,6331.86962,[  21.        25.6        0.        63.07    6331.86962],[-0.03129369 -0.48434411 -0.0373632  -0.68787544 -0.28361723],0
21.0,25.6,0.0,73.73,11999.174533333373,"[   21.            25.6            0.            73.73
 11999.17453333]",[-0.03129369 -0.48434411 -0.0373632   1.35391757 -0.14029788],3
21.0,25.61,0.0,62.12,31042.84445000001,"[2.10000000e+01 2.56100000e+01 0.00000000e+00 6.21200000e+01
 3.10428445e+04]",[-0.03129369 -0.48350031 -0.0373632  -0.86983636  0.34129373],0
21.0,25.61,0.0,70.51,68553.63919999999,"[2.10000000e+01 2.56100000e+01 0.00000000e+00 7.05100000e+01
 6.85536392e+04]",[-0.03129369 -0.48350031 -0.0373632   0.73716583  1.2898968 ],3
21.0,25.62,0.0,62.12,2961.4208000000026,[  21.       25.62      0.       62.12   2961.4208],[-0.03129369 -0.48265652 -0.0373632  -0.86983636 -0.36885185],0
21.0,25.62,0.0,63.07,366.59573333333566,[ 21.          25.62         0.          63.07       366.59573333],[-0.03129369 -0.48265652 -0.0373632  -0.68787544 -0.43447186],0
21.0,25.62,0.0,68.56,26397.223333333346,"[2.10000000e+01 2.56200000e+01 0.00000000e+00 6.85600000e+01
 2.63972233e+04]",[-0.03129369 -0.48265652 -0.0373632   0.36366711  0.22381153],3
21.0,25.62,0.0,73.73,28919.430233333358,"[2.10000000e+01 2.56200000e+01 0.00000000e+00 7.37300000e+01
 2.89194302e+04]",[-0.03129369 -0.48265652 -0.0373632   1.35391757  0.28759512],3
21.0,25.63,0.0,63.07,774.6047999999982,[ 21.      25.63     0.      63.07   774.6048],[-0.03129369 -0.48181272 -0.0373632  -0.68787544 -0.4241538 ],0
21.0,25.64,0.0,62.12,1745.1958916666663,[  21.           25.64          0.           62.12       1745.19589167],[-0.03129369 -0.48096893 -0.0373632  -0.86983636 -0.39960872],0
21.0,25.64,0.0,70.51,44273.95244999998,"[2.10000000e+01 2.56400000e+01 0.00000000e+00 7.05100000e+01
 4.42739524e+04]",[-0.03129369 -0.48096893 -0.0373632   0.73716583  0.6758926 ],3
21.0,25.65,0.0,62.12,56777.7602,"[2.10000000e+01 2.56500000e+01 0.00000000e+00 6.21200000e+01
 5.67777602e+04]",[-0.03129369 -0.48012513 -0.0373632  -0.86983636  0.99209892],0
21.0,25.65,0.0,63.07,10104.305633333337,"[   21.            25.65           0.            63.07
 10104.30563333]",[-0.03129369 -0.48012513 -0.0373632  -0.68787544 -0.18821684],0
21.0,25.65,0.0,68.56,29180.422899999998,"[2.10000000e+01 2.56500000e+01 0.00000000e+00 6.85600000e+01
 2.91804229e+04]",[-0.03129369 -0.48012513 -0.0373632   0.36366711  0.29419532],3
21.0,25.66,0.0,63.07,455.9304333333327,[ 21.          25.66         0.          63.07       455.93043333],[-0.03129369 -0.47928134 -0.0373632  -0.68787544 -0.4322127 ],0
21.0,25.67,0.0,62.12,2826.0162000000046,[  21.       25.67      0.       62.12   2826.0162],[-0.03129369 -0.47843754 -0.0373632  -0.86983636 -0.37227607],0
21.0,25.67,0.0,73.73,0.8192000000001106,[21.     25.67    0.     73.73    0.8192],[-0.03129369 -0.47843754 -0.0373632   1.35391757 -0.44372191],3
21.0,25.68,0.0,63.07,345.64589999999794,[ 21.      25.68     0.      63.07   345.6459],[-0.03129369 -0.47759374 -0.0373632  -0.68787544 -0.43500166],0
21.0,25.68,0.0,70.51,2718.0564500000014,[  21.        25.68       0.        70.51    2718.05645],[-0.03129369 -0.47759374 -0.0373632   0.73716583 -0.37500624],3
21.0,25.69,0.0,62.12,56303.612449999986,"[2.10000000e+01 2.56900000e+01 0.00000000e+00 6.21200000e+01
 5.63036124e+04]",[-0.03129369 -0.47674995 -0.0373632  -0.86983636  0.9801083 ],0
21.0,25.7,0.0,62.12,2778.8512499999965,[  21.        25.7        0.        62.12    2778.85125],[-0.03129369 -0.47590615 -0.0373632  -0.86983636 -0.37346881],0
21.0,25.7,0.0,63.07,439.2648000000013,[ 21.      25.7      0.      63.07   439.2648],[-0.03129369 -0.47590615 -0.0373632  -0.68787544 -0.43263415],0
21.0,25.71,0.0,63.07,481.8540333333337,[ 21.          25.71         0.          63.07       481.85403333],[-0.03129369 -0.47506236 -0.0373632  -0.68787544 -0.43155712],0
21.0,25.72,0.0,62.12,30068.30293333332,"[2.10000000e+01 2.57200000e+01 0.00000000e+00 6.21200000e+01
 3.00683029e+04]",[-0.03129369 -0.47421856 -0.0373632  -0.86983636  0.31664874],0
21.0,25.72,0.0,63.07,430.71124999999734,[ 21.       25.72      0.       63.07    430.71125],[-0.03129369 -0.47421856 -0.0373632  -0.68787544 -0.43285046],0
21.0,25.72,0.0,68.56,39730.98604999996,[2.1000000e+01 2.5720000e+01 0.0000000e+00 6.8560000e+01 3.9730986e+04],[-0.03129369 -0.47421856 -0.0373632   0.36366711  0.56100642],3
21.0,25.72,0.0,73.73,2.7876333333332566,[21.         25.72        0.         73.73        2.78763333],[-0.03129369 -0.47421856 -0.0373632   1.35391757 -0.44367214],3
21.0,25.73,0.0,62.12,1423.0483000000017,[  21.       25.73      0.       62.12   1423.0483],[-0.03129369 -0.47337477 -0.0373632  -0.86983636 -0.40775544],0
21.0,25.73,0.0,63.07,18152.745799999993,[   21.        25.73       0.        63.07   18152.7458],[-0.03129369 -0.47337477 -0.0373632  -0.68787544  0.01531857],0
21.0,25.74,0.0,63.07,10.913699999999793,[21.     25.74    0.     63.07   10.9137],[-0.03129369 -0.47253097 -0.0373632  -0.68787544 -0.44346664],0
21.0,25.74,0.0,68.56,47152.13404999994,[2.1000000e+01 2.5740000e+01 0.0000000e+00 6.8560000e+01 4.7152134e+04],[-0.03129369 -0.47253097 -0.0373632   0.36366711  0.74867837],3
21.0,25.75,0.0,70.51,44059.96124999999,"[2.10000000e+01 2.57500000e+01 0.00000000e+00 7.05100000e+01
 4.40599612e+04]",[-0.03129369 -0.47168718 -0.0373632   0.73716583  0.67048102],3
21.0,25.75,0.0,73.73,62425.637233333306,"[2.10000000e+01 2.57500000e+01 0.00000000e+00 7.37300000e+01
 6.24256372e+04]",[-0.03129369 -0.47168718 -0.0373632   1.35391757  1.13492697],3
21.0,25.76,0.0,62.12,21447.404233333342,"[2.10000000e+01 2.57600000e+01 0.00000000e+00 6.21200000e+01
 2.14474042e+04]",[-0.03129369 -0.47084338 -0.0373632  -0.86983636  0.09863654],0
21.0,25.76,0.0,63.07,411.360133333333,[ 21.          25.76         0.          63.07       411.36013333],[-0.03129369 -0.47084338 -0.0373632  -0.68787544 -0.43333983],0
21.0,25.76,0.0,73.73,24.992449999998748,[21.      25.76     0.      73.73    24.99245],[-0.03129369 -0.47084338 -0.0373632   1.35391757 -0.4431106 ],3
21.0,25.77,0.0,62.12,254.92819999999963,[ 21.      25.77     0.      62.12   254.9282],[-0.03129369 -0.46999959 -0.0373632  -0.86983636 -0.4372958 ],0
21.0,25.77,0.0,63.07,9777.760633333337,[  21.           25.77          0.           63.07       9777.76063333],[-0.03129369 -0.46999959 -0.0373632  -0.68787544 -0.19647477],0
21.0,25.77,0.0,68.56,46992.58244999994,"[2.10000000e+01 2.57700000e+01 0.00000000e+00 6.85600000e+01
 4.69925824e+04]",[-0.03129369 -0.46999959 -0.0373632   0.36366711  0.7446435 ],3
21.0,25.77,0.0,73.73,18641.874050000028,[   21.         25.77        0.         73.73    18641.87405],[-0.03129369 -0.46999959 -0.0373632   1.35391757  0.02768804],3
21.0,25.78,0.0,62.12,1933.3123000000007,[  21.       25.78      0.       62.12   1933.3123],[-0.03129369 -0.46915579 -0.0373632  -0.86983636 -0.39485148],0
21.0,25.78,0.0,63.07,490.15805000000364,[ 21.       25.78      0.       63.07    490.15805],[-0.03129369 -0.46915579 -0.0373632  -0.68787544 -0.43134712],0
21.0,25.79,0.0,62.12,30339.23444999998,"[2.10000000e+01 2.57900000e+01 0.00000000e+00 6.21200000e+01
 3.03392344e+04]",[-0.03129369 -0.46831199 -0.0373632  -0.86983636  0.32350027],0
21.0,25.79,0.0,73.73,0.01445000000001237,[2.100e+01 2.579e+01 0.000e+00 7.373e+01 1.445e-02],[-0.03129369 -0.46831199 -0.0373632   1.35391757 -0.44374227],3
21.0,25.8,0.0,63.07,568.5192000000009,[ 21.      25.8      0.      63.07   568.5192],[-0.03129369 -0.4674682  -0.0373632  -0.68787544 -0.42936546],0
21.0,25.8,0.0,68.56,319.28644999999955,[ 21.       25.8       0.       68.56    319.28645],[-0.03129369 -0.4674682  -0.0373632   0.36366711 -0.43566826],3
21.0,25.8,0.0,73.73,40963.806450000004,"[2.10000000e+01 2.58000000e+01 0.00000000e+00 7.37300000e+01
 4.09638065e+04]",[-0.03129369 -0.4674682  -0.0373632   1.35391757  0.59218297],3
21.0,25.81,0.0,63.07,10192.713033333335,"[   21.            25.81           0.            63.07
 10192.71303333]",[-0.03129369 -0.4666244  -0.0373632  -0.68787544 -0.18598113],0
21.0,25.81,0.0,73.73,62800.16803333339,[2.1000000e+01 2.5810000e+01 0.0000000e+00 7.3730000e+01 6.2800168e+04],[-0.03129369 -0.4666244  -0.0373632   1.35391757  1.14439841],3
21.0,25.82,0.0,62.12,273.54604999999833,[ 21.       25.82      0.       62.12    273.54605],[-0.03129369 -0.46578061 -0.0373632  -0.86983636 -0.43682498],0
21.0,25.82,0.0,63.07,584.1362000000022,[ 21.      25.82     0.      63.07   584.1362],[-0.03129369 -0.46578061 -0.0373632  -0.68787544 -0.42897053],0
21.0,25.83,0.0,62.12,30203.904200000008,"[2.10000000e+01 2.58300000e+01 0.00000000e+00 6.21200000e+01
 3.02039042e+04]",[-0.03129369 -0.46493681 -0.0373632  -0.86983636  0.32007793],0
21.0,25.83,0.0,63.07,400.85763333333375,[ 21.          25.83         0.          63.07       400.85763333],[-0.03129369 -0.46493681 -0.0373632  -0.68787544 -0.43360542],0
21.0,25.83,0.0,73.73,0.012799999999976717,[2.100e+01 2.583e+01 0.000e+00 7.373e+01 1.280e-02],[-0.03129369 -0.46493681 -0.0373632   1.35391757 -0.44374231],3
21.0,25.84,0.0,62.12,1182.924800000002,[  21.       25.84      0.       62.12   1182.9248],[-0.03129369 -0.46409302 -0.0373632  -0.86983636 -0.41382788],0
21.0,25.84,0.0,63.07,573.5884499999983,[ 21.       25.84      0.       63.07    573.58845],[-0.03129369 -0.46409302 -0.0373632  -0.68787544 -0.42923727],0
21.0,25.84,0.0,70.51,2836.5511999999953,[  21.       25.84      0.       70.51   2836.5512],[-0.03129369 -0.46409302 -0.0373632   0.73716583 -0.37200965],3
21.0,25.85,0.0,63.07,7871.847299999989,[  21.       25.85      0.       63.07   7871.8473],[-0.03129369 -0.46324922 -0.0373632  -0.68787544 -0.24467304],0
21.0,25.85,0.0,73.73,110.55845000000345,[ 21.       25.85      0.       73.73    110.55845],[-0.03129369 -0.46324922 -0.0373632   1.35391757 -0.44094674],3
21.0,25.86,0.0,62.12,18991.50209166665,"[   21.            25.86           0.            62.12
 18991.50209167]",[-0.03129369 -0.46240543 -0.0373632  -0.86983636  0.03652971],0
21.0,25.86,0.0,63.07,432.0926999999971,[ 21.      25.86     0.      63.07   432.0927],[-0.03129369 -0.46240543 -0.0373632  -0.68787544 -0.43281552],0
21.0,25.86,0.0,68.56,46934.35220000003,"[2.10000000e+01 2.58600000e+01 0.00000000e+00 6.85600000e+01
 4.69343522e+04]",[-0.03129369 -0.46240543 -0.0373632   0.36366711  0.74317093],3
21.0,25.86,0.0,73.73,40594.89406666668,"[2.10000000e+01 2.58600000e+01 0.00000000e+00 7.37300000e+01
 4.05948941e+04]",[-0.03129369 -0.46240543 -0.0373632   1.35391757  0.58285362],3
21.0,25.88,0.0,63.07,9089.01463333334,[  21.           25.88          0.           63.07       9089.01463333],[-0.03129369 -0.46071783 -0.0373632  -0.68787544 -0.21389234],0
21.0,25.88,0.0,68.56,24493.48445000001,"[2.10000000e+01 2.58800000e+01 0.00000000e+00 6.85600000e+01
 2.44934845e+04]",[-0.03129369 -0.46071783 -0.0373632   0.36366711  0.17566826],3
21.0,25.89,0.0,62.12,27058.609433333328,"[2.10000000e+01 2.58900000e+01 0.00000000e+00 6.21200000e+01
 2.70586094e+04]",[-0.03129369 -0.45987404 -0.0373632  -0.86983636  0.24053719],0
21.0,25.89,0.0,63.07,6696.79895833334,[  21.           25.89          0.           63.07       6696.79895833],[-0.03129369 -0.45987404 -0.0373632  -0.68787544 -0.27438861],0
21.0,25.89,0.0,68.56,46778.228449999966,"[2.10000000e+01 2.58900000e+01 0.00000000e+00 6.85600000e+01
 4.67782284e+04]",[-0.03129369 -0.45987404 -0.0373632   0.36366711  0.73922274],3
21.0,25.89,0.0,73.73,0.011249999999996589,[2.100e+01 2.589e+01 0.000e+00 7.373e+01 1.125e-02],[-0.03129369 -0.45987404 -0.0373632   1.35391757 -0.44374235],3
21.0,25.9,0.0,63.07,420.7900499999997,[ 21.       25.9       0.       63.07    420.79005],[-0.03129369 -0.45903024 -0.0373632  -0.68787544 -0.43310135],0
21.0,25.9,0.0,73.73,27844.927033333315,[2.1000000e+01 2.5900000e+01 0.0000000e+00 7.3730000e+01 2.7844927e+04],[-0.03129369 -0.45903024 -0.0373632   1.35391757  0.26042223],3
21.0,25.91,0.0,63.07,570.8820499999988,[ 21.       25.91      0.       63.07    570.88205],[-0.03129369 -0.45818645 -0.0373632  -0.68787544 -0.42930571],0
21.0,25.91,0.0,70.51,39429.98280000001,"[2.10000000e+01 2.59100000e+01 0.00000000e+00 7.05100000e+01
 3.94299828e+04]",[-0.03129369 -0.45818645 -0.0373632   0.73716583  0.55339441],3
21.0,25.91,0.0,73.73,88675.23845000005,"[2.10000000e+01 2.59100000e+01 0.00000000e+00 7.37300000e+01
 8.86752385e+04]",[-0.03129369 -0.45818645 -0.0373632   1.35391757  1.79874795],3
21.0,25.92,0.0,62.12,21687.788633333337,"[2.10000000e+01 2.59200000e+01 0.00000000e+00 6.21200000e+01
 2.16877886e+04]",[-0.03129369 -0.45734265 -0.0373632  -0.86983636  0.10471557],0
21.0,25.92,0.0,63.07,9825.2162,[  21.       25.92      0.       63.07   9825.2162],[-0.03129369 -0.45734265 -0.0373632  -0.68787544 -0.19527468],0
21.0,25.92,0.0,73.73,0.009800000000029922,[2.100e+01 2.592e+01 0.000e+00 7.373e+01 9.800e-03],[-0.03129369 -0.45734265 -0.0373632   1.35391757 -0.44374238],3
21.0,25.93,0.0,62.12,1838.6048000000026,[  21.       25.93      0.       62.12   1838.6048],[-0.03129369 -0.45649886 -0.0373632  -0.86983636 -0.39724652],0
21.0,25.93,0.0,63.07,7822.207366666659,[  21.           25.93          0.           63.07       7822.20736667],[-0.03129369 -0.45649886 -0.0373632  -0.68787544 -0.24592837],0
21.0,25.94,0.0,63.07,0.31205000000001615,[21.      25.94     0.      63.07     0.31205],[-0.03129369 -0.45565506 -0.0373632  -0.68787544 -0.44373474],0
21.0,25.95,0.0,63.07,6992.699099999999,[  21.       25.95      0.       63.07   6992.6991],[-0.03129369 -0.45481127 -0.0373632  -0.68787544 -0.26690565],0
21.0,25.95,0.0,68.56,18429.602799999986,[   21.        25.95       0.        68.56   18429.6028],[-0.03129369 -0.45481127 -0.0373632   0.36366711  0.02231995],3
21.0,25.95,0.0,73.73,20675.611250000005,[   21.         25.95        0.         73.73    20675.61125],[-0.03129369 -0.45481127 -0.0373632   1.35391757  0.07911882],3
21.0,25.97,0.0,62.12,994.0567000000017,[ 21.      25.97     0.      62.12   994.0567],[-0.03129369 -0.45312367 -0.0373632  -0.86983636 -0.41860413],0
21.0,25.97,0.0,63.07,5811.013480000008,[  21.        25.97       0.        63.07    5811.01348],[-0.03129369 -0.45312367 -0.0373632  -0.68787544 -0.29678906],0
21.0,25.99,0.0,62.12,31966.56125000002,"[2.10000000e+01 2.59900000e+01 0.00000000e+00 6.21200000e+01
 3.19665613e+04]",[-0.03129369 -0.45143608 -0.0373632  -0.86983636  0.36465342],0
21.0,25.99,0.0,63.07,6837.565158333331,[  21.           25.99          0.           63.07       6837.56515833],[-0.03129369 -0.45143608 -0.0373632  -0.68787544 -0.2708288 ],0
21.0,25.99,0.0,73.73,44652.67280000001,"[2.10000000e+01 2.59900000e+01 0.00000000e+00 7.37300000e+01
 4.46526728e+04]",[-0.03129369 -0.45143608 -0.0373632   1.35391757  0.68546999],3
21.0,26.0,0.0,62.12,103.68000000000049,[ 21.    26.     0.    62.12 103.68],[-0.03129369 -0.45059229 -0.0373632  -0.86983636 -0.44112069],0
21.0,26.0,0.0,63.07,7667.65869999999,[  21.       26.        0.       63.07   7667.6587],[-0.03129369 -0.45059229 -0.0373632  -0.68787544 -0.24983673],0
21.0,26.01,0.0,68.56,30796.656199999958,"[2.10000000e+01 2.60100000e+01 0.00000000e+00 6.85600000e+01
 3.07966562e+04]",[-0.03129369 -0.44974849 -0.0373632   0.36366711  0.33506792],3
21.0,26.01,0.0,73.73,88153.80605000009,"[2.10000000e+01 2.60100000e+01 0.00000000e+00 7.37300000e+01
 8.81538061e+04]",[-0.03129369 -0.44974849 -0.0373632   1.35391757  1.78556155],3
21.0,26.02,0.0,62.12,26576.282499999987,"[2.10000000e+01 2.60200000e+01 0.00000000e+00 6.21200000e+01
 2.65762825e+04]",[-0.03129369 -0.4489047  -0.0373632  -0.86983636  0.22833972],0
21.0,26.02,0.0,63.07,650.8832000000035,[ 21.      26.02     0.      63.07   650.8832],[-0.03129369 -0.4489047  -0.0373632  -0.68787544 -0.42728257],0
21.0,26.03,0.0,63.07,5988.717799999992,[  21.       26.03      0.       63.07   5988.7178],[-0.03129369 -0.4480609  -0.0373632  -0.68787544 -0.29229513],0
21.0,26.03,0.0,68.56,335.40500000000236,[ 21.     26.03    0.     68.56  335.405],[-0.03129369 -0.4480609  -0.0373632   0.36366711 -0.43526064],3
21.0,26.04,0.0,63.07,640.8200000000004,[ 21.    26.04   0.    63.07 640.82],[-0.03129369 -0.44721711 -0.0373632  -0.68787544 -0.42753706],0
21.0,26.05,0.0,62.12,21630.193433333327,"[2.10000000e+01 2.60500000e+01 0.00000000e+00 6.21200000e+01
 2.16301934e+04]",[-0.03129369 -0.44637331 -0.0373632  -0.86983636  0.10325906],0
21.0,26.05,0.0,63.07,274.4824500000015,[ 21.       26.05      0.       63.07    274.48245],[-0.03129369 -0.44637331 -0.0373632  -0.68787544 -0.4368013 ],0
21.0,26.06,0.0,63.07,8285.692133333345,[  21.           26.06          0.           63.07       8285.69213333],[-0.03129369 -0.44552951 -0.0373632  -0.68787544 -0.2342074 ],0
21.0,26.07,0.0,62.12,116.58644999999973,[ 21.       26.07      0.       62.12    116.58645],[-0.03129369 -0.44468572 -0.0373632  -0.86983636 -0.4407943 ],0
21.0,26.07,0.0,63.07,565.8248000000015,[ 21.      26.07     0.      63.07   565.8248],[-0.03129369 -0.44468572 -0.0373632  -0.68787544 -0.4294336 ],0
21.0,26.07,0.0,70.51,71949.41780000004,"[2.10000000e+01 2.60700000e+01 0.00000000e+00 7.05100000e+01
 7.19494178e+04]",[-0.03129369 -0.44468572 -0.0373632   0.73716583  1.37577197],3
21.0,26.08,0.0,62.12,45535.58419999999,"[2.10000000e+01 2.60800000e+01 0.00000000e+00 6.21200000e+01
 4.55355842e+04]",[-0.03129369 -0.44384192 -0.0373632  -0.86983636  0.70779776],0
21.0,26.08,0.0,63.07,331.2738000000002,[ 21.      26.08     0.      63.07   331.2738],[-0.03129369 -0.44384192 -0.0373632  -0.68787544 -0.43536511],0
21.0,26.08,0.0,73.73,44883.07605,"[2.10000000e+01 2.60800000e+01 0.00000000e+00 7.37300000e+01
 4.48830761e+04]",[-0.03129369 -0.44384192 -0.0373632   1.35391757  0.69129661],3
21.0,26.09,0.0,63.07,396.4336333333348,[ 21.          26.09         0.          63.07       396.43363333],[-0.03129369 -0.44299813 -0.0373632  -0.68787544 -0.4337173 ],0
21.0,26.1,0.0,62.12,112.65005000000242,[ 21.       26.1       0.       62.12    112.65005],[-0.03129369 -0.44215433 -0.0373632  -0.86983636 -0.44089385],0
21.0,26.1,0.0,63.07,14904.011249999987,[   21.         26.1         0.         63.07    14904.01125],[-0.03129369 -0.44215433 -0.0373632  -0.68787544 -0.06683804],0
21.0,26.11,0.0,63.07,259.5756916666675,[ 21.          26.11         0.          63.07       259.57569167],[-0.03129369 -0.44131054 -0.0373632  -0.68787544 -0.43717827],0
21.0,26.12,0.0,62.12,2.2049999999999286,[21.    26.12   0.    62.12   2.205],[-0.03129369 -0.44046674 -0.0373632  -0.86983636 -0.44368687],0
21.0,26.12,0.0,70.51,44476.53125,"[2.10000000e+01 2.61200000e+01 0.00000000e+00 7.05100000e+01
 4.44765312e+04]",[-0.03129369 -0.44046674 -0.0373632   0.73716583  0.68101558],3
21.0,26.12,0.0,73.73,16753.65125000003,[   21.         26.12        0.         73.73    16753.65125],[-0.03129369 -0.44046674 -0.0373632   1.35391757 -0.02006286],3
21.0,26.13,0.0,63.07,14295.714049999995,[   21.         26.13        0.         63.07    14295.71405],[-0.03129369 -0.43962295 -0.0373632  -0.68787544 -0.08222114],0
21.0,26.14,0.0,63.07,303.462291666667,[ 21.          26.14         0.          63.07       303.46229167],[-0.03129369 -0.43877915 -0.0373632  -0.68787544 -0.43606843],0
21.0,26.14,0.0,68.56,15.961250000000513,[21.      26.14     0.      68.56    15.96125],[-0.03129369 -0.43877915 -0.0373632   0.36366711 -0.44333899],3
21.0,26.15,0.0,62.12,631.7788000000029,[ 21.      26.15     0.      62.12   631.7788],[-0.03129369 -0.43793535 -0.0373632  -0.86983636 -0.4277657 ],0
21.0,26.16,0.0,63.07,8097.391633333336,[  21.           26.16          0.           63.07       8097.39163333],[-0.03129369 -0.43709156 -0.0373632  -0.68787544 -0.23896929],0
21.0,26.17,0.0,62.12,32400.396800000002,"[2.10000000e+01 2.61700000e+01 0.00000000e+00 6.21200000e+01
 3.24003968e+04]",[-0.03129369 -0.43624776 -0.0373632  -0.86983636  0.3756246 ],0
21.0,26.17,0.0,63.07,325.5352333333323,[ 21.          26.17         0.          63.07       325.53523333],[-0.03129369 -0.43624776 -0.0373632  -0.68787544 -0.43551023],0
21.0,26.18,0.0,62.12,27.38000000000025,[21.   26.18  0.   62.12 27.38],[-0.03129369 -0.43540397 -0.0373632  -0.86983636 -0.44305022],0
21.0,26.18,0.0,73.73,38511.450450000026,"[2.10000000e+01 2.61800000e+01 0.00000000e+00 7.37300000e+01
 3.85114505e+04]",[-0.03129369 -0.43540397 -0.0373632   1.35391757  0.53016583],3
21.0,26.19,0.0,63.07,285.339433333334,[ 21.          26.19         0.          63.07       285.33943333],[-0.03129369 -0.43456017 -0.0373632  -0.68787544 -0.43652674],0
21.0,26.2,0.0,62.12,32224.988449999986,"[2.10000000e+01 2.62000000e+01 0.00000000e+00 6.21200000e+01
 3.22249884e+04]",[-0.03129369 -0.43371638 -0.0373632  -0.86983636  0.37118873],0
21.0,26.2,0.0,63.07,6443.570266666674,[  21.           26.2           0.           63.07       6443.57026667],[-0.03129369 -0.43371638 -0.0373632  -0.68787544 -0.28079246],0
21.0,26.21,0.0,62.12,784.872199999998,[ 21.      26.21     0.      62.12   784.8722],[-0.03129369 -0.43287258 -0.0373632  -0.86983636 -0.42389415],0
21.0,26.21,0.0,63.07,652.6884500000019,[ 21.       26.21      0.       63.07    652.68845],[-0.03129369 -0.43287258 -0.0373632  -0.68787544 -0.42723692],0
21.0,26.21,0.0,73.73,21528.125,[2.1000000e+01 2.6210000e+01 0.0000000e+00 7.3730000e+01 2.1528125e+04],[-0.03129369 -0.43287258 -0.0373632   1.35391757  0.10067787],3
21.0,26.22,0.0,58.72,2054.4050000000016,[  21.      26.22     0.      58.72  2054.405],[-0.03129369 -0.43202879 -0.0373632  -1.5210649  -0.39178919],0
21.0,26.22,0.0,62.12,32050.056200000003,"[2.10000000e+01 2.62200000e+01 0.00000000e+00 6.21200000e+01
 3.20500562e+04]",[-0.03129369 -0.43202879 -0.0373632  -0.86983636  0.36676491],0
21.0,26.22,0.0,63.07,237.62000000000273,[ 21.    26.22   0.    63.07 237.62],[-0.03129369 -0.43202879 -0.0373632  -0.68787544 -0.43773351],0
21.0,26.22,0.0,70.51,40399.0171,"[2.10000000e+01 2.62200000e+01 0.00000000e+00 7.05100000e+01
 4.03990171e+04]",[-0.03129369 -0.43202879 -0.0373632   0.73716583  0.57790013],3
21.0,26.23,0.0,63.07,5540.571424999995,[  21.         26.23        0.         63.07     5540.571425],[-0.03129369 -0.43118499 -0.0373632  -0.68787544 -0.30362822],0
21.0,26.24,0.0,62.12,31.521800000000432,[21.     26.24    0.     62.12   31.5218],[-0.03129369 -0.43034119 -0.0373632  -0.86983636 -0.44294548],0
21.0,26.25,0.0,62.12,32067.78125,"[2.10000000e+01 2.62500000e+01 0.00000000e+00 6.21200000e+01
 3.20677812e+04]",[-0.03129369 -0.4294974  -0.0373632  -0.86983636  0.36721315],0
21.0,26.25,0.0,63.07,334.6260700000006,[ 21.       26.25      0.       63.07    334.62607],[-0.03129369 -0.4294974  -0.0373632  -0.68787544 -0.43528034],0
21.0,26.26,0.0,58.72,2029.4820500000023,[  21.        26.26       0.        58.72    2029.48205],[-0.03129369 -0.4286536  -0.0373632  -1.5210649  -0.39241946],0
21.0,26.27,0.0,62.12,39.96179999999998,[21.     26.27    0.     62.12   39.9618],[-0.03129369 -0.42780981 -0.0373632  -0.86983636 -0.44273204],0
21.0,26.27,0.0,63.07,2.2260500000001486,[21.      26.27     0.      63.07     2.22605],[-0.03129369 -0.42780981 -0.0373632  -0.68787544 -0.44368634],0
21.0,26.28,0.0,62.12,44955.011250000025,"[2.10000000e+01 2.62800000e+01 0.00000000e+00 6.21200000e+01
 4.49550113e+04]",[-0.03129369 -0.42696601 -0.0373632  -0.86983636  0.69311576],0
21.0,26.28,0.0,63.07,323.8272916666671,[ 21.          26.28         0.          63.07       323.82729167],[-0.03129369 -0.42696601 -0.0373632  -0.68787544 -0.43555343],0
21.0,26.29,0.0,62.12,126.2460500000007,[ 21.       26.29      0.       62.12    126.24605],[-0.03129369 -0.42612222 -0.0373632  -0.86983636 -0.44055002],0
21.0,26.29,0.0,70.51,3685.969800000006,[  21.       26.29      0.       70.51   3685.9698],[-0.03129369 -0.42612222 -0.0373632   0.73716583 -0.35052887],3
21.0,26.29,0.0,73.73,16872.844999999987,[   21.       26.29      0.       73.73  16872.845],[-0.03129369 -0.42612222 -0.0373632   1.35391757 -0.01704859],3
21.0,26.3,0.0,62.12,34107.49619999997,"[2.10000000e+01 2.63000000e+01 0.00000000e+00 6.21200000e+01
 3.41074962e+04]",[-0.03129369 -0.42527842 -0.0373632  -0.86983636  0.4187951 ],0
21.0,26.3,0.0,63.07,6344.232966666662,[  21.           26.3           0.           63.07       6344.23296667],[-0.03129369 -0.42527842 -0.0373632  -0.68787544 -0.28330458],0
21.0,26.32,0.0,62.12,1216.9689666666652,[  21.           26.32          0.           62.12       1216.96896667],[-0.03129369 -0.42359083 -0.0373632  -0.86983636 -0.41296694],0
21.0,26.32,0.0,63.07,301.5472666666665,[ 21.          26.32         0.          63.07       301.54726667],[-0.03129369 -0.42359083 -0.0373632  -0.68787544 -0.43611686],0
21.0,26.32,0.0,70.51,44360.28979999997,"[2.10000000e+01 2.63200000e+01 0.00000000e+00 7.05100000e+01
 4.43602898e+04]",[-0.03129369 -0.42359083 -0.0373632   0.73716583  0.67807597],3
21.0,26.33,0.0,63.07,9291.977499999994,[  21.       26.33      0.       63.07   9291.9775],[-0.03129369 -0.42274703 -0.0373632  -0.68787544 -0.20875965],0
21.0,26.34,0.0,62.12,1154.7403700000007,[  21.        26.34       0.        62.12    1154.74037],[-0.03129369 -0.42190324 -0.0373632  -0.86983636 -0.41454063],0
21.0,26.34,0.0,63.07,10.488199999999926,[21.     26.34    0.     63.07   10.4882],[-0.03129369 -0.42190324 -0.0373632  -0.68787544 -0.4434774 ],0
21.0,26.34,0.0,68.56,24938.144449999985,"[2.10000000e+01 2.63400000e+01 0.00000000e+00 6.85600000e+01
 2.49381444e+04]",[-0.03129369 -0.42190324 -0.0373632   0.36366711  0.18691317],3
21.0,26.34,0.0,73.73,308.0161999999956,[ 21.      26.34     0.      73.73   308.0162],[-0.03129369 -0.42190324 -0.0373632   1.35391757 -0.43595327],3
21.0,26.35,0.0,62.12,1752.129633333329,[  21.           26.35          0.           62.12       1752.12963333],[-0.03129369 -0.42105944 -0.0373632  -0.86983636 -0.39943337],0
21.0,26.35,0.0,63.07,177.25890000000044,[ 21.      26.35     0.      63.07   177.2589],[-0.03129369 -0.42105944 -0.0373632  -0.68787544 -0.43925997],0
21.0,26.36,0.0,62.12,18516.734633333333,"[   21.            26.36           0.            62.12
 18516.73463333]",[-0.03129369 -0.42021565 -0.0373632  -0.86983636  0.02452341],0
21.0,26.36,0.0,63.07,13653.78125,[   21.         26.36        0.         63.07    13653.78125],[-0.03129369 -0.42021565 -0.0373632  -0.68787544 -0.09845486],0
21.0,26.37,0.0,62.12,7311.489530000012,[  21.        26.37       0.        62.12    7311.48953],[-0.03129369 -0.41937185 -0.0373632  -0.86983636 -0.25884382],0
21.0,26.37,0.0,63.07,500.6262333333349,[ 21.          26.37         0.          63.07       500.62623333],[-0.03129369 -0.41937185 -0.0373632  -0.68787544 -0.43108239],0
21.0,26.37,0.0,70.51,74432.39444999998,"[2.10000000e+01 2.63700000e+01 0.00000000e+00 7.05100000e+01
 7.44323944e+04]",[-0.03129369 -0.41937185 -0.0373632   0.73716583  1.43856348],3
21.0,26.38,0.0,62.12,16745.897666666682,"[   21.            26.38           0.            62.12
 16745.89766667]",[-0.03129369 -0.41852806 -0.0373632  -0.86983636 -0.02025893],0
21.0,26.38,0.0,63.07,175.71009999999814,[ 21.      26.38     0.      63.07   175.7101],[-0.03129369 -0.41852806 -0.0373632  -0.68787544 -0.43929913],0
21.0,26.38,0.0,73.73,22056.300450000017,"[2.10000000e+01 2.63800000e+01 0.00000000e+00 7.37300000e+01
 2.20563005e+04]",[-0.03129369 -0.41852806 -0.0373632   1.35391757  0.11403479],3
21.0,26.39,0.0,62.12,7220.815799999992,[  21.       26.39      0.       62.12   7220.8158],[-0.03129369 -0.41768426 -0.0373632  -0.86983636 -0.26113685],0
21.0,26.39,0.0,63.07,5207.609891666668,[  21.           26.39          0.           63.07       5207.60989167],[-0.03129369 -0.41768426 -0.0373632  -0.68787544 -0.31204841],0
21.0,26.4,0.0,62.12,8633.161240000014,[  21.        26.4        0.        62.12    8633.16124],[-0.03129369 -0.41684047 -0.0373632  -0.86983636 -0.22542032],0
21.0,26.41,0.0,62.12,9963.866685714283,[  21.           26.41          0.           62.12       9963.86668571],[-0.03129369 -0.41599667 -0.0373632  -0.86983636 -0.19176838],0
21.0,26.41,0.0,63.07,311.5068666666666,[ 21.          26.41         0.          63.07       311.50686667],[-0.03129369 -0.41599667 -0.0373632  -0.68787544 -0.435865  ],0
21.0,26.42,0.0,62.12,9738.07906999999,[  21.        26.42       0.        62.12    9738.07907],[-0.03129369 -0.41515288 -0.0373632  -0.86983636 -0.19747827],0
21.0,26.42,0.0,63.07,7320.495633333319,[  21.           26.42          0.           63.07       7320.49563333],[-0.03129369 -0.41515288 -0.0373632  -0.68787544 -0.25861606],0
21.0,26.42,0.0,70.51,44324.5538,"[2.10000000e+01 2.64200000e+01 0.00000000e+00 7.05100000e+01
 4.43245538e+04]",[-0.03129369 -0.41515288 -0.0373632   0.73716583  0.67717225],3
21.0,26.43,0.0,62.12,9549.215036363636,[  21.           26.43          0.           62.12       9549.21503636],[-0.03129369 -0.41430908 -0.0373632  -0.86983636 -0.20225442],0
21.0,26.43,0.0,63.07,426.38469999999984,[ 21.      26.43     0.      63.07   426.3847],[-0.03129369 -0.41430908 -0.0373632  -0.68787544 -0.43295987],0
21.0,26.44,0.0,62.12,7511.4321466666615,[  21.           26.44          0.           62.12       7511.43214667],[-0.03129369 -0.41346528 -0.0373632  -0.86983636 -0.25378751],0
21.0,26.44,0.0,63.07,279.8977999999979,[ 21.      26.44     0.      63.07   279.8978],[-0.03129369 -0.41346528 -0.0373632  -0.68787544 -0.43666435],0
21.0,26.45,0.0,62.12,8045.614430000007,[  21.        26.45       0.        62.12    8045.61443],[-0.03129369 -0.41262149 -0.0373632  -0.86983636 -0.24027868],0
21.0,26.45,0.0,63.07,4597.739770000002,[  21.        26.45       0.        63.07    4597.73977],[-0.03129369 -0.41262149 -0.0373632  -0.68787544 -0.3274713 ],0
21.0,26.45,0.0,70.51,4061.7084499999946,[  21.        26.45       0.        70.51    4061.70845],[-0.03129369 -0.41262149 -0.0373632   0.73716583 -0.34102689],3
21.0,26.46,0.0,62.12,9226.845828571431,[  21.           26.46          0.           62.12       9226.84582857],[-0.03129369 -0.41177769 -0.0373632  -0.86983636 -0.21040675],0
21.0,26.46,0.0,73.73,27751.324050000007,"[2.10000000e+01 2.64600000e+01 0.00000000e+00 7.37300000e+01
 2.77513241e+04]",[-0.03129369 -0.41177769 -0.0373632   1.35391757  0.25805512],3
21.0,26.47,0.0,62.12,7657.124333333341,[  21.           26.47          0.           62.12       7657.12433333],[-0.03129369 -0.4109339  -0.0373632  -0.86983636 -0.25010313],0
21.0,26.47,0.0,63.07,1.1100500000000135,[21.      26.47     0.      63.07     1.11005],[-0.03129369 -0.4109339  -0.0373632  -0.68787544 -0.44371456],0
21.0,26.48,0.0,62.12,10766.012178888883,"[   21.            26.48           0.            62.12
 10766.01217889]",[-0.03129369 -0.4100901  -0.0373632  -0.86983636 -0.17148308],0
21.0,26.48,0.0,63.07,3768.163346666669,[  21.           26.48          0.           63.07       3768.16334667],[-0.03129369 -0.4100901  -0.0373632  -0.68787544 -0.34845029],0
21.0,26.49,0.0,62.12,7000.835999999997,[  21.      26.49     0.      62.12  7000.836],[-0.03129369 -0.40924631 -0.0373632  -0.86983636 -0.26669987],0
21.0,26.49,0.0,70.51,402.7122000000015,[ 21.      26.49     0.      70.51   402.7122],[-0.03129369 -0.40924631 -0.0373632   0.73716583 -0.43355852],3
21.0,26.5,0.0,58.72,2079.4800500000006,[  21.        26.5        0.        58.72    2079.48005],[-0.03129369 -0.40840251 -0.0373632  -1.5210649  -0.39115507],0
21.0,26.5,0.0,62.12,9675.171927777787,[  21.           26.5           0.           62.12       9675.17192778],[-0.03129369 -0.40840251 -0.0373632  -0.86983636 -0.19906912],0
21.0,26.5,0.0,63.07,646.2012499999955,[ 21.       26.5       0.       63.07    646.20125],[-0.03129369 -0.40840251 -0.0373632  -0.68787544 -0.42740098],0
21.0,26.51,0.0,62.12,3952.6318199999955,[  21.        26.51       0.        62.12    3952.63182],[-0.03129369 -0.40755872 -0.0373632  -0.86983636 -0.34378531],0
21.0,26.51,0.0,63.07,4658.574030000001,[  21.        26.51       0.        63.07    4658.57403],[-0.03129369 -0.40755872 -0.0373632  -0.68787544 -0.32593287],0
21.0,26.52,0.0,62.12,7862.437392857154,[  21.           26.52          0.           62.12       7862.43739286],[-0.03129369 -0.40671492 -0.0373632  -0.86983636 -0.24491101],0
21.0,26.52,0.0,63.07,443.03609166666683,[ 21.          26.52         0.          63.07       443.03609167],[-0.03129369 -0.40671492 -0.0373632  -0.68787544 -0.43253878],0
21.0,26.52,0.0,70.51,41360.65823333335,"[2.10000000e+01 2.65200000e+01 0.00000000e+00 7.05100000e+01
 4.13606582e+04]",[-0.03129369 -0.40671492 -0.0373632   0.73716583  0.60221888],3
21.0,26.53,0.0,62.12,9606.092595555556,[  21.           26.53          0.           62.12       9606.09259556],[-0.03129369 -0.40587112 -0.0373632  -0.86983636 -0.20081605],0
21.0,26.53,0.0,63.07,636.9609333333349,[ 21.          26.53         0.          63.07       636.96093333],[-0.03129369 -0.40587112 -0.0373632  -0.68787544 -0.42763465],0
21.0,26.53,0.0,68.56,31427.75205000001,"[2.10000000e+01 2.65300000e+01 0.00000000e+00 6.85600000e+01
 3.14277521e+04]",[-0.03129369 -0.40587112 -0.0373632   0.36366711  0.35102758],3
21.0,26.54,0.0,62.12,8468.687823809529,[  21.           26.54          0.           62.12       8468.68782381],[-0.03129369 -0.40502733 -0.0373632  -0.86983636 -0.22957966],0
21.0,26.54,0.0,63.07,7318.56923333333,[  21.           26.54          0.           63.07       7318.56923333],[-0.03129369 -0.40502733 -0.0373632  -0.68787544 -0.25866478],0
21.0,26.54,0.0,73.73,38942.82319999998,"[2.10000000e+01 2.65400000e+01 0.00000000e+00 7.37300000e+01
 3.89428232e+04]",[-0.03129369 -0.40502733 -0.0373632   1.35391757  0.54107473],3
21.0,26.55,0.0,62.12,8752.144971969701,[  21.           26.55          0.           62.12       8752.14497197],[-0.03129369 -0.40418353 -0.0373632  -0.86983636 -0.22241137],0
21.0,26.55,0.0,63.07,357.92703333333236,[ 21.          26.55         0.          63.07       357.92703333],[-0.03129369 -0.40418353 -0.0373632  -0.68787544 -0.43469108],0
21.0,26.55,0.0,70.51,443.4241999999992,[ 21.      26.55     0.      70.51   443.4242],[-0.03129369 -0.40418353 -0.0373632   0.73716583 -0.43252896],3
21.0,26.55,0.0,73.73,22548.384800000025,"[2.10000000e+01 2.65500000e+01 0.00000000e+00 7.37300000e+01
 2.25483848e+04]",[-0.03129369 -0.40418353 -0.0373632   1.35391757  0.12647902],3
21.0,26.56,0.0,62.12,9824.945361111102,[  21.           26.56          0.           62.12       9824.94536111],[-0.03129369 -0.40333974 -0.0373632  -0.86983636 -0.19528153],0
21.0,26.56,0.0,63.07,565.3239999999981,[ 21.     26.56    0.     63.07  565.324],[-0.03129369 -0.40333974 -0.0373632  -0.68787544 -0.42944626],0
21.0,26.57,0.0,62.12,7354.282807692306,[  21.           26.57          0.           62.12       7354.28280769],[-0.03129369 -0.40249594 -0.0373632  -0.86983636 -0.25776163],0
21.0,26.57,0.0,63.07,8896.288633333337,[  21.           26.57          0.           63.07       8896.28863333],[-0.03129369 -0.40249594 -0.0373632  -0.68787544 -0.21876615],0
21.0,26.57,0.0,70.51,35660.52179999999,"[2.10000000e+01 2.65700000e+01 0.00000000e+00 7.05100000e+01
 3.56605218e+04]",[-0.03129369 -0.40249594 -0.0373632   0.73716583  0.45806926],3
21.0,26.58,0.0,62.12,5702.215974999997,[  21.         26.58        0.         62.12     5702.215975],[-0.03129369 -0.40165215 -0.0373632  -0.86983636 -0.29954042],0
21.0,26.58,0.0,63.07,356.3954250000006,[ 21.        26.58       0.        63.07     356.395425],[-0.03129369 -0.40165215 -0.0373632  -0.68787544 -0.43472982],0
21.0,26.59,0.0,62.12,5575.109976470599,[  21.           26.59          0.           62.12       5575.10997647],[-0.03129369 -0.40080835 -0.0373632  -0.86983636 -0.30275478],0
21.0,26.59,0.0,63.07,597.8809666666658,[ 21.          26.59         0.          63.07       597.88096667],[-0.03129369 -0.40080835 -0.0373632  -0.68787544 -0.42862294],0
21.0,26.6,0.0,62.12,6583.938420948619,[  21.           26.6           0.           62.12       6583.93842095],[-0.03129369 -0.39996456 -0.0373632  -0.86983636 -0.27724271],0
21.0,26.6,0.0,63.07,6005.005166666663,[  21.           26.6           0.           63.07       6005.00516667],[-0.03129369 -0.39996456 -0.0373632  -0.68787544 -0.29188324],0
21.0,26.61,0.0,62.12,0.06479999999998445,[21.     26.61    0.     62.12    0.0648],[-0.03129369 -0.39912076 -0.0373632  -0.86983636 -0.44374099],0
21.0,26.61,0.0,70.51,491.72479999999865,[ 21.      26.61     0.      70.51   491.7248],[-0.03129369 -0.39912076 -0.0373632   0.73716583 -0.4313075 ],3
21.0,26.62,0.0,62.12,21112.36115000001,"[2.10000000e+01 2.66200000e+01 0.00000000e+00 6.21200000e+01
 2.11123612e+04]",[-0.03129369 -0.39827696 -0.0373632  -0.86983636  0.0901637 ],0
21.0,26.62,0.0,63.07,463.2356800000017,[ 21.       26.62      0.       63.07    463.23568],[-0.03129369 -0.39827696 -0.0373632  -0.68787544 -0.43202796],0
21.0,26.63,0.0,63.07,5971.757291666676,[  21.           26.63          0.           63.07       5971.75729167],[-0.03129369 -0.39743317 -0.0373632  -0.68787544 -0.29272404],0
21.0,26.64,0.0,62.12,21455.157733333326,"[2.10000000e+01 2.66400000e+01 0.00000000e+00 6.21200000e+01
 2.14551577e+04]",[-0.03129369 -0.39658937 -0.0373632  -0.86983636  0.09883261],0
21.0,26.64,0.0,63.07,565.052470000001,[ 21.       26.64      0.       63.07    565.05247],[-0.03129369 -0.39658937 -0.0373632  -0.68787544 -0.42945313],0
21.0,26.64,0.0,70.51,491.0977999999992,[ 21.      26.64     0.      70.51   491.0978],[-0.03129369 -0.39658937 -0.0373632   0.73716583 -0.43132336],3
21.0,26.65,0.0,62.12,21456.05956666666,"[2.10000000e+01 2.66500000e+01 0.00000000e+00 6.21200000e+01
 2.14560596e+04]",[-0.03129369 -0.39574558 -0.0373632  -0.86983636  0.09885542],0
21.0,26.65,0.0,63.07,6106.66015833334,[  21.           26.65          0.           63.07       6106.66015833],[-0.03129369 -0.39574558 -0.0373632  -0.68787544 -0.28931251],0
21.0,26.66,0.0,62.12,14137.14501999999,[   21.         26.66        0.         62.12    14137.14502],[-0.03129369 -0.39490178 -0.0373632  -0.86983636 -0.08623116],0
21.0,26.66,0.0,63.07,558.430758333336,[ 21.          26.66         0.          63.07       558.43075833],[-0.03129369 -0.39490178 -0.0373632  -0.68787544 -0.42962059],0
21.0,26.66,0.0,70.51,1809.011250000002,[  21.        26.66       0.        70.51    1809.01125],[-0.03129369 -0.39490178 -0.0373632   0.73716583 -0.3979949 ],3
21.0,26.67,0.0,62.12,0.19219999999996756,[21.     26.67    0.     62.12    0.1922],[-0.03129369 -0.39405799 -0.0373632  -0.86983636 -0.44373777],0
21.0,26.67,0.0,63.07,780.9317333333307,[ 21.          26.67         0.          63.07       780.93173333],[-0.03129369 -0.39405799 -0.0373632  -0.68787544 -0.4239938 ],0
21.0,26.67,0.0,70.51,41774.21493333334,"[2.10000000e+01 2.66700000e+01 0.00000000e+00 7.05100000e+01
 4.17742149e+04]",[-0.03129369 -0.39405799 -0.0373632   0.73716583  0.61267723],3
21.0,26.68,0.0,62.12,3931.6029824175857,[  21.           26.68          0.           62.12       3931.60298242],[-0.03129369 -0.39321419 -0.0373632  -0.86983636 -0.3443171 ],0
21.0,26.68,0.0,63.07,4280.075186666664,[  21.           26.68          0.           63.07       4280.07518667],[-0.03129369 -0.39321419 -0.0373632  -0.68787544 -0.33550466],0
21.0,26.69,0.0,62.12,6555.98650545455,[  21.           26.69          0.           62.12       6555.98650545],[-0.03129369 -0.3923704  -0.0373632  -0.86983636 -0.27794958],0
21.0,26.69,0.0,63.07,241.9574333333334,[ 21.          26.69         0.          63.07       241.95743333],[-0.03129369 -0.3923704  -0.0373632  -0.68787544 -0.43762382],0
21.0,26.7,0.0,62.12,5928.53402777778,[  21.           26.7           0.           62.12       5928.53402778],[-0.03129369 -0.3915266  -0.0373632  -0.86983636 -0.29381711],0
21.0,26.7,0.0,63.07,631.4721866666681,[ 21.          26.7          0.          63.07       631.47218667],[-0.03129369 -0.3915266  -0.0373632  -0.68787544 -0.42777346],0
21.0,26.7,0.0,70.51,406.6951999999995,[ 21.      26.7      0.      70.51   406.6952],[-0.03129369 -0.3915266  -0.0373632   0.73716583 -0.4334578 ],3
21.0,26.71,0.0,62.12,4991.040144444445,[  21.           26.71          0.           62.12       4991.04014444],[-0.03129369 -0.3906828  -0.0373632  -0.86983636 -0.3175252 ],0
21.0,26.71,0.0,63.07,8971.89613333333,[  21.           26.71          0.           63.07       8971.89613333],[-0.03129369 -0.3906828  -0.0373632  -0.68787544 -0.21685412],0
21.0,26.72,0.0,62.12,11632.823023333342,"[   21.            26.72           0.            62.12
 11632.82302333]",[-0.03129369 -0.38983901 -0.0373632  -0.86983636 -0.14956247],0
21.0,26.72,0.0,63.07,458.0561999999993,[ 21.      26.72     0.      63.07   458.0562],[-0.03129369 -0.38983901 -0.0373632  -0.68787544 -0.43215894],0
21.0,26.73,0.0,62.12,6369.267902777782,[  21.           26.73          0.           62.12       6369.26790278],[-0.03129369 -0.38899521 -0.0373632  -0.86983636 -0.28267147],0
21.0,26.73,0.0,63.07,3141.9293357142847,[  21.           26.73          0.           63.07       3141.92933571],[-0.03129369 -0.38899521 -0.0373632  -0.68787544 -0.364287  ],0
21.0,26.73,0.0,70.51,947.3634333333328,[ 21.          26.73         0.          70.51       947.36343333],[-0.03129369 -0.38899521 -0.0373632   0.73716583 -0.41978494],3
21.0,26.74,0.0,62.12,4383.087569230768,[  21.           26.74          0.           62.12       4383.08756923],[-0.03129369 -0.38815142 -0.0373632  -0.86983636 -0.3328996 ],0
21.0,26.74,0.0,63.07,472.468906666665,[ 21.          26.74         0.          63.07       472.46890667],[-0.03129369 -0.38815142 -0.0373632  -0.68787544 -0.43179446],0
21.0,26.75,0.0,62.12,6993.114446753245,[  21.           26.75          0.           62.12       6993.11444675],[-0.03129369 -0.38730762 -0.0373632  -0.86983636 -0.26689514],0
21.0,26.75,0.0,63.07,422.74300619047597,[ 21.          26.75         0.          63.07       422.74300619],[-0.03129369 -0.38730762 -0.0373632  -0.68787544 -0.43305197],0
21.0,26.75,0.0,70.51,8598.849800000005,[  21.       26.75      0.       70.51   8598.8498],[-0.03129369 -0.38730762 -0.0373632   0.73716583 -0.22628802],3
21.0,26.75,0.0,73.73,389.4840500000055,[ 21.       26.75      0.       73.73    389.48405],[-0.03129369 -0.38730762 -0.0373632   1.35391757 -0.43389305],3
21.0,26.76,0.0,62.12,5258.457359649122,[  21.           26.76          0.           62.12       5258.45735965],[-0.03129369 -0.38646383 -0.0373632  -0.86983636 -0.31076254],0
21.0,26.76,0.0,63.07,2223.7913989473673,[  21.           26.76          0.           63.07       2223.79139895],[-0.03129369 -0.38646383 -0.0373632  -0.68787544 -0.38750561],0
21.0,26.76,0.0,70.51,21410.227033333354,[2.1000000e+01 2.6760000e+01 0.0000000e+00 7.0510000e+01 2.1410227e+04],[-0.03129369 -0.38646383 -0.0373632   0.73716583  0.09769637],3
21.0,26.77,0.0,62.12,6973.649248421049,[  21.           26.77          0.           62.12       6973.64924842],[-0.03129369 -0.38562003 -0.0373632  -0.86983636 -0.26738739],0
21.0,26.77,0.0,63.07,211.19246287878886,[ 21.          26.77         0.          63.07       211.19246288],[-0.03129369 -0.38562003 -0.0373632  -0.68787544 -0.43840183],0
21.0,26.77,0.0,70.51,5219.326457692305,[  21.           26.77          0.           70.51       5219.32645769],[-0.03129369 -0.38562003 -0.0373632   0.73716583 -0.31175212],3
21.0,26.78,0.0,62.12,9042.747947058826,[  21.           26.78          0.           62.12       9042.74794706],[-0.03129369 -0.38477624 -0.0373632  -0.86983636 -0.21506237],0
21.0,26.78,0.0,63.07,2153.773280116957,[  21.           26.78          0.           63.07       2153.77328012],[-0.03129369 -0.38477624 -0.0373632  -0.68787544 -0.38927628],0
21.0,26.79,0.0,62.12,6493.485280952375,[  21.           26.79          0.           62.12       6493.48528095],[-0.03129369 -0.38393244 -0.0373632  -0.86983636 -0.27953017],0
21.0,26.79,0.0,63.07,107.65795865800824,[ 21.          26.79         0.          63.07       107.65795866],[-0.03129369 -0.38393244 -0.0373632  -0.68787544 -0.44102009],0
21.0,26.79,0.0,70.51,20646.072100000012,[   21.        26.79       0.        70.51   20646.0721],[-0.03129369 -0.38393244 -0.0373632   0.73716583  0.07837181],3
21.0,26.8,0.0,62.12,10691.33244869281,"[   21.            26.8            0.            62.12
 10691.33244869]",[-0.03129369 -0.38308864 -0.0373632  -0.86983636 -0.17337164],0
21.0,26.8,0.0,63.07,1370.265935714285,[  21.           26.8           0.           63.07       1370.26593571],[-0.03129369 -0.38308864 -0.0373632  -0.68787544 -0.40909025],0
21.0,26.81,0.0,58.72,5781.350449999997,[  21.        26.81       0.        58.72    5781.35045],[-0.03129369 -0.38224485 -0.0373632  -1.5210649  -0.2975392 ],0
21.0,26.81,0.0,62.12,6382.836390151518,[  21.           26.81          0.           62.12       6382.83639015],[-0.03129369 -0.38224485 -0.0373632  -0.86983636 -0.28232834],0
21.0,26.81,0.0,63.07,5431.60443333333,[  21.           26.81          0.           63.07       5431.60443333],[-0.03129369 -0.38224485 -0.0373632  -0.68787544 -0.30638386],0
21.0,26.81,0.0,70.51,49909.04180000001,"[2.10000000e+01 2.68100000e+01 0.00000000e+00 7.05100000e+01
 4.99090418e+04]",[-0.03129369 -0.38224485 -0.0373632   0.73716583  0.81839726],3
21.0,26.82,0.0,62.12,7606.1229492647135,[  21.           26.82          0.           62.12       7606.12294926],[-0.03129369 -0.38140105 -0.0373632  -0.86983636 -0.25139289],0
21.0,26.82,0.0,63.07,1088.5923866666665,[  21.           26.82          0.           63.07       1088.59238667],[-0.03129369 -0.38140105 -0.0373632  -0.68787544 -0.41621343],0
21.0,26.82,0.0,70.51,2758.9697333333334,[  21.           26.82          0.           70.51       2758.96973333],[-0.03129369 -0.38140105 -0.0373632   0.73716583 -0.37397159],3
21.0,26.82,0.0,73.73,52142.06643333337,"[2.10000000e+01 2.68200000e+01 0.00000000e+00 7.37300000e+01
 5.21420664e+04]",[-0.03129369 -0.38140105 -0.0373632   1.35391757  0.87486778],3
21.0,26.83,0.0,62.12,6021.4658362499895,[  21.           26.83          0.           62.12       6021.46583625],[-0.03129369 -0.38055726 -0.0373632  -0.86983636 -0.29146697],0
21.0,26.83,0.0,63.07,4948.5992952380975,[  21.           26.83          0.           63.07       4948.59929524],[-0.03129369 -0.38055726 -0.0373632  -0.68787544 -0.31859848],0
21.0,26.83,0.0,70.51,20752.956450000005,[   21.         26.83        0.         70.51    20752.95645],[-0.03129369 -0.38055726 -0.0373632   0.73716583  0.08107478],3
21.0,26.83,0.0,73.73,1.1995666666668228,[21.         26.83        0.         73.73        1.19956667],[-0.03129369 -0.38055726 -0.0373632   1.35391757 -0.4437123 ],3
21.0,26.84,0.0,62.12,6803.987438333337,[  21.           26.84          0.           62.12       6803.98743833],[-0.03129369 -0.37971346 -0.0373632  -0.86983636 -0.27167794],0
21.0,26.84,0.0,63.07,1010.0487428571436,[  21.           26.84          0.           63.07       1010.04874286],[-0.03129369 -0.37971346 -0.0373632  -0.68787544 -0.41819971],0
21.0,26.85,0.0,62.12,5707.402386029411,[  21.           26.85          0.           62.12       5707.40238603],[-0.03129369 -0.37886967 -0.0373632  -0.86983636 -0.29940926],0
21.0,26.85,0.0,63.07,1.2756699999999173,[21.      26.85     0.      63.07     1.27567],[-0.03129369 -0.37886967 -0.0373632  -0.68787544 -0.44371037],0
21.0,26.85,0.0,70.51,639.3887999999997,[ 21.      26.85     0.      70.51   639.3888],[-0.03129369 -0.37886967 -0.0373632   0.73716583 -0.42757325],3
21.0,26.85,0.0,73.73,380.328199999998,[ 21.      26.85     0.      73.73   380.3282],[-0.03129369 -0.37886967 -0.0373632   1.35391757 -0.43412459],3
21.0,26.86,0.0,62.12,6490.27971111111,[  21.           26.86          0.           62.12       6490.27971111],[-0.03129369 -0.37802587 -0.0373632  -0.86983636 -0.27961123],0
21.0,26.86,0.0,63.07,4187.452323809518,[  21.           26.86          0.           63.07       4187.45232381],[-0.03129369 -0.37802587 -0.0373632  -0.68787544 -0.33784698],0
21.0,26.86,0.0,70.51,27996.78013333336,"[2.10000000e+01 2.68600000e+01 0.00000000e+00 7.05100000e+01
 2.79967801e+04]",[-0.03129369 -0.37802587 -0.0373632   0.73716583  0.26426241],3
21.0,26.86,0.0,73.73,0.95219999999968,[21.     26.86    0.     73.73    0.9522],[-0.03129369 -0.37802587 -0.0373632   1.35391757 -0.44371855],3
21.0,26.87,0.0,58.72,5775.975200000002,[  21.       26.87      0.       58.72   5775.9752],[-0.03129369 -0.37718208 -0.0373632  -1.5210649  -0.29767514],0
21.0,26.87,0.0,62.12,8632.274128888892,[  21.           26.87          0.           62.12       8632.27412889],[-0.03129369 -0.37718208 -0.0373632  -0.86983636 -0.22544276],0
21.0,26.87,0.0,63.07,1122.0997999999963,[  21.       26.87      0.       63.07   1122.0998],[-0.03129369 -0.37718208 -0.0373632  -0.68787544 -0.41536607],0
21.0,26.87,0.0,70.51,5.816817948718191,[21.         26.87        0.         70.51        5.81681795],[-0.03129369 -0.37718208 -0.0373632   0.73716583 -0.44359553],3
21.0,26.87,0.0,73.73,0.1624499999998989,[21.      26.87     0.      73.73     0.16245],[-0.03129369 -0.37718208 -0.0373632   1.35391757 -0.44373852],3
21.0,26.88,0.0,62.12,2832.0169999999985,[  21.      26.88     0.      62.12  2832.017],[-0.03129369 -0.37633828 -0.0373632  -0.86983636 -0.37212431],0
21.0,26.88,0.0,63.07,6819.090300000007,[  21.       26.88      0.       63.07   6819.0903],[-0.03129369 -0.37633828 -0.0373632  -0.68787544 -0.271296  ],0
21.0,26.88,0.0,70.51,13972.853899999996,[   21.        26.88       0.        70.51   13972.8539],[-0.03129369 -0.37633828 -0.0373632   0.73716583 -0.09038589],3
21.0,26.88,0.0,73.73,0.10125000000007162,[21.      26.88     0.      73.73     0.10125],[-0.03129369 -0.37633828 -0.0373632   1.35391757 -0.44374007],3
21.0,26.89,0.0,62.12,18036.91613,[   21.         26.89        0.         62.12    18036.91613],[-0.03129369 -0.37549448 -0.0373632  -0.86983636  0.01238938],0
21.0,26.89,0.0,63.07,1422.0510916666615,[  21.           26.89          0.           63.07       1422.05109167],[-0.03129369 -0.37549448 -0.0373632  -0.68787544 -0.40778066],0
21.0,26.9,0.0,58.72,5742.704449999989,[  21.        26.9        0.        58.72    5742.70445],[-0.03129369 -0.37465069 -0.0373632  -1.5210649  -0.29851651],0
21.0,26.9,0.0,62.12,3461.48795,[  21.        26.9        0.        62.12    3461.48795],[-0.03129369 -0.37465069 -0.0373632  -0.86983636 -0.35620575],0
21.0,26.9,0.0,63.07,7727.450033333337,[  21.           26.9           0.           63.07       7727.45003333],[-0.03129369 -0.37465069 -0.0373632  -0.68787544 -0.24832467],0
21.0,26.9,0.0,70.51,4814.923633333332,[  21.           26.9           0.           70.51       4814.92363333],[-0.03129369 -0.37465069 -0.0373632   0.73716583 -0.32197898],3
21.0,26.91,0.0,62.12,16614.590506666675,"[   21.            26.91           0.            62.12
 16614.59050667]",[-0.03129369 -0.37380689 -0.0373632  -0.86983636 -0.02357954],0
21.0,26.91,0.0,63.07,1198.468133333335,[  21.           26.91          0.           63.07       1198.46813333],[-0.03129369 -0.37380689 -0.0373632  -0.68787544 -0.41343481],0
21.0,26.91,0.0,70.51,30690.013433333337,"[2.10000000e+01 2.69100000e+01 0.00000000e+00 7.05100000e+01
 3.06900134e+04]",[-0.03129369 -0.37380689 -0.0373632   0.73716583  0.33237105],3
21.0,26.91,0.0,73.73,9636.884450000005,[  21.        26.91       0.        73.73    9636.88445],[-0.03129369 -0.37380689 -0.0373632   1.35391757 -0.20003736],3
21.0,26.92,0.0,62.12,1955.9479066666659,[  21.           26.92          0.           62.12       1955.94790667],[-0.03129369 -0.3729631  -0.0373632  -0.86983636 -0.39427905],0
21.0,26.92,0.0,63.07,1301.6485333333358,[  21.           26.92          0.           63.07       1301.64853333],[-0.03129369 -0.3729631  -0.0373632  -0.68787544 -0.4108255 ],0
21.0,26.93,0.0,62.12,2028.0565999999992,[  21.       26.93      0.       62.12   2028.0566],[-0.03129369 -0.3721193  -0.0373632  -0.86983636 -0.39245551],0
21.0,26.93,0.0,63.07,6755.784733333333,[  21.           26.93          0.           63.07       6755.78473333],[-0.03129369 -0.3721193  -0.0373632  -0.68787544 -0.27289693],0
21.0,26.93,0.0,70.51,17906.837633333325,"[   21.            26.93           0.            70.51
 17906.83763333]",[-0.03129369 -0.3721193  -0.0373632   0.73716583  0.00909985],3
21.0,26.94,0.0,62.12,14546.681930000004,[   21.         26.94        0.         62.12    14546.68193],[-0.03129369 -0.37127551 -0.0373632  -0.86983636 -0.07587447],0
21.0,26.94,0.0,63.07,1638.6727000000005,[  21.       26.94      0.       63.07   1638.6727],[-0.03129369 -0.37127551 -0.0373632  -0.68787544 -0.40230256],0
21.0,26.94,0.0,73.73,353.51405000000386,[ 21.       26.94      0.       73.73    353.51405],[-0.03129369 -0.37127551 -0.0373632   1.35391757 -0.43480268],3
21.0,26.95,0.0,58.72,14838.476449999996,[   21.         26.95        0.         58.72    14838.47645],[-0.03129369 -0.37043171 -0.0373632  -1.5210649  -0.06849533],0
21.0,26.95,0.0,62.12,4574.895633333333,[  21.           26.95          0.           62.12       4574.89563333],[-0.03129369 -0.37043171 -0.0373632  -0.86983636 -0.328049  ],0
21.0,26.95,0.0,63.07,7748.814400000005,[  21.       26.95      0.       63.07   7748.8144],[-0.03129369 -0.37043171 -0.0373632  -0.68787544 -0.2477844 ],0
21.0,26.95,0.0,70.51,1288.7964499999991,[  21.        26.95       0.        70.51    1288.79645],[-0.03129369 -0.37043171 -0.0373632   0.73716583 -0.41115051],3
21.0,26.96,0.0,62.12,1772.9372999999998,[  21.       26.96      0.       62.12   1772.9373],[-0.03129369 -0.36958792 -0.0373632  -0.86983636 -0.39890717],0
21.0,26.96,0.0,63.07,646.5647999999998,[ 21.      26.96     0.      63.07   646.5648],[-0.03129369 -0.36958792 -0.0373632  -0.68787544 -0.42739178],0
21.0,26.96,0.0,70.51,47290.42579999999,"[2.10000000e+01 2.69600000e+01 0.00000000e+00 7.05100000e+01
 4.72904258e+04]",[-0.03129369 -0.36958792 -0.0373632   0.73716583  0.7521756 ],3
21.0,26.97,0.0,62.12,18398.497336666656,"[   21.            26.97           0.            62.12
 18398.49733667]",[-0.03129369 -0.36874412 -0.0373632  -0.86983636  0.02153333],0
21.0,26.97,0.0,63.07,3857.7166699999984,[  21.        26.97       0.        63.07    3857.71667],[-0.03129369 -0.36874412 -0.0373632  -0.68787544 -0.3461856 ],0
21.0,26.97,0.0,70.51,30893.439900000016,"[2.10000000e+01 2.69700000e+01 0.00000000e+00 7.05100000e+01
 3.08934399e+04]",[-0.03129369 -0.36874412 -0.0373632   0.73716583  0.33751546],3
21.0,26.98,0.0,62.12,1531.8641333333312,[  21.           26.98          0.           62.12       1531.86413333],[-0.03129369 -0.36790032 -0.0373632  -0.86983636 -0.40500362],0
21.0,26.98,0.0,63.07,1845.28125,[  21.        26.98       0.        63.07    1845.28125],[-0.03129369 -0.36790032 -0.0373632  -0.68787544 -0.39707768],0
21.0,26.98,0.0,70.51,1214.7520499999982,[  21.        26.98       0.        70.51    1214.75205],[-0.03129369 -0.36790032 -0.0373632   0.73716583 -0.41302301],3
21.0,26.99,0.0,58.72,14961.040200000003,[   21.        26.99       0.        58.72   14961.0402],[-0.03129369 -0.36705653 -0.0373632  -1.5210649  -0.06539584],0
21.0,26.99,0.0,62.12,24939.721270000002,"[2.10000000e+01 2.69900000e+01 0.00000000e+00 6.21200000e+01
 2.49397213e+04]",[-0.03129369 -0.36705653 -0.0373632  -0.86983636  0.18695305],0
21.0,26.99,0.0,63.07,14747.313800000002,[   21.        26.99       0.        63.07   14747.3138],[-0.03129369 -0.36705653 -0.0373632  -0.68787544 -0.07080073],0
21.0,27.0,0.0,62.12,3120.5,[  21.     27.      0.     62.12 3120.5 ],[-0.03129369 -0.36621273 -0.0373632  -0.86983636 -0.36482892],0
21.0,27.0,0.0,63.07,889.2458299999996,[ 21.       27.        0.       63.07    889.24583],[-0.03129369 -0.36621273 -0.0373632  -0.68787544 -0.42125467],0
21.0,27.0,0.0,70.51,43902.77119999998,"[2.10000000e+01 2.70000000e+01 0.00000000e+00 7.05100000e+01
 4.39027712e+04]",[-0.03129369 -0.36621273 -0.0373632   0.73716583  0.66650587],3
21.0,27.01,0.0,62.12,4259.187099999997,[  21.       27.01      0.       62.12   4259.1871],[-0.03129369 -0.36536894 -0.0373632  -0.86983636 -0.33603289],0
21.0,27.01,0.0,63.07,14555.59220000001,[   21.        27.01       0.        63.07   14555.5922],[-0.03129369 -0.36536894 -0.0373632  -0.68787544 -0.07564914],0
21.0,27.01,0.0,70.51,1146.726050000002,[  21.        27.01       0.        70.51    1146.72605],[-0.03129369 -0.36536894 -0.0373632   0.73716583 -0.4147433 ],3
21.0,27.02,0.0,58.72,5886.125,[  21.      27.02     0.      58.72  5886.125],[-0.03129369 -0.36452514 -0.0373632  -1.5210649  -0.29488958],0
21.0,27.02,0.0,62.12,13881.571680000008,[   21.         27.02        0.         62.12    13881.57168],[-0.03129369 -0.36452514 -0.0373632  -0.86983636 -0.09269431],0
21.0,27.02,0.0,63.07,1526.8948000000034,[  21.       27.02      0.       63.07   1526.8948],[-0.03129369 -0.36452514 -0.0373632  -0.68787544 -0.40512929],0
21.0,27.03,0.0,63.07,14366.820049999998,[   21.         27.03        0.         63.07    14366.82005],[-0.03129369 -0.36368135 -0.0373632  -0.68787544 -0.08042296],0
21.0,27.03,0.0,70.51,662.1858999999985,[ 21.      27.03     0.      70.51   662.1859],[-0.03129369 -0.36368135 -0.0373632   0.73716583 -0.42699674],3
21.0,27.04,0.0,58.72,15089.319200000005,[   21.        27.04       0.        58.72   15089.3192],[-0.03129369 -0.36283755 -0.0373632  -1.5210649  -0.06215182],0
21.0,27.04,0.0,62.12,10911.099366666662,"[   21.            27.04           0.            62.12
 10911.09936667]",[-0.03129369 -0.36283755 -0.0373632  -0.86983636 -0.167814  ],0
21.0,27.04,0.0,63.07,961.6597583333327,[ 21.          27.04         0.          63.07       961.65975833],[-0.03129369 -0.36283755 -0.0373632  -0.68787544 -0.41942341],0
21.0,27.05,0.0,62.12,1846.8742333333341,[  21.           27.05          0.           62.12       1846.87423333],[-0.03129369 -0.36199376 -0.0373632  -0.86983636 -0.39703739],0
21.0,27.05,0.0,63.07,4856.171625,[  21.         27.05        0.         63.07     4856.171625],[-0.03129369 -0.36199376 -0.0373632  -0.68787544 -0.32093587],0
21.0,27.05,0.0,70.51,43041.64123333333,"[2.10000000e+01 2.70500000e+01 0.00000000e+00 7.05100000e+01
 4.30416412e+04]",[-0.03129369 -0.36199376 -0.0373632   0.73716583  0.64472893],3
21.0,27.06,0.0,62.12,3293.755824999995,[  21.         27.06        0.         62.12     3293.755825],[-0.03129369 -0.36114996 -0.0373632  -0.86983636 -0.36044749],0
21.0,27.06,0.0,70.51,17416.327033333317,"[   21.            27.06           0.            70.51
 17416.32703333]",[-0.03129369 -0.36114996 -0.0373632   0.73716583 -0.00330458],3
21.0,27.07,0.0,62.12,18859.852933333324,"[   21.            27.07           0.            62.12
 18859.85293333]",[-0.03129369 -0.36030617 -0.0373632  -0.86983636  0.03320046],0
21.0,27.07,0.0,63.07,4641.081999999995,[  21.      27.07     0.      63.07  4641.082],[-0.03129369 -0.36030617 -0.0373632  -0.68787544 -0.32637523],0
21.0,27.08,0.0,62.12,2626.6752000000015,[  21.       27.08      0.       62.12   2626.6752],[-0.03129369 -0.35946237 -0.0373632  -0.86983636 -0.37731716],0
21.0,27.08,0.0,63.07,3792.8489583333285,[  21.           27.08          0.           63.07       3792.84895833],[-0.03129369 -0.35946237 -0.0373632  -0.68787544 -0.34782602],0
21.0,27.08,0.0,70.51,13.312800000000422,[21.     27.08    0.     70.51   13.3128],[-0.03129369 -0.35946237 -0.0373632   0.73716583 -0.44340597],3
21.0,27.09,0.0,58.72,5937.230450000003,[  21.        27.09       0.        58.72    5937.23045],[-0.03129369 -0.35861857 -0.0373632  -1.5210649  -0.29359718],0
21.0,27.09,0.0,62.12,1129.4026916666617,[  21.           27.09          0.           62.12       1129.40269167],[-0.03129369 -0.35861857 -0.0373632  -0.86983636 -0.41518139],0
21.0,27.09,0.0,63.07,5903.301466666664,[  21.           27.09          0.           63.07       5903.30146667],[-0.03129369 -0.35861857 -0.0373632  -0.68787544 -0.29445521],0
21.0,27.09,0.0,73.73,398.74879999999706,[ 21.      27.09     0.      73.73   398.7488],[-0.03129369 -0.35861857 -0.0373632   1.35391757 -0.43365875],3
21.0,27.1,0.0,62.12,20861.36123333334,"[   21.            27.1            0.            62.12
 20861.36123333]",[-0.03129369 -0.35777478 -0.0373632  -0.86983636  0.08381621],0
21.0,27.1,0.0,63.07,1751.1362000000038,[  21.       27.1       0.       63.07   1751.1362],[-0.03129369 -0.35777478 -0.0373632  -0.68787544 -0.39945849],0
21.0,27.1,0.0,70.51,25613.51213333335,"[2.10000000e+01 2.71000000e+01 0.00000000e+00 7.05100000e+01
 2.56135121e+04]",[-0.03129369 -0.35777478 -0.0373632   0.73716583  0.20399241],3
21.0,27.11,0.0,62.12,1239.910433333334,[  21.           27.11          0.           62.12       1239.91043333],[-0.03129369 -0.35693098 -0.0373632  -0.86983636 -0.41238678],0
21.0,27.11,0.0,63.07,4302.176729999995,[  21.        27.11       0.        63.07    4302.17673],[-0.03129369 -0.35693098 -0.0373632  -0.68787544 -0.33494573],0
21.0,27.11,0.0,70.51,6.195199999999936,[21.     27.11    0.     70.51    6.1952],[-0.03129369 -0.35693098 -0.0373632   0.73716583 -0.44358596],3
21.0,27.12,0.0,58.72,2117.0524499999997,[  21.        27.12       0.        58.72    2117.05245],[-0.03129369 -0.35608719 -0.0373632  -1.5210649  -0.39020491],0
21.0,27.12,0.0,62.12,6440.447639601141,[  21.          27.12         0.          62.12      6440.4476396],[-0.03129369 -0.35608719 -0.0373632  -0.86983636 -0.28087142],0
21.0,27.12,0.0,63.07,3450.312449999995,[  21.        27.12       0.        63.07    3450.31245],[-0.03129369 -0.35608719 -0.0373632  -0.68787544 -0.35648836],0
21.0,27.12,0.0,70.51,10671.144050000014,[   21.         27.12        0.         70.51    10671.14405],[-0.03129369 -0.35608719 -0.0373632   0.73716583 -0.17388218],3
21.0,27.13,0.0,62.12,8700.550199999994,[  21.       27.13      0.       62.12   8700.5502],[-0.03129369 -0.35524339 -0.0373632  -0.86983636 -0.22371614],0
21.0,27.13,0.0,63.07,4625.925469999996,[  21.        27.13       0.        63.07    4625.92547],[-0.03129369 -0.35524339 -0.0373632  -0.68787544 -0.32675852],0
21.0,27.14,0.0,63.07,1413.927233333335,[  21.           27.14          0.           63.07       1413.92723333],[-0.03129369 -0.3543996  -0.0373632  -0.68787544 -0.4079861 ],0
21.0,27.14,0.0,70.51,20375.80489166668,"[   21.            27.14           0.            70.51
 20375.80489167]",[-0.03129369 -0.3543996  -0.0373632   0.73716583  0.07153707],3
21.0,27.15,0.0,62.12,4397.344199999998,[  21.       27.15      0.       62.12   4397.3442],[-0.03129369 -0.3535558  -0.0373632  -0.86983636 -0.33253906],0
21.0,27.15,0.0,63.07,7711.744300000005,[  21.       27.15      0.       63.07   7711.7443],[-0.03129369 -0.3535558  -0.0373632  -0.68787544 -0.24872185],0
21.0,27.15,0.0,70.51,29556.098450000012,"[2.10000000e+01 2.71500000e+01 0.00000000e+00 7.05100000e+01
 2.95560985e+04]",[-0.03129369 -0.3535558  -0.0373632   0.73716583  0.3036957 ],3
21.0,27.16,0.0,58.72,7739.93263333335,[  21.           27.16          0.           58.72       7739.93263333],[-0.03129369 -0.35271201 -0.0373632  -1.5210649  -0.248009  ],0
21.0,27.16,0.0,62.12,11409.800833333335,"[   21.            27.16           0.            62.12
 11409.80083333]",[-0.03129369 -0.35271201 -0.0373632  -0.86983636 -0.15520243],0
21.0,27.16,0.0,63.07,2141.851250000003,[  21.        27.16       0.        63.07    2141.85125],[-0.03129369 -0.35271201 -0.0373632  -0.68787544 -0.38957778],0
21.0,27.17,0.0,62.12,58477.788133333335,"[2.10000000e+01 2.71700000e+01 0.00000000e+00 6.21200000e+01
 5.84777881e+04]",[-0.03129369 -0.35186821 -0.0373632  -0.86983636  1.03509059],0
21.0,27.17,0.0,63.07,4463.343819999993,[  21.        27.17       0.        63.07    4463.34382],[-0.03129369 -0.35186821 -0.0373632  -0.68787544 -0.33087001],0
21.0,27.17,0.0,70.51,903.9751999999992,[ 21.      27.17     0.      70.51   903.9752],[-0.03129369 -0.35186821 -0.0373632   0.73716583 -0.42088218],3
21.0,27.18,0.0,62.12,515.5260499999986,[ 21.       27.18      0.       62.12    515.52605],[-0.03129369 -0.35102441 -0.0373632  -0.86983636 -0.43070559],0
21.0,27.18,0.0,63.07,9178.770050000001,[  21.        27.18       0.        63.07    9178.77005],[-0.03129369 -0.35102441 -0.0373632  -0.68787544 -0.21162253],0
21.0,27.18,0.0,68.56,25896.32820000001,"[2.10000000e+01 2.71800000e+01 0.00000000e+00 6.85600000e+01
 2.58963282e+04]",[-0.03129369 -0.35102441 -0.0373632   0.36366711  0.21114449],3
21.0,27.19,0.0,63.07,5061.320333333338,[  21.           27.19          0.           63.07       5061.32033333],[-0.03129369 -0.35018062 -0.0373632  -0.68787544 -0.3157479 ],0
21.0,27.19,0.0,70.51,24465.960033333333,[2.100000e+01 2.719000e+01 0.000000e+00 7.051000e+01 2.446596e+04],[-0.03129369 -0.35018062 -0.0373632   0.73716583  0.1749722 ],3
21.0,27.2,0.0,58.72,7809.485633333339,[  21.           27.2           0.           58.72       7809.48563333],[-0.03129369 -0.34933682 -0.0373632  -1.5210649  -0.24625009],0
21.0,27.2,0.0,62.12,45810.61805000002,"[2.10000000e+01 2.72000000e+01 0.00000000e+00 6.21200000e+01
 4.58106181e+04]",[-0.03129369 -0.34933682 -0.0373632  -0.86983636  0.71475303],0
21.0,27.2,0.0,63.07,313.00019999999955,[ 21.      27.2      0.      63.07   313.0002],[-0.03129369 -0.34933682 -0.0373632  -0.68787544 -0.43582723],0
21.0,27.2,0.0,70.51,6029.3354333333355,[  21.           27.2           0.           70.51       6029.33543333],[-0.03129369 -0.34933682 -0.0373632   0.73716583 -0.29126796],3
21.0,27.21,0.0,62.12,2062.3707999999992,[  21.       27.21      0.       62.12   2062.3708],[-0.03129369 -0.34849303 -0.0373632  -0.86983636 -0.39158774],0
21.0,27.21,0.0,63.07,2352.9593699999996,[  21.        27.21       0.        63.07    2352.95937],[-0.03129369 -0.34849303 -0.0373632  -0.68787544 -0.38423911],0
21.0,27.22,0.0,62.12,17290.228933333336,"[   21.            27.22           0.            62.12
 17290.22893333]",[-0.03129369 -0.34764923 -0.0373632  -0.86983636 -0.00649345],0
21.0,27.22,0.0,63.07,7033.359633333336,[  21.           27.22          0.           63.07       7033.35963333],[-0.03129369 -0.34764923 -0.0373632  -0.68787544 -0.26587739],0
21.0,27.23,0.0,62.12,9492.037351111103,[  21.           27.23          0.           62.12       9492.03735111],[-0.03129369 -0.34680544 -0.0373632  -0.86983636 -0.20370037],0
21.0,27.23,0.0,70.51,20936.96362500001,[   21.          27.23         0.          70.51     20936.963625],[-0.03129369 -0.34680544 -0.0373632   0.73716583  0.0857281 ],3
21.0,27.24,0.0,58.72,15375.564799999993,[   21.        27.24       0.        58.72   15375.5648],[-0.03129369 -0.34596164 -0.0373632  -1.5210649  -0.05491301],0
21.0,27.24,0.0,62.12,2555.2926999999986,[  21.       27.24      0.       62.12   2555.2927],[-0.03129369 -0.34596164 -0.0373632  -0.86983636 -0.37912234],0
21.0,27.24,0.0,63.07,3593.2737500000007,[  21.        27.24       0.        63.07    3593.27375],[-0.03129369 -0.34596164 -0.0373632  -0.68787544 -0.35287304],0
21.0,27.25,0.0,63.07,6730.416233333326,[  21.           27.25          0.           63.07       6730.41623333],[-0.03129369 -0.34511785 -0.0373632  -0.68787544 -0.27353847],0
21.0,27.25,0.0,70.51,15.456800000000644,[21.     27.25    0.     70.51   15.4568],[-0.03129369 -0.34511785 -0.0373632   0.73716583 -0.44335175],3
21.0,27.26,0.0,62.12,23548.840199999995,"[2.10000000e+01 2.72600000e+01 0.00000000e+00 6.21200000e+01
 2.35488402e+04]",[-0.03129369 -0.34427405 -0.0373632  -0.86983636  0.15177933],0
21.0,27.26,0.0,63.07,3921.436799999995,[  21.       27.26      0.       63.07   3921.4368],[-0.03129369 -0.34427405 -0.0373632  -0.68787544 -0.34457419],0
21.0,27.26,0.0,70.51,684.1300500000003,[ 21.       27.26      0.       70.51    684.13005],[-0.03129369 -0.34427405 -0.0373632   0.73716583 -0.4264418 ],3
21.0,27.27,0.0,63.07,3420.0168499999945,[  21.        27.27       0.        63.07    3420.01685],[-0.03129369 -0.34343025 -0.0373632  -0.68787544 -0.3572545 ],0
21.0,27.27,0.0,70.51,7708.362466666673,[  21.           27.27          0.           70.51       7708.36246667],[-0.03129369 -0.34343025 -0.0373632   0.73716583 -0.24880738],3
21.0,27.28,0.0,62.12,21066.43163333332,"[2.10000000e+01 2.72800000e+01 0.00000000e+00 6.21200000e+01
 2.10664316e+04]",[-0.03129369 -0.34258646 -0.0373632  -0.86983636  0.08900219],0
21.0,27.28,0.0,63.07,7526.418049999986,[  21.        27.28       0.        63.07    7526.41805],[-0.03129369 -0.34258646 -0.0373632  -0.68787544 -0.25340853],0
21.0,27.28,0.0,70.51,23434.42103333334,[2.1000000e+01 2.7280000e+01 0.0000000e+00 7.0510000e+01 2.3434421e+04],[-0.03129369 -0.34258646 -0.0373632   0.73716583  0.14888581],3
21.0,27.29,0.0,62.12,15755.002899999987,[   21.        27.29       0.        62.12   15755.0029],[-0.03129369 -0.34174266 -0.0373632  -0.86983636 -0.04531748],0
21.0,27.29,0.0,63.07,1095.4880249999997,[  21.         27.29        0.         63.07     1095.488025],[-0.03129369 -0.34174266 -0.0373632  -0.68787544 -0.41603905],0
21.0,27.29,0.0,70.51,608.6560500000035,[ 21.       27.29      0.       70.51    608.65605],[-0.03129369 -0.34174266 -0.0373632   0.73716583 -0.42835045],3
21.0,27.3,0.0,63.07,4907.819024999995,[  21.         27.3         0.         63.07     4907.819025],[-0.03129369 -0.34089887 -0.0373632  -0.68787544 -0.31962977],0
21.0,27.3,0.0,70.51,47.14205000000035,[21.      27.3      0.      70.51    47.14205],[-0.03129369 -0.34089887 -0.0373632   0.73716583 -0.44255046],3
21.0,27.31,0.0,62.12,24142.8338,"[2.10000000e+01 2.73100000e+01 0.00000000e+00 6.21200000e+01
 2.41428338e+04]",[-0.03129369 -0.34005507 -0.0373632  -0.86983636  0.16680072],0
21.0,27.31,0.0,63.07,3497.2606333333297,[  21.           27.31          0.           63.07       3497.26063333],[-0.03129369 -0.34005507 -0.0373632  -0.68787544 -0.3553011 ],0
21.0,27.31,0.0,70.51,15636.937666666672,"[   21.            27.31           0.            70.51
 15636.93766667]",[-0.03129369 -0.34005507 -0.0373632   0.73716583 -0.04830321],3
21.0,27.32,0.0,63.07,1011.6594666666638,[  21.           27.32          0.           63.07       1011.65946667],[-0.03129369 -0.33921128 -0.0373632  -0.68787544 -0.41815897],0
21.0,27.32,0.0,70.51,26733.242727777775,"[2.10000000e+01 2.73200000e+01 0.00000000e+00 7.05100000e+01
 2.67332427e+04]",[-0.03129369 -0.33921128 -0.0373632   0.73716583  0.23230906],3
21.0,27.33,0.0,58.72,7966.94253333333,[  21.           27.33          0.           58.72       7966.94253333],[-0.03129369 -0.33836748 -0.0373632  -1.5210649  -0.2422682 ],0
21.0,27.33,0.0,62.12,20247.27163333333,"[   21.            27.33           0.            62.12
 20247.27163333]",[-0.03129369 -0.33836748 -0.0373632  -0.86983636  0.06828662],0
21.0,27.33,0.0,63.07,548.7984500000017,[ 21.       27.33      0.       63.07    548.79845],[-0.03129369 -0.33836748 -0.0373632  -0.68787544 -0.42986418],0
21.0,27.33,0.0,70.51,17833.333589999995,[   21.         27.33        0.         70.51    17833.33359],[-0.03129369 -0.33836748 -0.0373632   0.73716583  0.00724102],3
21.0,27.34,0.0,63.07,1614.5359466666637,[  21.           27.34          0.           63.07       1614.53594667],[-0.03129369 -0.33752369 -0.0373632  -0.68787544 -0.40291295],0
21.0,27.34,0.0,70.51,10759.596710000002,[   21.         27.34        0.         70.51    10759.59671],[-0.03129369 -0.33752369 -0.0373632   0.73716583 -0.17164532],3
21.0,27.35,0.0,62.12,211.97404999999833,[ 21.       27.35      0.       62.12    211.97405],[-0.03129369 -0.33667989 -0.0373632  -0.86983636 -0.43838206],0
21.0,27.35,0.0,63.07,288.85839643678077,[ 21.          27.35         0.          63.07       288.85839644],[-0.03129369 -0.33667989 -0.0373632  -0.68787544 -0.43643775],0
21.0,27.35,0.0,70.51,24843.194164285716,"[2.10000000e+01 2.73500000e+01 0.00000000e+00 7.05100000e+01
 2.48431942e+04]",[-0.03129369 -0.33667989 -0.0373632   0.73716583  0.184512  ],3
21.0,27.35,0.0,73.73,9246.640050000016,[  21.        27.35       0.        73.73    9246.64005],[-0.03129369 -0.33667989 -0.0373632   1.35391757 -0.20990618],3
21.0,27.36,0.0,63.07,1064.1264400000011,[  21.        27.36       0.        63.07    1064.12644],[-0.03129369 -0.33583609 -0.0373632  -0.68787544 -0.41683215],0
21.0,27.36,0.0,70.51,28409.27227857142,"[2.10000000e+01 2.73600000e+01 0.00000000e+00 7.05100000e+01
 2.84092723e+04]",[-0.03129369 -0.33583609 -0.0373632   0.73716583  0.27469384],3
21.0,27.37,0.0,58.72,8027.113633333332,[  21.           27.37          0.           58.72       8027.11363333],[-0.03129369 -0.3349923  -0.0373632  -1.5210649  -0.24074654],0
21.0,27.37,0.0,62.12,18126.409733333352,"[   21.            27.37           0.            62.12
 18126.40973333]",[-0.03129369 -0.3349923  -0.0373632  -0.86983636  0.01465256],0
21.0,27.37,0.0,63.07,955.5823566666687,[ 21.          27.37         0.          63.07       955.58235667],[-0.03129369 -0.3349923  -0.0373632  -0.68787544 -0.4195771 ],0
21.0,27.37,0.0,70.51,9991.366690476187,[  21.           27.37          0.           70.51       9991.36669048],[-0.03129369 -0.3349923  -0.0373632   0.73716583 -0.19107293],3
21.0,27.38,0.0,63.07,329.4104999999993,[ 21.      27.38     0.      63.07   329.4105],[-0.03129369 -0.3341485  -0.0373632  -0.68787544 -0.43541223],0
21.0,27.38,0.0,70.51,18163.73747666665,"[   21.            27.38           0.            70.51
 18163.73747667]",[-0.03129369 -0.3341485  -0.0373632   0.73716583  0.01559654],3
21.0,27.39,0.0,62.12,13853.388699999989,[   21.        27.39       0.        62.12   13853.3887],[-0.03129369 -0.33330471 -0.0373632  -0.86983636 -0.09340702],0
21.0,27.39,0.0,63.07,527.0761500000003,[ 21.       27.39      0.       63.07    527.07615],[-0.03129369 -0.33330471 -0.0373632  -0.68787544 -0.43041351],0
21.0,27.39,0.0,70.51,34974.8352,"[2.10000000e+01 2.73900000e+01 0.00000000e+00 7.05100000e+01
 3.49748352e+04]",[-0.03129369 -0.33330471 -0.0373632   0.73716583  0.44072906],3
21.0,27.4,0.0,63.07,67.63454952380985,[21.         27.4         0.         63.07       67.63454952],[-0.03129369 -0.33246091 -0.0373632  -0.68787544 -0.44203223],0
21.0,27.4,0.0,70.51,25646.595199999992,"[2.10000000e+01 2.74000000e+01 0.00000000e+00 7.05100000e+01
 2.56465952e+04]",[-0.03129369 -0.33246091 -0.0373632   0.73716583  0.20482905],3
21.0,27.41,0.0,58.72,15779.761250000007,[   21.         27.41        0.         58.72    15779.76125],[-0.03129369 -0.33161712 -0.0373632  -1.5210649  -0.04469137],0
21.0,27.41,0.0,62.12,148.43645000000032,[ 21.       27.41      0.       62.12    148.43645],[-0.03129369 -0.33161712 -0.0373632  -0.86983636 -0.43998885],0
21.0,27.41,0.0,63.07,39.2947238095233,[21.         27.41        0.         63.07       39.29472381],[-0.03129369 -0.33161712 -0.0373632  -0.68787544 -0.44274891],0
21.0,27.41,0.0,70.51,28091.827520000006,"[2.10000000e+01 2.74100000e+01 0.00000000e+00 7.05100000e+01
 2.80918275e+04]",[-0.03129369 -0.33161712 -0.0373632   0.73716583  0.26666604],3
21.0,27.41,0.0,73.73,49593.60180000002,"[2.10000000e+01 2.74100000e+01 0.00000000e+00 7.37300000e+01
 4.95936018e+04]",[-0.03129369 -0.33161712 -0.0373632   1.35391757  0.81042016],3
21.0,27.42,0.0,70.51,5951.8317000000025,[  21.       27.42      0.       70.51   5951.8317],[-0.03129369 -0.33077332 -0.0373632   0.73716583 -0.29322794],3
21.0,27.43,0.0,62.12,128.16004999999984,[ 21.       27.43      0.       62.12    128.16005],[-0.03129369 -0.32992953 -0.0373632  -0.86983636 -0.44050162],0
21.0,27.43,0.0,70.51,245.9762000000014,[ 21.      27.43     0.      70.51   245.9762],[-0.03129369 -0.32992953 -0.0373632   0.73716583 -0.43752219],3
21.0,27.44,0.0,58.72,2064.03125,[  21.        27.44       0.        58.72    2064.03125],[-0.03129369 -0.32908573 -0.0373632  -1.5210649  -0.39154575],0
21.0,27.44,0.0,62.12,39219.60245000003,"[2.10000000e+01 2.74400000e+01 0.00000000e+00 6.21200000e+01
 3.92196025e+04]",[-0.03129369 -0.32908573 -0.0373632  -0.86983636  0.54807414],0
21.0,27.44,0.0,70.51,16489.108133333328,"[   21.            27.44           0.            70.51
 16489.10813333]",[-0.03129369 -0.32908573 -0.0373632   0.73716583 -0.02675283],3
21.0,27.45,0.0,62.12,16728.970533333344,"[   21.            27.45           0.            62.12
 16728.97053333]",[-0.03129369 -0.32824193 -0.0373632  -0.86983636 -0.020687  ],0
21.0,27.45,0.0,70.51,14464.494899999987,[   21.        27.45       0.        70.51   14464.4949],[-0.03129369 -0.32824193 -0.0373632   0.73716583 -0.07795288],3
21.0,27.45,0.0,73.73,53631.619633333336,"[2.10000000e+01 2.74500000e+01 0.00000000e+00 7.37300000e+01
 5.36316196e+04]",[-0.03129369 -0.32824193 -0.0373632   1.35391757  0.9125368 ],3
21.0,27.46,0.0,70.51,19389.71829999999,[   21.        27.46       0.        70.51   19389.7183],[-0.03129369 -0.32739814 -0.0373632   0.73716583  0.04660012],3
21.0,27.47,0.0,58.72,6409.384200000003,[  21.       27.47      0.       58.72   6409.3842],[-0.03129369 -0.32655434 -0.0373632  -1.5210649  -0.28165698],0
21.0,27.47,0.0,62.12,25969.20500000001,[2.1000000e+01 2.7470000e+01 0.0000000e+00 6.2120000e+01 2.5969205e+04],[-0.03129369 -0.32655434 -0.0373632  -0.86983636  0.21298746],0
21.0,27.48,0.0,70.51,11305.129899999987,[   21.        27.48       0.        70.51   11305.1299],[-0.03129369 -0.32571055 -0.0373632   0.73716583 -0.15784944],3
21.0,27.49,0.0,62.12,5146.051250000005,[  21.        27.49       0.        62.12    5146.05125],[-0.03129369 -0.32486675 -0.0373632  -0.86983636 -0.31360516],0
21.0,27.49,0.0,70.51,22390.42704999999,[2.1000000e+01 2.7490000e+01 0.0000000e+00 7.0510000e+01 2.2390427e+04],[-0.03129369 -0.32486675 -0.0373632   0.73716583  0.12248445],3
21.0,27.49,0.0,73.73,9092.261250000003,[  21.        27.49       0.        73.73    9092.26125],[-0.03129369 -0.32486675 -0.0373632   1.35391757 -0.21381023],3
21.0,27.5,0.0,58.72,6510.546049999995,[  21.        27.5        0.        58.72    6510.54605],[-0.03129369 -0.32402296 -0.0373632  -1.5210649  -0.27909872],0
21.0,27.5,0.0,62.12,16100.5719,[   21.        27.5        0.        62.12   16100.5719],[-0.03129369 -0.32402296 -0.0373632  -0.86983636 -0.03657845],0
21.0,27.5,0.0,70.51,38990.18768571429,"[2.10000000e+01 2.75000000e+01 0.00000000e+00 7.05100000e+01
 3.89901877e+04]",[-0.03129369 -0.32402296 -0.0373632   0.73716583  0.54227252],3
21.0,27.51,0.0,70.51,21362.48185,"[2.10000000e+01 2.75100000e+01 0.00000000e+00 7.05100000e+01
 2.13624819e+04]",[-0.03129369 -0.32317916 -0.0373632   0.73716583  0.09648895],3
21.0,27.51,0.0,73.73,88721.5687999999,"[2.10000000e+01 2.75100000e+01 0.00000000e+00 7.37300000e+01
 8.87215688e+04]",[-0.03129369 -0.32317916 -0.0373632   1.35391757  1.79991959],3
21.0,27.52,0.0,58.72,16043.778449999989,[   21.         27.52        0.         58.72    16043.77845],[-0.03129369 -0.32233537 -0.0373632  -1.5210649  -0.03801469],0
21.0,27.52,0.0,62.12,18447.817233333342,"[   21.            27.52           0.            62.12
 18447.81723333]",[-0.03129369 -0.32233537 -0.0373632  -0.86983636  0.02278057],0
21.0,27.52,0.0,70.51,12833.084729999993,[   21.         27.52        0.         70.51    12833.08473],[-0.03129369 -0.32233537 -0.0373632   0.73716583 -0.11920929],3
21.0,27.53,0.0,70.51,4046.921790476192,[  21.           27.53          0.           70.51       4046.92179048],[-0.03129369 -0.32149157 -0.0373632   0.73716583 -0.34140083],3
21.0,27.54,0.0,58.72,6607.900800000004,[  21.       27.54      0.       58.72   6607.9008],[-0.03129369 -0.32064777 -0.0373632  -1.5210649  -0.27663673],0
21.0,27.54,0.0,62.12,3031.485733333335,[  21.           27.54          0.           62.12       3031.48573333],[-0.03129369 -0.32064777 -0.0373632  -0.86983636 -0.36707999],0
21.0,27.54,0.0,70.51,6291.923936257312,[  21.           27.54          0.           70.51       6291.92393626],[-0.03129369 -0.32064777 -0.0373632   0.73716583 -0.28462741],3
21.0,27.55,0.0,62.12,1374.9768,[  21.       27.55      0.       62.12   1374.9768],[-0.03129369 -0.31980398 -0.0373632  -0.86983636 -0.40897111],0
21.0,27.55,0.0,70.51,4086.336115151514,[  21.           27.55          0.           70.51       4086.33611515],[-0.03129369 -0.31980398 -0.0373632   0.73716583 -0.34040408],3
21.0,27.55,0.0,73.73,513.2807999999989,[ 21.      27.55     0.      73.73   513.2808],[-0.03129369 -0.31980398 -0.0373632   1.35391757 -0.43076237],3
21.0,27.56,0.0,58.72,16124.488199999987,[   21.        27.56       0.        58.72   16124.4882],[-0.03129369 -0.31896018 -0.0373632  -1.5210649  -0.03597364],0
21.0,27.56,0.0,62.12,29.799200000000212,[21.     27.56    0.     62.12   29.7992],[-0.03129369 -0.31896018 -0.0373632  -0.86983636 -0.44298904],0
21.0,27.56,0.0,68.56,26408.61620000001,"[2.10000000e+01 2.75600000e+01 0.00000000e+00 6.85600000e+01
 2.64086162e+04]",[-0.03129369 -0.31896018 -0.0373632   0.36366711  0.22409964],3
21.0,27.56,0.0,70.51,20394.305906060603,"[   21.            27.56           0.            70.51
 20394.30590606]",[-0.03129369 -0.31896018 -0.0373632   0.73716583  0.07200494],3
21.0,27.57,0.0,62.12,37.49779999999923,[21.     27.57    0.     62.12   37.4978],[-0.03129369 -0.31811639 -0.0373632  -0.86983636 -0.44279436],0
21.0,27.57,0.0,70.51,8940.972936666669,[  21.           27.57          0.           70.51       8940.97293667],[-0.03129369 -0.31811639 -0.0373632   0.73716583 -0.21763613],3
21.0,27.58,0.0,70.51,17484.238769999993,[   21.         27.58        0.         70.51    17484.23877],[-0.03129369 -0.31727259 -0.0373632   0.73716583 -0.00158717],3
21.0,27.59,0.0,62.12,28841.10763333333,"[2.10000000e+01 2.75900000e+01 0.00000000e+00 6.21200000e+01
 2.88411076e+04]",[-0.03129369 -0.3164288  -0.0373632  -0.86983636  0.28561444],0
21.0,27.59,0.0,70.51,12938.697176666672,"[   21.            27.59           0.            70.51
 12938.69717667]",[-0.03129369 -0.3164288  -0.0373632   0.73716583 -0.11653848],3
21.0,27.6,0.0,58.72,2107.952449999993,[  21.        27.6        0.        58.72    2107.95245],[-0.03129369 -0.315585   -0.0373632  -1.5210649  -0.39043504],0
21.0,27.6,0.0,62.12,17381.8684,[   21.        27.6        0.        62.12   17381.8684],[-0.03129369 -0.315585   -0.0373632  -0.86983636 -0.004176  ],0
21.0,27.6,0.0,70.51,50587.9444,"[2.10000000e+01 2.76000000e+01 0.00000000e+00 7.05100000e+01
 5.05879444e+04]",[-0.03129369 -0.315585   -0.0373632   0.73716583  0.8355659 ],3
21.0,27.6,0.0,73.73,41575.744799999935,"[2.10000000e+01 2.76000000e+01 0.00000000e+00 7.37300000e+01
 4.15757448e+04]",[-0.03129369 -0.315585   -0.0373632   1.35391757  0.60765816],3
21.0,27.61,0.0,70.51,27.863433333333635,[21.         27.61        0.         70.51       27.86343333],[-0.03129369 -0.31474121 -0.0373632   0.73716583 -0.443038  ],3
21.0,27.62,0.0,62.12,20380.31023333333,"[   21.            27.62           0.            62.12
 20380.31023333]",[-0.03129369 -0.31389741 -0.0373632  -0.86983636  0.07165101],0
21.0,27.62,0.0,70.51,860.7100500000004,[ 21.       27.62      0.       70.51    860.71005],[-0.03129369 -0.31389741 -0.0373632   0.73716583 -0.4219763 ],3
21.0,27.63,0.0,58.72,6715.246050000005,[  21.        27.63       0.        58.72    6715.24605],[-0.03129369 -0.31305361 -0.0373632  -1.5210649  -0.2739221 ],0
21.0,27.63,0.0,70.51,29471.064199999993,"[2.10000000e+01 2.76300000e+01 0.00000000e+00 7.05100000e+01
 2.94710642e+04]",[-0.03129369 -0.31305361 -0.0373632   0.73716583  0.30154529],3
21.0,27.64,0.0,62.12,30626.58885666665,"[2.10000000e+01 2.76400000e+01 0.00000000e+00 6.21200000e+01
 3.06265889e+04]",[-0.03129369 -0.31220982 -0.0373632  -0.86983636  0.33076712],0
21.0,27.64,0.0,70.51,12395.76436666666,"[   21.            27.64           0.            70.51
 12395.76436667]",[-0.03129369 -0.31220982 -0.0373632   0.73716583 -0.1302686 ],3
21.0,27.64,0.0,73.73,41968.839199999944,"[2.10000000e+01 2.76400000e+01 0.00000000e+00 7.37300000e+01
 4.19688392e+04]",[-0.03129369 -0.31220982 -0.0373632   1.35391757  0.61759905],3
21.0,27.65,0.0,70.51,12862.476050000007,[   21.         27.65        0.         70.51    12862.47605],[-0.03129369 -0.31136602 -0.0373632   0.73716583 -0.11846602],3
21.0,27.66,0.0,62.12,11548.12866999999,[   21.         27.66        0.         62.12    11548.12867],[-0.03129369 -0.31052223 -0.0373632  -0.86983636 -0.15170429],0
21.0,27.66,0.0,70.51,0.47045000000002646,[21.      27.66     0.      70.51     0.47045],[-0.03129369 -0.31052223 -0.0373632   0.73716583 -0.44373073],3
21.0,27.67,0.0,58.72,2055.6871999999967,[  21.       27.67      0.       58.72   2055.6872],[-0.03129369 -0.30967843 -0.0373632  -1.5210649  -0.39175676],0
21.0,27.67,0.0,62.12,20555.832900000012,[   21.        27.67       0.        62.12   20555.8329],[-0.03129369 -0.30967843 -0.0373632  -0.86983636  0.07608976],0
21.0,27.67,0.0,70.51,17029.28243333333,"[   21.            27.67           0.            70.51
 17029.28243333]",[-0.03129369 -0.30967843 -0.0373632   0.73716583 -0.01309247],3
21.0,27.68,0.0,62.12,33821.35328,"[2.10000000e+01 2.76800000e+01 0.00000000e+00 6.21200000e+01
 3.38213533e+04]",[-0.03129369 -0.30883464 -0.0373632  -0.86983636  0.41155889],0
21.0,27.68,0.0,70.51,13601.628300000008,[   21.        27.68       0.        70.51   13601.6283],[-0.03129369 -0.30883464 -0.0373632   0.73716583 -0.09977374],3
21.0,27.68,0.0,73.73,52582.0020500001,"[2.10000000e+01 2.76800000e+01 0.00000000e+00 7.37300000e+01
 5.25820021e+04]",[-0.03129369 -0.30883464 -0.0373632   1.35391757  0.88599323],3
21.0,27.69,0.0,62.12,18901.92763333333,"[   21.            27.69           0.            62.12
 18901.92763333]",[-0.03129369 -0.30799084 -0.0373632  -0.86983636  0.03426448],0
21.0,27.69,0.0,70.51,1025.1392000000014,[  21.       27.69      0.       70.51   1025.1392],[-0.03129369 -0.30799084 -0.0373632   0.73716583 -0.41781809],3
21.0,27.7,0.0,62.12,21046.450833333332,"[2.10000000e+01 2.77000000e+01 0.00000000e+00 6.21200000e+01
 2.10464508e+04]",[-0.03129369 -0.30714705 -0.0373632  -0.86983636  0.0884969 ],0
21.0,27.7,0.0,70.51,180.88019999999966,[ 21.      27.7      0.      70.51   180.8802],[-0.03129369 -0.30714705 -0.0373632   0.73716583 -0.43916839],3
21.0,27.71,0.0,62.12,1510.3007999999988,[  21.       27.71      0.       62.12   1510.3008],[-0.03129369 -0.30630325 -0.0373632  -0.86983636 -0.40554893],0
21.0,27.71,0.0,70.51,13.26124999999959,[21.      27.71     0.      70.51    13.26125],[-0.03129369 -0.30630325 -0.0373632   0.73716583 -0.44340727],3
21.0,27.72,0.0,62.12,2567.7060333333366,[  21.           27.72          0.           62.12       2567.70603333],[-0.03129369 -0.30545946 -0.0373632  -0.86983636 -0.37880842],0
21.0,27.72,0.0,70.51,34637.05693666667,"[2.10000000e+01 2.77200000e+01 0.00000000e+00 7.05100000e+01
 3.46370569e+04]",[-0.03129369 -0.30545946 -0.0373632   0.73716583  0.43218706],3
21.0,27.73,0.0,62.12,54859.9688,"[2.10000000e+01 2.77300000e+01 0.00000000e+00 6.21200000e+01
 5.48599688e+04]",[-0.03129369 -0.30461566 -0.0373632  -0.86983636  0.94360028],0
21.0,27.73,0.0,70.51,15349.2241,[   21.        27.73       0.        70.51   15349.2241],[-0.03129369 -0.30461566 -0.0373632   0.73716583 -0.05557914],3
21.0,27.74,0.0,62.12,2.668050000000268,[21.      27.74     0.      62.12     2.66805],[-0.03129369 -0.30377186 -0.0373632  -0.86983636 -0.44367516],0
21.0,27.74,0.0,70.51,17729.08303333332,"[   21.            27.74           0.            70.51
 17729.08303333]",[-0.03129369 -0.30377186 -0.0373632   0.73716583  0.00460465],3
21.0,27.75,0.0,62.12,35199.571633333326,"[2.10000000e+01 2.77500000e+01 0.00000000e+00 6.21200000e+01
 3.51995716e+04]",[-0.03129369 -0.30292807 -0.0373632  -0.86983636  0.44641238],0
21.0,27.75,0.0,70.51,4.285833333333548,[21.         27.75        0.         70.51        4.28583333],[-0.03129369 -0.30292807 -0.0373632   0.73716583 -0.44363425],3
21.0,27.76,0.0,62.12,27414.931564285715,"[2.10000000e+01 2.77600000e+01 0.00000000e+00 6.21200000e+01
 2.74149316e+04]",[-0.03129369 -0.30208427 -0.0373632  -0.86983636  0.24954815],0
21.0,27.76,0.0,70.51,267.72979999999836,[ 21.      27.76     0.      70.51   267.7298],[-0.03129369 -0.30208427 -0.0373632   0.73716583 -0.43697206],3
21.0,27.77,0.0,62.12,4981.018050000001,[  21.        27.77       0.        62.12    4981.01805],[-0.03129369 -0.30124048 -0.0373632  -0.86983636 -0.31777865],0
21.0,27.77,0.0,70.51,34309.158091666664,"[2.10000000e+01 2.77700000e+01 0.00000000e+00 7.05100000e+01
 3.43091581e+04]",[-0.03129369 -0.30124048 -0.0373632   0.73716583  0.42389489],3
21.0,27.78,0.0,70.51,282.74419999999935,[ 21.      27.78     0.      70.51   282.7442],[-0.03129369 -0.30039668 -0.0373632   0.73716583 -0.43659237],3
21.0,27.79,0.0,70.51,870.5821000000002,[ 21.      27.79     0.      70.51   870.5821],[-0.03129369 -0.29955289 -0.0373632   0.73716583 -0.42172665],3
21.0,27.8,0.0,70.51,8596.644699999995,[  21.       27.8       0.       70.51   8596.6447],[-0.03129369 -0.29870909 -0.0373632   0.73716583 -0.22634378],3
21.0,27.81,0.0,62.12,4336.988333333341,[  21.           27.81          0.           62.12       4336.98833333],[-0.03129369 -0.2978653  -0.0373632  -0.86983636 -0.33406539],0
21.0,27.81,0.0,68.56,32739.846049999967,[2.1000000e+01 2.7810000e+01 0.0000000e+00 6.8560000e+01 3.2739846e+04],[-0.03129369 -0.2978653  -0.0373632   0.36366711  0.38420886],3
21.0,27.81,0.0,70.51,20202.510049999997,[   21.         27.81        0.         70.51    20202.51005],[-0.03129369 -0.2978653  -0.0373632   0.73716583  0.06715465],3
21.0,27.81,0.0,73.73,1136.2144500000036,[  21.        27.81       0.        73.73    1136.21445],[-0.03129369 -0.2978653  -0.0373632   1.35391757 -0.41500913],3
21.0,27.82,0.0,70.51,11223.59587,[   21.         27.82        0.         70.51    11223.59587],[-0.03129369 -0.2970215  -0.0373632   0.73716583 -0.15991133],3
21.0,27.82,0.0,73.73,45237.312049999986,[2.1000000e+01 2.7820000e+01 0.0000000e+00 7.3730000e+01 4.5237312e+04],[-0.03129369 -0.2970215  -0.0373632   1.35391757  0.70025481],3
21.0,27.83,0.0,73.73,13.39263333333415,[21.         27.83        0.         73.73       13.39263333],[-0.03129369 -0.2961777  -0.0373632   1.35391757 -0.44340395],3
21.0,27.84,0.0,70.51,17852.181433333346,"[   21.            27.84           0.            70.51
 17852.18143333]",[-0.03129369 -0.29533391 -0.0373632   0.73716583  0.00771766],3
21.0,27.84,0.0,73.73,36722.22603333338,[2.1000000e+01 2.7840000e+01 0.0000000e+00 7.3730000e+01 3.6722226e+04],[-0.03129369 -0.29533391 -0.0373632   1.35391757  0.48491848],3
21.0,27.85,0.0,62.12,6280.509633333335,[  21.           27.85          0.           62.12       6280.50963333],[-0.03129369 -0.29449011 -0.0373632  -0.86983636 -0.28491606],0
21.0,27.85,0.0,70.51,349.27244999999715,[ 21.       27.85      0.       70.51    349.27245],[-0.03129369 -0.29449011 -0.0373632   0.73716583 -0.43490995],3
21.0,27.86,0.0,58.72,2067.244999999997,[  21.      27.86     0.      58.72  2067.245],[-0.03129369 -0.29364632 -0.0373632  -1.5210649  -0.39146448],0
21.0,27.86,0.0,70.51,0.8320499999999531,[21.      27.86     0.      70.51     0.83205],[-0.03129369 -0.29364632 -0.0373632   0.73716583 -0.44372159],3
21.0,27.86,0.0,73.73,29426.97323333334,"[2.10000000e+01 2.78600000e+01 0.00000000e+00 7.37300000e+01
 2.94269732e+04]",[-0.03129369 -0.29364632 -0.0373632   1.35391757  0.30043028],3
21.0,27.87,0.0,62.12,157.43123333333295,[ 21.          27.87         0.          62.12       157.43123333],[-0.03129369 -0.29280252 -0.0373632  -0.86983636 -0.43976138],0
21.0,27.87,0.0,70.51,11540.756900000002,[   21.        27.87       0.        70.51   11540.7569],[-0.03129369 -0.29280252 -0.0373632   0.73716583 -0.15189071],3
21.0,27.88,0.0,70.51,20092.105799999972,[   21.        27.88       0.        70.51   20092.1058],[-0.03129369 -0.29195873 -0.0373632   0.73716583  0.06436266],3
21.0,27.89,0.0,58.72,2041.6050000000023,[  21.      27.89     0.      58.72  2041.605],[-0.03129369 -0.29111493 -0.0373632  -1.5210649  -0.39211289],0
21.0,27.89,0.0,62.12,2910.1924000000054,[  21.       27.89      0.       62.12   2910.1924],[-0.03129369 -0.29111493 -0.0373632  -0.86983636 -0.37014735],0
21.0,27.89,0.0,68.56,10311.916049999969,[   21.         27.89        0.         68.56    10311.91605],[-0.03129369 -0.29111493 -0.0373632   0.36366711 -0.18296662],3
21.0,27.89,0.0,70.51,712.8499000000011,[ 21.      27.89     0.      70.51   712.8499],[-0.03129369 -0.29111493 -0.0373632   0.73716583 -0.42571551],3
21.0,27.9,0.0,70.51,0.20480000000002765,[21.     27.9     0.     70.51    0.2048],[-0.03129369 -0.29027114 -0.0373632   0.73716583 -0.44373745],3
21.0,27.9,0.0,73.73,46201.92020000001,"[2.10000000e+01 2.79000000e+01 0.00000000e+00 7.37300000e+01
 4.62019202e+04]",[-0.03129369 -0.29027114 -0.0373632   1.35391757  0.7246486 ],3
21.0,27.91,0.0,62.12,56.28604999999954,[21.      27.91     0.      62.12    56.28605],[-0.03129369 -0.28942734 -0.0373632  -0.86983636 -0.44231922],0
21.0,27.91,0.0,70.51,393.120799999999,[ 21.      27.91     0.      70.51   393.1208],[-0.03129369 -0.28942734 -0.0373632   0.73716583 -0.43380108],3
21.0,27.91,0.0,73.73,1041.0484499999998,[  21.        27.91       0.        73.73    1041.04845],[-0.03129369 -0.28942734 -0.0373632   1.35391757 -0.41741576],3
21.0,27.92,0.0,58.72,2016.125,[  21.      27.92     0.      58.72  2016.125],[-0.03129369 -0.28858354 -0.0373632  -1.5210649  -0.39275724],0
21.0,27.92,0.0,70.51,34647.65695833335,[2.1000000e+01 2.7920000e+01 0.0000000e+00 7.0510000e+01 3.4647657e+04],[-0.03129369 -0.28858354 -0.0373632   0.73716583  0.43245512],3
21.0,27.93,0.0,70.51,276.444033333332,[ 21.          27.93         0.          70.51       276.44403333],[-0.03129369 -0.28773975 -0.0373632   0.73716583 -0.43675169],3
21.0,27.94,0.0,62.12,2950.7456333333316,[  21.           27.94          0.           62.12       2950.74563333],[-0.03129369 -0.28689595 -0.0373632  -0.86983636 -0.36912181],0
21.0,27.94,0.0,68.56,6419.578049999994,[  21.        27.94       0.        68.56    6419.57805],[-0.03129369 -0.28689595 -0.0373632   0.36366711 -0.28139919],3
21.0,27.94,0.0,70.51,1505.9071999999967,[  21.       27.94      0.       70.51   1505.9072],[-0.03129369 -0.28689595 -0.0373632   0.73716583 -0.40566004],3
21.0,27.94,0.0,73.73,57956.50580000001,"[2.10000000e+01 2.79400000e+01 0.00000000e+00 7.37300000e+01
 5.79565058e+04]",[-0.03129369 -0.28689595 -0.0373632   1.35391757  1.02190799],3
21.0,27.95,0.0,58.72,1990.8049999999978,[  21.      27.95     0.      58.72  1990.805],[-0.03129369 -0.28605216 -0.0373632  -1.5210649  -0.39339756],0
21.0,27.95,0.0,62.12,1408.1609666666634,[  21.           27.95          0.           62.12       1408.16096667],[-0.03129369 -0.28605216 -0.0373632  -0.86983636 -0.40813193],0
21.0,27.95,0.0,70.51,35954.65043333333,"[2.10000000e+01 2.79500000e+01 0.00000000e+00 7.05100000e+01
 3.59546504e+04]",[-0.03129369 -0.28605216 -0.0373632   0.73716583  0.46550742],3
21.0,27.96,0.0,68.56,10224.5,[   21.      27.96     0.      68.56 10224.5 ],[-0.03129369 -0.28520836 -0.0373632   0.36366711 -0.18517727],3
21.0,27.96,0.0,70.51,322.3260499999982,[ 21.       27.96      0.       70.51    322.32605],[-0.03129369 -0.28520836 -0.0373632   0.73716583 -0.43559139],3
21.0,27.98,0.0,62.12,2567.7443999999978,[  21.       27.98      0.       62.12   2567.7444],[-0.03129369 -0.28352077 -0.0373632  -0.86983636 -0.37880745],0
21.0,27.99,0.0,62.12,2443.0049999999947,[  21.      27.99     0.      62.12  2443.005],[-0.03129369 -0.28267698 -0.0373632  -0.86983636 -0.38196196],0
21.0,27.99,0.0,70.51,32706.588799999998,"[2.10000000e+01 2.79900000e+01 0.00000000e+00 7.05100000e+01
 3.27065888e+04]",[-0.03129369 -0.28267698 -0.0373632   0.73716583  0.38336783],3
21.0,27.99,0.0,73.73,14.612424999999407,[21.       27.99      0.       73.73     14.612425],[-0.03129369 -0.28267698 -0.0373632   1.35391757 -0.4433731 ],3
21.0,28.0,0.0,62.12,37.8450000000004,[21.    28.     0.    62.12  37.845],[-0.03129369 -0.28183318 -0.0373632  -0.86983636 -0.44278558],0
21.0,28.0,0.0,73.73,598.7361,[ 21.      28.       0.      73.73   598.7361],[-0.03129369 -0.28183318 -0.0373632   1.35391757 -0.42860131],3
21.0,28.01,0.0,62.12,206.18093333333314,[ 21.          28.01         0.          62.12       206.18093333],[-0.03129369 -0.28098938 -0.0373632  -0.86983636 -0.43852856],0
21.0,28.01,0.0,68.56,6959.640200000003,[  21.       28.01      0.       68.56   6959.6402],[-0.03129369 -0.28098938 -0.0373632   0.36366711 -0.26774167],3
21.0,28.01,0.0,73.73,0.387199999999996,[21.     28.01    0.     73.73    0.3872],[-0.03129369 -0.28098938 -0.0373632   1.35391757 -0.44373284],3
21.0,28.02,0.0,58.72,1973.804449999999,[  21.        28.02       0.        58.72    1973.80445],[-0.03129369 -0.28014559 -0.0373632  -1.5210649  -0.39382748],0
21.0,28.02,0.0,70.51,40304.324025,[2.1000000e+01 2.8020000e+01 0.0000000e+00 7.0510000e+01 4.0304324e+04],[-0.03129369 -0.28014559 -0.0373632   0.73716583  0.57550545],3
21.0,28.02,0.0,73.73,30658.773233333297,"[2.10000000e+01 2.80200000e+01 0.00000000e+00 7.37300000e+01
 3.06587732e+04]",[-0.03129369 -0.28014559 -0.0373632   1.35391757  0.33158103],3
21.0,28.03,0.0,62.12,35.448199999999176,[21.     28.03    0.     62.12   35.4482],[-0.03129369 -0.27930179 -0.0373632  -0.86983636 -0.44284619],0
21.0,28.03,0.0,73.73,367.2314249999965,[ 21.        28.03       0.        73.73     367.231425],[-0.03129369 -0.27930179 -0.0373632   1.35391757 -0.43445579],3
21.0,28.04,0.0,62.12,2186.0316333333367,[  21.           28.04          0.           62.12       2186.03163333],[-0.03129369 -0.278458   -0.0373632  -0.86983636 -0.38846051],0
21.0,28.04,0.0,68.56,11492.796050000003,[   21.         28.04        0.         68.56    11492.79605],[-0.03129369 -0.278458   -0.0373632   0.36366711 -0.15310358],3
21.0,28.04,0.0,70.51,336.70124999999973,[ 21.       28.04      0.       70.51    336.70125],[-0.03129369 -0.278458   -0.0373632   0.73716583 -0.43522786],3
21.0,28.05,0.0,62.12,782.3941766666653,[ 21.          28.05         0.          62.12       782.39417667],[-0.03129369 -0.2776142  -0.0373632  -0.86983636 -0.42395682],0
21.0,28.05,0.0,73.73,25785.068433333337,"[2.10000000e+01 2.80500000e+01 0.00000000e+00 7.37300000e+01
 2.57850684e+04]",[-0.03129369 -0.2776142  -0.0373632   1.35391757  0.20833087],3
21.0,28.06,0.0,62.12,3984.005706666672,[  21.           28.06          0.           62.12       3984.00570667],[-0.03129369 -0.27677041 -0.0373632  -0.86983636 -0.3429919 ],0
21.0,28.06,0.0,70.51,20054.744433333333,"[   21.            28.06           0.            70.51
 20054.74443333]",[-0.03129369 -0.27677041 -0.0373632   0.73716583  0.06341784],3
21.0,28.06,0.0,73.73,0.020000000000031833,[2.100e+01 2.806e+01 0.000e+00 7.373e+01 2.000e-02],[-0.03129369 -0.27677041 -0.0373632   1.35391757 -0.44374213],3
21.0,28.07,0.0,62.12,2249.2658999999944,[  21.       28.07      0.       62.12   2249.2659],[-0.03129369 -0.27592661 -0.0373632  -0.86983636 -0.38686139],0
21.0,28.08,0.0,68.56,6866.7480499999665,[  21.        28.08       0.        68.56    6866.74805],[-0.03129369 -0.27508282 -0.0373632   0.36366711 -0.2700908 ],3
21.0,28.09,0.0,70.51,37490.02269999999,"[2.10000000e+01 2.80900000e+01 0.00000000e+00 7.05100000e+01
 3.74900227e+04]",[-0.03129369 -0.27423902 -0.0373632   0.73716583  0.50433514],3
21.0,28.1,0.0,62.12,2223.430299999999,[  21.       28.1       0.       62.12   2223.4303],[-0.03129369 -0.27339522 -0.0373632  -0.86983636 -0.38751474],0
21.0,28.11,0.0,68.56,11353.738049999956,[   21.         28.11        0.         68.56    11353.73805],[-0.03129369 -0.27255143 -0.0373632   0.36366711 -0.15662019],3
21.0,28.11,0.0,70.51,324.8700500000002,[ 21.       28.11      0.       70.51    324.87005],[-0.03129369 -0.27255143 -0.0373632   0.73716583 -0.43552706],3
21.0,28.13,0.0,62.12,4114.152049999998,[  21.        28.13       0.        62.12    4114.15205],[-0.03129369 -0.27086384 -0.0373632  -0.86983636 -0.33970065],0
21.0,28.13,0.0,70.51,20314.49293333332,"[   21.            28.13           0.            70.51
 20314.49293333]",[-0.03129369 -0.27086384 -0.0373632   0.73716583  0.06998657],3
21.0,28.15,0.0,62.12,999.9392000000012,[ 21.      28.15     0.      62.12   999.9392],[-0.03129369 -0.26917625 -0.0373632  -0.86983636 -0.41845537],0
21.0,28.16,0.0,68.56,7900.244999999992,[  21.      28.16     0.      68.56  7900.245],[-0.03129369 -0.26833245 -0.0373632   0.36366711 -0.2439549 ],3
21.0,28.16,0.0,70.51,52295.42173333332,"[2.10000000e+01 2.81600000e+01 0.00000000e+00 7.05100000e+01
 5.22954217e+04]",[-0.03129369 -0.26833245 -0.0373632   0.73716583  0.87874595],3
21.0,28.17,0.0,62.12,2221.111250000002,[  21.        28.17       0.        62.12    2221.11125],[-0.03129369 -0.26748866 -0.0373632  -0.86983636 -0.38757339],0
21.0,28.17,0.0,70.51,11755.044449999998,[   21.         28.17        0.         70.51    11755.04445],[-0.03129369 -0.26748866 -0.0373632   0.73716583 -0.14647164],3
21.0,28.19,0.0,68.56,16672.70243333335,"[   21.            28.19           0.            68.56
 16672.70243333]",[-0.03129369 -0.26580106 -0.0373632   0.36366711 -0.02210995],3
21.0,28.2,0.0,70.51,33792.200450000004,"[2.10000000e+01 2.82000000e+01 0.00000000e+00 7.05100000e+01
 3.37922005e+04]",[-0.03129369 -0.26495727 -0.0373632   0.73716583  0.41082165],3
21.0,28.21,0.0,68.56,31.20500000000072,[21.    28.21   0.    68.56  31.205],[-0.03129369 -0.26411347 -0.0373632   0.36366711 -0.44295349],3
21.0,28.21,0.0,70.51,24511.194050000013,"[2.10000000e+01 2.82100000e+01 0.00000000e+00 7.05100000e+01
 2.45111941e+04]",[-0.03129369 -0.26411347 -0.0373632   0.73716583  0.17611611],3
21.0,28.23,0.0,68.56,7792.512799999976,[  21.       28.23      0.       68.56   7792.5128],[-0.03129369 -0.26242588 -0.0373632   0.36366711 -0.24667931],3
21.0,28.23,0.0,70.51,20728.374233333336,"[   21.            28.23           0.            70.51
 20728.37423333]",[-0.03129369 -0.26242588 -0.0373632   0.73716583  0.08045313],3
21.0,28.25,0.0,62.12,3813.2586333333275,[  21.           28.25          0.           62.12       3813.25863333],[-0.03129369 -0.26073829 -0.0373632  -0.86983636 -0.34730989],0
21.0,28.26,0.0,68.56,9944.730450000012,[  21.        28.26       0.        68.56    9944.73045],[-0.03129369 -0.2598945  -0.0373632   0.36366711 -0.19225231],3
21.0,28.26,0.0,70.51,104666.85044999998,[2.1000000e+01 2.8260000e+01 0.0000000e+00 7.0510000e+01 1.0466685e+05],[-0.03129369 -0.2598945  -0.0373632   0.73716583  2.20315666],3
21.0,28.3,0.0,62.12,2435.3220500000016,[  21.        28.3        0.        62.12    2435.32205],[-0.03129369 -0.25651931 -0.0373632  -0.86983636 -0.38215625],0
21.0,28.3,0.0,70.51,52635.283899999995,"[2.10000000e+01 2.83000000e+01 0.00000000e+00 7.05100000e+01
 5.26352839e+04]",[-0.03129369 -0.25651931 -0.0373632   0.73716583  0.88734066],3
21.0,28.32,0.0,70.51,8508.601249999983,[  21.        28.32       0.        70.51    8508.60125],[-0.03129369 -0.25483172 -0.0373632   0.73716583 -0.2285703 ],3
21.0,28.36,0.0,62.12,4388.9080500000055,[  21.        28.36       0.        62.12    4388.90805],[-0.03129369 -0.25145654 -0.0373632  -0.86983636 -0.3327524 ],0
21.0,28.36,0.0,70.51,34858.56079999999,"[2.10000000e+01 2.83600000e+01 0.00000000e+00 7.05100000e+01
 3.48585608e+04]",[-0.03129369 -0.25145654 -0.0373632   0.73716583  0.43778862],3
21.0,28.38,0.0,68.56,27293.82480000005,"[2.10000000e+01 2.83800000e+01 0.00000000e+00 6.85600000e+01
 2.72938248e+04]",[-0.03129369 -0.24976895 -0.0373632   0.36366711  0.24648551],3
21.0,28.39,0.0,62.12,13382.479999999994,[   21.      28.39     0.      62.12 13382.48],[-0.03129369 -0.24892515 -0.0373632  -0.86983636 -0.10531574],0
21.0,28.39,0.0,70.51,40835.484633333326,"[2.10000000e+01 2.83900000e+01 0.00000000e+00 7.05100000e+01
 4.08354846e+04]",[-0.03129369 -0.24892515 -0.0373632   0.73716583  0.58893787],3
21.0,28.42,0.0,62.12,474.9361999999998,[ 21.      28.42     0.      62.12   474.9362],[-0.03129369 -0.24639377 -0.0373632  -0.86983636 -0.43173206],0
21.0,28.46,0.0,70.51,79612.47045,"[2.10000000e+01 2.84600000e+01 0.00000000e+00 7.05100000e+01
 7.96124704e+04]",[-0.03129369 -0.24301859 -0.0373632   0.73716583  1.5695614 ],3
21.0,28.49,0.0,62.12,12819.20720000001,[   21.        28.49       0.        62.12   12819.2072],[-0.03129369 -0.2404872  -0.0373632  -0.86983636 -0.11956023],0
21.0,28.49,0.0,70.51,105882.8162,"[2.10000000e+01 2.84900000e+01 0.00000000e+00 7.05100000e+01
 1.05882816e+05]",[-0.03129369 -0.2404872  -0.0373632   0.73716583  2.23390698],3
21.0,28.51,0.0,73.73,2.952450000000431,[21.      28.51     0.      73.73     2.95245],[-0.03129369 -0.23879961 -0.0373632   1.35391757 -0.44366797],3
21.0,28.52,0.0,70.51,35933.44320000002,"[2.10000000e+01 2.85200000e+01 0.00000000e+00 7.05100000e+01
 3.59334432e+04]",[-0.03129369 -0.23795581 -0.0373632   0.73716583  0.46497111],3
21.0,28.52,0.0,73.73,67.51219999999873,[21.     28.52    0.     73.73   67.5122],[-0.03129369 -0.23795581 -0.0373632   1.35391757 -0.44203533],3
21.0,28.54,0.0,70.51,9006.162050000004,[  21.        28.54       0.        70.51    9006.16205],[-0.03129369 -0.23626822 -0.0373632   0.73716583 -0.21598758],3
21.0,28.55,0.0,73.73,34.94480000000107,[21.     28.55    0.     73.73   34.9448],[-0.03129369 -0.23542443 -0.0373632   1.35391757 -0.44285892],3
21.0,28.57,0.0,62.12,576.9804500000009,[ 21.       28.57      0.       62.12    576.98045],[-0.03129369 -0.23373683 -0.0373632  -0.86983636 -0.42915149],0
21.0,28.58,0.0,70.51,106523.43244999996,"[2.10000000e+01 2.85800000e+01 0.00000000e+00 7.05100000e+01
 1.06523432e+05]",[-0.03129369 -0.23289304 -0.0373632   0.73716583  2.2501074 ],3
21.0,28.59,0.0,73.73,3.458450000000287,[21.      28.59     0.      73.73     3.45845],[-0.03129369 -0.23204924 -0.0373632   1.35391757 -0.44365517],3
21.0,28.61,0.0,70.51,42678.154133333344,"[2.10000000e+01 2.86100000e+01 0.00000000e+00 7.05100000e+01
 4.26781541e+04]",[-0.03129369 -0.23036165 -0.0373632   0.73716583  0.63553677],3
21.0,28.63,0.0,62.12,4595.471100000002,[  21.       28.63      0.       62.12   4595.4711],[-0.03129369 -0.22867406 -0.0373632  -0.86983636 -0.32752867],0
21.0,28.63,0.0,68.56,33581.95280000005,"[2.10000000e+01 2.86300000e+01 0.00000000e+00 6.85600000e+01
 3.35819528e+04]",[-0.03129369 -0.22867406 -0.0373632   0.36366711  0.40550474],3
21.0,28.63,0.0,70.51,18328.465800000005,[   21.        28.63       0.        70.51   18328.4658],[-0.03129369 -0.22867406 -0.0373632   0.73716583  0.01976232],3
21.0,28.64,0.0,62.12,5455.945799999998,[  21.       28.64      0.       62.12   5455.9458],[-0.03129369 -0.22783027 -0.0373632  -0.86983636 -0.3057683 ],0
21.0,28.66,0.0,62.12,0.10182499999999257,[21.       28.66      0.       62.12      0.101825],[-0.03129369 -0.22614267 -0.0373632  -0.86983636 -0.44374006],0
21.0,28.67,0.0,62.12,0.15000000000002275,[21.   28.67  0.   62.12  0.15],[-0.03129369 -0.22529888 -0.0373632  -0.86983636 -0.44373884],0
21.0,28.67,0.0,70.51,107142.83405000003,"[2.10000000e+01 2.86700000e+01 0.00000000e+00 7.05100000e+01
 1.07142834e+05]",[-0.03129369 -0.22529888 -0.0373632   0.73716583  2.26577132],3
21.0,28.7,0.0,70.51,37330.048800000004,"[2.10000000e+01 2.87000000e+01 0.00000000e+00 7.05100000e+01
 3.73300488e+04]",[-0.03129369 -0.22276749 -0.0373632   0.73716583  0.50028959],3
21.0,28.72,0.0,62.12,1009.3524500000028,[  21.        28.72       0.        62.12    1009.35245],[-0.03129369 -0.2210799  -0.0373632  -0.86983636 -0.41821732],0
21.0,28.76,0.0,70.51,43173.51079999998,"[2.10000000e+01 2.87600000e+01 0.00000000e+00 7.05100000e+01
 4.31735108e+04]",[-0.03129369 -0.21770472 -0.0373632   0.73716583  0.64806375],3
21.0,28.78,0.0,62.12,13279.610450000004,[   21.         28.78        0.         62.12    13279.61045],[-0.03129369 -0.21601713 -0.0373632  -0.86983636 -0.10791719],0
21.0,28.79,0.0,70.51,38027.30419999999,"[2.10000000e+01 2.87900000e+01 0.00000000e+00 7.05100000e+01
 3.80273042e+04]",[-0.03129369 -0.21517333 -0.0373632   0.73716583  0.51792235],3
21.0,28.83,0.0,70.51,9512.34245000001,[  21.        28.83       0.        70.51    9512.34245],[-0.03129369 -0.21179815 -0.0373632   0.73716583 -0.20318688],3
21.0,28.85,0.0,70.51,17705.856200000013,[   21.        28.85       0.        70.51   17705.8562],[-0.03129369 -0.21011056 -0.0373632   0.73716583  0.00401727],3
21.0,28.87,0.0,70.51,38725.444999999985,[2.1000000e+01 2.8870000e+01 0.0000000e+00 7.0510000e+01 3.8725445e+04],[-0.03129369 -0.20842297 -0.0373632   0.73716583  0.53557749],3
21.0,28.88,0.0,62.12,15312.5,[   21.      28.88     0.      62.12 15312.5 ],[-0.03129369 -0.20757917 -0.0373632  -0.86983636 -0.05650785],0
21.0,28.89,0.0,70.51,17578.125,[   21.       28.89      0.       70.51  17578.125],[-0.03129369 -0.20673538 -0.0373632   0.73716583  0.0007871 ],3
21.0,28.91,0.0,62.12,13538.754133333328,"[   21.            28.91           0.            62.12
 13538.75413333]",[-0.03129369 -0.20504779 -0.0373632  -0.86983636 -0.10136375],0
21.0,28.91,0.0,70.51,9707.817799999988,[  21.       28.91      0.       70.51   9707.8178],[-0.03129369 -0.20504779 -0.0373632   0.73716583 -0.19824355],3
21.0,28.92,0.0,62.12,9.246633333333598,[21.         28.92        0.         62.12        9.24663333],[-0.03129369 -0.20420399 -0.0373632  -0.86983636 -0.44350879],0
21.0,28.93,0.0,70.51,108797.13045000001,[2.1000000e+01 2.8930000e+01 0.0000000e+00 7.0510000e+01 1.0879713e+05],[-0.03129369 -0.20336019 -0.0373632   0.73716583  2.3076065 ],3
21.0,28.95,0.0,62.12,2.53125,[21.      28.95     0.      62.12     2.53125],[-0.03129369 -0.2016726  -0.0373632  -0.86983636 -0.44367862],0
21.0,28.96,0.0,62.12,1424.7121999999968,[  21.       28.96      0.       62.12   1424.7122],[-0.03129369 -0.20082881 -0.0373632  -0.86983636 -0.40771337],0
21.0,28.96,0.0,70.51,39418.70419999999,"[2.10000000e+01 2.89600000e+01 0.00000000e+00 7.05100000e+01
 3.94187042e+04]",[-0.03129369 -0.20082881 -0.0373632   0.73716583  0.55310919],3
21.0,28.97,0.0,62.12,26525.954449999983,"[2.10000000e+01 2.89700000e+01 0.00000000e+00 6.21200000e+01
 2.65259544e+04]",[-0.03129369 -0.19998501 -0.0373632  -0.86983636  0.22706699],0
21.0,28.98,0.0,62.12,2068.5311999999994,[  21.       28.98      0.       62.12   2068.5312],[-0.03129369 -0.19914122 -0.0373632  -0.86983636 -0.39143195],0
21.0,28.98,0.0,70.51,44385.624225000036,"[2.10000000e+01 2.89800000e+01 0.00000000e+00 7.05100000e+01
 4.43856242e+04]",[-0.03129369 -0.19914122 -0.0373632   0.73716583  0.67871665],3
21.0,28.99,0.0,62.12,11.534933333333166,[21.         28.99        0.         62.12       11.53493333],[-0.03129369 -0.19829742 -0.0373632  -0.86983636 -0.44345093],0
21.0,29.0,0.0,62.12,26770.66605000001,"[2.10000000e+01 2.90000000e+01 0.00000000e+00 6.21200000e+01
 2.67706661e+04]",[-0.03129369 -0.19745363 -0.0373632  -0.86983636  0.23325545],0
21.0,29.0,0.0,68.56,34050.06080000001,"[2.10000000e+01 2.90000000e+01 0.00000000e+00 6.85600000e+01
 3.40500608e+04]",[-0.03129369 -0.19745363 -0.0373632   0.36366711  0.41734263],3
21.0,29.02,0.0,62.12,21.648199999999896,[21.     29.02    0.     62.12   21.6482],[-0.03129369 -0.19576604 -0.0373632  -0.86983636 -0.44319517],0
21.0,29.02,0.0,70.51,17184.726049999987,[   21.         29.02        0.         70.51    17184.72605],[-0.03129369 -0.19576604 -0.0373632   0.73716583 -0.00916149],3
21.0,29.03,0.0,62.12,14888.362533333344,"[   21.            29.03           0.            62.12
 14888.36253333]",[-0.03129369 -0.19492224 -0.0373632  -0.86983636 -0.06723377],0
21.0,29.04,0.0,70.51,40109.61645000005,"[2.10000000e+01 2.90400000e+01 0.00000000e+00 7.05100000e+01
 4.01096165e+04]",[-0.03129369 -0.19407844 -0.0373632   0.73716583  0.57058153],3
21.0,29.05,0.0,62.12,27221.444449999995,"[2.10000000e+01 2.90500000e+01 0.00000000e+00 6.21200000e+01
 2.72214444e+04]",[-0.03129369 -0.19323465 -0.0373632  -0.86983636  0.2446551 ],0
21.0,29.06,0.0,62.12,20.937100000000285,[21.     29.06    0.     62.12   20.9371],[-0.03129369 -0.19239085 -0.0373632  -0.86983636 -0.44321316],0
21.0,29.06,0.0,70.51,55815.41523333333,"[2.10000000e+01 2.90600000e+01 0.00000000e+00 7.05100000e+01
 5.58154152e+04]",[-0.03129369 -0.19239085 -0.0373632   0.73716583  0.96776237],3
21.0,29.07,0.0,62.12,5168.39444999999,[  21.        29.07       0.        62.12    5168.39445],[-0.03129369 -0.19154706 -0.0373632  -0.86983636 -0.31304013],0
21.0,29.08,0.0,62.12,27711.288200000017,"[2.10000000e+01 2.90800000e+01 0.00000000e+00 6.21200000e+01
 2.77112882e+04]",[-0.03129369 -0.19070326 -0.0373632  -0.86983636  0.25704266],0
21.0,29.09,0.0,62.12,50.0,[21.   29.09  0.   62.12 50.  ],[-0.03129369 -0.18985947 -0.0373632  -0.86983636 -0.44247819],0
21.0,29.11,0.0,62.12,11428.952333333333,"[   21.            29.11           0.            62.12
 11428.95233333]",[-0.03129369 -0.18817188 -0.0373632  -0.86983636 -0.15471811],0
21.0,29.13,0.0,62.12,13526.82436666666,"[   21.            29.13           0.            62.12
 13526.82436667]",[-0.03129369 -0.18648428 -0.0373632  -0.86983636 -0.10166544],0
21.0,29.14,0.0,62.12,28.72819999999988,[21.     29.14    0.     62.12   28.7282],[-0.03129369 -0.18564049 -0.0373632  -0.86983636 -0.44301613],0
21.0,29.15,0.0,62.12,5477.90444999999,[  21.        29.15       0.        62.12    5477.90445],[-0.03129369 -0.18479669 -0.0373632  -0.86983636 -0.30521299],0
21.0,29.15,0.0,70.51,16784.784200000006,[   21.        29.15       0.        70.51   16784.7842],[-0.03129369 -0.18479669 -0.0373632   0.73716583 -0.01927554],3
21.0,29.16,0.0,62.12,18140.994433333348,"[   21.            29.16           0.            62.12
 18140.99443333]",[-0.03129369 -0.1839529  -0.0373632  -0.86983636  0.01502139],0
21.0,29.17,0.0,62.12,10266.545433333333,"[   21.            29.17           0.            62.12
 10266.54543333]",[-0.03129369 -0.1831091  -0.0373632  -0.86983636 -0.18411399],0
21.0,29.17,0.0,70.51,41405.78645000004,"[2.10000000e+01 2.91700000e+01 0.00000000e+00 7.05100000e+01
 4.14057865e+04]",[-0.03129369 -0.1831091  -0.0373632   0.73716583  0.60336012],3
21.0,29.18,0.0,62.12,1862.9407999999978,[  21.       29.18      0.       62.12   1862.9408],[-0.03129369 -0.18226531 -0.0373632  -0.86983636 -0.39663109],0
21.0,29.19,0.0,62.12,18923.64249999998,[   21.        29.19       0.        62.12   18923.6425],[-0.03129369 -0.18142151 -0.0373632  -0.86983636  0.03481362],0
21.0,29.19,0.0,70.51,56472.91769999998,"[2.10000000e+01 2.91900000e+01 0.00000000e+00 7.05100000e+01
 5.64729177e+04]",[-0.03129369 -0.18142151 -0.0373632   0.73716583  0.98438982],3
21.0,29.2,0.0,62.12,123.24499999999804,[ 21.     29.2     0.     62.12  123.245],[-0.03129369 -0.18057772 -0.0373632  -0.86983636 -0.44062591],0
21.0,29.21,0.0,62.12,19944.869733333333,"[   21.            29.21           0.            62.12
 19944.86973333]",[-0.03129369 -0.17973392 -0.0373632  -0.86983636  0.06063924],0
21.0,29.23,0.0,62.12,7720.235099999993,[  21.       29.23      0.       62.12   7720.2351],[-0.03129369 -0.17804633 -0.0373632  -0.86983636 -0.24850713],0
21.0,29.23,0.0,70.51,16514.7138,[   21.        29.23       0.        70.51   16514.7138],[-0.03129369 -0.17804633 -0.0373632   0.73716583 -0.0261053 ],3
21.0,29.24,0.0,62.12,14395.546691666672,"[   21.            29.24           0.            62.12
 14395.54669167]",[-0.03129369 -0.17720253 -0.0373632  -0.86983636 -0.0796965 ],0
21.0,29.25,0.0,62.12,1957.5024499999995,[  21.        29.25       0.        62.12    1957.50245],[-0.03129369 -0.17635874 -0.0373632  -0.86983636 -0.39423974],0
21.0,29.26,0.0,62.12,19132.881599999993,[   21.        29.26       0.        62.12   19132.8816],[-0.03129369 -0.17551494 -0.0373632  -0.86983636  0.04010503],0
21.0,29.27,0.0,70.51,56740.68093333329,"[2.10000000e+01 2.92700000e+01 0.00000000e+00 7.05100000e+01
 5.67406809e+04]",[-0.03129369 -0.17467115 -0.0373632   0.73716583  0.99116123],3
21.0,29.28,0.0,62.12,146.70390000000157,[ 21.      29.28     0.      62.12   146.7039],[-0.03129369 -0.17382735 -0.0373632  -0.86983636 -0.44003267],0
21.0,29.29,0.0,62.12,15973.299300000006,[   21.        29.29       0.        62.12   15973.2993],[-0.03129369 -0.17298356 -0.0373632  -0.86983636 -0.03979702],0
21.0,29.29,0.0,70.51,42684.57620000002,"[2.10000000e+01 2.92900000e+01 0.00000000e+00 7.05100000e+01
 4.26845762e+04]",[-0.03129369 -0.17298356 -0.0373632   0.73716583  0.63569918],3
21.0,29.31,0.0,62.12,16159.389129999996,[   21.         29.31        0.         62.12    16159.38913],[-0.03129369 -0.17129596 -0.0373632  -0.86983636 -0.03509103],0
21.0,29.31,0.0,70.51,16241.426449999994,[   21.         29.31        0.         70.51    16241.42645],[-0.03129369 -0.17129596 -0.0373632   0.73716583 -0.03301641],3
21.0,29.32,0.0,62.12,733.8256700000021,[ 21.       29.32      0.       62.12    733.82567],[-0.03129369 -0.17045217 -0.0373632  -0.86983636 -0.42518506],0
21.0,29.33,0.0,62.12,34209.43245,"[2.10000000e+01 2.93300000e+01 0.00000000e+00 6.21200000e+01
 3.42094325e+04]",[-0.03129369 -0.16960837 -0.0373632  -0.86983636  0.42137294],0
21.0,29.33,0.0,70.51,16948.246050000012,[   21.         29.33        0.         70.51    16948.24605],[-0.03129369 -0.16960837 -0.0373632   0.73716583 -0.01514179],3
21.0,29.34,0.0,62.12,30586.064449999983,"[2.10000000e+01 2.93400000e+01 0.00000000e+00 6.21200000e+01
 3.05860644e+04]",[-0.03129369 -0.16876458 -0.0373632  -0.86983636  0.32974231],0
21.0,29.35,0.0,62.12,9483.528699999999,[  21.       29.35      0.       62.12   9483.5287],[-0.03129369 -0.16792078 -0.0373632  -0.86983636 -0.20391555],0
21.0,29.36,0.0,62.12,19649.624270000008,[   21.         29.36        0.         62.12    19649.62427],[-0.03129369 -0.16707699 -0.0373632  -0.86983636  0.05317283],0
21.0,29.36,0.0,70.51,114304.14844999995,"[2.10000000e+01 2.93600000e+01 0.00000000e+00 7.05100000e+01
 1.14304148e+05]",[-0.03129369 -0.16707699 -0.0373632   0.73716583  2.44687239],3
21.0,29.37,0.0,68.56,34505.64500000004,[2.1000000e+01 2.9370000e+01 0.0000000e+00 6.8560000e+01 3.4505645e+04],[-0.03129369 -0.16623319 -0.0373632   0.36366711  0.42886381],3
21.0,29.38,0.0,62.12,34597.65124999999,"[2.10000000e+01 2.93800000e+01 0.00000000e+00 6.21200000e+01
 3.45976512e+04]",[-0.03129369 -0.1653894  -0.0373632  -0.86983636  0.43119053],0
21.0,29.39,0.0,62.12,8183.289395238108,[  21.           29.39          0.           62.12       8183.28939524],[-0.03129369 -0.1645456  -0.0373632  -0.86983636 -0.23679704],0
21.0,29.4,0.0,62.12,0.23804999999999843,[21.      29.4      0.      62.12     0.23805],[-0.03129369 -0.1637018  -0.0373632  -0.86983636 -0.44373661],0
21.0,29.41,0.0,62.12,14752.855900000019,[   21.        29.41       0.        62.12   14752.8559],[-0.03129369 -0.16285801 -0.0373632  -0.86983636 -0.07066057],0
21.0,29.41,0.0,70.51,114840.28125,"[2.10000000e+01 2.94100000e+01 0.00000000e+00 7.05100000e+01
 1.14840281e+05]",[-0.03129369 -0.16285801 -0.0373632   0.73716583  2.46043054],3
21.0,29.43,0.0,62.12,18223.92693333335,"[   21.            29.43           0.            62.12
 18223.92693333]",[-0.03129369 -0.16117042 -0.0373632  -0.86983636  0.01711866],0
21.0,29.43,0.0,68.56,28819.20320000001,"[2.10000000e+01 2.94300000e+01 0.00000000e+00 6.85600000e+01
 2.88192032e+04]",[-0.03129369 -0.16117042 -0.0373632   0.36366711  0.2850605 ],3
21.0,29.45,0.0,62.12,31570.819199999994,"[2.10000000e+01 2.94500000e+01 0.00000000e+00 6.21200000e+01
 3.15708192e+04]",[-0.03129369 -0.15948283 -0.0373632  -0.86983636  0.35464558],0
21.0,29.46,0.0,62.12,17140.261250000007,[   21.         29.46        0.         62.12    17140.26125],[-0.03129369 -0.15863903 -0.0373632  -0.86983636 -0.01028595],0
21.0,29.46,0.0,70.51,44521.27999999998,[2.100000e+01 2.946000e+01 0.000000e+00 7.051000e+01 4.452128e+04],[-0.03129369 -0.15863903 -0.0373632   0.73716583  0.68214722],3
21.0,29.47,0.0,62.12,6185.708633333323,[  21.           29.47          0.           62.12       6185.70863333],[-0.03129369 -0.15779524 -0.0373632  -0.86983636 -0.28731347],0
21.0,29.48,0.0,62.12,93.70805000000075,[21.      29.48     0.      62.12    93.70805],[-0.03129369 -0.15695144 -0.0373632  -0.86983636 -0.44137287],0
21.0,29.48,0.0,70.51,44811.19845000002,"[2.10000000e+01 2.94800000e+01 0.00000000e+00 7.05100000e+01
 4.48111985e+04]",[-0.03129369 -0.15695144 -0.0373632   0.73716583  0.68947891],3
21.0,29.5,0.0,62.12,90.85520000000025,[21.     29.5     0.     62.12   90.8552],[-0.03129369 -0.15526385 -0.0373632  -0.86983636 -0.44144501],0
21.0,29.5,0.0,70.51,45099.05444999998,"[2.10000000e+01 2.95000000e+01 0.00000000e+00 7.05100000e+01
 4.50990544e+04]",[-0.03129369 -0.15526385 -0.0373632   0.73716583  0.69675844],3
21.0,29.51,0.0,62.12,67.62844999999929,[21.      29.51     0.      62.12    67.62845],[-0.03129369 -0.15442005 -0.0373632  -0.86983636 -0.44203239],0
21.0,29.52,0.0,62.12,18477.36543333333,"[   21.            29.52           0.            62.12
 18477.36543333]",[-0.03129369 -0.15357626 -0.0373632  -0.86983636  0.02352781],0
21.0,29.52,0.0,70.51,45381.80645,"[2.10000000e+01 2.95200000e+01 0.00000000e+00 7.05100000e+01
 4.53818064e+04]",[-0.03129369 -0.15357626 -0.0373632   0.73716583  0.7039089 ],3
21.0,29.53,0.0,62.12,5632.971799999992,[  21.       29.53      0.       62.12   5632.9718],[-0.03129369 -0.15273246 -0.0373632  -0.86983636 -0.30129152],0
21.0,29.54,0.0,62.12,29265.062450000016,"[2.10000000e+01 2.95400000e+01 0.00000000e+00 6.21200000e+01
 2.92650625e+04]",[-0.03129369 -0.15188867 -0.0373632  -0.86983636  0.29633575],0
21.0,29.55,0.0,62.12,14448.504233333348,"[   21.            29.55           0.            62.12
 14448.50423333]",[-0.03129369 -0.15104487 -0.0373632  -0.86983636 -0.07835726],0
21.0,29.56,0.0,62.12,11896.058050000007,[   21.         29.56        0.         62.12    11896.05805],[-0.03129369 -0.15020108 -0.0373632  -0.86983636 -0.14290557],0
21.0,29.57,0.0,70.51,116084.89279999999,"[2.10000000e+01 2.95700000e+01 0.00000000e+00 7.05100000e+01
 1.16084893e+05]",[-0.03129369 -0.14935728 -0.0373632   0.73716583  2.49190528],3
21.0,29.58,0.0,62.12,20281.26879999999,[   21.        29.58       0.        62.12   20281.2688],[-0.03129369 -0.14851348 -0.0373632  -0.86983636  0.06914637],0
21.0,29.59,0.0,62.12,11106.737980000002,[   21.         29.59        0.         62.12    11106.73798],[-0.03129369 -0.14766969 -0.0373632  -0.86983636 -0.16286653],0
21.0,29.6,0.0,62.12,14891.114466666664,"[   21.            29.6            0.            62.12
 14891.11446667]",[-0.03129369 -0.14682589 -0.0373632  -0.86983636 -0.06716418],0
21.0,29.61,0.0,62.12,43.24499999999958,[21.    29.61   0.    62.12  43.245],[-0.03129369 -0.1459821  -0.0373632  -0.86983636 -0.44264902],0
21.0,29.61,0.0,70.51,116586.54719999994,"[2.10000000e+01 2.96100000e+01 0.00000000e+00 7.05100000e+01
 1.16586547e+05]",[-0.03129369 -0.1459821  -0.0373632   0.73716583  2.50459152],3
21.0,29.62,0.0,62.12,13079.403666666665,"[   21.            29.62           0.            62.12
 13079.40366667]",[-0.03129369 -0.1451383  -0.0373632  -0.86983636 -0.11298018],0
21.0,29.63,0.0,62.12,35.11219999999948,[21.     29.63    0.     62.12   35.1122],[-0.03129369 -0.14429451 -0.0373632  -0.86983636 -0.44285469],0
21.0,29.64,0.0,62.12,6549.948866666663,[  21.           29.64          0.           62.12       6549.94886667],[-0.03129369 -0.14345071 -0.0373632  -0.86983636 -0.27810227],0
21.0,29.65,0.0,62.12,33.04845000000042,[21.      29.65     0.      62.12    33.04845],[-0.03129369 -0.14260692 -0.0373632  -0.86983636 -0.44290688],0
21.0,29.66,0.0,62.12,10229.363170000004,[   21.         29.66        0.         62.12    10229.36317],[-0.03129369 -0.14176312 -0.0373632  -0.86983636 -0.18505429],0
21.0,29.66,0.0,70.51,46873.09620000002,"[2.10000000e+01 2.96600000e+01 0.00000000e+00 7.05100000e+01
 4.68730962e+04]",[-0.03129369 -0.14176312 -0.0373632   0.73716583  0.74162183],3
21.0,29.67,0.0,62.12,19681.509633333346,"[   21.            29.67           0.            62.12
 19681.50963333]",[-0.03129369 -0.14091933 -0.0373632  -0.86983636  0.05397918],0
21.0,29.68,0.0,62.12,30.08043333333377,[21.         29.68        0.         62.12       30.08043333],[-0.03129369 -0.14007553 -0.0373632  -0.86983636 -0.44298193],0
21.0,29.68,0.0,70.51,47149.06320000003,"[2.10000000e+01 2.96800000e+01 0.00000000e+00 7.05100000e+01
 4.71490632e+04]",[-0.03129369 -0.14007553 -0.0373632   0.73716583  0.74860071],3
21.0,29.69,0.0,62.12,3039.790625000001,[  21.         29.69        0.         62.12     3039.790625],[-0.03129369 -0.13923173 -0.0373632  -0.86983636 -0.36686997],0
21.0,29.7,0.0,62.12,4521.247523809525,[  21.           29.7           0.           62.12       4521.24752381],[-0.03129369 -0.13838794 -0.0373632  -0.86983636 -0.3294057 ],0
21.0,29.7,0.0,70.51,47425.840200000006,"[2.10000000e+01 2.97000000e+01 0.00000000e+00 7.05100000e+01
 4.74258402e+04]",[-0.03129369 -0.13838794 -0.0373632   0.73716583  0.75560007],3
21.0,29.71,0.0,62.12,3038.1436249999965,[  21.         29.71        0.         62.12     3038.143625],[-0.03129369 -0.13754414 -0.0373632  -0.86983636 -0.36691162],0
21.0,29.72,0.0,62.12,7071.19093571428,[  21.           29.72          0.           62.12       7071.19093571],[-0.03129369 -0.13670035 -0.0373632  -0.86983636 -0.26492068],0
21.0,29.72,0.0,70.51,47700.33845000002,"[2.10000000e+01 2.97200000e+01 0.00000000e+00 7.05100000e+01
 4.77003385e+04]",[-0.03129369 -0.13670035 -0.0373632   0.73716583  0.7625418 ],3
21.0,29.73,0.0,62.12,10153.438350000004,[   21.         29.73        0.         62.12    10153.43835],[-0.03129369 -0.13585655 -0.0373632  -0.86983636 -0.18697434],0
21.0,29.74,0.0,62.12,3275.878906666673,[  21.           29.74          0.           62.12       3275.87890667],[-0.03129369 -0.13501276 -0.0373632  -0.86983636 -0.36089958],0
21.0,29.74,0.0,70.51,47969.433800000006,"[2.10000000e+01 2.97400000e+01 0.00000000e+00 7.05100000e+01
 4.79694338e+04]",[-0.03129369 -0.13501276 -0.0373632   0.73716583  0.7693469 ],3
21.0,29.75,0.0,62.12,4900.3447333333415,[  21.           29.75          0.           62.12       4900.34473333],[-0.03129369 -0.13416896 -0.0373632  -0.86983636 -0.31981878],0
21.0,29.76,0.0,62.12,5.557899242424261,[21.         29.76        0.         62.12        5.55789924],[-0.03129369 -0.13332517 -0.0373632  -0.86983636 -0.44360208],0
21.0,29.76,0.0,70.51,60447.60090000003,"[2.10000000e+01 2.97600000e+01 0.00000000e+00 7.05100000e+01
 6.04476009e+04]",[-0.03129369 -0.13332517 -0.0373632   0.73716583  1.0849048 ],3
21.0,29.77,0.0,62.12,3070.8308199999956,[  21.        29.77       0.        62.12    3070.83082],[-0.03129369 -0.13248137 -0.0373632  -0.86983636 -0.366085  ],0
21.0,29.78,0.0,62.12,838.7508999999974,[ 21.      29.78     0.      62.12   838.7509],[-0.03129369 -0.13163757 -0.0373632  -0.86983636 -0.42253163],0
21.0,29.78,0.0,70.51,48509.895200000006,"[2.10000000e+01 2.97800000e+01 0.00000000e+00 7.05100000e+01
 4.85098952e+04]",[-0.03129369 -0.13163757 -0.0373632   0.73716583  0.78301452],3
21.0,29.79,0.0,62.12,27796.104199999994,"[2.10000000e+01 2.97900000e+01 0.00000000e+00 6.21200000e+01
 2.77961042e+04]",[-0.03129369 -0.13079378 -0.0373632  -0.86983636  0.25918755],0
21.0,29.8,0.0,62.12,20234.880033333342,"[   21.            29.8            0.            62.12
 20234.88003333]",[-0.03129369 -0.12994998 -0.0373632  -0.86983636  0.06797325],0
21.0,29.8,0.0,68.56,19311.65303333331,"[   21.            29.8            0.            68.56
 19311.65303333]",[-0.03129369 -0.12994998 -0.0373632   0.36366711  0.04462595],3
21.0,29.8,0.0,70.51,48778.13779999999,"[2.10000000e+01 2.98000000e+01 0.00000000e+00 7.05100000e+01
 4.87781378e+04]",[-0.03129369 -0.12994998 -0.0373632   0.73716583  0.78979805],3
21.0,29.81,0.0,62.12,7274.2772333333305,[  21.           29.81          0.           62.12       7274.27723333],[-0.03129369 -0.12910619 -0.0373632  -0.86983636 -0.25978487],0
21.0,29.82,0.0,62.12,81.10629999999848,[21.     29.82    0.     62.12   81.1063],[-0.03129369 -0.12826239 -0.0373632  -0.86983636 -0.44169155],0
21.0,29.82,0.0,70.51,49043.98804999996,[2.1000000e+01 2.9820000e+01 0.0000000e+00 7.0510000e+01 4.9043988e+04],[-0.03129369 -0.12826239 -0.0373632   0.73716583  0.79652109],3
21.0,29.83,0.0,62.12,2.268449999999869,[21.      29.83     0.      62.12     2.26845],[-0.03129369 -0.1274186  -0.0373632  -0.86983636 -0.44368526],0
21.0,29.84,0.0,62.12,4071.628800000001,[  21.       29.84      0.       62.12   4071.6288],[-0.03129369 -0.1265748  -0.0373632  -0.86983636 -0.34077602],0
21.0,29.84,0.0,70.51,60779.49373333331,"[2.10000000e+01 2.98400000e+01 0.00000000e+00 7.05100000e+01
 6.07794937e+04]",[-0.03129369 -0.1265748  -0.0373632   0.73716583  1.09329797],3
21.0,29.85,0.0,62.12,3185.0240333333327,[  21.           29.85          0.           62.12       3185.02403333],[-0.03129369 -0.12573101 -0.0373632  -0.86983636 -0.36319719],0
21.0,29.86,0.0,62.12,14771.01407000001,[   21.         29.86        0.         62.12    14771.01407],[-0.03129369 -0.12488721 -0.0373632  -0.86983636 -0.07020138],0
21.0,29.86,0.0,68.56,1630.7760500000009,[  21.        29.86       0.        68.56    1630.77605],[-0.03129369 -0.12488721 -0.0373632   0.36366711 -0.40250226],3
21.0,29.86,0.0,70.51,49574.70719999998,"[2.10000000e+01 2.98600000e+01 0.00000000e+00 7.05100000e+01
 4.95747072e+04]",[-0.03129369 -0.12488721 -0.0373632   0.73716583  0.80994234],3
21.0,29.87,0.0,62.12,0.7200000000000546,[21.   29.87  0.   62.12  0.72],[-0.03129369 -0.12404341 -0.0373632  -0.86983636 -0.44372442],0
21.0,29.88,0.0,68.56,21486.644999999968,[2.1000000e+01 2.9880000e+01 0.0000000e+00 6.8560000e+01 2.1486645e+04],[-0.03129369 -0.12319962 -0.0373632   0.36366711  0.09962889],3
21.0,29.88,0.0,70.51,49836.40205000001,"[2.10000000e+01 2.98800000e+01 0.00000000e+00 7.05100000e+01
 4.98364021e+04]",[-0.03129369 -0.12319962 -0.0373632   0.73716583  0.81656029],3
21.0,29.89,0.0,62.12,6256.329799999995,[  21.       29.89      0.       62.12   6256.3298],[-0.03129369 -0.12235582 -0.0373632  -0.86983636 -0.28552754],0
21.0,29.9,0.0,62.12,0.07839999999999722,[21.     29.9     0.     62.12    0.0784],[-0.03129369 -0.12151203 -0.0373632  -0.86983636 -0.44374065],0
21.0,29.9,0.0,70.51,50098.78579999999,"[2.10000000e+01 2.99000000e+01 0.00000000e+00 7.05100000e+01
 5.00987858e+04]",[-0.03129369 -0.12151203 -0.0373632   0.73716583  0.82319566],3
21.0,29.91,0.0,62.12,4560.475509999991,[  21.        29.91       0.        62.12    4560.47551],[-0.03129369 -0.12066823 -0.0373632  -0.86983636 -0.32841367],0
21.0,29.92,0.0,62.12,13707.738100000002,[   21.        29.92       0.        62.12   13707.7381],[-0.03129369 -0.11982444 -0.0373632  -0.86983636 -0.09709035],0
21.0,29.92,0.0,68.56,1687.8049999999946,[  21.      29.92     0.      68.56  1687.805],[-0.03129369 -0.11982444 -0.0373632   0.36366711 -0.40106006],3
21.0,29.92,0.0,70.51,50358.68479999999,"[2.10000000e+01 2.99200000e+01 0.00000000e+00 7.05100000e+01
 5.03586848e+04]",[-0.03129369 -0.11982444 -0.0373632   0.73716583  0.8297682 ],3
21.0,29.94,0.0,68.56,16918.801249999986,[   21.         29.94        0.         68.56    16918.80125],[-0.03129369 -0.11813685 -0.0373632   0.36366711 -0.01588641],3
21.0,29.94,0.0,70.51,50616.07444999997,"[2.10000000e+01 2.99400000e+01 0.00000000e+00 7.05100000e+01
 5.06160744e+04]",[-0.03129369 -0.11813685 -0.0373632   0.73716583  0.83627727],3
21.0,29.95,0.0,62.12,217.15280000000186,[ 21.      29.95     0.      62.12   217.1528],[-0.03129369 -0.11729305 -0.0373632  -0.86983636 -0.4382511 ],0
21.0,29.96,0.0,62.12,1486.215199999999,[  21.       29.96      0.       62.12   1486.2152],[-0.03129369 -0.11644925 -0.0373632  -0.86983636 -0.40615803],0
21.0,29.96,0.0,70.51,50874.120200000005,"[2.10000000e+01 2.99600000e+01 0.00000000e+00 7.05100000e+01
 5.08741202e+04]",[-0.03129369 -0.11644925 -0.0373632   0.73716583  0.84280294],3
21.0,29.98,0.0,62.12,10653.620450000004,[   21.         29.98        0.         62.12    10653.62045],[-0.03129369 -0.11476166 -0.0373632  -0.86983636 -0.17432533],0
21.0,29.98,0.0,68.56,1745.8140500000018,[  21.        29.98       0.        68.56    1745.81405],[-0.03129369 -0.11476166 -0.0373632   0.36366711 -0.39959308],3
21.0,29.98,0.0,70.51,51129.62419999999,"[2.10000000e+01 2.99800000e+01 0.00000000e+00 7.05100000e+01
 5.11296242e+04]",[-0.03129369 -0.11476166 -0.0373632   0.73716583  0.84926433],3
21.0,29.99,0.0,62.12,16652.047300000006,[   21.        29.99       0.        62.12   16652.0473],[-0.03129369 -0.11391787 -0.0373632  -0.86983636 -0.0226323 ],0
21.0,30.0,0.0,70.51,51385.76820000003,"[2.10000000e+01 3.00000000e+01 0.00000000e+00 7.05100000e+01
 5.13857682e+04]",[-0.03129369 -0.11307407 -0.0373632   0.73716583  0.8557419 ],3
21.0,30.02,0.0,68.56,21086.364800000025,"[2.10000000e+01 3.00200000e+01 0.00000000e+00 6.85600000e+01
 2.10863648e+04]",[-0.03129369 -0.11138648 -0.0373632   0.36366711  0.08950628],3
21.0,30.02,0.0,70.51,61505.19190000002,"[2.10000000e+01 3.00200000e+01 0.00000000e+00 7.05100000e+01
 6.15051919e+04]",[-0.03129369 -0.11138648 -0.0373632   0.73716583  1.11165001],3
21.0,30.03,0.0,62.12,1596.125,[  21.      30.03     0.      62.12  1596.125],[-0.03129369 -0.11054269 -0.0373632  -0.86983636 -0.40337854],0
21.0,30.04,0.0,68.56,1805.4040499999883,[  21.        30.04       0.        68.56    1805.40405],[-0.03129369 -0.10969889 -0.0373632   0.36366711 -0.39808612],3
21.0,30.04,0.0,70.51,51887.089800000016,"[2.10000000e+01 3.00400000e+01 0.00000000e+00 7.05100000e+01
 5.18870898e+04]",[-0.03129369 -0.10969889 -0.0373632   0.73716583  0.86841973],3
21.0,30.05,0.0,62.12,13181.705291666658,"[   21.            30.05           0.            62.12
 13181.70529167]",[-0.03129369 -0.10885509 -0.0373632  -0.86983636 -0.11039309],0
21.0,30.06,0.0,62.12,1511.9500500000006,[  21.        30.06       0.        62.12    1511.95005],[-0.03129369 -0.1080113  -0.0373632  -0.86983636 -0.40550722],0
21.0,30.06,0.0,70.51,52138.663200000025,"[2.10000000e+01 3.00600000e+01 0.00000000e+00 7.05100000e+01
 5.21386632e+04]",[-0.03129369 -0.1080113  -0.0373632   0.73716583  0.87478172],3
21.0,30.08,0.0,70.51,52384.37120000002,"[2.10000000e+01 3.00800000e+01 0.00000000e+00 7.05100000e+01
 5.23843712e+04]",[-0.03129369 -0.10632371 -0.0373632   0.73716583  0.88099538],3
21.0,30.09,0.0,68.56,12666.294533333343,"[   21.            30.09           0.            68.56
 12666.29453333]",[-0.03129369 -0.10547991 -0.0373632   0.36366711 -0.12342721],3
21.0,30.1,0.0,62.12,337.2204500000007,[ 21.       30.1       0.       62.12    337.22045],[-0.03129369 -0.10463612 -0.0373632  -0.86983636 -0.43521473],0
21.0,30.1,0.0,68.56,1232.5612499999877,[  21.        30.1        0.        68.56    1232.56125],[-0.03129369 -0.10463612 -0.0373632   0.36366711 -0.41257263],3
21.0,30.1,0.0,70.51,61654.31863333336,"[2.10000000e+01 3.01000000e+01 0.00000000e+00 7.05100000e+01
 6.16543186e+04]",[-0.03129369 -0.10463612 -0.0373632   0.73716583  1.11542125],3
21.0,30.11,0.0,62.12,1778.3445333333364,[  21.           30.11          0.           62.12       1778.34453333],[-0.03129369 -0.10379232 -0.0373632  -0.86983636 -0.39877043],0
21.0,30.12,0.0,62.12,308.2644499999996,[ 21.       30.12      0.       62.12    308.26445],[-0.03129369 -0.10294853 -0.0373632  -0.86983636 -0.43594699],0
21.0,30.13,0.0,70.51,53121.70125,"[2.10000000e+01 3.01300000e+01 0.00000000e+00 7.05100000e+01
 5.31217012e+04]",[-0.03129369 -0.10210473 -0.0373632   0.73716583  0.89964157],3
21.0,30.14,0.0,62.12,1682.5800499999996,[  21.        30.14       0.        62.12    1682.58005],[-0.03129369 -0.10126093 -0.0373632  -0.86983636 -0.4011922 ],0
21.0,30.15,0.0,62.12,5082.336199999993,[  21.       30.15      0.       62.12   5082.3362],[-0.03129369 -0.10041714 -0.0373632  -0.86983636 -0.31521644],0
21.0,30.15,0.0,70.51,53366.445,[2.1000000e+01 3.0150000e+01 0.0000000e+00 7.0510000e+01 5.3366445e+04],[-0.03129369 -0.10041714 -0.0373632   0.73716583  0.90583085],3
21.0,30.16,0.0,68.56,18024.710199999987,[   21.        30.16       0.        68.56   18024.7102],[-0.03129369 -0.09957334 -0.0373632   0.36366711  0.0120807 ],3
21.0,30.17,0.0,62.12,56.498449999999345,[21.      30.17     0.      62.12    56.49845],[-0.03129369 -0.09872955 -0.0373632  -0.86983636 -0.44231385],0
21.0,30.17,0.0,70.51,53605.202450000004,"[2.10000000e+01 3.01700000e+01 0.00000000e+00 7.05100000e+01
 5.36052025e+04]",[-0.03129369 -0.09872955 -0.0373632   0.73716583  0.91186874],3
21.0,30.19,0.0,62.12,332.56205000000347,[ 21.       30.19      0.       62.12    332.56205],[-0.03129369 -0.09704196 -0.0373632  -0.86983636 -0.43533253],0
21.0,30.19,0.0,68.56,64.07120000000185,[21.     30.19    0.     68.56   64.0712],[-0.03129369 -0.09704196 -0.0373632   0.36366711 -0.44212235],3
21.0,30.19,0.0,70.51,62091.59053333335,"[2.10000000e+01 3.01900000e+01 0.00000000e+00 7.05100000e+01
 6.20915905e+04]",[-0.03129369 -0.09704196 -0.0373632   0.73716583  1.12647933],3
21.0,30.2,0.0,62.12,465.4300499999997,[ 21.       30.2       0.       62.12    465.43005],[-0.03129369 -0.09619816 -0.0373632  -0.86983636 -0.43197246],0
21.0,30.21,0.0,62.12,17314.744049999994,[   21.         30.21        0.         62.12    17314.74405],[-0.03129369 -0.09535437 -0.0373632  -0.86983636 -0.00587349],0
21.0,30.21,0.0,70.51,54087.604999999974,[2.1000000e+01 3.0210000e+01 0.0000000e+00 7.0510000e+01 5.4087605e+04],[-0.03129369 -0.09535437 -0.0373632   0.73716583  0.92406812],3
21.0,30.23,0.0,62.12,54.81045000000029,[21.      30.23     0.      62.12    54.81045],[-0.03129369 -0.09366677 -0.0373632  -0.86983636 -0.44235654],0
21.0,30.24,0.0,68.56,8841.330900000028,[  21.       30.24      0.       68.56   8841.3309],[-0.03129369 -0.09282298 -0.0373632   0.36366711 -0.22015596],3
21.0,30.25,0.0,62.12,2840.940969999997,[  21.        30.25       0.        62.12    2840.94097],[-0.03129369 -0.09197918 -0.0373632  -0.86983636 -0.37189864],0
21.0,30.27,0.0,68.56,478.02319999999173,[ 21.      30.27     0.      68.56   478.0232],[-0.03129369 -0.09029159 -0.0373632   0.36366711 -0.431654  ],3
21.0,30.28,0.0,62.12,8726.52605000001,[  21.        30.28       0.        62.12    8726.52605],[-0.03129369 -0.0894478  -0.0373632  -0.86983636 -0.22305924],0
21.0,30.28,0.0,68.56,2462.6162000000127,[  21.       30.28      0.       68.56   2462.6162],[-0.03129369 -0.0894478  -0.0373632   0.36366711 -0.38146602],3
21.0,30.29,0.0,62.12,53.04499999999953,[21.    30.29   0.    62.12  53.045],[-0.03129369 -0.088604   -0.0373632  -0.86983636 -0.44240119],0
21.0,30.3,0.0,62.12,12319.790450000004,[   21.         30.3         0.         62.12    12319.79045],[-0.03129369 -0.08776021 -0.0373632  -0.86983636 -0.13218989],0
21.0,30.3,0.0,68.56,282.7441999999966,[ 21.      30.3      0.      68.56   282.7442],[-0.03129369 -0.08776021 -0.0373632   0.36366711 -0.43659237],3
21.0,30.31,0.0,62.12,3379.381758333331,[  21.           30.31          0.           62.12       3379.38175833],[-0.03129369 -0.08691641 -0.0373632  -0.86983636 -0.35828211],0
21.0,30.31,0.0,68.56,12348.286633333342,"[   21.            30.31           0.            68.56
 12348.28663333]",[-0.03129369 -0.08691641 -0.0373632   0.36366711 -0.13146925],3
21.0,30.32,0.0,68.56,258.2594333333324,[ 21.          30.32         0.          68.56       258.25943333],[-0.03129369 -0.08607261 -0.0373632   0.36366711 -0.43721156],3
21.0,30.34,0.0,62.12,16370.284233333334,"[   21.            30.34           0.            62.12
 16370.28423333]",[-0.03129369 -0.08438502 -0.0373632  -0.86983636 -0.02975775],0
21.0,30.34,0.0,68.56,1644.4063583333364,[  21.           30.34          0.           68.56       1644.40635833],[-0.03129369 -0.08438502 -0.0373632   0.36366711 -0.40215756],3
21.0,30.35,0.0,62.12,12390.528200000012,[   21.        30.35       0.        62.12   12390.5282],[-0.03129369 -0.08354123 -0.0373632  -0.86983636 -0.13040101],0
21.0,30.35,0.0,70.51,119741.49845000003,"[2.10000000e+01 3.03500000e+01 0.00000000e+00 7.05100000e+01
 1.19741498e+05]",[-0.03129369 -0.08354123 -0.0373632   0.73716583  2.58437646],3
21.0,30.36,0.0,68.56,255.04463333333536,[ 21.          30.36         0.          68.56       255.04463333],[-0.03129369 -0.08269743 -0.0373632   0.36366711 -0.43729286],3
21.0,30.37,0.0,62.12,8634.294050000004,[  21.        30.37       0.        62.12    8634.29405],[-0.03129369 -0.08185364 -0.0373632  -0.86983636 -0.22539168],0
21.0,30.38,0.0,62.12,5693.512049999986,[  21.        30.38       0.        62.12    5693.51205],[-0.03129369 -0.08100984 -0.0373632  -0.86983636 -0.29976053],0
21.0,30.38,0.0,68.56,9738.822830000006,[  21.        30.38       0.        68.56    9738.82283],[-0.03129369 -0.08100984 -0.0373632   0.36366711 -0.19745947],3
21.0,30.4,0.0,62.12,8898.884300000003,[  21.       30.4       0.       62.12   8898.8843],[-0.03129369 -0.07932225 -0.0373632  -0.86983636 -0.2187005 ],0
21.0,30.4,0.0,68.56,1681.8740249999992,[  21.         30.4         0.         68.56     1681.874025],[-0.03129369 -0.07932225 -0.0373632   0.36366711 -0.40121005],3
21.0,30.41,0.0,62.12,1943.761249999998,[  21.        30.41       0.        62.12    1943.76125],[-0.03129369 -0.07847846 -0.0373632  -0.86983636 -0.39458724],0
21.0,30.42,0.0,68.56,253.2523000000016,[ 21.      30.42     0.      68.56   253.2523],[-0.03129369 -0.07763466 -0.0373632   0.36366711 -0.43733818],3
21.0,30.44,0.0,62.12,9416.52903333333,[  21.           30.44          0.           62.12       9416.52903333],[-0.03129369 -0.07594707 -0.0373632  -0.86983636 -0.20560989],0
21.0,30.44,0.0,68.56,252.30573333333012,[ 21.          30.44         0.          68.56       252.30573333],[-0.03129369 -0.07594707 -0.0373632   0.36366711 -0.43736212],3
21.0,30.45,0.0,68.56,232.84820000000087,[ 21.      30.45     0.      68.56   232.8482],[-0.03129369 -0.07510327 -0.0373632   0.36366711 -0.43785418],3
21.0,30.46,0.0,62.12,9904.442625,[  21.         30.46        0.         62.12     9904.442625],[-0.03129369 -0.07425948 -0.0373632  -0.86983636 -0.19327114],0
21.0,30.46,0.0,68.56,1719.9216250000034,[  21.         30.46        0.         68.56     1719.921625],[-0.03129369 -0.07425948 -0.0373632   0.36366711 -0.40024787],3
21.0,30.47,0.0,62.12,36132.096199999985,"[2.10000000e+01 3.04700000e+01 0.00000000e+00 6.21200000e+01
 3.61320962e+04]",[-0.03129369 -0.07341568 -0.0373632  -0.86983636  0.46999481],0
21.0,30.48,0.0,62.12,1602.346050000004,[  21.        30.48       0.        62.12    1602.34605],[-0.03129369 -0.07257189 -0.0373632  -0.86983636 -0.40322122],0
21.0,30.48,0.0,68.56,250.4712333333324,[ 21.          30.48         0.          68.56       250.47123333],[-0.03129369 -0.07257189 -0.0373632   0.36366711 -0.43740851],3
21.0,30.51,0.0,62.12,9898.403766666674,[  21.           30.51          0.           62.12       9898.40376667],[-0.03129369 -0.0700405  -0.0373632  -0.86983636 -0.19342385],0
21.0,30.52,0.0,68.56,13025.383899999995,[   21.        30.52       0.        68.56   13025.3839],[-0.03129369 -0.0691967  -0.0373632   0.36366711 -0.11434627],3
21.0,30.53,0.0,68.56,10939.71203333334,"[   21.            30.53           0.            68.56
 10939.71203333]",[-0.03129369 -0.06835291 -0.0373632   0.36366711 -0.16709042],3
21.0,30.55,0.0,68.56,7.488450000000018,[21.      30.55     0.      68.56     7.48845],[-0.03129369 -0.06666532 -0.0373632   0.36366711 -0.44355326],3
21.0,30.56,0.0,62.12,1012.5,[  21.     30.56    0.     62.12 1012.5 ],[-0.03129369 -0.06582152 -0.0373632  -0.86983636 -0.41813772],0
21.0,30.57,0.0,62.12,9059.829930000002,[  21.        30.57       0.        62.12    9059.82993],[-0.03129369 -0.06497773 -0.0373632  -0.86983636 -0.21463038],0
21.0,30.58,0.0,62.12,16779.28805000001,[   21.         30.58        0.         62.12    16779.28805],[-0.03129369 -0.06413393 -0.0373632  -0.86983636 -0.01941453],0
21.0,30.58,0.0,68.56,2502.134033333323,[  21.           30.58          0.           68.56       2502.13403333],[-0.03129369 -0.06413393 -0.0373632   0.36366711 -0.38046666],3
21.0,30.6,0.0,62.12,17045.96480000001,[   21.        30.6        0.        62.12   17045.9648],[-0.03129369 -0.06244634 -0.0373632  -0.86983636 -0.0126706 ],0
21.0,30.6,0.0,68.56,10519.100866666695,"[   21.            30.6            0.            68.56
 10519.10086667]",[-0.03129369 -0.06244634 -0.0373632   0.36366711 -0.17772717],3
21.0,30.61,0.0,62.12,8913.795199999997,[  21.       30.61      0.       62.12   8913.7952],[-0.03129369 -0.06160254 -0.0373632  -0.86983636 -0.21832343],0
21.0,30.62,0.0,62.12,6812.763120000008,[  21.        30.62       0.        62.12    6812.76312],[-0.03129369 -0.06075875 -0.0373632  -0.86983636 -0.27145601],0
21.0,30.62,0.0,68.56,576.6408000000013,[ 21.      30.62     0.      68.56   576.6408],[-0.03129369 -0.06075875 -0.0373632   0.36366711 -0.42916008],3
21.0,30.64,0.0,68.56,2588.8912000000028,[  21.       30.64      0.       68.56   2588.8912],[-0.03129369 -0.05907116 -0.0373632   0.36366711 -0.37827267],3
21.0,30.65,0.0,62.12,10925.890299999988,[   21.        30.65       0.        62.12   10925.8903],[-0.03129369 -0.05822736 -0.0373632  -0.86983636 -0.16743995],0
21.0,30.66,0.0,62.12,7006.9121999999925,[  21.       30.66      0.       62.12   7006.9122],[-0.03129369 -0.05738357 -0.0373632  -0.86983636 -0.26654621],0
21.0,30.66,0.0,68.56,478.9512499999944,[ 21.       30.66      0.       68.56    478.95125],[-0.03129369 -0.05738357 -0.0373632   0.36366711 -0.43163053],3
21.0,30.67,0.0,62.12,1171.1997272727256,[  21.           30.67          0.           62.12       1171.19972727],[-0.03129369 -0.05653977 -0.0373632  -0.86983636 -0.41412439],0
21.0,30.67,0.0,68.56,230.48044999999814,[ 21.       30.67      0.       68.56    230.48045],[-0.03129369 -0.05653977 -0.0373632   0.36366711 -0.43791406],3
21.0,30.68,0.0,62.12,6810.466359558826,[  21.           30.68          0.           62.12       6810.46635956],[-0.03129369 -0.05569598 -0.0373632  -0.86983636 -0.27151409],0
21.0,30.68,0.0,68.56,477.4049999999923,[ 21.     30.68    0.     68.56  477.405],[-0.03129369 -0.05569598 -0.0373632   0.36366711 -0.43166963],3
21.0,30.69,0.0,62.12,252.9959292105269,[ 21.          30.69         0.          62.12       252.99592921],[-0.03129369 -0.05485218 -0.0373632  -0.86983636 -0.43734467],0
21.0,30.7,0.0,62.12,4186.71575847953,[  21.           30.7           0.           62.12       4186.71575848],[-0.03129369 -0.05400838 -0.0373632  -0.86983636 -0.3378656 ],0
21.0,30.7,0.0,68.56,2417.9057999999973,[  21.       30.7       0.       68.56   2417.9058],[-0.03129369 -0.05400838 -0.0373632   0.36366711 -0.38259669],3
21.0,30.71,0.0,62.12,3672.745687272727,[  21.           30.71          0.           62.12       3672.74568727],[-0.03129369 -0.05316459 -0.0373632  -0.86983636 -0.35086329],0
21.0,30.72,0.0,62.12,0.014123809523819955,"[2.10000000e+01 3.07200000e+01 0.00000000e+00 6.21200000e+01
 1.41238095e-02]",[-0.03129369 -0.05232079 -0.0373632  -0.86983636 -0.44374227],0
21.0,30.73,0.0,62.12,7162.675996363634,[  21.           30.73          0.           62.12       7162.67599636],[-0.03129369 -0.051477   -0.0373632  -0.86983636 -0.26260713],0
21.0,30.74,0.0,62.12,6343.672633333335,[  21.           30.74          0.           62.12       6343.67263333],[-0.03129369 -0.0506332  -0.0373632  -0.86983636 -0.28331875],0
21.0,30.74,0.0,68.56,19592.101249999985,[   21.         30.74        0.         68.56    19592.10125],[-0.03129369 -0.0506332  -0.0373632   0.36366711  0.05171815],3
21.0,30.75,0.0,62.12,7198.701491666663,[  21.           30.75          0.           62.12       7198.70149167],[-0.03129369 -0.04978941 -0.0373632  -0.86983636 -0.26169609],0
21.0,30.75,0.0,68.56,9002.993433333322,[  21.           30.75          0.           68.56       9002.99343333],[-0.03129369 -0.04978941 -0.0373632   0.36366711 -0.21606771],3
21.0,30.76,0.0,70.51,129184.17363333335,"[2.10000000e+01 3.07600000e+01 0.00000000e+00 7.05100000e+01
 1.29184174e+05]",[-0.03129369 -0.04894561 -0.0373632   0.73716583  2.8231704 ],3
21.0,30.77,0.0,62.12,20293.890633333333,"[   21.            30.77           0.            62.12
 20293.89063333]",[-0.03129369 -0.04810182 -0.0373632  -0.86983636  0.06946556],0
21.0,30.77,0.0,68.56,470.63119999999844,[ 21.      30.77     0.      68.56   470.6312],[-0.03129369 -0.04810182 -0.0373632   0.36366711 -0.43184093],3
21.0,30.78,0.0,62.12,3545.9236333333406,[  21.           30.78          0.           62.12       3545.92363333],[-0.03129369 -0.04725802 -0.0373632  -0.86983636 -0.35407047],0
21.0,30.79,0.0,62.12,9442.33229999999,[  21.       30.79      0.       62.12   9442.3323],[-0.03129369 -0.04641422 -0.0373632  -0.86983636 -0.20495736],0
21.0,30.79,0.0,68.56,469.40479999999957,[ 21.      30.79     0.      68.56   469.4048],[-0.03129369 -0.04641422 -0.0373632   0.36366711 -0.43187195],3
21.0,30.8,0.0,62.12,9861.388300000004,[  21.       30.8       0.       62.12   9861.3883],[-0.03129369 -0.04557043 -0.0373632  -0.86983636 -0.19435993],0
21.0,30.81,0.0,68.56,11279.063633333322,"[   21.            30.81           0.            68.56
 11279.06363333]",[-0.03129369 -0.04472663 -0.0373632   0.36366711 -0.15850862],3
21.0,30.82,0.0,62.12,22003.824199999995,"[2.10000000e+01 3.08200000e+01 0.00000000e+00 6.21200000e+01
 2.20038242e+04]",[-0.03129369 -0.04388284 -0.0373632  -0.86983636  0.11270773],0
21.0,30.82,0.0,68.56,30670.214450000018,"[2.10000000e+01 3.08200000e+01 0.00000000e+00 6.85600000e+01
 3.06702145e+04]",[-0.03129369 -0.04388284 -0.0373632   0.36366711  0.33187036],3
21.0,30.83,0.0,62.12,3641.275299999998,[  21.       30.83      0.       62.12   3641.2753],[-0.03129369 -0.04303904 -0.0373632  -0.86983636 -0.35165914],0
21.0,30.83,0.0,68.56,466.6512500000021,[ 21.       30.83      0.       68.56    466.65125],[-0.03129369 -0.04303904 -0.0373632   0.36366711 -0.43194158],3
21.0,30.85,0.0,62.12,10733.168433333336,"[   21.            30.85           0.            62.12
 10733.16843333]",[-0.03129369 -0.04135145 -0.0373632  -0.86983636 -0.17231366],0
21.0,30.85,0.0,68.56,465.4300500000032,[ 21.       30.85      0.       68.56    465.43005],[-0.03129369 -0.04135145 -0.0373632   0.36366711 -0.43197246],3
21.0,30.85,0.0,70.51,244538.21779999998,"[2.10000000e+01 3.08500000e+01 0.00000000e+00 7.05100000e+01
 2.44538218e+05]",[-0.03129369 -0.04135145 -0.0373632   0.73716583  5.74033602],3
21.0,30.86,0.0,62.12,10932.458149999999,[   21.         30.86        0.         62.12    10932.45815],[-0.03129369 -0.04050766 -0.0373632  -0.86983636 -0.16727386],0
21.0,30.87,0.0,68.56,463.90580000000114,[ 21.      30.87     0.      68.56   463.9058],[-0.03129369 -0.03966386 -0.0373632   0.36366711 -0.43201101],3
21.0,30.88,0.0,62.12,13331.72282500001,[   21.          30.88         0.          62.12     13331.722825],[-0.03129369 -0.03882006 -0.0373632  -0.86983636 -0.10659933],0
21.0,30.88,0.0,68.56,19325.634299999976,[   21.        30.88       0.        68.56   19325.6343],[-0.03129369 -0.03882006 -0.0373632   0.36366711  0.04497952],3
21.0,30.89,0.0,62.12,9567.59444999999,[  21.        30.89       0.        62.12    9567.59445],[-0.03129369 -0.03797627 -0.0373632  -0.86983636 -0.20178963],0
21.0,30.89,0.0,68.56,10498.005000000014,[   21.       30.89      0.       68.56  10498.005],[-0.03129369 -0.03797627 -0.0373632   0.36366711 -0.17826066],3
21.0,30.9,0.0,62.12,9695.596506666663,[  21.           30.9           0.           62.12       9695.59650667],[-0.03129369 -0.03713247 -0.0373632  -0.86983636 -0.19855261],0
21.0,30.92,0.0,62.12,19513.00124999999,[   21.         30.92        0.         62.12    19513.00125],[-0.03129369 -0.03544488 -0.0373632  -0.86983636  0.0497178 ],0
21.0,30.92,0.0,70.51,120761.55124999999,"[2.10000000e+01 3.09200000e+01 0.00000000e+00 7.05100000e+01
 1.20761551e+05]",[-0.03129369 -0.03544488 -0.0373632   0.73716583  2.61017237],3
21.0,30.93,0.0,62.12,12138.149629999998,[   21.         30.93        0.         62.12    12138.14963],[-0.03129369 -0.03460109 -0.0373632  -0.86983636 -0.13678336],0
21.0,30.94,0.0,68.56,1332.5409333333423,[  21.           30.94          0.           68.56       1332.54093333],[-0.03129369 -0.03375729 -0.0373632   0.36366711 -0.41004427],3
21.0,30.95,0.0,62.12,10469.071670000016,[   21.         30.95        0.         62.12    10469.07167],[-0.03129369 -0.0329135  -0.0373632  -0.86983636 -0.17899235],0
21.0,30.95,0.0,68.56,14429.880133333325,"[   21.            30.95           0.            68.56
 14429.88013333]",[-0.03129369 -0.0329135  -0.0373632   0.36366711 -0.07882824],3
21.0,30.96,0.0,62.12,25960.089800000016,"[2.10000000e+01 3.09600000e+01 0.00000000e+00 6.21200000e+01
 2.59600898e+04]",[-0.03129369 -0.0320697  -0.0373632  -0.86983636  0.21275695],0
21.0,30.96,0.0,68.56,457.53125,[ 21.       30.96      0.       68.56    457.53125],[-0.03129369 -0.0320697  -0.0373632   0.36366711 -0.43217221],3
21.0,30.97,0.0,62.12,14667.752533333314,"[   21.            30.97           0.            62.12
 14667.75253333]",[-0.03129369 -0.0312259  -0.0373632  -0.86983636 -0.07281274],0
21.0,30.97,0.0,68.56,22780.451249999962,"[2.10000000e+01 3.09700000e+01 0.00000000e+00 6.85600000e+01
 2.27804512e+04]",[-0.03129369 -0.0312259  -0.0373632   0.36366711  0.1323477 ],3
21.0,30.98,0.0,62.12,10211.697733333334,"[   21.            30.98           0.            62.12
 10211.69773333]",[-0.03129369 -0.03038211 -0.0373632  -0.86983636 -0.18550103],0
21.0,30.98,0.0,68.56,456.0199999999945,[ 21.    30.98   0.    68.56 456.02],[-0.03129369 -0.03038211 -0.0373632   0.36366711 -0.43221043],3
21.0,30.99,0.0,62.12,20518.694100000008,[   21.        30.99       0.        62.12   20518.6941],[-0.03129369 -0.02953831 -0.0373632  -0.86983636  0.07515057],0
21.0,30.99,0.0,68.56,712.9088000000039,[ 21.      30.99     0.      68.56   712.9088],[-0.03129369 -0.02953831 -0.0373632   0.36366711 -0.42571402],3
21.0,30.99,0.0,70.51,243713.69280000002,"[2.10000000e+01 3.09900000e+01 0.00000000e+00 7.05100000e+01
 2.43713693e+05]",[-0.03129369 -0.02953831 -0.0373632   0.73716583  5.71948477],3
21.0,31.0,0.0,68.56,5438.202049999996,[  21.        31.         0.        68.56    5438.20205],[-0.03129369 -0.02869452 -0.0373632   0.36366711 -0.30621701],3
21.0,31.0,0.0,70.51,120854.94479999994,"[2.10000000e+01 3.10000000e+01 0.00000000e+00 7.05100000e+01
 1.20854945e+05]",[-0.03129369 -0.02869452 -0.0373632   0.73716583  2.61253418],3
21.0,31.01,0.0,62.12,12123.662800000002,[   21.        31.01       0.        62.12   12123.6628],[-0.03129369 -0.02785072 -0.0373632  -0.86983636 -0.13714972],0
21.0,31.01,0.0,68.56,711.7764500000006,[ 21.       31.01      0.       68.56    711.77645],[-0.03129369 -0.02785072 -0.0373632   0.36366711 -0.42574266],3
21.0,31.02,0.0,62.12,7286.736200000008,[  21.       31.02      0.       62.12   7286.7362],[-0.03129369 -0.02700693 -0.0373632  -0.86983636 -0.2594698 ],0
21.0,31.02,0.0,68.56,13484.104199999985,[   21.        31.02       0.        68.56   13484.1042],[-0.03129369 -0.02700693 -0.0373632   0.36366711 -0.10274579],3
21.0,31.03,0.0,62.12,6772.152200000006,[  21.       31.03      0.       62.12   6772.1522],[-0.03129369 -0.02616313 -0.0373632  -0.86983636 -0.27248301],0
21.0,31.03,0.0,68.56,708.7612500000034,[ 21.       31.03      0.       68.56    708.76125],[-0.03129369 -0.02616313 -0.0373632   0.36366711 -0.42581891],3
21.0,31.03,0.0,70.51,243218.25125000003,"[2.10000000e+01 3.10300000e+01 0.00000000e+00 7.05100000e+01
 2.43218251e+05]",[-0.03129369 -0.02616313 -0.0373632   0.73716583  5.70695565],3
21.0,31.04,0.0,62.12,14864.596300000007,[   21.        31.04       0.        62.12   14864.5963],[-0.03129369 -0.02531934 -0.0373632  -0.86983636 -0.06783479],0
21.0,31.04,0.0,68.56,10363.680449999987,[   21.         31.04        0.         68.56    10363.68045],[-0.03129369 -0.02531934 -0.0373632   0.36366711 -0.18165756],3
21.0,31.05,0.0,62.12,21091.888133333323,"[2.10000000e+01 3.10500000e+01 0.00000000e+00 6.21200000e+01
 2.10918881e+04]",[-0.03129369 -0.02447554 -0.0373632  -0.86983636  0.08964596],0
21.0,31.05,0.0,68.56,705.0012500000068,[ 21.       31.05      0.       68.56    705.00125],[-0.03129369 -0.02447554 -0.0373632   0.36366711 -0.42591399],3
21.0,31.06,0.0,62.12,3909.286933333335,[  21.           31.06          0.           62.12       3909.28693333],[-0.03129369 -0.02363175 -0.0373632  -0.86983636 -0.34488145],0
21.0,31.06,0.0,68.56,2856.2370333333342,[  21.           31.06          0.           68.56       2856.23703333],[-0.03129369 -0.02363175 -0.0373632   0.36366711 -0.37151182],3
21.0,31.07,0.0,62.12,20345.307733333324,"[   21.            31.07           0.            62.12
 20345.30773333]",[-0.03129369 -0.02278795 -0.0373632  -0.86983636  0.07076583],0
21.0,31.08,0.0,62.12,17600.36389166667,"[   21.            31.08           0.            62.12
 17600.36389167]",[-0.03129369 -0.02194415 -0.0373632  -0.86983636  0.00134949],0
21.0,31.08,0.0,68.56,1172.016900000006,[  21.       31.08      0.       68.56   1172.0169],[-0.03129369 -0.02194415 -0.0373632   0.36366711 -0.41410373],3
21.0,31.08,0.0,70.51,128430.35469999997,"[2.10000000e+01 3.10800000e+01 0.00000000e+00 7.05100000e+01
 1.28430355e+05]",[-0.03129369 -0.02194415 -0.0373632   0.73716583  2.80410722],3
21.0,31.1,0.0,62.12,7250.1102999999985,[  21.       31.1       0.       62.12   7250.1103],[-0.03129369 -0.02025656 -0.0373632  -0.86983636 -0.26039602],0
21.0,31.1,0.0,68.56,1167.1934333333284,[  21.           31.1           0.           68.56       1167.19343333],[-0.03129369 -0.02025656 -0.0373632   0.36366711 -0.41422571],3
21.0,31.11,0.0,62.12,10577.419766666668,"[   21.            31.11           0.            62.12
 10577.41976667]",[-0.03129369 -0.01941277 -0.0373632  -0.86983636 -0.17625235],0
21.0,31.12,0.0,62.12,4303.569899999998,[  21.       31.12      0.       62.12   4303.5699],[-0.03129369 -0.01856897 -0.0373632  -0.86983636 -0.3349105 ],0
21.0,31.12,0.0,68.56,2119.828900000009,[  21.       31.12      0.       68.56   2119.8289],[-0.03129369 -0.01856897 -0.0373632   0.36366711 -0.3901347 ],3
21.0,31.12,0.0,70.51,242688.47805000006,"[2.10000000e+01 3.11200000e+01 0.00000000e+00 7.05100000e+01
 2.42688478e+05]",[-0.03129369 -0.01856897 -0.0373632   0.73716583  5.69355832],3
21.0,31.13,0.0,62.12,21586.264199999994,"[2.10000000e+01 3.11300000e+01 0.00000000e+00 6.21200000e+01
 2.15862642e+04]",[-0.03129369 -0.01772518 -0.0373632  -0.86983636  0.10214814],0
21.0,31.14,0.0,62.12,15744.980825000015,[   21.          31.14         0.          62.12     15744.980825],[-0.03129369 -0.01688138 -0.0373632  -0.86983636 -0.04557092],0
21.0,31.14,0.0,68.56,1158.2354333333365,[  21.           31.14          0.           68.56       1158.23543333],[-0.03129369 -0.01688138 -0.0373632   0.36366711 -0.41445224],3
21.0,31.15,0.0,62.12,13836.910033333343,"[   21.            31.15           0.            62.12
 13836.91003333]",[-0.03129369 -0.01603759 -0.0373632  -0.86983636 -0.09382375],0
21.0,31.16,0.0,62.12,3159.330050000001,[  21.        31.16       0.        62.12    3159.33005],[-0.03129369 -0.01519379 -0.0373632  -0.86983636 -0.36384696],0
21.0,31.16,0.0,68.56,685.6104500000032,[ 21.       31.16      0.       68.56    685.61045],[-0.03129369 -0.01519379 -0.0373632   0.36366711 -0.42640436],3
21.0,31.16,0.0,70.51,127924.28263333337,"[2.10000000e+01 3.11600000e+01 0.00000000e+00 7.05100000e+01
 1.27924283e+05]",[-0.03129369 -0.01519379 -0.0373632   0.73716583  2.79130927],3
21.0,31.17,0.0,62.12,12911.075830000002,[   21.         31.17        0.         62.12    12911.07583],[-0.03129369 -0.01434999 -0.0373632  -0.86983636 -0.11723699],0
21.0,31.17,0.0,68.56,14081.837700000024,[   21.        31.17       0.        68.56   14081.8377],[-0.03129369 -0.01434999 -0.0373632   0.36366711 -0.08762982],3
21.0,31.18,0.0,62.12,12685.921629999997,[   21.         31.18        0.         62.12    12685.92163],[-0.03129369 -0.0135062  -0.0373632  -0.86983636 -0.12293087],0
21.0,31.18,0.0,68.56,16306.903033333354,"[   21.            31.18           0.            68.56
 16306.90303333]",[-0.03129369 -0.0135062  -0.0373632   0.36366711 -0.03136058],3
21.0,31.19,0.0,62.12,16295.295491666655,"[   21.            31.19           0.            62.12
 16295.29549167]",[-0.03129369 -0.0126624  -0.0373632  -0.86983636 -0.03165412],0
21.0,31.19,0.0,68.56,1144.8852999999974,[  21.       31.19      0.       68.56   1144.8853],[-0.03129369 -0.0126624  -0.0373632   0.36366711 -0.41478985],3
21.0,31.2,0.0,62.12,36747.60499999999,[2.1000000e+01 3.1200000e+01 0.0000000e+00 6.2120000e+01 3.6747605e+04],[-0.03129369 -0.01181861 -0.0373632  -0.86983636  0.48556029],0
21.0,31.21,0.0,62.12,11503.144726785711,"[   21.            31.21           0.            62.12
 11503.14472679]",[-0.03129369 -0.01097481 -0.0373632  -0.86983636 -0.15284188],0
21.0,31.21,0.0,68.56,1140.4663000000014,[  21.       31.21      0.       68.56   1140.4663],[-0.03129369 -0.01097481 -0.0373632   0.36366711 -0.4149016 ],3
21.0,31.21,0.0,70.51,242027.07379999995,"[2.10000000e+01 3.12100000e+01 0.00000000e+00 7.05100000e+01
 2.42027074e+05]",[-0.03129369 -0.01097481 -0.0373632   0.73716583  5.6768322 ],3
21.0,31.22,0.0,62.12,16097.074999999992,[   21.       31.22      0.       62.12  16097.075],[-0.03129369 -0.01013102 -0.0373632  -0.86983636 -0.03666688],0
21.0,31.23,0.0,62.12,12145.769176666663,"[   21.            31.23           0.            62.12
 12145.76917667]",[-0.03129369 -0.00928722 -0.0373632  -0.86983636 -0.13659067],0
21.0,31.23,0.0,68.56,1136.0357333333427,[  21.           31.23          0.           68.56       1136.03573333],[-0.03129369 -0.00928722 -0.0373632   0.36366711 -0.41501365],3
21.0,31.23,0.0,70.51,119065.75003333332,[2.1000000e+01 3.1230000e+01 0.0000000e+00 7.0510000e+01 1.1906575e+05],[-0.03129369 -0.00928722 -0.0373632   0.73716583  2.56728759],3
21.0,31.23,0.0,73.73,1373.4040499999924,[  21.        31.23       0.        73.73    1373.40405],[-0.03129369 -0.00928722 -0.0373632   1.35391757 -0.40901089],3
21.0,31.24,0.0,62.12,37201.73645,"[2.10000000e+01 3.12400000e+01 0.00000000e+00 6.21200000e+01
 3.72017364e+04]",[-0.03129369 -0.00844343 -0.0373632  -0.86983636  0.49704473],0
21.0,31.24,0.0,68.56,36444.60020000001,"[2.10000000e+01 3.12400000e+01 0.00000000e+00 6.85600000e+01
 3.64446002e+04]",[-0.03129369 -0.00844343 -0.0373632   0.36366711  0.47789766],3
21.0,31.25,0.0,62.12,18465.422025,[   21.          31.25         0.          62.12     18465.422025],[-0.03129369 -0.00759963 -0.0373632  -0.86983636  0.02322578],0
21.0,31.25,0.0,68.56,1131.6140333333408,[  21.           31.25          0.           68.56       1131.61403333],[-0.03129369 -0.00759963 -0.0373632   0.36366711 -0.41512547],3
21.0,31.25,0.0,70.51,241401.31280000007,"[2.10000000e+01 3.12500000e+01 0.00000000e+00 7.05100000e+01
 2.41401313e+05]",[-0.03129369 -0.00759963 -0.0373632   0.73716583  5.66100745],3
21.0,31.26,0.0,62.12,10899.478623809546,"[   21.            31.26           0.            62.12
 10899.47862381]",[-0.03129369 -0.00675583 -0.0373632  -0.86983636 -0.16810787],0
21.0,31.26,0.0,68.56,21940.935200000004,"[2.10000000e+01 3.12600000e+01 0.00000000e+00 6.85600000e+01
 2.19409352e+04]",[-0.03129369 -0.00675583 -0.0373632   0.36366711  0.11111734],3
21.0,31.27,0.0,62.12,20014.290833333318,"[   21.            31.27           0.            62.12
 20014.29083333]",[-0.03129369 -0.00591204 -0.0373632  -0.86983636  0.06239481],0
21.0,31.27,0.0,68.56,466.6512500000056,[ 21.       31.27      0.       68.56    466.65125],[-0.03129369 -0.00591204 -0.0373632   0.36366711 -0.43194158],3
21.0,31.28,0.0,62.12,11579.164529999993,[   21.         31.28        0.         62.12    11579.16453],[-0.03129369 -0.00506824 -0.0373632  -0.86983636 -0.15091943],0
21.0,31.28,0.0,68.56,663.5724499999941,[ 21.       31.28      0.       68.56    663.57245],[-0.03129369 -0.00506824 -0.0373632   0.36366711 -0.42696168],3
21.0,31.29,0.0,62.12,19930.38809166666,"[   21.            31.29           0.            62.12
 19930.38809167]",[-0.03129369 -0.00422445 -0.0373632  -0.86983636  0.06027301],0
21.0,31.3,0.0,62.12,12697.778576666664,"[   21.            31.3            0.            62.12
 12697.77857667]",[-0.03129369 -0.00338065 -0.0373632  -0.86983636 -0.12263102],0
21.0,31.3,0.0,63.07,35428.558050000014,"[2.10000000e+01 3.13000000e+01 0.00000000e+00 6.30700000e+01
 3.54285581e+04]",[-0.03129369 -0.00338065 -0.0373632  -0.68787544  0.45220317],0
21.0,31.3,0.0,68.56,1523.7397000000014,[  21.       31.3       0.       68.56   1523.7397],[-0.03129369 -0.00338065 -0.0373632   0.36366711 -0.40520908],3
21.0,31.31,0.0,62.12,21028.47190000002,"[2.10000000e+01 3.13100000e+01 0.00000000e+00 6.21200000e+01
 2.10284719e+04]",[-0.03129369 -0.00253686 -0.0373632  -0.86983636  0.08804224],0
21.0,31.31,0.0,68.56,12955.670450000023,[   21.         31.31        0.         68.56    12955.67045],[-0.03129369 -0.00253686 -0.0373632   0.36366711 -0.11610924],3
21.0,31.31,0.0,70.51,118551.39869999999,"[2.10000000e+01 3.13100000e+01 0.00000000e+00 7.05100000e+01
 1.18551399e+05]","[-3.12936911e-02 -2.53685667e-03 -3.73632006e-02  7.37165831e-01
  2.55428026e+00]",3
21.0,31.32,0.0,62.12,14782.308279999997,[   21.         31.32        0.         62.12    14782.30828],[-0.03129369 -0.00169306 -0.0373632  -0.86983636 -0.06991576],0
21.0,31.32,0.0,68.56,1114.7214333333316,[  21.           31.32          0.           68.56       1114.72143333],[-0.03129369 -0.00169306 -0.0373632   0.36366711 -0.41555266],3
21.0,31.33,0.0,62.12,21311.777119999995,"[2.10000000e+01 3.13300000e+01 0.00000000e+00 6.21200000e+01
 2.13117771e+04]","[-3.12936911e-02 -8.49265597e-04 -3.73632006e-02 -8.69836360e-01
  9.52066883e-02]",0
21.0,31.33,0.0,70.51,240561.28845000008,"[2.10000000e+01 3.13300000e+01 0.00000000e+00 7.05100000e+01
 2.40561288e+05]","[-3.12936911e-02 -8.49265597e-04 -3.73632006e-02  7.37165831e-01
  5.63976424e+00]",3
21.0,31.34,0.0,62.12,16234.117066666664,"[   21.            31.34           0.            62.12
 16234.11706667]","[-3.12936911e-02 -5.47005814e-06 -3.73632006e-02 -8.69836360e-01
 -3.32012532e-02]",0
21.0,31.34,0.0,68.56,1110.6848999999943,[  21.       31.34      0.       68.56   1110.6849],"[-3.12936911e-02 -5.47005814e-06 -3.73632006e-02  3.63667109e-01
 -4.15654740e-01]",3
21.0,31.35,0.0,62.12,15891.227090476183,"[   21.            31.35           0.            62.12
 15891.22709048]","[-3.12936911e-02  8.38325480e-04 -3.73632006e-02 -8.69836360e-01
 -4.18725300e-02]",0
21.0,31.35,0.0,70.51,220222.29780000006,"[2.10000000e+01 3.13500000e+01 0.00000000e+00 7.05100000e+01
 2.20222298e+05]","[-3.12936911e-02  8.38325480e-04 -3.73632006e-02  7.37165831e-01
  5.12541553e+00]",3
21.0,31.36,0.0,62.12,17142.608233333332,"[   21.            31.36           0.            62.12
 17142.60823333]",[-0.03129369  0.00168212 -0.0373632  -0.86983636 -0.0102266 ],0
21.0,31.36,0.0,68.56,2231.3779666666724,[  21.           31.36          0.           68.56       2231.37796667],[-0.03129369  0.00168212 -0.0373632   0.36366711 -0.38731375],3
21.0,31.37,0.0,62.12,18209.279816666687,"[   21.            31.37           0.            62.12
 18209.27981667]",[-0.03129369  0.00252592 -0.0373632  -0.86983636  0.01674825],0
21.0,31.38,0.0,62.12,470.6312000000002,[ 21.      31.38     0.      62.12   470.6312],[-0.03129369  0.00336971 -0.0373632  -0.86983636 -0.43184093],0
21.0,31.38,0.0,68.56,12857.66480000002,[   21.        31.38       0.        68.56   12857.6648],[-0.03129369  0.00336971 -0.0373632   0.36366711 -0.11858769],3
21.0,31.38,0.0,70.51,240325.51204999996,"[2.10000000e+01 3.13800000e+01 0.00000000e+00 7.05100000e+01
 2.40325512e+05]","[-3.12936911e-02  3.36971210e-03 -3.73632006e-02  7.37165831e-01
  5.63380174e+00]",3
21.0,31.39,0.0,62.12,2506.4070916666656,[  21.           31.39          0.           62.12       2506.40709167],[-0.03129369  0.00421351 -0.0373632  -0.86983636 -0.3803586 ],0
21.0,31.39,0.0,70.51,118310.24163333341,"[2.10000000e+01 3.13900000e+01 0.00000000e+00 7.05100000e+01
 1.18310242e+05]",[-0.03129369  0.00421351 -0.0373632   0.73716583  2.54818169],3
21.0,31.4,0.0,62.12,8594.650633333345,[  21.           31.4           0.           62.12       8594.65063333],[-0.03129369  0.0050573  -0.0373632  -0.86983636 -0.22639421],0
21.0,31.4,0.0,68.56,9833.628799999986,[  21.       31.4       0.       68.56   9833.6288],[-0.03129369  0.0050573  -0.0373632   0.36366711 -0.19506194],3
21.0,31.41,0.0,62.12,7166.913279999999,[  21.        31.41       0.        62.12    7166.91328],[-0.03129369  0.0059011  -0.0373632  -0.86983636 -0.26249998],0
21.0,31.42,0.0,62.12,1312.2564499999921,[  21.        31.42       0.        62.12    1312.25645],[-0.03129369  0.00674489 -0.0373632  -0.86983636 -0.41055724],0
21.0,31.42,0.0,63.07,33646.77405000002,"[2.10000000e+01 3.14200000e+01 0.00000000e+00 6.30700000e+01
 3.36467741e+04]",[-0.03129369  0.00674489 -0.0373632  -0.68787544  0.40714399],0
21.0,31.42,0.0,68.56,6120.6047999999855,[  21.       31.42      0.       68.56   6120.6048],[-0.03129369  0.00674489 -0.0373632   0.36366711 -0.28895987],3
21.0,31.42,0.0,70.51,127027.0737333333,"[2.10000000e+01 3.14200000e+01 0.00000000e+00 7.05100000e+01
 1.27027074e+05]",[-0.03129369  0.00674489 -0.0373632   0.73716583  2.76861993],3
21.0,31.43,0.0,62.12,3225.3936999999937,[  21.       31.43      0.       62.12   3225.3937],[-0.03129369  0.00758869 -0.0373632  -0.86983636 -0.36217629],0
21.0,31.44,0.0,62.12,4835.679558333329,[  21.           31.44          0.           62.12       4835.67955833],[-0.03129369  0.00843249 -0.0373632  -0.86983636 -0.32145409],0
21.0,31.45,0.0,62.12,2651.249091666667,[  21.           31.45          0.           62.12       2651.24909167],[-0.03129369  0.00927628 -0.0373632  -0.86983636 -0.37669572],0
21.0,31.45,0.0,68.56,13454.095900000002,[   21.        31.45       0.        68.56   13454.0959],[-0.03129369  0.00927628 -0.0373632   0.36366711 -0.10350466],3
21.0,31.45,0.0,70.51,120791.04005,[2.1000000e+01 3.1450000e+01 0.0000000e+00 7.0510000e+01 1.2079104e+05],[-0.03129369  0.00927628 -0.0373632   0.73716583  2.61091811],3
21.0,31.46,0.0,62.12,359.71703333333426,[ 21.          31.46         0.          62.12       359.71703333],[-0.03129369  0.01012008 -0.0373632  -0.86983636 -0.43464582],0
21.0,31.46,0.0,70.51,239300.53804999992,"[2.10000000e+01 3.14600000e+01 0.00000000e+00 7.05100000e+01
 2.39300538e+05]",[-0.03129369  0.01012008 -0.0373632   0.73716583  5.60788138],3
21.0,31.47,0.0,62.12,7490.971698214287,[  21.           31.47          0.           62.12       7490.97169821],[-0.03129369  0.01096387 -0.0373632  -0.86983636 -0.25430493],0
21.0,31.47,0.0,68.56,10998.776033333339,"[   21.            31.47           0.            68.56
 10998.77603333]",[-0.03129369  0.01096387 -0.0373632   0.36366711 -0.16559676],3
21.0,31.47,0.0,70.51,118128.13003333332,[2.1000000e+01 3.1470000e+01 0.0000000e+00 7.0510000e+01 1.1812813e+05],[-0.03129369  0.01096387 -0.0373632   0.73716583  2.5435763 ],3
21.0,31.48,0.0,62.12,13577.872050000022,[   21.         31.48        0.         62.12    13577.87205],[-0.03129369  0.01180767 -0.0373632  -0.86983636 -0.10037451],0
21.0,31.48,0.0,68.56,1019.261249999999,[  21.        31.48       0.        68.56    1019.26125],[-0.03129369  0.01180767 -0.0373632   0.36366711 -0.41796673],3
21.0,31.49,0.0,62.12,2584.071158333332,[  21.           31.49          0.           62.12       2584.07115833],[-0.03129369  0.01265146 -0.0373632  -0.86983636 -0.37839457],0
21.0,31.5,0.0,62.12,1374.3344699999968,[  21.        31.5        0.        62.12    1374.33447],[-0.03129369  0.01349526 -0.0373632  -0.86983636 -0.40898736],0
21.0,31.5,0.0,63.07,32474.26125000002,"[2.10000000e+01 3.15000000e+01 0.00000000e+00 6.30700000e+01
 3.24742613e+04]",[-0.03129369  0.01349526 -0.0373632  -0.68787544  0.37749254],0
21.0,31.5,0.0,70.51,126631.9892333333,"[2.10000000e+01 3.15000000e+01 0.00000000e+00 7.05100000e+01
 1.26631989e+05]",[-0.03129369  0.01349526 -0.0373632   0.73716583  2.75862872],3
21.0,31.51,0.0,62.12,8627.039558333325,[  21.           31.51          0.           62.12       8627.03955833],[-0.03129369  0.01433905 -0.0373632  -0.86983636 -0.22557513],0
21.0,31.51,0.0,70.51,218903.59444999995,"[2.10000000e+01 3.15100000e+01 0.00000000e+00 7.05100000e+01
 2.18903594e+05]",[-0.03129369  0.01433905 -0.0373632   0.73716583  5.0920671 ],3
21.0,31.52,0.0,62.12,9.717233333333198,[21.         31.52        0.         62.12        9.71723333],[-0.03129369  0.01518285 -0.0373632  -0.86983636 -0.44349689],0
21.0,31.52,0.0,68.56,414304.8391999999,"[2.10000000e+01 3.15200000e+01 0.00000000e+00 6.85600000e+01
 4.14304839e+05]",[-0.03129369  0.01518285 -0.0373632   0.36366711 10.03353056],3
21.0,31.53,0.0,62.12,3830.970536666664,[  21.           31.53          0.           62.12       3830.97053667],[-0.03129369  0.01602665 -0.0373632  -0.86983636 -0.34686197],0
21.0,31.53,0.0,70.51,121076.28405000007,"[2.10000000e+01 3.15300000e+01 0.00000000e+00 7.05100000e+01
 1.21076284e+05]",[-0.03129369  0.01602665 -0.0373632   0.73716583  2.61813159],3
21.0,31.54,0.0,62.12,9977.54918,[  21.        31.54       0.        62.12    9977.54918],[-0.03129369  0.01687044 -0.0373632  -0.86983636 -0.19142236],0
21.0,31.54,0.0,68.56,31470.387199999943,"[2.10000000e+01 3.15400000e+01 0.00000000e+00 6.85600000e+01
 3.14703872e+04]",[-0.03129369  0.01687044 -0.0373632   0.36366711  0.35210577],3
21.0,31.54,0.0,70.51,238188.02000000002,[2.1000000e+01 3.1540000e+01 0.0000000e+00 7.0510000e+01 2.3818802e+05],[-0.03129369  0.01687044 -0.0373632   0.73716583  5.57974713],3
21.0,31.55,0.0,62.12,3421.299200000002,[  21.       31.55      0.       62.12   3421.2992],[-0.03129369  0.01771424 -0.0373632  -0.86983636 -0.35722207],0
21.0,31.55,0.0,70.51,218328.31999999998,[2.1000000e+01 3.1550000e+01 0.0000000e+00 7.0510000e+01 2.1832832e+05],[-0.03129369  0.01771424 -0.0373632   0.73716583  5.0775191 ],3
21.0,31.56,0.0,62.12,1808.9379500000007,[  21.        31.56       0.        62.12    1808.93795],[-0.03129369  0.01855803 -0.0373632  -0.86983636 -0.39799676],0
21.0,31.56,0.0,70.51,121327.37999999996,[2.1000000e+01 3.1560000e+01 0.0000000e+00 7.0510000e+01 1.2132738e+05],[-0.03129369  0.01855803 -0.0373632   0.73716583  2.6244815 ],3
21.0,31.57,0.0,62.12,10095.449091666665,"[   21.            31.57           0.            62.12
 10095.44909167]",[-0.03129369  0.01940183 -0.0373632  -0.86983636 -0.18844081],0
21.0,31.57,0.0,68.56,570942.29405,"[2.10000000e+01 3.15700000e+01 0.00000000e+00 6.85600000e+01
 5.70942294e+05]",[-0.03129369  0.01940183 -0.0373632   0.36366711 13.99470419],3
21.0,31.58,0.0,62.12,3142.3152666666642,[  21.           31.58          0.           62.12       3142.31526667],[-0.03129369  0.02024562 -0.0373632  -0.86983636 -0.36427724],0
21.0,31.58,0.0,70.51,126163.7284333334,"[2.10000000e+01 3.15800000e+01 0.00000000e+00 7.05100000e+01
 1.26163728e+05]",[-0.03129369  0.02024562 -0.0373632   0.73716583  2.74678696],3
21.0,31.59,0.0,62.12,785.0921333333339,[ 21.          31.59         0.          62.12       785.09213333],[-0.03129369  0.02108942 -0.0373632  -0.86983636 -0.42388859],0
21.0,31.59,0.0,68.56,36823.55219999994,"[2.10000000e+01 3.15900000e+01 0.00000000e+00 6.85600000e+01
 3.68235522e+04]",[-0.03129369  0.02108942 -0.0373632   0.36366711  0.4874809 ],3
21.0,31.59,0.0,70.51,218097.10125000004,"[2.10000000e+01 3.15900000e+01 0.00000000e+00 7.05100000e+01
 2.18097101e+05]",[-0.03129369  0.02108942 -0.0373632   0.73716583  5.07167185],3
21.0,31.6,0.0,62.12,2055.0520300000007,[  21.        31.6        0.        62.12    2055.05203],[-0.03129369  0.02193321 -0.0373632  -0.86983636 -0.39177283],0
21.0,31.61,0.0,62.12,8548.773669999999,[  21.        31.61       0.        62.12    8548.77367],[-0.03129369  0.02277701 -0.0373632  -0.86983636 -0.22755438],0
21.0,31.61,0.0,70.51,121519.57004999998,[2.1000000e+01 3.1610000e+01 0.0000000e+00 7.0510000e+01 1.2151957e+05],[-0.03129369  0.02277701 -0.0373632   0.73716583  2.62934176],3
21.0,31.62,0.0,62.12,1304.7046333333371,[  21.           31.62          0.           62.12       1304.70463333],[-0.03129369  0.02362081 -0.0373632  -0.86983636 -0.41074821],0
21.0,31.62,0.0,63.07,30833.89444999998,"[2.10000000e+01 3.16200000e+01 0.00000000e+00 6.30700000e+01
 3.08338944e+04]",[-0.03129369  0.02362081 -0.0373632  -0.68787544  0.33600963],0
21.0,31.62,0.0,68.56,9575.896049999983,[  21.        31.62       0.        68.56    9575.89605],[-0.03129369  0.02362081 -0.0373632   0.36366711 -0.20157969],3
21.0,31.62,0.0,70.51,237346.72020000013,[2.1000000e+01 3.1620000e+01 0.0000000e+00 7.0510000e+01 2.3734672e+05],[-0.03129369  0.02362081 -0.0373632   0.73716583  5.55847166],3
21.0,31.63,0.0,62.12,365.1408333333315,[ 21.          31.63         0.          62.12       365.14083333],[-0.03129369  0.0244646  -0.0373632  -0.86983636 -0.43450866],0
21.0,31.63,0.0,70.51,217846.20244999998,"[2.10000000e+01 3.16300000e+01 0.00000000e+00 7.05100000e+01
 2.17846202e+05]",[-0.03129369  0.0244646  -0.0373632   0.73716583  5.06532692],3
21.0,31.64,0.0,62.12,7546.381369999999,[  21.        31.64       0.        62.12    7546.38137],[-0.03129369  0.0253084  -0.0373632  -0.86983636 -0.25290368],0
21.0,31.64,0.0,70.51,121731.64820000004,"[2.10000000e+01 3.16400000e+01 0.00000000e+00 7.05100000e+01
 1.21731648e+05]",[-0.03129369  0.0253084  -0.0373632   0.73716583  2.63470496],3
21.0,31.65,0.0,62.12,4995.563299999994,[  21.       31.65      0.       62.12   4995.5633],[-0.03129369  0.02615219 -0.0373632  -0.86983636 -0.31741082],0
21.0,31.65,0.0,68.56,698703.8471999998,"[2.10000000e+01 3.16500000e+01 0.00000000e+00 6.85600000e+01
 6.98703847e+05]",[-0.03129369  0.02615219 -0.0373632   0.36366711 17.22564086],3
21.0,31.66,0.0,62.12,2713.860433333341,[  21.           31.66          0.           62.12       2713.86043333],[-0.03129369  0.02699599 -0.0373632  -0.86983636 -0.37511235],0
21.0,31.66,0.0,68.56,12283.71380000002,[   21.        31.66       0.        68.56   12283.7138],[-0.03129369  0.02699599 -0.0373632   0.36366711 -0.13310222],3
21.0,31.66,0.0,70.51,101491.70286666672,"[2.10000000e+01 3.16600000e+01 0.00000000e+00 7.05100000e+01
 1.01491703e+05]",[-0.03129369  0.02699599 -0.0373632   0.73716583  2.12286098],3
21.0,31.67,0.0,62.12,6695.281626666668,[  21.           31.67          0.           62.12       6695.28162667],[-0.03129369  0.02783978 -0.0373632  -0.86983636 -0.27442698],0
21.0,31.68,0.0,62.12,8589.94413,[  21.        31.68       0.        62.12    8589.94413],[-0.03129369  0.02868358 -0.0373632  -0.86983636 -0.22651323],0
21.0,31.69,0.0,62.12,13255.176199999989,[   21.        31.69       0.        62.12   13255.1762],[-0.03129369  0.02952737 -0.0373632  -0.86983636 -0.1085351 ],0
21.0,31.69,0.0,63.07,29753.361800000013,"[2.10000000e+01 3.16900000e+01 0.00000000e+00 6.30700000e+01
 2.97533618e+04]",[-0.03129369  0.02952737 -0.0373632  -0.68787544  0.30868425],0
21.0,31.69,0.0,68.56,9484.776450000003,[  21.        31.69       0.        68.56    9484.77645],[-0.03129369  0.02952737 -0.0373632   0.36366711 -0.20388399],3
21.0,31.69,0.0,70.51,121874.78205000002,"[2.10000000e+01 3.16900000e+01 0.00000000e+00 7.05100000e+01
 1.21874782e+05]",[-0.03129369  0.02952737 -0.0373632   0.73716583  2.63832464],3
21.0,31.7,0.0,62.12,5131.998136666666,[  21.           31.7           0.           62.12       5131.99813667],[-0.03129369  0.03037117 -0.0373632  -0.86983636 -0.31396054],0
21.0,31.7,0.0,70.51,151235.07160000002,"[2.10000000e+01 3.17000000e+01 0.00000000e+00 7.05100000e+01
 1.51235072e+05]",[-0.03129369  0.03037117 -0.0373632   0.73716583  3.3808112 ],3
21.0,31.71,0.0,68.56,6640.128800000014,[  21.       31.71      0.       68.56   6640.1288],[-0.03129369  0.03121496 -0.0373632   0.36366711 -0.27582173],3
21.0,31.71,0.0,70.51,121805.67244999997,"[2.10000000e+01 3.17100000e+01 0.00000000e+00 7.05100000e+01
 1.21805672e+05]",[-0.03129369  0.03121496 -0.0373632   0.73716583  2.63657694],3
21.0,31.72,0.0,62.12,2755.8675799999996,[  21.        31.72       0.        62.12    2755.86758],[-0.03129369  0.03205876 -0.0373632  -0.86983636 -0.37405004],0
21.0,31.73,0.0,62.12,7947.93489,[  21.        31.73       0.        62.12    7947.93489],[-0.03129369  0.03290256 -0.0373632  -0.86983636 -0.24274888],0
21.0,31.73,0.0,68.56,265289.29120000004,"[2.10000000e+01 3.17300000e+01 0.00000000e+00 6.85600000e+01
 2.65289291e+05]",[-0.03129369  0.03290256 -0.0373632   0.36366711  6.26510582],3
21.0,31.74,0.0,62.12,2813.54458666666,[  21.           31.74          0.           62.12       2813.54458667],[-0.03129369  0.03374635 -0.0373632  -0.86983636 -0.37259146],0
21.0,31.74,0.0,70.51,101152.34159999999,"[2.10000000e+01 3.17400000e+01 0.00000000e+00 7.05100000e+01
 1.01152342e+05]",[-0.03129369  0.03374635 -0.0373632   0.73716583  2.11427894],3
21.0,31.75,0.0,62.12,8455.387880952376,[  21.           31.75          0.           62.12       8455.38788095],[-0.03129369  0.03459015 -0.0373632  -0.86983636 -0.229916  ],0
21.0,31.76,0.0,62.12,8168.181223809527,[  21.           31.76          0.           62.12       8168.18122381],[-0.03129369  0.03543394 -0.0373632  -0.86983636 -0.23717911],0
21.0,31.77,0.0,62.12,5477.669895238094,[  21.           31.77          0.           62.12       5477.66989524],[-0.03129369  0.03627774 -0.0373632  -0.86983636 -0.30521892],0
21.0,31.77,0.0,63.07,28711.268450000014,"[2.10000000e+01 3.17700000e+01 0.00000000e+00 6.30700000e+01
 2.87112685e+04]",[-0.03129369  0.03627774 -0.0373632  -0.68787544  0.28233096],0
21.0,31.77,0.0,68.56,348664.54863333324,"[2.10000000e+01 3.17700000e+01 0.00000000e+00 6.85600000e+01
 3.48664549e+05]",[-0.03129369  0.03627774 -0.0373632   0.36366711  8.37356622],3
21.0,31.77,0.0,70.51,117099.99903333336,"[2.10000000e+01 3.17700000e+01 0.00000000e+00 7.05100000e+01
 1.17099999e+05]",[-0.03129369  0.03627774 -0.0373632   0.73716583  2.5175761 ],3
21.0,31.78,0.0,62.12,1704.303899999997,[  21.       31.78      0.       62.12   1704.3039],[-0.03129369  0.03712153 -0.0373632  -0.86983636 -0.40064283],0
21.0,31.78,0.0,68.56,568849.7784500001,"[2.10000000e+01 3.17800000e+01 0.00000000e+00 6.85600000e+01
 5.68849778e+05]",[-0.03129369  0.03712153 -0.0373632   0.36366711 13.94178698],3
21.0,31.78,0.0,70.51,154776.55523333335,"[2.10000000e+01 3.17800000e+01 0.00000000e+00 7.05100000e+01
 1.54776555e+05]",[-0.03129369  0.03712153 -0.0373632   0.73716583  3.47037108],3
21.0,31.79,0.0,62.12,7681.551395238096,[  21.           31.79          0.           62.12       7681.55139524],[-0.03129369  0.03796533 -0.0373632  -0.86983636 -0.2494854 ],0
21.0,31.79,0.0,70.51,122057.52320000008,"[2.10000000e+01 3.17900000e+01 0.00000000e+00 7.05100000e+01
 1.22057523e+05]",[-0.03129369  0.03796533 -0.0373632   0.73716583  2.64294595],3
21.0,31.8,0.0,62.12,0.1624500000000609,[21.      31.8      0.      62.12     0.16245],[-0.03129369  0.03880912 -0.0373632  -0.86983636 -0.44373852],0
21.0,31.8,0.0,68.56,12062.151200000008,[   21.        31.8        0.        68.56   12062.1512],[-0.03129369  0.03880912 -0.0373632   0.36366711 -0.13870527],3
21.0,31.81,0.0,62.12,5897.669949999998,[  21.        31.81       0.        62.12    5897.66995],[-0.03129369  0.03965292 -0.0373632  -0.86983636 -0.29459762],0
21.0,31.81,0.0,70.51,215522.3858,"[2.10000000e+01 3.18100000e+01 0.00000000e+00 7.05100000e+01
 2.15522386e+05]",[-0.03129369  0.03965292 -0.0373632   0.73716583  5.00656038],3
21.0,31.82,0.0,62.12,15208.820529999994,[   21.         31.82        0.         62.12    15208.82053],[-0.03129369  0.04049672 -0.0373632  -0.86983636 -0.05912977],0
21.0,31.82,0.0,70.51,120392.6648666667,"[2.10000000e+01 3.18200000e+01 0.00000000e+00 7.05100000e+01
 1.20392665e+05]",[-0.03129369  0.04049672 -0.0373632   0.73716583  2.60084367],3
21.0,31.83,0.0,62.12,2224.637546666666,[  21.           31.83          0.           62.12       2224.63754667],[-0.03129369  0.04134051 -0.0373632  -0.86983636 -0.38748421],0
21.0,31.83,0.0,68.56,390068.5390333333,"[2.10000000e+01 3.18300000e+01 0.00000000e+00 6.85600000e+01
 3.90068539e+05]",[-0.03129369  0.04134051 -0.0373632   0.36366711  9.42062355],3
21.0,31.84,0.0,62.12,0.19845000000003293,[21.      31.84     0.      62.12     0.19845],[-0.03129369  0.04218431 -0.0373632  -0.86983636 -0.44373761],0
21.0,31.84,0.0,63.07,27701.872200000013,"[2.10000000e+01 3.18400000e+01 0.00000000e+00 6.30700000e+01
 2.77018722e+04]",[-0.03129369  0.04218431 -0.0373632  -0.68787544  0.25680454],0
21.0,31.84,0.0,70.51,122106.93620000003,"[2.10000000e+01 3.18400000e+01 0.00000000e+00 7.05100000e+01
 1.22106936e+05]",[-0.03129369  0.04218431 -0.0373632   0.73716583  2.64419554],3
21.0,31.85,0.0,62.12,8481.397914285717,[  21.           31.85          0.           62.12       8481.39791429],[-0.03129369  0.0430281  -0.0373632  -0.86983636 -0.22925824],0
21.0,31.85,0.0,70.51,148194.14509999994,"[2.10000000e+01 3.18500000e+01 0.00000000e+00 7.05100000e+01
 1.48194145e+05]",[-0.03129369  0.0430281  -0.0373632   0.73716583  3.30390981],3
21.0,31.86,0.0,62.12,3406.425800000002,[  21.       31.86      0.       62.12   3406.4258],[-0.03129369  0.0438719  -0.0373632  -0.86983636 -0.3575982 ],0
21.0,31.87,0.0,62.12,8803.010870000002,[  21.        31.87       0.        62.12    8803.01087],[-0.03129369  0.04471569 -0.0373632  -0.86983636 -0.22112503],0
21.0,31.87,0.0,68.56,11945.942449999973,[   21.         31.87        0.         68.56    11945.94245],[-0.03129369  0.04471569 -0.0373632   0.36366711 -0.14164405],3
21.0,31.87,0.0,70.51,140384.38923333335,"[2.10000000e+01 3.18700000e+01 0.00000000e+00 7.05100000e+01
 1.40384389e+05]",[-0.03129369  0.04471569 -0.0373632   0.73716583  3.10641044],3
21.0,31.88,0.0,62.12,3499.9550333333254,[  21.           31.88          0.           62.12       3499.95503333],[-0.03129369  0.04555949 -0.0373632  -0.86983636 -0.35523296],0
21.0,31.88,0.0,70.51,214407.71279999998,"[2.10000000e+01 3.18800000e+01 0.00000000e+00 7.05100000e+01
 2.14407713e+05]",[-0.03129369  0.04555949 -0.0373632   0.73716583  4.97837164],3
21.0,31.89,0.0,62.12,6207.239099999995,[  21.       31.89      0.       62.12   6207.2391],[-0.03129369  0.04640328 -0.0373632  -0.86983636 -0.28676899],0
21.0,31.89,0.0,68.56,6931.353800000014,[  21.       31.89      0.       68.56   6931.3538],[-0.03129369  0.04640328 -0.0373632   0.36366711 -0.26845699],3
21.0,31.89,0.0,70.51,120301.2037666667,"[2.10000000e+01 3.18900000e+01 0.00000000e+00 7.05100000e+01
 1.20301204e+05]",[-0.03129369  0.04640328 -0.0373632   0.73716583  2.59853073],3
21.0,31.9,0.0,62.12,16731.104680000004,[   21.         31.9         0.         62.12    16731.10468],[-0.03129369  0.04724708 -0.0373632  -0.86983636 -0.02063303],0
21.0,31.91,0.0,62.12,2411.1261700000027,[  21.        31.91       0.        62.12    2411.12617],[-0.03129369  0.04809088 -0.0373632  -0.86983636 -0.38276814],0
21.0,31.91,0.0,63.07,26729.03205000001,"[2.10000000e+01 3.19100000e+01 0.00000000e+00 6.30700000e+01
 2.67290321e+04]",[-0.03129369  0.04809088 -0.0373632  -0.68787544  0.23220258],0
21.0,31.92,0.0,62.12,11291.106433333343,"[   21.            31.92           0.            62.12
 11291.10643333]",[-0.03129369  0.04893467 -0.0373632  -0.86983636 -0.15820407],0
21.0,31.92,0.0,70.51,108368.8430666667,"[2.10000000e+01 3.19200000e+01 0.00000000e+00 7.05100000e+01
 1.08368843e+05]",[-0.03129369  0.04893467 -0.0373632   0.73716583  2.29677562],3
21.0,31.93,0.0,62.12,8029.460879999999,[  21.        31.93       0.        62.12    8029.46088],[-0.03129369  0.04977847 -0.0373632  -0.86983636 -0.24068718],0
21.0,31.93,0.0,70.51,154036.39023333328,[2.1000000e+01 3.1930000e+01 0.0000000e+00 7.0510000e+01 1.5403639e+05],[-0.03129369  0.04977847 -0.0373632   0.73716583  3.4516532 ],3
21.0,31.94,0.0,58.72,0.06844999999998065,[21.      31.94     0.      58.72     0.06845],[-0.03129369  0.05062226 -0.0373632  -1.5210649  -0.4437409 ],0
21.0,31.94,0.0,62.12,3870.9604916666685,[  21.           31.94          0.           62.12       3870.96049167],[-0.03129369  0.05062226 -0.0373632  -0.86983636 -0.34585068],0
21.0,31.94,0.0,70.51,117691.3884,"[2.10000000e+01 3.19400000e+01 0.00000000e+00 7.05100000e+01
 1.17691388e+05]",[-0.03129369  0.05062226 -0.0373632   0.73716583  2.53253163],3
21.0,31.95,0.0,58.72,0.06845000000002271,[21.      31.95     0.      58.72     0.06845],[-0.03129369  0.05146606 -0.0373632  -1.5210649  -0.4437409 ],0
21.0,31.95,0.0,62.12,15244.832500000008,[   21.        31.95       0.        62.12   15244.8325],[-0.03129369  0.05146606 -0.0373632  -0.86983636 -0.05821908],0
21.0,31.95,0.0,70.51,144947.30043333335,[2.100000e+01 3.195000e+01 0.000000e+00 7.051000e+01 1.449473e+05],[-0.03129369  0.05146606 -0.0373632   0.73716583  3.221801  ],3
21.0,31.96,0.0,58.72,0.08820000000003056,[21.     31.96    0.     58.72    0.0882],[-0.03129369  0.05230985 -0.0373632  -1.5210649  -0.4437404 ],0
21.0,31.96,0.0,62.12,6174.880506666663,[  21.           31.96          0.           62.12       6174.88050667],[-0.03129369  0.05230985 -0.0373632  -0.86983636 -0.2875873 ],0
21.0,31.96,0.0,70.51,147561.351625,"[2.10000000e+01 3.19600000e+01 0.00000000e+00 7.05100000e+01
 1.47561352e+05]",[-0.03129369  0.05230985 -0.0373632   0.73716583  3.28790722],3
21.0,31.97,0.0,58.72,0.1680999999999739,[21.     31.97    0.     58.72    0.1681],[-0.03129369  0.05315365 -0.0373632  -1.5210649  -0.44373838],0
21.0,31.97,0.0,62.12,9403.541080000014,[  21.        31.97       0.        62.12    9403.54108],[-0.03129369  0.05315365 -0.0373632  -0.86983636 -0.20593834],0
21.0,31.97,0.0,63.07,25787.205000000016,[2.1000000e+01 3.1970000e+01 0.0000000e+00 6.3070000e+01 2.5787205e+04],[-0.03129369  0.05315365 -0.0373632  -0.68787544  0.2083849 ],0
21.0,31.97,0.0,70.51,104427.54952380942,[2.1000000e+01 3.1970000e+01 0.0000000e+00 7.0510000e+01 1.0442755e+05],[-0.03129369  0.05315365 -0.0373632   0.73716583  2.19710503],3
21.0,31.98,0.0,62.12,10002.927225000001,[   21.          31.98         0.          62.12     10002.927225],[-0.03129369  0.05399744 -0.0373632  -0.86983636 -0.19078058],0
21.0,31.98,0.0,70.51,220839.93404999998,"[2.10000000e+01 3.19800000e+01 0.00000000e+00 7.05100000e+01
 2.20839934e+05]",[-0.03129369  0.05399744 -0.0373632   0.73716583  5.14103481],3
21.0,31.99,0.0,62.12,11289.924100000007,[   21.        31.99       0.        62.12   11289.9241],[-0.03129369  0.05484124 -0.0373632  -0.86983636 -0.15823397],0
21.0,31.99,0.0,70.51,81815.86132000005,"[2.10000000e+01 3.19900000e+01 0.00000000e+00 7.05100000e+01
 8.18158613e+04]",[-0.03129369  0.05484124 -0.0373632   0.73716583  1.62528251],3
21.0,32.0,0.0,62.12,2439.6764916666657,[  21.           32.            0.           62.12       2439.67649167],[-0.03129369  0.05568504 -0.0373632  -0.86983636 -0.38204613],0
21.0,32.0,0.0,70.51,133218.61582999994,"[2.10000000e+01 3.20000000e+01 0.00000000e+00 7.05100000e+01
 1.33218616e+05]",[-0.03129369  0.05568504 -0.0373632   0.73716583  2.92519661],3
21.0,32.01,0.0,62.12,8958.5844,[  21.       32.01      0.       62.12   8958.5844],[-0.03129369  0.05652883 -0.0373632  -0.86983636 -0.21719076],0
21.0,32.01,0.0,68.56,37040.97619999998,"[2.10000000e+01 3.20100000e+01 0.00000000e+00 6.85600000e+01
 3.70409762e+04]",[-0.03129369  0.05652883 -0.0373632   0.36366711  0.49297929],3
21.0,32.01,0.0,70.51,109136.24142500006,"[2.10000000e+01 3.20100000e+01 0.00000000e+00 7.05100000e+01
 1.09136241e+05]",[-0.03129369  0.05652883 -0.0373632   0.73716583  2.31618221],3
21.0,32.02,0.0,62.12,4329.501070000004,[  21.        32.02       0.        62.12    4329.50107],[-0.03129369  0.05737263 -0.0373632  -0.86983636 -0.33425473],0
21.0,32.02,0.0,70.51,212252.18579999998,"[2.10000000e+01 3.20200000e+01 0.00000000e+00 7.05100000e+01
 2.12252186e+05]",[-0.03129369  0.05737263 -0.0373632   0.73716583  4.92386094],3
21.0,32.03,0.0,62.12,10917.3778,[   21.        32.03       0.        62.12   10917.3778],[-0.03129369  0.05821642 -0.0373632  -0.86983636 -0.16765522],0
21.0,32.03,0.0,70.51,146653.5912333333,"[2.10000000e+01 3.20300000e+01 0.00000000e+00 7.05100000e+01
 1.46653591e+05]",[-0.03129369  0.05821642 -0.0373632   0.73716583  3.26495105],3
21.0,32.04,0.0,62.12,2800.7808299999997,[  21.        32.04       0.        62.12    2800.78083],[-0.03129369  0.05906022 -0.0373632  -0.86983636 -0.37291424],0
21.0,32.04,0.0,63.07,16440.80253333333,"[   21.            32.04           0.            63.07
 16440.80253333]",[-0.03129369  0.05906022 -0.0373632  -0.68787544 -0.02797443],0
21.0,32.04,0.0,70.51,107898.53885666665,"[2.10000000e+01 3.20400000e+01 0.00000000e+00 7.05100000e+01
 1.07898539e+05]",[-0.03129369  0.05906022 -0.0373632   0.73716583  2.28488219],3
21.0,32.05,0.0,62.12,12078.37566666666,"[   21.            32.05           0.            62.12
 12078.37566667]",[-0.03129369  0.05990401 -0.0373632  -0.86983636 -0.13829498],0
21.0,32.05,0.0,70.51,162445.86889166656,"[2.10000000e+01 3.20500000e+01 0.00000000e+00 7.05100000e+01
 1.62445869e+05]",[-0.03129369  0.05990401 -0.0373632   0.73716583  3.66431884],3
21.0,32.06,0.0,62.12,9068.573369999995,[  21.        32.06       0.        62.12    9068.57337],[-0.03129369  0.06074781 -0.0373632  -0.86983636 -0.21440927],0
21.0,32.06,0.0,70.51,6744.673266666662,[  21.           32.06          0.           70.51       6744.67326667],[-0.03129369  0.06074781 -0.0373632   0.73716583 -0.27317792],3
21.0,32.07,0.0,62.12,3951.176830000003,[  21.        32.07       0.        62.12    3951.17683],[-0.03129369  0.0615916  -0.0373632  -0.86983636 -0.3438221 ],0
21.0,32.07,0.0,63.07,1.2640499999999601,[21.      32.07     0.      63.07     1.26405],[-0.03129369  0.0615916  -0.0373632  -0.68787544 -0.44371066],0
21.0,32.07,0.0,70.51,13.416200000000035,[21.     32.07    0.     70.51   13.4162],[-0.03129369  0.0615916  -0.0373632   0.73716583 -0.44340335],3
21.0,32.08,0.0,62.12,12680.988291666663,"[   21.            32.08           0.            62.12
 12680.98829167]",[-0.03129369  0.0624354  -0.0373632  -0.86983636 -0.12305562],0
21.0,32.09,0.0,62.12,2235.1886250000007,[  21.         32.09        0.         62.12     2235.188625],[-0.03129369  0.0632792  -0.0373632  -0.86983636 -0.38721739],0
21.0,32.09,0.0,70.51,8635.878633333325,[  21.           32.09          0.           70.51       8635.87863333],[-0.03129369  0.0632792  -0.0373632   0.73716583 -0.2253516 ],3
21.0,32.1,0.0,62.12,8239.649569999992,[  21.        32.1        0.        62.12    8239.64957],[-0.03129369  0.06412299 -0.0373632  -0.86983636 -0.23537176],0
21.0,32.1,0.0,63.07,1.3122000000000995,[21.     32.1     0.     63.07    1.3122],[-0.03129369  0.06412299 -0.0373632  -0.68787544 -0.44370945],0
21.0,32.1,0.0,70.51,1587.1961333333338,[  21.           32.1           0.           70.51       1587.19613333],[-0.03129369  0.06412299 -0.0373632   0.73716583 -0.40360434],3
21.0,32.11,0.0,62.12,1584.327220000002,[  21.        32.11       0.        62.12    1584.32722],[-0.03129369  0.06496679 -0.0373632  -0.86983636 -0.40367689],0
21.0,32.11,0.0,70.51,7263.460625,[  21.         32.11        0.         70.51     7263.460625],[-0.03129369  0.06496679 -0.0373632   0.73716583 -0.26005841],3
21.0,32.12,0.0,62.12,15357.219233333333,"[   21.            32.12           0.            62.12
 15357.21923333]",[-0.03129369  0.06581058 -0.0373632  -0.86983636 -0.05537695],0
21.0,32.12,0.0,68.56,32484.456049999968,[2.1000000e+01 3.2120000e+01 0.0000000e+00 6.8560000e+01 3.2484456e+04],[-0.03129369  0.06581058 -0.0373632   0.36366711  0.37775036],3
21.0,32.12,0.0,70.51,51.511250000000345,[21.      32.12     0.      70.51    51.51125],[-0.03129369  0.06581058 -0.0373632   0.73716583 -0.44243997],3
21.0,32.13,0.0,62.12,15933.394433333335,"[   21.            32.13           0.            62.12
 15933.39443333]",[-0.03129369  0.06665438 -0.0373632  -0.86983636 -0.04080617],0
21.0,32.13,0.0,63.07,23170.58645000001,"[2.10000000e+01 3.21300000e+01 0.00000000e+00 6.30700000e+01
 2.31705865e+04]",[-0.03129369  0.06665438 -0.0373632  -0.68787544  0.14221375],0
21.0,32.14,0.0,62.12,1044.6818800000003,[  21.        32.14       0.        62.12    1044.68188],[-0.03129369  0.06749817 -0.0373632  -0.86983636 -0.41732388],0
21.0,32.14,0.0,70.51,1260.6312666666656,[  21.           32.14          0.           70.51       1260.63126667],[-0.03129369  0.06749817 -0.0373632   0.73716583 -0.41186278],3
21.0,32.15,0.0,62.12,28143.78125,"[2.10000000e+01 3.21500000e+01 0.00000000e+00 6.21200000e+01
 2.81437812e+04]",[-0.03129369  0.06834197 -0.0373632  -0.86983636  0.26797989],0
21.0,32.15,0.0,70.51,159.48979999999924,[ 21.      32.15     0.      70.51   159.4898],[-0.03129369  0.06834197 -0.0373632   0.73716583 -0.43970932],3
21.0,32.16,0.0,62.12,7400.577800000003,[  21.       32.16      0.       62.12   7400.5778],[-0.03129369  0.06918576 -0.0373632  -0.86983636 -0.25659088],0
21.0,32.16,0.0,70.51,8386.666033333335,[  21.           32.16          0.           70.51       8386.66603333],[-0.03129369  0.06918576 -0.0373632   0.73716583 -0.23165389],3
21.0,32.17,0.0,62.12,10293.93487999999,[   21.         32.17        0.         62.12    10293.93488],[-0.03129369  0.07002956 -0.0373632  -0.86983636 -0.18342135],0
21.0,32.18,0.0,62.12,11937.678425000007,[   21.          32.18         0.          62.12     11937.678425],[-0.03129369  0.07087336 -0.0373632  -0.86983636 -0.14185304],0
21.0,32.18,0.0,70.51,8641.481733333347,[  21.           32.18          0.           70.51       8641.48173333],[-0.03129369  0.07087336 -0.0373632   0.73716583 -0.22520991],3
21.0,32.19,0.0,62.12,11987.858966666674,"[   21.            32.19           0.            62.12
 11987.85896667]",[-0.03129369  0.07171715 -0.0373632  -0.86983636 -0.14058404],0
21.0,32.19,0.0,70.51,1294.3703333333326,[  21.           32.19          0.           70.51       1294.37033333],[-0.03129369  0.07171715 -0.0373632   0.73716583 -0.41100956],3
21.0,32.2,0.0,62.12,5765.4288,[  21.       32.2       0.       62.12   5765.4288],[-0.03129369  0.07256095 -0.0373632  -0.86983636 -0.29794184],0
21.0,32.2,0.0,70.51,8888.528533333336,[  21.           32.2           0.           70.51       8888.52853333],[-0.03129369  0.07256095 -0.0373632   0.73716583 -0.21896239],3
21.0,32.21,0.0,62.12,8815.756619999998,[  21.        32.21       0.        62.12    8815.75662],[-0.03129369  0.07340474 -0.0373632  -0.86983636 -0.2208027 ],0
21.0,32.22,0.0,58.72,1.2324499999999001,[21.      32.22     0.      58.72     1.23245],[-0.03129369  0.07424854 -0.0373632  -1.5210649  -0.44371146],0
21.0,32.22,0.0,62.12,9323.800279999992,[  21.        32.22       0.        62.12    9323.80028],[-0.03129369  0.07424854 -0.0373632  -0.86983636 -0.20795489],0
21.0,32.22,0.0,63.07,21907.431199999988,"[2.10000000e+01 3.22200000e+01 0.00000000e+00 6.30700000e+01
 2.19074312e+04]",[-0.03129369  0.07424854 -0.0373632  -0.68787544  0.11027007],0
21.0,32.22,0.0,70.51,6909.770891666655,[  21.           32.22          0.           70.51       6909.77089167],[-0.03129369  0.07424854 -0.0373632   0.73716583 -0.2690028 ],3
21.0,32.23,0.0,62.12,6119.813166666662,[  21.           32.23          0.           62.12       6119.81316667],[-0.03129369  0.07509233 -0.0373632  -0.86983636 -0.28897989],0
21.0,32.23,0.0,70.51,2543.984450000007,[  21.        32.23       0.        70.51    2543.98445],[-0.03129369  0.07509233 -0.0373632   0.73716583 -0.37940831],3
21.0,32.24,0.0,62.12,1643.9102333333337,[  21.           32.24          0.           62.12       1643.91023333],[-0.03129369  0.07593613 -0.0373632  -0.86983636 -0.40217011],0
21.0,32.24,0.0,70.51,12.11043333333346,[21.         32.24        0.         70.51       12.11043333],[-0.03129369  0.07593613 -0.0373632   0.73716583 -0.44343637],3
21.0,32.25,0.0,62.12,10910.037699999993,[   21.        32.25       0.        62.12   10910.0377],[-0.03129369  0.07677992 -0.0373632  -0.86983636 -0.16784084],0
21.0,32.26,0.0,58.72,45123.084050000005,"[2.10000000e+01 3.22600000e+01 0.00000000e+00 5.87200000e+01
 4.51230841e+04]",[-0.03129369  0.07762372 -0.0373632  -1.5210649   0.69736612],0
21.0,32.26,0.0,62.12,13274.979366666666,"[   21.            32.26           0.            62.12
 13274.97936667]",[-0.03129369  0.07762372 -0.0373632  -0.86983636 -0.1080343 ],0
21.0,32.26,0.0,70.51,197.73773333333259,[ 21.          32.26         0.          70.51       197.73773333],[-0.03129369  0.07762372 -0.0373632   0.73716583 -0.43874208],3
21.0,32.27,0.0,62.12,2487.9457999999972,[  21.       32.27      0.       62.12   2487.9458],[-0.03129369  0.07846752 -0.0373632  -0.86983636 -0.38082546],0
21.0,32.27,0.0,70.51,7269.276079999994,[  21.        32.27       0.        70.51    7269.27608],[-0.03129369  0.07846752 -0.0373632   0.73716583 -0.25991134],3
21.0,32.28,0.0,62.12,10699.841666666669,"[   21.            32.28           0.            62.12
 10699.84166667]",[-0.03129369  0.07931131 -0.0373632  -0.86983636 -0.17315645],0
21.0,32.29,0.0,62.12,5835.798024999994,[  21.         32.29        0.         62.12     5835.798025],[-0.03129369  0.08015511 -0.0373632  -0.86983636 -0.29616229],0
21.0,32.29,0.0,70.51,11340.179999999995,[   21.      32.29     0.      70.51 11340.18],[-0.03129369  0.08015511 -0.0373632   0.73716583 -0.15696306],3
21.0,32.3,0.0,62.12,9982.2593,[  21.       32.3       0.       62.12   9982.2593],[-0.03129369  0.0809989  -0.0373632  -0.86983636 -0.19130325],0
21.0,32.3,0.0,63.07,20726.480000000018,[   21.      32.3      0.      63.07 20726.48],[-0.03129369  0.0809989  -0.0373632  -0.68787544  0.08040523],0
21.0,32.3,0.0,70.51,3.0258000000000895,[21.     32.3     0.     70.51    3.0258],[-0.03129369  0.0809989  -0.0373632   0.73716583 -0.44366611],3
21.0,32.31,0.0,62.12,7342.348626666664,[  21.           32.31          0.           62.12       7342.34862667],[-0.03129369  0.0818427  -0.0373632  -0.86983636 -0.25806343],0
21.0,32.31,0.0,70.51,8565.329233333328,[  21.           32.31          0.           70.51       8565.32923333],[-0.03129369  0.0818427  -0.0373632   0.73716583 -0.22713571],3
21.0,32.32,0.0,62.12,12804.445758333333,"[   21.            32.32           0.            62.12
 12804.44575833]",[-0.03129369  0.08268649 -0.0373632  -0.86983636 -0.11993353],0
21.0,32.32,0.0,70.51,3272.4050000000007,[  21.      32.32     0.      70.51  3272.405],[-0.03129369  0.08268649 -0.0373632   0.73716583 -0.36098743],3
21.0,32.33,0.0,62.12,11387.74653333333,"[   21.            32.33           0.            62.12
 11387.74653333]",[-0.03129369  0.08353029 -0.0373632  -0.86983636 -0.15576016],0
21.0,32.33,0.0,70.51,2.8560500000001032,[21.      32.33     0.      70.51     2.85605],[-0.03129369  0.08353029 -0.0373632   0.73716583 -0.4436704 ],3
21.0,32.34,0.0,58.72,0.6962000000000751,[21.     32.34    0.     58.72    0.6962],[-0.03129369  0.08437408 -0.0373632  -1.5210649  -0.44372502],0
21.0,32.34,0.0,62.12,11484.066150000002,[   21.         32.34        0.         62.12    11484.06615],[-0.03129369  0.08437408 -0.0373632  -0.86983636 -0.15332435],0
21.0,32.34,0.0,70.51,8425.393599999998,[  21.       32.34      0.       70.51   8425.3936],[-0.03129369  0.08437408 -0.0373632   0.73716583 -0.23067452],3
21.0,32.35,0.0,62.12,184.26123333333365,[ 21.          32.35         0.          62.12       184.26123333],[-0.03129369  0.08521788 -0.0373632  -0.86983636 -0.43908289],0
21.0,32.36,0.0,62.12,2717.319200000002,[  21.       32.36      0.       62.12   2717.3192],[-0.03129369  0.08606167 -0.0373632  -0.86983636 -0.37502488],0
21.0,32.36,0.0,70.51,9316.189066666657,[  21.           32.36          0.           70.51       9316.18906667],[-0.03129369  0.08606167 -0.0373632   0.73716583 -0.20814737],3
21.0,32.37,0.0,62.12,10551.366696666659,"[   21.            32.37           0.            62.12
 10551.36669667]",[-0.03129369  0.08690547 -0.0373632  -0.86983636 -0.1769112 ],0
21.0,32.37,0.0,70.51,9.72405000000011,[21.      32.37     0.      70.51     9.72405],[-0.03129369  0.08690547 -0.0373632   0.73716583 -0.44349672],3
21.0,32.38,0.0,62.12,11236.898919999998,[   21.         32.38        0.         62.12    11236.89892],[-0.03129369  0.08774927 -0.0373632  -0.86983636 -0.15957492],0
21.0,32.38,0.0,70.51,10923.898049999993,[   21.         32.38        0.         70.51    10923.89805],[-0.03129369  0.08774927 -0.0373632   0.73716583 -0.16749033],3
21.0,32.39,0.0,62.12,15717.800033333335,"[   21.            32.39           0.            62.12
 15717.80003333]",[-0.03129369  0.08859306 -0.0373632  -0.86983636 -0.04625829],0
21.0,32.39,0.0,70.51,2.599199999999938,[21.     32.39    0.     70.51    2.5992],[-0.03129369  0.08859306 -0.0373632   0.73716583 -0.4436769 ],3
21.0,32.4,0.0,62.12,9300.883291666669,[  21.           32.4           0.           62.12       9300.88329167],[-0.03129369  0.08943686 -0.0373632  -0.86983636 -0.20853443],0
21.0,32.4,0.0,70.51,13587.223600000012,[   21.        32.4        0.        70.51   13587.2236],[-0.03129369  0.08943686 -0.0373632   0.73716583 -0.10013802],3
21.0,32.41,0.0,58.72,45117.07605000001,"[2.10000000e+01 3.24100000e+01 0.00000000e+00 5.87200000e+01
 4.51170761e+04]",[-0.03129369  0.09028065 -0.0373632  -1.5210649   0.69721419],0
21.0,32.41,0.0,62.12,11489.008533333328,"[   21.            32.41           0.            62.12
 11489.00853333]",[-0.03129369  0.09028065 -0.0373632  -0.86983636 -0.15319937],0
21.0,32.41,0.0,68.56,32978.25620000004,"[2.10000000e+01 3.24100000e+01 0.00000000e+00 6.85600000e+01
 3.29782562e+04]",[-0.03129369  0.09028065 -0.0373632   0.36366711  0.39023797],3
21.0,32.42,0.0,62.12,11413.778633333317,"[   21.            32.42           0.            62.12
 11413.77863333]",[-0.03129369  0.09112445 -0.0373632  -0.86983636 -0.15510184],0
21.0,32.42,0.0,70.51,7617.0341333333345,[  21.           32.42          0.           70.51       7617.03413333],[-0.03129369  0.09112445 -0.0373632   0.73716583 -0.25111696],3
21.0,32.43,0.0,62.12,12775.746069999997,[   21.         32.43        0.         62.12    12775.74607],[-0.03129369  0.09196824 -0.0373632  -0.86983636 -0.12065931],0
21.0,32.43,0.0,70.51,0.4512500000000432,[21.      32.43     0.      70.51     0.45125],[-0.03129369  0.09196824 -0.0373632   0.73716583 -0.44373122],3
21.0,32.44,0.0,62.12,9139.519999999999,[  21.     32.44    0.     62.12 9139.52],[-0.03129369  0.09281204 -0.0373632  -0.86983636 -0.21261512],0
21.0,32.44,0.0,70.51,2339.9640499999996,[  21.        32.44       0.        70.51    2339.96405],[-0.03129369  0.09281204 -0.0373632   0.73716583 -0.38456774],3
21.0,32.45,0.0,62.12,14641.287624999997,[   21.          32.45         0.          62.12     14641.287625],[-0.03129369  0.09365583 -0.0373632  -0.86983636 -0.073482  ],0
21.0,32.45,0.0,70.51,7481.261633333334,[  21.           32.45          0.           70.51       7481.26163333],[-0.03129369  0.09365583 -0.0373632   0.73716583 -0.25455048],3
21.0,32.46,0.0,62.12,4901.914066666666,[  21.           32.46          0.           62.12       4901.91406667],[-0.03129369  0.09449963 -0.0373632  -0.86983636 -0.3197791 ],0
21.0,32.46,0.0,70.51,0.2520500000000258,[21.      32.46     0.      70.51     0.25205],[-0.03129369  0.09449963 -0.0373632   0.73716583 -0.44373626],3
21.0,32.47,0.0,62.12,17560.24480000001,[   21.        32.47       0.        62.12   17560.2448],"[-3.12936911e-02  9.53434258e-02 -3.73632006e-02 -8.69836360e-01
  3.34928921e-04]",0
21.0,32.47,0.0,70.51,12426.761250000014,[   21.         32.47        0.         70.51    12426.76125],[-0.03129369  0.09534343 -0.0373632   0.73716583 -0.12948472],3
21.0,32.48,0.0,62.12,9734.32005,[  21.        32.48       0.        62.12    9734.32005],[-0.03129369  0.09618722 -0.0373632  -0.86983636 -0.19757334],0
21.0,32.48,0.0,70.51,1997.0162333333358,[  21.           32.48          0.           70.51       1997.01623333],[-0.03129369  0.09618722 -0.0373632   0.73716583 -0.39324048],3
21.0,32.49,0.0,62.12,12359.064200000004,[   21.        32.49       0.        62.12   12359.0642],[-0.03129369  0.09703102 -0.0373632  -0.86983636 -0.1311967 ],0
21.0,32.49,0.0,70.51,7603.895099999996,[  21.       32.49      0.       70.51   7603.8951],[-0.03129369  0.09703102 -0.0373632   0.73716583 -0.25144923],3
21.0,32.5,0.0,62.12,15609.181900000005,[   21.        32.5        0.        62.12   15609.1819],[-0.03129369  0.09787481 -0.0373632  -0.86983636 -0.04900512],0
21.0,32.51,0.0,58.72,45378.7938,"[2.10000000e+01 3.25100000e+01 0.00000000e+00 5.87200000e+01
 4.53787938e+04]",[-0.03129369  0.09871861 -0.0373632  -1.5210649   0.70383272],0
21.0,32.51,0.0,62.12,10730.998000000005,[   21.       32.51      0.       62.12  10730.998],[-0.03129369  0.09871861 -0.0373632  -0.86983636 -0.17236854],0
21.0,32.51,0.0,70.51,11371.82805,[   21.         32.51        0.         70.51    11371.82805],[-0.03129369  0.09871861 -0.0373632   0.73716583 -0.15616272],3
21.0,32.52,0.0,62.12,17565.704233333323,"[   21.            32.52           0.            62.12
 17565.70423333]","[-3.12936911e-02  9.95624035e-02 -3.73632006e-02 -8.69836360e-01
  4.72991451e-04]",0
21.0,32.53,0.0,62.12,10173.150369999994,[   21.         32.53        0.         62.12    10173.15037],[-0.03129369  0.1004062  -0.0373632  -0.86983636 -0.18647584],0
21.0,32.53,0.0,70.51,9018.231558333335,[  21.           32.53          0.           70.51       9018.23155833],[-0.03129369  0.1004062  -0.0373632   0.73716583 -0.21568236],3
21.0,32.54,0.0,62.12,144.5,[ 21.    32.54   0.    62.12 144.5 ],[-0.03129369  0.10124999 -0.0373632  -0.86983636 -0.4400884 ],0
21.0,32.55,0.0,62.12,1666.0011000000043,[  21.       32.55      0.       62.12   1666.0011],[-0.03129369  0.10209379 -0.0373632  -0.86983636 -0.40161146],0
21.0,32.55,0.0,70.51,7455.671633333333,[  21.           32.55          0.           70.51       7455.67163333],[-0.03129369  0.10209379 -0.0373632   0.73716583 -0.25519762],3
21.0,32.56,0.0,62.12,12460.465466666677,"[   21.            32.56           0.            62.12
 12460.46546667]",[-0.03129369  0.10293759 -0.0373632  -0.86983636 -0.12863238],0
21.0,32.57,0.0,70.51,13215.758799999996,[   21.        32.57       0.        70.51   13215.7588],[-0.03129369  0.10378138 -0.0373632   0.73716583 -0.10953192],3
21.0,32.58,0.0,62.12,13893.142891666668,"[   21.            32.58           0.            62.12
 13893.14289167]",[-0.03129369  0.10462518 -0.0373632  -0.86983636 -0.09240169],0
21.0,32.59,0.0,62.12,12160.846549999987,[   21.         32.59        0.         62.12    12160.84655],[-0.03129369  0.10546897 -0.0373632  -0.86983636 -0.13620939],0
21.0,32.6,0.0,58.72,45641.26845000003,"[2.10000000e+01 3.26000000e+01 0.00000000e+00 5.87200000e+01
 4.56412685e+04]",[-0.03129369  0.10631277 -0.0373632  -1.5210649   0.71047039],0
21.0,32.6,0.0,62.12,18147.030049999998,[   21.         32.6         0.         62.12    18147.03005],[-0.03129369  0.10631277 -0.0373632  -0.86983636  0.01517403],0
21.0,32.61,0.0,62.12,10349.227379999997,[   21.         32.61        0.         62.12    10349.22738],[-0.03129369  0.10715656 -0.0373632  -0.86983636 -0.18202307],0
21.0,32.61,0.0,70.51,24962.716799999973,"[2.10000000e+01 3.26100000e+01 0.00000000e+00 7.05100000e+01
 2.49627168e+04]",[-0.03129369  0.10715656 -0.0373632   0.73716583  0.18753458],3
21.0,32.62,0.0,62.12,15658.221633333342,"[   21.            32.62           0.            62.12
 15658.22163333]",[-0.03129369  0.10800036 -0.0373632  -0.86983636 -0.04776496],0
21.0,32.64,0.0,62.12,12399.718069999995,[   21.         32.64        0.         62.12    12399.71807],[-0.03129369  0.10968795 -0.0373632  -0.86983636 -0.13016861],0
21.0,32.65,0.0,62.12,3732.4800000000077,[  21.     32.65    0.     62.12 3732.48],[-0.03129369  0.11053175 -0.0373632  -0.86983636 -0.34935268],0
21.0,32.65,0.0,70.51,24737.552449999977,"[2.10000000e+01 3.26500000e+01 0.00000000e+00 7.05100000e+01
 2.47375524e+04]",[-0.03129369  0.11053175 -0.0373632   0.73716583  0.18184044],3
21.0,32.66,0.0,62.12,18219.80166666667,"[   21.            32.66           0.            62.12
 18219.80166667]",[-0.03129369  0.11137554 -0.0373632  -0.86983636  0.01701433],0
21.0,32.67,0.0,62.12,9785.854595238094,[  21.           32.67          0.           62.12       9785.85459524],[-0.03129369  0.11221934 -0.0373632  -0.86983636 -0.19627009],0
21.0,32.68,0.0,62.12,18291.60136666667,"[   21.            32.68           0.            62.12
 18291.60136667]",[-0.03129369  0.11306313 -0.0373632  -0.86983636  0.01883006],0
21.0,32.69,0.0,62.12,10004.879200000003,[   21.        32.69       0.        62.12   10004.8792],[-0.03129369  0.11390693 -0.0373632  -0.86983636 -0.19073122],0
21.0,32.69,0.0,70.51,24517.836799999975,"[2.10000000e+01 3.26900000e+01 0.00000000e+00 7.05100000e+01
 2.45178368e+04]",[-0.03129369  0.11390693 -0.0373632   0.73716583  0.1762841 ],3
21.0,32.7,0.0,62.12,27727.770049999963,[2.100000e+01 3.270000e+01 0.000000e+00 6.212000e+01 2.772777e+04],[-0.03129369  0.11475072 -0.0373632  -0.86983636  0.25745947],0
21.0,32.71,0.0,62.12,738.7848999999993,[ 21.      32.71     0.      62.12   738.7849],[-0.03129369  0.11559452 -0.0373632  -0.86983636 -0.42505965],0
21.0,32.72,0.0,62.12,4577.043633333337,[  21.           32.72          0.           62.12       4577.04363333],[-0.03129369  0.11643831 -0.0373632  -0.86983636 -0.32799468],0
21.0,32.73,0.0,62.12,11285.178158333334,"[   21.            32.73           0.            62.12
 11285.17815833]",[-0.03129369  0.11728211 -0.0373632  -0.86983636 -0.15835399],0
21.0,32.73,0.0,70.51,24294.692450000013,"[2.10000000e+01 3.27300000e+01 0.00000000e+00 7.05100000e+01
 2.42946925e+04]",[-0.03129369  0.11728211 -0.0373632   0.73716583  0.17064104],3
21.0,32.74,0.0,62.12,13522.052880000003,[   21.         32.74        0.         62.12    13522.05288],[-0.03129369  0.11812591 -0.0373632  -0.86983636 -0.10178611],0
21.0,32.75,0.0,58.72,45762.20044999999,"[2.10000000e+01 3.27500000e+01 0.00000000e+00 5.87200000e+01
 4.57622004e+04]",[-0.03129369  0.1189697  -0.0373632  -1.5210649   0.71352861],0
21.0,32.75,0.0,62.12,13585.761100000023,[   21.        32.75       0.        62.12   13585.7611],[-0.03129369  0.1189697  -0.0373632  -0.86983636 -0.100175  ],0
21.0,32.75,0.0,70.51,45598.98004999998,[2.100000e+01 3.275000e+01 0.000000e+00 7.051000e+01 4.559898e+04],[-0.03129369  0.1189697  -0.0373632   0.73716583  0.70940096],3
21.0,32.76,0.0,62.12,14039.188033333334,"[   21.            32.76           0.            62.12
 14039.18803333]",[-0.03129369  0.1198135  -0.0373632  -0.86983636 -0.08870838],0
21.0,32.77,0.0,62.12,11085.427799999992,[   21.        32.77       0.        62.12   11085.4278],[-0.03129369  0.12065729 -0.0373632  -0.86983636 -0.16340544],0
21.0,32.77,0.0,70.51,24070.37404999998,[2.1000000e+01 3.2770000e+01 0.0000000e+00 7.0510000e+01 2.4070374e+04],[-0.03129369  0.12065729 -0.0373632   0.73716583  0.1649683 ],3
21.0,32.78,0.0,62.12,15470.203233333346,"[   21.            32.78           0.            62.12
 15470.20323333]",[-0.03129369  0.12150109 -0.0373632  -0.86983636 -0.05251972],0
21.0,32.79,0.0,62.12,9132.491758333343,[  21.           32.79          0.           62.12       9132.49175833],[-0.03129369  0.12234488 -0.0373632  -0.86983636 -0.21279285],0
21.0,32.79,0.0,70.51,45078.03380000002,"[2.10000000e+01 3.27900000e+01 0.00000000e+00 7.05100000e+01
 4.50780338e+04]",[-0.03129369  0.12234488 -0.0373632   0.73716583  0.69622686],3
21.0,32.8,0.0,62.12,26177.00805,"[2.10000000e+01 3.28000000e+01 0.00000000e+00 6.21200000e+01
 2.61770081e+04]",[-0.03129369  0.12318868 -0.0373632  -0.86983636  0.21824255],0
21.0,32.81,0.0,62.12,10984.082696666661,"[   21.            32.81           0.            62.12
 10984.08269667]",[-0.03129369  0.12403247 -0.0373632  -0.86983636 -0.16596833],0
21.0,32.81,0.0,70.51,23849.28000000002,[2.100000e+01 3.281000e+01 0.000000e+00 7.051000e+01 2.384928e+04],[-0.03129369  0.12403247 -0.0373632   0.73716583  0.1593771 ],3
21.0,32.82,0.0,62.12,16701.785499999987,[   21.        32.82       0.        62.12   16701.7855],[-0.03129369  0.12487627 -0.0373632  -0.86983636 -0.02137448],0
21.0,32.83,0.0,62.12,15573.989033333313,"[   21.            32.83           0.            62.12
 15573.98903333]",[-0.03129369  0.12572007 -0.0373632  -0.86983636 -0.0498951 ],0
21.0,32.83,0.0,70.51,44566.05125000001,"[2.10000000e+01 3.28300000e+01 0.00000000e+00 7.05100000e+01
 4.45660513e+04]",[-0.03129369  0.12572007 -0.0373632   0.73716583  0.68327943],3
21.0,32.84,0.0,62.12,13145.682633333334,"[   21.            32.84           0.            62.12
 13145.68263333]",[-0.03129369  0.12656386 -0.0373632  -0.86983636 -0.11130406],0
21.0,32.85,0.0,62.12,8401.42166999999,[  21.        32.85       0.        62.12    8401.42167],[-0.03129369  0.12740766 -0.0373632  -0.86983636 -0.23128074],0
21.0,32.85,0.0,70.51,23627.032199999987,"[2.10000000e+01 3.28500000e+01 0.00000000e+00 7.05100000e+01
 2.36270322e+04]",[-0.03129369  0.12740766 -0.0373632   0.73716583  0.15375672],3
21.0,32.86,0.0,62.12,12837.767158333338,"[   21.            32.86           0.            62.12
 12837.76715833]",[-0.03129369  0.12825145 -0.0373632  -0.86983636 -0.11909087],0
21.0,32.86,0.0,68.56,21.64819999999952,[21.     32.86    0.     68.56   21.6482],[-0.03129369  0.12825145 -0.0373632   0.36366711 -0.44319517],3
21.0,32.87,0.0,62.12,14935.30403333333,"[   21.            32.87           0.            62.12
 14935.30403333]",[-0.03129369  0.12909525 -0.0373632  -0.86983636 -0.06604668],0
21.0,32.87,0.0,68.56,23.874049999998995,[21.      32.87     0.      68.56    23.87405],[-0.03129369  0.12909525 -0.0373632   0.36366711 -0.44313888],3
21.0,32.87,0.0,70.51,44065.898450000015,"[2.10000000e+01 3.28700000e+01 0.00000000e+00 7.05100000e+01
 4.40658985e+04]",[-0.03129369  0.12909525 -0.0373632   0.73716583  0.67063117],3
21.0,32.88,0.0,62.12,8386.236299999991,[  21.       32.88      0.       62.12   8386.2363],[-0.03129369  0.12993904 -0.0373632  -0.86983636 -0.23166476],0
21.0,32.88,0.0,68.56,23.324450000004163,[21.      32.88     0.      68.56    23.32445],[-0.03129369  0.12993904 -0.0373632   0.36366711 -0.44315278],3
21.0,32.89,0.0,58.72,45916.62079999999,"[2.10000000e+01 3.28900000e+01 0.00000000e+00 5.87200000e+01
 4.59166208e+04]",[-0.03129369  0.13078284 -0.0373632  -1.5210649   0.71743372],0
21.0,32.89,0.0,62.12,11889.463033333344,"[   21.            32.89           0.            62.12
 11889.46303333]",[-0.03129369  0.13078284 -0.0373632  -0.86983636 -0.14307235],0
21.0,32.89,0.0,68.56,22.579200000000185,[21.     32.89    0.     68.56   22.5792],[-0.03129369  0.13078284 -0.0373632   0.36366711 -0.44317163],3
21.0,32.89,0.0,70.51,23405.82479999999,"[2.10000000e+01 3.28900000e+01 0.00000000e+00 7.05100000e+01
 2.34058248e+04]",[-0.03129369  0.13078284 -0.0373632   0.73716583  0.14816265],3
21.0,32.9,0.0,62.12,18133.69680000001,[   21.        32.9        0.        62.12   18133.6968],[-0.03129369  0.13162663 -0.0373632  -0.86983636  0.01483684],0
21.0,32.9,0.0,68.56,22.111249999997582,[21.      32.9      0.      68.56    22.11125],[-0.03129369  0.13162663 -0.0373632   0.36366711 -0.44318346],3
21.0,32.91,0.0,62.12,112.80019999999973,[ 21.      32.91     0.      62.12   112.8002],[-0.03129369  0.13247043 -0.0373632  -0.86983636 -0.44089005],0
21.0,32.92,0.0,62.12,1841.4132333333382,[  21.           32.92          0.           62.12       1841.41323333],[-0.03129369  0.13331423 -0.0373632  -0.86983636 -0.3971755 ],0
21.0,32.92,0.0,68.56,25.992050000000262,[21.      32.92     0.      68.56    25.99205],[-0.03129369  0.13331423 -0.0373632   0.36366711 -0.44308532],3
21.0,32.92,0.0,70.51,43787.28244999997,"[2.10000000e+01 3.29200000e+01 0.00000000e+00 7.05100000e+01
 4.37872824e+04]",[-0.03129369  0.13331423 -0.0373632   0.73716583  0.6635853 ],3
21.0,32.93,0.0,62.12,8898.776600000003,[  21.       32.93      0.       62.12   8898.7766],[-0.03129369  0.13415802 -0.0373632  -0.86983636 -0.21870323],0
21.0,32.93,0.0,68.56,25.848050000002026,[21.      32.93     0.      68.56    25.84805],[-0.03129369  0.13415802 -0.0373632   0.36366711 -0.44308896],3
21.0,32.94,0.0,68.56,25.70445000000052,[21.      32.94     0.      68.56    25.70445],[-0.03129369  0.13500182 -0.0373632   0.36366711 -0.4430926 ],3
21.0,32.95,0.0,62.12,6865.5754266666645,[  21.           32.95          0.           62.12       6865.57542667],[-0.03129369  0.13584561 -0.0373632  -0.86983636 -0.27012045],0
21.0,32.96,0.0,68.56,21.32044999999834,[21.      32.96     0.      68.56    21.32045],[-0.03129369  0.13668941 -0.0373632   0.36366711 -0.44320346],3
21.0,32.96,0.0,70.51,43288.588800000005,"[2.10000000e+01 3.29600000e+01 0.00000000e+00 7.05100000e+01
 4.32885888e+04]",[-0.03129369  0.13668941 -0.0373632   0.73716583  0.65097393],3
21.0,32.97,0.0,62.12,17692.686050000015,[   21.         32.97        0.         62.12    17692.68605],[-0.03129369  0.1375332  -0.0373632  -0.86983636  0.00368421],0
21.0,32.98,0.0,62.12,11144.660799999992,[   21.        32.98       0.        62.12   11144.6608],[-0.03129369  0.138377   -0.0373632  -0.86983636 -0.16190751],0
21.0,33.0,0.0,62.12,9290.446433333338,[  21.           33.            0.           62.12       9290.44643333],[-0.03129369  0.14006459 -0.0373632  -0.86983636 -0.20879837],0
21.0,33.0,0.0,68.56,20.93045000000165,[21.      33.       0.      68.56    20.93045],[-0.03129369  0.14006459 -0.0373632   0.36366711 -0.44321332],3
21.0,33.0,0.0,70.51,22893.379033333324,[2.1000000e+01 3.3000000e+01 0.0000000e+00 7.0510000e+01 2.2893379e+04],[-0.03129369  0.14006459 -0.0373632   0.73716583  0.13520351],3
21.0,33.01,0.0,62.12,13854.448466666676,"[   21.            33.01           0.            62.12
 13854.44846667]",[-0.03129369  0.14090838 -0.0373632  -0.86983636 -0.09338022],0
21.0,33.01,0.0,68.56,45738.001250000045,"[2.10000000e+01 3.30100000e+01 0.00000000e+00 6.85600000e+01
 4.57380013e+04]",[-0.03129369  0.14090838 -0.0373632   0.36366711  0.71291664],3
21.0,33.02,0.0,62.12,136.95124999999925,[ 21.       33.02      0.       62.12    136.95125],[-0.03129369  0.14175218 -0.0373632  -0.86983636 -0.4402793 ],0
21.0,33.03,0.0,62.12,12156.025300000008,[   21.        33.03       0.        62.12   12156.0253],[-0.03129369  0.14259598 -0.0373632  -0.86983636 -0.13633131],0
21.0,33.03,0.0,68.56,20.995199999998643,[21.     33.03    0.     68.56   20.9952],[-0.03129369  0.14259598 -0.0373632   0.36366711 -0.44321169],3
21.0,33.03,0.0,70.51,38772.77045000001,"[2.10000000e+01 3.30300000e+01 0.00000000e+00 7.05100000e+01
 3.87727705e+04]",[-0.03129369  0.14259598 -0.0373632   0.73716583  0.5367743 ],3
21.0,33.04,0.0,70.51,3089.7660499999943,[  21.        33.04       0.        70.51    3089.76605],[-0.03129369  0.14343977 -0.0373632   0.73716583 -0.36560615],3
21.0,33.05,0.0,62.12,251.32820000000163,[ 21.      33.05     0.      62.12   251.3282],[-0.03129369  0.14428357 -0.0373632  -0.86983636 -0.43738684],0
21.0,33.05,0.0,68.56,22.111250000002116,[21.      33.05     0.      68.56    22.11125],[-0.03129369  0.14428357 -0.0373632   0.36366711 -0.44318346],3
21.0,33.06,0.0,62.12,110.55845000000092,[ 21.       33.06      0.       62.12    110.55845],[-0.03129369  0.14512736 -0.0373632  -0.86983636 -0.44094674],0
21.0,33.06,0.0,68.56,21.64819999999952,[21.     33.06    0.     68.56   21.6482],[-0.03129369  0.14512736 -0.0373632   0.36366711 -0.44319517],3
21.0,33.07,0.0,68.56,21.846049999999337,[21.      33.07     0.      68.56    21.84605],[-0.03129369  0.14597116 -0.0373632   0.36366711 -0.44319017],3
21.0,33.08,0.0,62.12,9593.780133333345,[  21.           33.08          0.           62.12       9593.78013333],[-0.03129369  0.14681495 -0.0373632  -0.86983636 -0.20112742],0
21.0,33.08,0.0,68.56,21.912199999999277,[21.     33.08    0.     68.56   21.9122],[-0.03129369  0.14681495 -0.0373632   0.36366711 -0.4431885 ],3
21.0,33.08,0.0,70.51,3039.660450000002,[  21.        33.08       0.        70.51    3039.66045],[-0.03129369  0.14681495 -0.0373632   0.73716583 -0.36687326],3
21.0,33.09,0.0,62.12,11718.21063333332,"[   21.            33.09           0.            62.12
 11718.21063333]",[-0.03129369  0.14765875 -0.0373632  -0.86983636 -0.14740312],0
21.0,33.09,0.0,68.56,21.912199999999277,[21.     33.09    0.     68.56   21.9122],[-0.03129369  0.14765875 -0.0373632   0.36366711 -0.4431885 ],3
21.0,33.1,0.0,70.51,37983.19219999999,"[2.10000000e+01 3.31000000e+01 0.00000000e+00 7.05100000e+01
 3.79831922e+04]",[-0.03129369  0.14850254 -0.0373632   0.73716583  0.51680681],3
21.0,33.11,0.0,58.72,46421.04500000001,[2.1000000e+01 3.3110000e+01 0.0000000e+00 5.8720000e+01 4.6421045e+04],[-0.03129369  0.14934634 -0.0373632  -1.5210649   0.73019   ],0
21.0,33.12,0.0,62.12,18403.211250000015,[   21.         33.12        0.         62.12    18403.21125],[-0.03129369  0.15019014 -0.0373632  -0.86983636  0.02165254],0
21.0,33.12,0.0,68.56,21.714049999996465,[21.      33.12     0.      68.56    21.71405],[-0.03129369  0.15019014 -0.0373632   0.36366711 -0.44319351],3
21.0,33.12,0.0,70.51,22228.861249999994,"[2.10000000e+01 3.31200000e+01 0.00000000e+00 7.05100000e+01
 2.22288612e+04]",[-0.03129369  0.15019014 -0.0373632   0.73716583  0.11839865],3
21.0,33.13,0.0,62.12,11761.10163333333,"[   21.            33.13           0.            62.12
 11761.10163333]",[-0.03129369  0.15103393 -0.0373632  -0.86983636 -0.14631846],0
21.0,33.13,0.0,68.56,21.58245000000257,[21.      33.13     0.      68.56    21.58245],[-0.03129369  0.15103393 -0.0373632   0.36366711 -0.44319684],3
21.0,33.15,0.0,62.12,19074.95120000002,[   21.        33.15       0.        62.12   19074.9512],[-0.03129369  0.15272152 -0.0373632  -0.86983636  0.03864004],0
21.0,33.16,0.0,70.51,22008.01999999999,[2.100000e+01 3.316000e+01 0.000000e+00 7.051000e+01 2.200802e+04],[-0.03129369  0.15356532 -0.0373632   0.73716583  0.11281384],3
21.0,33.17,0.0,62.12,11795.402499999993,[   21.        33.17       0.        62.12   11795.4025],[-0.03129369  0.15440911 -0.0373632  -0.86983636 -0.14545103],0
21.0,33.19,0.0,62.12,18948.204450000016,[   21.         33.19        0.         62.12    18948.20445],[-0.03129369  0.1560967  -0.0373632  -0.86983636  0.03543477],0
21.0,33.19,0.0,70.51,21747.606633333326,"[2.10000000e+01 3.31900000e+01 0.00000000e+00 7.05100000e+01
 2.17476066e+04]",[-0.03129369  0.1560967  -0.0373632   0.73716583  0.10622829],3
21.0,33.21,0.0,62.12,11894.169633333324,"[   21.            33.21           0.            62.12
 11894.16963333]",[-0.03129369  0.1577843  -0.0373632  -0.86983636 -0.14295333],0
21.0,33.22,0.0,62.12,71.23403333333141,[21.         33.22        0.         62.12       71.23403333],[-0.03129369  0.15862809 -0.0373632  -0.86983636 -0.44194121],0
21.0,33.23,0.0,62.12,1.3004333333333722,[21.         33.23        0.         62.12        1.30043333],[-0.03129369  0.15947189 -0.0373632  -0.86983636 -0.44370974],0
21.0,33.23,0.0,70.51,21499.79053333334,"[2.10000000e+01 3.32300000e+01 0.00000000e+00 7.05100000e+01
 2.14997905e+04]",[-0.03129369  0.15947189 -0.0373632   0.73716583  0.09996132],3
21.0,33.24,0.0,62.12,1353.1920999999963,[  21.       33.24      0.       62.12   1353.1921],[-0.03129369  0.16031568 -0.0373632  -0.86983636 -0.40952202],0
21.0,33.25,0.0,62.12,8877.288690476196,[  21.           33.25          0.           62.12       8877.28869048],[-0.03129369  0.16115948 -0.0373632  -0.86983636 -0.21924663],0
21.0,33.26,0.0,62.12,34.15063333333147,[21.         33.26        0.         62.12       34.15063333],[-0.03129369  0.16200327 -0.0373632  -0.86983636 -0.442879  ],0
21.0,33.27,0.0,62.12,8285.742629999992,[  21.        33.27       0.        62.12    8285.74263],[-0.03129369  0.16284707 -0.0373632  -0.86983636 -0.23420612],0
21.0,33.27,0.0,70.51,1602.5052333333347,[  21.           33.27          0.           70.51       1602.50523333],[-0.03129369  0.16284707 -0.0373632   0.73716583 -0.40321719],3
21.0,33.28,0.0,58.72,47087.66720000003,"[2.10000000e+01 3.32800000e+01 0.00000000e+00 5.87200000e+01
 4.70876672e+04]",[-0.03129369  0.16369086 -0.0373632  -1.5210649   0.74704808],0
21.0,33.28,0.0,62.12,0.3698000000001095,[21.     33.28    0.     62.12    0.3698],[-0.03129369  0.16369086 -0.0373632  -0.86983636 -0.44373328],0
21.0,33.29,0.0,62.12,12072.169899999997,[   21.        33.29       0.        62.12   12072.1699],[-0.03129369  0.16453466 -0.0373632  -0.86983636 -0.13845191],0
21.0,33.3,0.0,62.12,3.4833583333332236,[21.         33.3         0.         62.12        3.48335833],[-0.03129369  0.16537846 -0.0373632  -0.86983636 -0.44365454],0
21.0,33.31,0.0,62.12,14504.106233333328,"[   21.            33.31           0.            62.12
 14504.10623333]",[-0.03129369  0.16622225 -0.0373632  -0.86983636 -0.07695116],0
21.0,33.31,0.0,70.51,21261.28205000001,"[2.10000000e+01 3.33100000e+01 0.00000000e+00 7.05100000e+01
 2.12612821e+04]",[-0.03129369  0.16622225 -0.0373632   0.73716583  0.09392973],3
21.0,33.32,0.0,62.12,1794.0287583333345,[  21.           33.32          0.           62.12       1794.02875833],[-0.03129369  0.16706605 -0.0373632  -0.86983636 -0.39837379],0
21.0,33.34,0.0,70.51,21041.20980000002,"[2.10000000e+01 3.33400000e+01 0.00000000e+00 7.05100000e+01
 2.10412098e+04]",[-0.03129369  0.16875364 -0.0373632   0.73716583  0.08836436],3
21.0,33.36,0.0,58.72,47432.0,[2.1000e+01 3.3360e+01 0.0000e+00 5.8720e+01 4.7432e+04],[-0.03129369  0.17044123 -0.0373632  -1.5210649   0.75575584],0
21.0,33.36,0.0,73.73,185708.55679999993,"[2.10000000e+01 3.33600000e+01 0.00000000e+00 7.37300000e+01
 1.85708557e+05]",[-0.03129369  0.17044123 -0.0373632   1.35391757  4.25260436],3
21.0,33.41,0.0,70.51,20606.53005000001,[   21.         33.41        0.         70.51    20606.53005],[-0.03129369  0.17466021 -0.0373632   0.73716583  0.07737183],3
21.0,33.42,0.0,62.12,111.90080000000054,[ 21.      33.42     0.      62.12   111.9008],[-0.03129369  0.175504   -0.0373632  -0.86983636 -0.44091279],0
21.0,33.44,0.0,58.72,47777.58719999999,"[2.10000000e+01 3.34400000e+01 0.00000000e+00 5.87200000e+01
 4.77775872e+04]",[-0.03129369  0.17719159 -0.0373632  -1.5210649   0.76449533],0
21.0,33.45,0.0,70.51,20507.175199999998,[   21.        33.45       0.        70.51   20507.1752],[-0.03129369  0.17803539 -0.0373632   0.73716583  0.07485927],3
21.0,33.48,0.0,62.12,7552.20499999999,[  21.      33.48     0.      62.12  7552.205],[-0.03129369  0.18056678 -0.0373632  -0.86983636 -0.25275641],0
21.0,33.51,0.0,62.12,142.6360500000017,[ 21.       33.51      0.       62.12    142.63605],[-0.03129369  0.18309816 -0.0373632  -0.86983636 -0.44013554],0
21.0,33.52,0.0,70.51,20074.068449999988,[   21.         33.52        0.         70.51    20074.06845],[-0.03129369  0.18394196 -0.0373632   0.73716583  0.06390652],3
21.0,33.54,0.0,62.12,7478.644999999994,[  21.      33.54     0.      62.12  7478.645],[-0.03129369  0.18562955 -0.0373632  -0.86983636 -0.25461666],0
21.0,33.56,0.0,70.51,19966.014449999984,[   21.         33.56        0.         70.51    19966.01445],[-0.03129369  0.18731714 -0.0373632   0.73716583  0.06117396],3
21.0,33.59,0.0,70.51,18095.387699999985,[   21.        33.59       0.        70.51   18095.3877],[-0.03129369  0.18984853 -0.0373632   0.73716583  0.01386805],3
21.0,33.62,0.0,62.12,7353.206449999998,[  21.        33.62       0.        62.12    7353.20645],[-0.03129369  0.19237991 -0.0373632  -0.86983636 -0.25778885],0
21.0,33.64,0.0,58.72,48428.94420000006,"[2.10000000e+01 3.36400000e+01 0.00000000e+00 5.87200000e+01
 4.84289442e+04]",[-0.03129369  0.1940675  -0.0373632  -1.5210649   0.78096737],0
21.0,33.66,0.0,62.12,5423.611250000004,[  21.        33.66       0.        62.12    5423.61125],[-0.03129369  0.19575509 -0.0373632  -0.86983636 -0.306586  ],0
21.0,33.66,0.0,70.51,17669.88253333335,"[   21.            33.66           0.            70.51
 17669.88253333]",[-0.03129369  0.19575509 -0.0373632   0.73716583  0.00310754],3
21.0,33.72,0.0,58.72,33322.12680000001,"[2.10000000e+01 3.37200000e+01 0.00000000e+00 5.87200000e+01
 3.33221268e+04]",[-0.03129369  0.20081787 -0.0373632  -1.5210649   0.39893405],0
21.0,33.73,0.0,62.12,7012.832450000001,[  21.        33.73       0.        62.12    7012.83245],[-0.03129369  0.20166166 -0.0373632  -0.86983636 -0.2663965 ],0
21.0,33.74,0.0,58.72,50775.28445000002,"[2.10000000e+01 3.37400000e+01 0.00000000e+00 5.87200000e+01
 5.07752845e+04]",[-0.03129369  0.20250546 -0.0373632  -1.5210649   0.8403035 ],0
21.0,33.74,0.0,70.51,31167.554450000018,"[2.10000000e+01 3.37400000e+01 0.00000000e+00 7.05100000e+01
 3.11675545e+04]",[-0.03129369  0.20250546 -0.0373632   0.73716583  0.34444749],3
21.0,33.75,0.0,58.72,14.151200000000266,[21.     33.75    0.     58.72   14.1512],[-0.03129369  0.20334925 -0.0373632  -1.5210649  -0.44338476],0
21.0,33.77,0.0,70.51,18882.07445000002,[   21.         33.77        0.         70.51    18882.07445],[-0.03129369  0.20503685 -0.0373632   0.73716583  0.03376242],3
21.0,33.79,0.0,58.72,7.03125,[21.      33.79     0.      58.72     7.03125],[-0.03129369  0.20672444 -0.0373632  -1.5210649  -0.44356482],0
21.0,33.8,0.0,58.72,50504.77620000004,"[2.10000000e+01 3.38000000e+01 0.00000000e+00 5.87200000e+01
 5.05047762e+04]",[-0.03129369  0.20756823 -0.0373632  -1.5210649   0.83346267],0
21.0,33.8,0.0,70.51,18670.848800000003,[   21.        33.8        0.        70.51   18670.8488],[-0.03129369  0.20756823 -0.0373632   0.73716583  0.02842077],3
21.0,33.81,0.0,62.12,5057.162449999999,[  21.        33.81       0.        62.12    5057.16245],[-0.03129369  0.20841203 -0.0373632  -0.86983636 -0.31585305],0
21.0,33.81,0.0,70.51,30314.606450000003,"[2.10000000e+01 3.38100000e+01 0.00000000e+00 7.05100000e+01
 3.03146065e+04]",[-0.03129369  0.20841203 -0.0373632   0.73716583  0.32287746],3
21.0,33.83,0.0,58.72,2.464199999999556,[21.     33.83    0.     58.72    2.4642],[-0.03129369  0.21009962 -0.0373632  -1.5210649  -0.44368031],0
21.0,33.83,0.0,70.51,18460.811250000006,[   21.         33.83        0.         70.51    18460.81125],[-0.03129369  0.21009962 -0.0373632   0.73716583  0.02310918],3
21.0,33.84,0.0,58.72,49997.54419999995,"[2.10000000e+01 3.38400000e+01 0.00000000e+00 5.87200000e+01
 4.99975442e+04]",[-0.03129369  0.21094341 -0.0373632  -1.5210649   0.82063538],0
21.0,33.85,0.0,62.12,6356.28125,[  21.        33.85       0.        62.12    6356.28125],[-0.03129369  0.21178721 -0.0373632  -0.86983636 -0.28299989],0
21.0,33.87,0.0,58.72,33251.63880000003,"[2.10000000e+01 3.38700000e+01 0.00000000e+00 5.87200000e+01
 3.32516388e+04]",[-0.03129369  0.2134748  -0.0373632  -1.5210649   0.39715149],0
21.0,33.87,0.0,70.51,18341.870449999995,[   21.         33.87        0.         70.51    18341.87045],[-0.03129369  0.2134748  -0.0373632   0.73716583  0.02010131],3
21.0,33.89,0.0,62.12,6517.394450000008,[  21.        33.89       0.        62.12    6517.39445],[-0.03129369  0.21516239 -0.0373632  -0.86983636 -0.27892553],0
21.0,33.9,0.0,70.51,18133.696799999998,[   21.        33.9        0.        70.51   18133.6968],[-0.03129369  0.21600619 -0.0373632   0.73716583  0.01483684],3
21.0,33.93,0.0,70.51,17924.817799999986,[   21.        33.93       0.        70.51   17924.8178],[-0.03129369  0.21853757 -0.0373632   0.73716583  0.00955454],3
21.0,33.96,0.0,70.51,28610.712049999995,[2.1000000e+01 3.3960000e+01 0.0000000e+00 7.0510000e+01 2.8610712e+04],[-0.03129369  0.22106896 -0.0373632   0.73716583  0.27978801],3
21.0,33.97,0.0,62.12,4696.743199999991,[  21.       33.97      0.       62.12   4696.7432],[-0.03129369  0.22191276 -0.0373632  -0.86983636 -0.32496762],0
21.0,33.97,0.0,70.51,17803.84500000001,[   21.       33.97      0.       70.51  17803.845],[-0.03129369  0.22191276 -0.0373632   0.73716583  0.00649529],3
21.0,34.0,0.0,70.51,17596.880000000016,[   21.      34.       0.      70.51 17596.88],[-0.03129369  0.22444414 -0.0373632   0.73716583  0.00126139],3
21.0,34.03,0.0,70.51,17394.855200000005,[   21.        34.03       0.        70.51   17394.8552],[-0.03129369  0.22697553 -0.0373632   0.73716583 -0.00384758],3
21.0,34.04,0.0,70.51,27862.161800000027,"[2.10000000e+01 3.40400000e+01 0.00000000e+00 7.05100000e+01
 2.78621618e+04]",[-0.03129369  0.22781933 -0.0373632   0.73716583  0.26085807],3
21.0,34.05,0.0,62.12,5807.186449999998,[  21.        34.05       0.        62.12    5807.18645],[-0.03129369  0.22866312 -0.0373632  -0.86983636 -0.29688584],0
21.0,34.06,0.0,70.51,17193.9968,[   21.        34.06       0.        70.51   17193.9968],[-0.03129369  0.22950692 -0.0373632   0.73716583 -0.00892704],3
21.0,34.06,0.0,73.73,184795.52179999993,"[2.10000000e+01 3.40600000e+01 0.00000000e+00 7.37300000e+01
 1.84795522e+05]",[-0.03129369  0.22950692 -0.0373632   1.35391757  4.22951479],3
21.0,34.09,0.0,62.12,3875.4592333333294,[  21.           34.09          0.           62.12       3875.45923333],[-0.03129369  0.2320383  -0.0373632  -0.86983636 -0.34573691],0
21.0,34.1,0.0,70.51,17068.1288,[   21.        34.1        0.        70.51   17068.1288],[-0.03129369  0.2328821  -0.0373632   0.73716583 -0.0121101 ],3
21.0,34.11,0.0,62.12,0.018050000000010367,[2.100e+01 3.411e+01 0.000e+00 6.212e+01 1.805e-02],[-0.03129369  0.23372589 -0.0373632  -0.86983636 -0.44374217],0
21.0,34.12,0.0,62.12,0.013333333333326133,"[2.10000000e+01 3.41200000e+01 0.00000000e+00 6.21200000e+01
 1.33333333e-02]",[-0.03129369  0.23456969 -0.0373632  -0.86983636 -0.44374229],0
21.0,34.12,0.0,73.73,184546.35045000006,[2.1000000e+01 3.4120000e+01 0.0000000e+00 7.3730000e+01 1.8454635e+05],[-0.03129369  0.23456969 -0.0373632   1.35391757  4.22321355],3
21.0,34.13,0.0,62.12,3420.511033333335,[  21.           34.13          0.           62.12       3420.51103333],[-0.03129369  0.23541349 -0.0373632  -0.86983636 -0.357242  ],0
21.0,34.13,0.0,70.51,16867.334450000013,[   21.         34.13        0.         70.51    16867.33445],[-0.03129369  0.23541349 -0.0373632   0.73716583 -0.01718794],3
21.0,34.18,0.0,62.12,1.9404500000000537,[21.      34.18     0.      62.12     1.94045],[-0.03129369  0.23963246 -0.0373632  -0.86983636 -0.44369356],0
21.0,34.25,0.0,70.51,1030.5799999999963,[  21.     34.25    0.     70.51 1030.58],[-0.03129369  0.24553903 -0.0373632   0.73716583 -0.4176805 ],3
21.0,34.27,0.0,62.12,2.0808000000000417,[21.     34.27    0.     62.12    2.0808],[-0.03129369  0.24722662 -0.0373632  -0.86983636 -0.44369001],0
21.0,34.3,0.0,62.12,4008.705800000002,[  21.       34.3       0.       62.12   4008.7058],[-0.03129369  0.24975801 -0.0373632  -0.86983636 -0.34236726],0
21.0,34.33,0.0,73.73,186037.8002,[2.100000e+01 3.433000e+01 0.000000e+00 7.373000e+01 1.860378e+05],[-0.03129369  0.2522894  -0.0373632   1.35391757  4.26093053],3
21.0,34.34,0.0,62.12,3971.1872000000053,[  21.       34.34      0.       62.12   3971.1872],[-0.03129369  0.25313319 -0.0373632  -0.86983636 -0.34331606],0
21.0,34.35,0.0,62.12,63.28125,[21.      34.35     0.      62.12    63.28125],[-0.03129369  0.25397699 -0.0373632  -0.86983636 -0.44214232],0
21.0,34.36,0.0,62.12,95.49620000000148,[21.     34.36    0.     62.12   95.4962],[-0.03129369  0.25482078 -0.0373632  -0.86983636 -0.44132765],0
21.0,34.39,0.0,62.12,4887.638450000006,[  21.        34.39       0.        62.12    4887.63845],[-0.03129369  0.25735217 -0.0373632  -0.86983636 -0.32014011],0
21.0,34.4,0.0,62.12,80.13779999999888,[21.     34.4     0.     62.12   80.1378],[-0.03129369  0.25819596 -0.0373632  -0.86983636 -0.44171604],0
21.0,34.4,0.0,70.51,937.878050000005,[ 21.       34.4       0.       70.51    937.87805],[-0.03129369  0.25819596 -0.0373632   0.73716583 -0.42002482],3
21.0,34.43,0.0,62.12,2916.8100999999974,[  21.       34.43      0.       62.12   2916.8101],[-0.03129369  0.26072735 -0.0373632  -0.86983636 -0.36998   ],0
21.0,34.45,0.0,62.12,75.15379999999989,[21.     34.45    0.     62.12   75.1538],[-0.03129369  0.26241494 -0.0373632  -0.86983636 -0.44184208],0
21.0,34.45,0.0,63.07,6182.719999999998,[  21.     34.45    0.     63.07 6182.72],[-0.03129369  0.26241494 -0.0373632  -0.68787544 -0.28738905],0
21.0,34.46,0.0,63.07,1.2324499999999894,[21.      34.46     0.      63.07     1.23245],[-0.03129369  0.26325874 -0.0373632  -0.68787544 -0.44371146],0
21.0,34.47,0.0,62.12,39.072799999999276,[21.     34.47    0.     62.12   39.0728],[-0.03129369  0.26410253 -0.0373632  -0.86983636 -0.44275453],0
21.0,34.47,0.0,63.07,5746.9920500000035,[  21.        34.47       0.        63.07    5746.99205],[-0.03129369  0.26410253 -0.0373632  -0.68787544 -0.29840808],0
21.0,34.49,0.0,62.12,64.86604999999919,[21.      34.49     0.      62.12    64.86605],[-0.03129369  0.26579012 -0.0373632  -0.86983636 -0.44210225],0
21.0,34.49,0.0,63.07,5481.045000000005,[  21.      34.49     0.      63.07  5481.045],[-0.03129369  0.26579012 -0.0373632  -0.68787544 -0.30513357],0
21.0,34.51,0.0,62.12,32.967200000000496,[21.     34.51    0.     62.12   32.9672],[-0.03129369  0.26747772 -0.0373632  -0.86983636 -0.44290893],0
21.0,34.51,0.0,63.07,5214.247199999994,[  21.       34.51      0.       63.07   5214.2472],[-0.03129369  0.26747772 -0.0373632  -0.68787544 -0.31188056],0
21.0,34.53,0.0,62.12,56.71125000000036,[21.      34.53     0.      62.12    56.71125],[-0.03129369  0.26916531 -0.0373632  -0.86983636 -0.44230847],0
21.0,34.53,0.0,63.07,4946.145800000004,[  21.       34.53      0.       63.07   4946.1458],[-0.03129369  0.26916531 -0.0373632  -0.68787544 -0.31866053],0
21.0,34.55,0.0,62.12,28.425800000000155,[21.     34.55    0.     62.12   28.4258],[-0.03129369  0.2708529  -0.0373632  -0.86983636 -0.44302378],0
21.0,34.55,0.0,63.07,4679.313800000001,[  21.       34.55      0.       63.07   4679.3138],[-0.03129369  0.2708529  -0.0373632  -0.68787544 -0.32540839],0
21.0,34.57,0.0,62.12,2886.6417333333293,[  21.           34.57          0.           62.12       2886.64173333],[-0.03129369  0.27254049 -0.0373632  -0.86983636 -0.37074292],0
21.0,34.57,0.0,63.07,4413.301250000004,[  21.        34.57       0.        63.07    4413.30125],[-0.03129369  0.27254049 -0.0373632  -0.68787544 -0.33213553],0
21.0,34.59,0.0,62.12,25.204999999999355,[21.    34.59   0.    62.12  25.205],[-0.03129369  0.27422808 -0.0373632  -0.86983636 -0.44310523],0
21.0,34.59,0.0,63.07,4147.7831999999935,[  21.       34.59      0.       63.07   4147.7832],[-0.03129369  0.27422808 -0.0373632  -0.68787544 -0.33885016],0
21.0,34.61,0.0,62.12,2860.698099999995,[  21.       34.61      0.       62.12   2860.6981],[-0.03129369  0.27591567 -0.0373632  -0.86983636 -0.371399  ],0
21.0,34.62,0.0,62.12,18.12019999999989,[21.     34.62    0.     62.12   18.1202],[-0.03129369  0.27675947 -0.0373632  -0.86983636 -0.44328439],0
21.0,34.63,0.0,63.07,3781.020800000003,[  21.       34.63      0.       63.07   3781.0208],[-0.03129369  0.27760326 -0.0373632  -0.68787544 -0.34812514],0
21.0,34.64,0.0,73.73,187100.67919999998,"[2.10000000e+01 3.46400000e+01 0.00000000e+00 7.37300000e+01
 1.87100679e+05]",[-0.03129369  0.27844706 -0.0373632   1.35391757  4.28780946],3
21.0,34.65,0.0,62.12,43.43119999999941,[21.     34.65    0.     62.12   43.4312],[-0.03129369  0.27929085 -0.0373632  -0.86983636 -0.44264431],0
21.0,34.65,0.0,63.07,3520.444049999993,[  21.        34.65       0.        63.07    3520.44405],[-0.03129369  0.27929085 -0.0373632  -0.68787544 -0.35471482],0
21.0,34.66,0.0,62.12,4255.03125,[  21.        34.66       0.        62.12    4255.03125],[-0.03129369  0.28013465 -0.0373632  -0.86983636 -0.33613799],0
21.0,34.67,0.0,70.51,684.8700499999997,[ 21.       34.67      0.       70.51    684.87005],[-0.03129369  0.28097844 -0.0373632   0.73716583 -0.42642309],3
21.0,34.69,0.0,62.12,8.862050000000153,[21.      34.69     0.      62.12     8.86205],[-0.03129369  0.28266604 -0.0373632  -0.86983636 -0.44351852],0
21.0,34.69,0.0,63.07,3159.3300499999873,[  21.        34.69       0.        63.07    3159.33005],[-0.03129369  0.28266604 -0.0373632  -0.68787544 -0.36384696],0
21.0,34.7,0.0,62.12,3778.4124500000057,[  21.        34.7        0.        62.12    3778.41245],[-0.03129369  0.28350983 -0.0373632  -0.86983636 -0.34819111],0
21.0,34.73,0.0,62.12,8.694450000000066,[21.      34.73     0.      62.12     8.69445],[-0.03129369  0.28604122 -0.0373632  -0.86983636 -0.44352276],0
21.0,34.73,0.0,63.07,2802.758450000005,[  21.        34.73       0.        63.07    2802.75845],[-0.03129369  0.28604122 -0.0373632  -0.68787544 -0.37286423],0
21.0,34.75,0.0,63.07,2700.3900499999963,[  21.        34.75       0.        63.07    2700.39005],[-0.03129369  0.28772881 -0.0373632  -0.68787544 -0.375453  ],0
21.0,34.76,0.0,62.12,14.239033333333087,[21.         34.76        0.         62.12       14.23903333],[-0.03129369  0.2885726  -0.0373632  -0.86983636 -0.44338254],0
21.0,34.79,0.0,63.07,2354.3522000000044,[  21.       34.79      0.       63.07   2354.3522],[-0.03129369  0.29110399 -0.0373632  -0.68787544 -0.38420388],0
21.0,34.8,0.0,62.12,1989.797800000005,[  21.       34.8       0.       62.12   1989.7978],[-0.03129369  0.29194779 -0.0373632  -0.86983636 -0.39342303],0
21.0,34.81,0.0,63.07,2254.5612500000025,[  21.        34.81       0.        63.07    2254.56125],[-0.03129369  0.29279158 -0.0373632  -0.68787544 -0.38672748],0
21.0,34.81,0.0,70.51,595.125,[ 21.     34.81    0.     70.51  595.125],[-0.03129369  0.29279158 -0.0373632   0.73716583 -0.42869263],3
21.0,34.83,0.0,62.12,13.165833333333019,[21.         34.83        0.         62.12       13.16583333],[-0.03129369  0.29447917 -0.0373632  -0.86983636 -0.44340968],0
21.0,34.87,0.0,62.12,23.12000000000085,[21.   34.87  0.   62.12 23.12],[-0.03129369  0.29785436 -0.0373632  -0.86983636 -0.44315795],0
21.0,34.9,0.0,62.12,10.492500000000225,[21.     34.9     0.     62.12   10.4925],[-0.03129369  0.30038574 -0.0373632  -0.86983636 -0.44347729],0
21.0,34.9,0.0,63.07,1604.0448000000024,[  21.       34.9       0.       63.07   1604.0448],[-0.03129369  0.30038574 -0.0373632  -0.68787544 -0.40317826],0
21.0,34.92,0.0,63.07,1512.5,[  21.     34.92    0.     63.07 1512.5 ],[-0.03129369  0.30207333 -0.0373632  -0.68787544 -0.40549332],0
21.0,34.93,0.0,62.12,3.200449999999931,[21.      34.93     0.      62.12     3.20045],[-0.03129369  0.30291713 -0.0373632  -0.86983636 -0.4436617 ],0
21.0,34.93,0.0,73.73,186831.61920000004,"[2.10000000e+01 3.49300000e+01 0.00000000e+00 7.37300000e+01
 1.86831619e+05]",[-0.03129369  0.30291713 -0.0373632   1.35391757  4.28100526],3
21.0,34.94,0.0,62.12,4068.0199999999886,[  21.     34.94    0.     62.12 4068.02],[-0.03129369  0.30376092 -0.0373632  -0.86983636 -0.34086728],0
21.0,34.94,0.0,63.07,1422.5777999999957,[  21.       34.94      0.       63.07   1422.5778],[-0.03129369  0.30376092 -0.0373632  -0.68787544 -0.40776734],0
21.0,34.95,0.0,70.51,18084.216200000013,[   21.        34.95       0.        70.51   18084.2162],[-0.03129369  0.30460472 -0.0373632   0.73716583  0.01358554],3
21.0,34.96,0.0,63.07,1333.3448000000021,[  21.       34.96      0.       63.07   1333.3448],[-0.03129369  0.30544851 -0.0373632  -0.68787544 -0.41002394],0
21.0,34.97,0.0,62.12,18.36179999999967,[21.     34.97    0.     62.12   18.3618],[-0.03129369  0.30629231 -0.0373632  -0.86983636 -0.44327828],0
21.0,34.98,0.0,63.07,41241.920000000006,[2.100000e+01 3.498000e+01 0.000000e+00 6.307000e+01 4.124192e+04],[-0.03129369  0.30713611 -0.0373632  -0.68787544  0.59921613],0
21.0,34.99,0.0,62.12,2339.872500000002,[  21.       34.99      0.       62.12   2339.8725],[-0.03129369  0.3079799  -0.0373632  -0.86983636 -0.38457006],0
21.0,35.0,0.0,62.12,18.060049999999947,[21.      35.       0.      62.12    18.06005],[-0.03129369  0.3088237  -0.0373632  -0.86983636 -0.44328591],0
21.0,35.0,0.0,70.51,10459.944433333341,"[   21.            35.             0.            70.51
 10459.94443333]",[-0.03129369  0.3088237  -0.0373632   0.73716583 -0.17922316],3
21.0,35.01,0.0,63.07,28550.9408,"[2.10000000e+01 3.50100000e+01 0.00000000e+00 6.30700000e+01
 2.85509408e+04]",[-0.03129369  0.30966749 -0.0373632  -0.68787544  0.27827647],0
21.0,35.02,0.0,62.12,1.0512499999999836,[21.      35.02     0.      62.12     1.05125],[-0.03129369  0.31051129 -0.0373632  -0.86983636 -0.44371605],0
21.0,35.03,0.0,70.51,18462.732799999983,[   21.        35.03       0.        70.51   18462.7328],[-0.03129369  0.31135508 -0.0373632   0.73716583  0.02315777],3
21.0,35.04,0.0,62.12,2424.065633333338,[  21.           35.04          0.           62.12       2424.06563333],[-0.03129369  0.31219888 -0.0373632  -0.86983636 -0.38244091],0
21.0,35.04,0.0,63.07,39922.90244999998,"[2.10000000e+01 3.50400000e+01 0.00000000e+00 6.30700000e+01
 3.99229024e+04]",[-0.03129369  0.31219888 -0.0373632  -0.68787544  0.56585976],0
21.0,35.06,0.0,63.07,39135.62645,"[2.10000000e+01 3.50600000e+01 0.00000000e+00 6.30700000e+01
 3.91356265e+04]",[-0.03129369  0.31388647 -0.0373632  -0.68787544  0.54595049],0
21.0,35.07,0.0,70.51,13344.87845000001,[   21.         35.07        0.         70.51    13344.87845],[-0.03129369  0.31473027 -0.0373632   0.73716583 -0.10626664],3
21.0,35.08,0.0,62.12,0.31999999999996365,[21.   35.08  0.   62.12  0.32],[-0.03129369  0.31557406 -0.0373632  -0.86983636 -0.44373454],0
21.0,35.09,0.0,63.07,28457.822449999985,"[2.10000000e+01 3.50900000e+01 0.00000000e+00 6.30700000e+01
 2.84578224e+04]",[-0.03129369  0.31641786 -0.0373632  -0.68787544  0.27592162],0
21.0,35.1,0.0,62.12,9.82869999999982,[21.     35.1     0.     62.12    9.8287],[-0.03129369  0.31726165 -0.0373632  -0.86983636 -0.44349407],0
21.0,35.12,0.0,63.07,37785.00500000001,[2.1000000e+01 3.5120000e+01 0.0000000e+00 6.3070000e+01 3.7785005e+04],[-0.03129369  0.31894924 -0.0373632  -0.68787544  0.51179489],0
21.0,35.13,0.0,62.12,9.768133333333317,[21.         35.13        0.         62.12        9.76813333],[-0.03129369  0.31979304 -0.0373632  -0.86983636 -0.44349561],0
21.0,35.13,0.0,70.51,361.26719999999835,[ 21.      35.13     0.      70.51   361.2672],[-0.03129369  0.31979304 -0.0373632   0.73716583 -0.43460662],3
21.0,35.14,0.0,63.07,37065.47645000004,"[2.10000000e+01 3.51400000e+01 0.00000000e+00 6.30700000e+01
 3.70654765e+04]",[-0.03129369  0.32063683 -0.0373632  -0.68787544  0.49359888],0
21.0,35.16,0.0,70.51,18158.462449999988,[   21.         35.16        0.         70.51    18158.46245],[-0.03129369  0.32232443 -0.0373632   0.73716583  0.01546314],3
21.0,35.17,0.0,63.07,28567.670450000034,"[2.10000000e+01 3.51700000e+01 0.00000000e+00 6.30700000e+01
 2.85676705e+04]",[-0.03129369  0.32316822 -0.0373632  -0.68787544  0.27869954],0
21.0,35.19,0.0,62.12,3620.154049999993,[  21.        35.19       0.        62.12    3620.15405],[-0.03129369  0.32485581 -0.0373632  -0.86983636 -0.35219327],0
21.0,35.2,0.0,63.07,423.9871999999985,[ 21.      35.2      0.      63.07   423.9872],[-0.03129369  0.32569961 -0.0373632  -0.68787544 -0.4330205 ],0
21.0,35.21,0.0,70.51,18120.36844999999,[   21.         35.21        0.         70.51    18120.36845],[-0.03129369  0.3265434  -0.0373632   0.73716583  0.01449979],3
21.0,35.22,0.0,62.12,377.77723333333245,[ 21.          35.22         0.          62.12       377.77723333],[-0.03129369  0.3273872  -0.0373632  -0.86983636 -0.4341891 ],0
21.0,35.22,0.0,63.07,366.12180000000006,[ 21.      35.22     0.      63.07   366.1218],[-0.03129369  0.3273872  -0.0373632  -0.68787544 -0.43448385],0
21.0,35.23,0.0,62.12,3.7264499999998946,[21.      35.23     0.      62.12     3.72645],[-0.03129369  0.32823099 -0.0373632  -0.86983636 -0.44364839],0
21.0,35.24,0.0,63.07,311.7504500000007,[ 21.       35.24      0.       63.07    311.75045],[-0.03129369  0.32907479 -0.0373632  -0.68787544 -0.43585884],0
21.0,35.25,0.0,62.12,623.3980500000041,[ 21.       35.25      0.       62.12    623.39805],[-0.03129369  0.32991859 -0.0373632  -0.86983636 -0.42797764],0
21.0,35.26,0.0,62.12,7.920200000000072,[21.     35.26    0.     62.12    7.9202],[-0.03129369  0.33076238 -0.0373632  -0.86983636 -0.44354234],0
21.0,35.26,0.0,63.07,20726.098033333332,"[   21.            35.26           0.            63.07
 20726.09803333]",[-0.03129369  0.33076238 -0.0373632  -0.68787544  0.08039557],0
21.0,35.26,0.0,70.51,286.08320000000174,[ 21.      35.26     0.      70.51   286.0832],[-0.03129369  0.33076238 -0.0373632   0.73716583 -0.43650793],3
21.0,35.27,0.0,62.12,455.70703333333483,[ 21.          35.27         0.          62.12       455.70703333],[-0.03129369  0.33160618 -0.0373632  -0.86983636 -0.43221835],0
21.0,35.28,0.0,63.07,33155.70005,[2.10000e+01 3.52800e+01 0.00000e+00 6.30700e+01 3.31557e+04],[-0.03129369  0.33244997 -0.0373632  -0.68787544  0.39472531],0
21.0,35.29,0.0,62.12,949.6081999999993,[ 21.      35.29     0.      62.12   949.6082],[-0.03129369  0.33329377 -0.0373632  -0.86983636 -0.41972818],0
21.0,35.29,0.0,73.73,91.93679999999927,[21.     35.29    0.     73.73   91.9368],[-0.03129369  0.33329377 -0.0373632   1.35391757 -0.44141766],3
21.0,35.3,0.0,62.12,434.1480333333336,[ 21.          35.3          0.          62.12       434.14803333],[-0.03129369  0.33413756 -0.0373632  -0.86983636 -0.43276355],0
21.0,35.3,0.0,63.07,32522.70079999999,"[2.10000000e+01 3.53000000e+01 0.00000000e+00 6.30700000e+01
 3.25227008e+04]",[-0.03129369  0.33413756 -0.0373632  -0.68787544  0.37871752],0
21.0,35.31,0.0,62.12,0.832050000000173,[21.      35.31     0.      62.12     0.83205],[-0.03129369  0.33498136 -0.0373632  -0.86983636 -0.44372159],0
21.0,35.32,0.0,62.12,3238.241230000005,[  21.        35.32       0.        62.12    3238.24123],[-0.03129369  0.33582515 -0.0373632  -0.86983636 -0.36185139],0
21.0,35.32,0.0,63.07,31903.37999999999,[2.100000e+01 3.532000e+01 0.000000e+00 6.307000e+01 3.190338e+04],[-0.03129369  0.33582515 -0.0373632  -0.68787544  0.36305564],0
21.0,35.33,0.0,62.12,433.7905333333294,[ 21.          35.33         0.          62.12       433.79053333],[-0.03129369  0.33666895 -0.0373632  -0.86983636 -0.43277259],0
21.0,35.33,0.0,73.73,87.1199999999991,[21.   35.33  0.   73.73 87.12],[-0.03129369  0.33666895 -0.0373632   1.35391757 -0.44153947],3
21.0,35.34,0.0,62.12,473.4173999999994,[ 21.      35.34     0.      62.12   473.4174],[-0.03129369  0.33751275 -0.0373632  -0.86983636 -0.43177047],0
21.0,35.34,0.0,63.07,31297.518050000013,"[2.10000000e+01 3.53400000e+01 0.00000000e+00 6.30700000e+01
 3.12975181e+04]",[-0.03129369  0.33751275 -0.0373632  -0.68787544  0.34773412],0
21.0,35.35,0.0,62.12,734.1834619047655,[ 21.         35.35        0.         62.12      734.1834619],[-0.03129369  0.33835654 -0.0373632  -0.86983636 -0.42517601],0
21.0,35.36,0.0,62.12,162.6235300000011,[ 21.       35.36      0.       62.12    162.62353],[-0.03129369  0.33920034 -0.0373632  -0.86983636 -0.43963008],0
21.0,35.36,0.0,63.07,19337.60123333333,"[   21.            35.36           0.            63.07
 19337.60123333]",[-0.03129369  0.33920034 -0.0373632  -0.68787544  0.04528214],0
21.0,35.37,0.0,62.12,481.6467733333328,[ 21.          35.37         0.          62.12       481.64677333],[-0.03129369  0.34004413 -0.0373632  -0.86983636 -0.43156236],0
21.0,35.38,0.0,62.12,16.60794095238101,[21.         35.38        0.         62.12       16.60794095],[-0.03129369  0.34088793 -0.0373632  -0.86983636 -0.44332264],0
21.0,35.38,0.0,63.07,19125.617733333318,"[   21.            35.38           0.            63.07
 19125.61773333]",[-0.03129369  0.34088793 -0.0373632  -0.68787544  0.03992134],0
21.0,35.38,0.0,70.51,10649.257500000007,[   21.        35.38       0.        70.51   10649.2575],[-0.03129369  0.34088793 -0.0373632   0.73716583 -0.17443566],3
21.0,35.4,0.0,63.07,29541.51245,"[2.10000000e+01 3.54000000e+01 0.00000000e+00 6.30700000e+01
 2.95415124e+04]",[-0.03129369  0.34257552 -0.0373632  -0.68787544  0.30332684],0
21.0,35.41,0.0,63.07,26532.864799999978,"[2.10000000e+01 3.54100000e+01 0.00000000e+00 6.30700000e+01
 2.65328648e+04]",[-0.03129369  0.34341931 -0.0373632  -0.68787544  0.22724174],0
21.0,35.42,0.0,62.12,5693.512050000004,[  21.        35.42       0.        62.12    5693.51205],[-0.03129369  0.34426311 -0.0373632  -0.86983636 -0.29976053],0
21.0,35.44,0.0,63.07,31.840200000000145,[21.     35.44    0.     63.07   31.8402],[-0.03129369  0.3459507  -0.0373632  -0.68787544 -0.44293743],0
21.0,35.44,0.0,73.73,193211.92844999995,"[2.10000000e+01 3.54400000e+01 0.00000000e+00 7.37300000e+01
 1.93211928e+05]",[-0.03129369  0.3459507  -0.0373632   1.35391757  4.44235564],3
21.0,35.45,0.0,62.12,370.192050000001,[ 21.       35.45      0.       62.12    370.19205],[-0.03129369  0.3467945  -0.0373632  -0.86983636 -0.43438092],0
21.0,35.46,0.0,63.07,17749.189033333336,"[   21.            35.46           0.            63.07
 17749.18903333]",[-0.03129369  0.34763829 -0.0373632  -0.68787544  0.0051131 ],0
21.0,35.46,0.0,70.51,17391.124999999985,[   21.       35.46      0.       70.51  17391.125],[-0.03129369  0.34763829 -0.0373632   0.73716583 -0.00394191],3
21.0,35.46,0.0,73.73,50.702449999998215,[21.      35.46     0.      73.73    50.70245],[-0.03129369  0.34763829 -0.0373632   1.35391757 -0.44246043],3
21.0,35.48,0.0,63.07,26733.656450000006,"[2.10000000e+01 3.54800000e+01 0.00000000e+00 6.30700000e+01
 2.67336565e+04]",[-0.03129369  0.34932588 -0.0373632  -0.68787544  0.23231952],0
21.0,35.49,0.0,62.12,330.24499999999676,[ 21.     35.49    0.     62.12  330.245],[-0.03129369  0.35016968 -0.0373632  -0.86983636 -0.43539113],0
21.0,35.5,0.0,63.07,26222.79005000001,"[2.10000000e+01 3.55000000e+01 0.00000000e+00 6.30700000e+01
 2.62227901e+04]",[-0.03129369  0.35101347 -0.0373632  -0.68787544  0.21940032],0
21.0,35.5,0.0,70.51,14207.922450000004,[   21.         35.5         0.         70.51    14207.92245],[-0.03129369  0.35101347 -0.0373632   0.73716583 -0.08444129],3
21.0,35.5,0.0,73.73,43.61780000000136,[21.     35.5     0.     73.73   43.6178],[-0.03129369  0.35101347 -0.0373632   1.35391757 -0.44263959],3
21.0,35.51,0.0,63.07,25409.342450000015,"[2.10000000e+01 3.55100000e+01 0.00000000e+00 6.30700000e+01
 2.54093425e+04]",[-0.03129369  0.35185727 -0.0373632  -0.68787544  0.19882921],0
21.0,35.54,0.0,73.73,186770.4962,"[2.10000000e+01 3.55400000e+01 0.00000000e+00 7.37300000e+01
 1.86770496e+05]",[-0.03129369  0.35438866 -0.0373632   1.35391757  4.27945953],3
21.0,35.55,0.0,70.51,17292.42044999999,[   21.         35.55        0.         70.51    17292.42045],[-0.03129369  0.35523245 -0.0373632   0.73716583 -0.00643803],3
21.0,35.58,0.0,73.73,27.084799999998427,[21.     35.58    0.     73.73   27.0848],[-0.03129369  0.35776384 -0.0373632   1.35391757 -0.44305769],3
21.0,35.62,0.0,70.51,103.53605000000063,[ 21.       35.62      0.       70.51    103.53605],[-0.03129369  0.36113902 -0.0373632   0.73716583 -0.44112433],3
21.0,35.62,0.0,73.73,23.052049999999753,[21.      35.62     0.      73.73    23.05205],[-0.03129369  0.36113902 -0.0373632   1.35391757 -0.44315967],3
21.0,35.64,0.0,62.12,221.34079999999923,[ 21.      35.64     0.      62.12   221.3408],[-0.03129369  0.36282661 -0.0373632  -0.86983636 -0.43814519],0
21.0,35.64,0.0,73.73,190721.05605000007,"[2.10000000e+01 3.56400000e+01 0.00000000e+00 7.37300000e+01
 1.90721056e+05]",[-0.03129369  0.36282661 -0.0373632   1.35391757  4.37936446],3
21.0,35.67,0.0,70.51,16907.76605000001,[   21.         35.67        0.         70.51    16907.76605],[-0.03129369  0.365358   -0.0373632   0.73716583 -0.01616548],3
21.0,35.68,0.0,62.12,204.01999999999978,[ 21.    35.68   0.    62.12 204.02],[-0.03129369  0.36620179 -0.0373632  -0.86983636 -0.43858321],0
21.0,35.69,0.0,63.07,2.4864500000000405,[21.      35.69     0.      63.07     2.48645],[-0.03129369  0.36704559 -0.0373632  -0.68787544 -0.44367975],0
21.0,35.7,0.0,73.73,12.954050000000162,[21.      35.7      0.      73.73    12.95405],[-0.03129369  0.36788938 -0.0373632   1.35391757 -0.44341504],3
21.0,35.71,0.0,63.07,2.332800000000054,[21.     35.71    0.     63.07    2.3328],[-0.03129369  0.36873318 -0.0373632  -0.68787544 -0.44368364],0
21.0,35.72,0.0,62.12,163.26244999999884,[ 21.       35.72      0.       62.12    163.26245],[-0.03129369  0.36957698 -0.0373632  -0.86983636 -0.43961392],0
21.0,35.73,0.0,73.73,7.722449999999356,[21.      35.73     0.      73.73     7.72245],[-0.03129369  0.37042077 -0.0373632   1.35391757 -0.44354734],3
21.0,35.74,0.0,70.51,60.7201999999998,[21.     35.74    0.     70.51   60.7202],[-0.03129369  0.37126457 -0.0373632   0.73716583 -0.44220709],3
21.0,35.74,0.0,73.73,189919.00804999997,"[2.10000000e+01 3.57400000e+01 0.00000000e+00 7.37300000e+01
 1.89919008e+05]",[-0.03129369  0.37126457 -0.0373632   1.35391757  4.35908163],3
21.0,35.76,0.0,70.51,23132.667033333328,[2.1000000e+01 3.5760000e+01 0.0000000e+00 7.0510000e+01 2.3132667e+04],[-0.03129369  0.37295216 -0.0373632   0.73716583  0.14125481],3
21.0,35.77,0.0,70.51,0.0025000000000011367,[2.100e+01 3.577e+01 0.000e+00 7.051e+01 2.500e-03],[-0.03129369  0.37379595 -0.0373632   0.73716583 -0.44374257],3
21.0,35.77,0.0,73.73,6.372450000000178,[21.      35.77     0.      73.73     6.37245],[-0.03129369  0.37379595 -0.0373632   1.35391757 -0.44358148],3
21.0,35.78,0.0,70.51,0.0012500000000019895,[2.100e+01 3.578e+01 0.000e+00 7.051e+01 1.250e-03],[-0.03129369  0.37463975 -0.0373632   0.73716583 -0.4437426 ],3
21.0,35.79,0.0,70.51,15524.563133333328,"[   21.            35.79           0.            70.51
 15524.56313333]",[-0.03129369  0.37548354 -0.0373632   0.73716583 -0.05114502],3
21.0,35.8,0.0,70.51,16305.589399999992,[   21.        35.8        0.        70.51   16305.5894],[-0.03129369  0.37632734 -0.0373632   0.73716583 -0.0313938 ],3
21.0,35.81,0.0,70.51,17569.50416666667,"[   21.            35.81           0.            70.51
 17569.50416667]","[-3.12936911e-02  3.77171136e-01 -3.73632006e-02  7.37165831e-01
  5.69087214e-04]",3
21.0,35.81,0.0,73.73,5.313800000000341,[21.     35.81    0.     73.73    5.3138],[-0.03129369  0.37717114 -0.0373632   1.35391757 -0.44360825],3
21.0,35.82,0.0,70.51,0.003033333333332458,"[2.10000000e+01 3.58200000e+01 0.00000000e+00 7.05100000e+01
 3.03333333e-03]",[-0.03129369  0.37801493 -0.0373632   0.73716583 -0.44374255],3
21.0,35.83,0.0,70.51,13321.057730000002,[   21.         35.83        0.         70.51    13321.05773],[-0.03129369  0.37885873 -0.0373632   0.73716583 -0.10686903],3
21.0,35.84,0.0,62.12,85.93605000000018,[21.      35.84     0.      62.12    85.93605],[-0.03129369  0.37970252 -0.0373632  -0.86983636 -0.44156941],0
21.0,35.84,0.0,70.51,0.003033333333331842,"[2.10000000e+01 3.58400000e+01 0.00000000e+00 7.05100000e+01
 3.03333333e-03]",[-0.03129369  0.37970252 -0.0373632   0.73716583 -0.44374255],3
21.0,35.84,0.0,73.73,189290.89205000008,"[2.10000000e+01 3.58400000e+01 0.00000000e+00 7.37300000e+01
 1.89290892e+05]",[-0.03129369  0.37970252 -0.0373632   1.35391757  4.34319732],3
21.0,35.85,0.0,70.51,14219.382420000009,[   21.         35.85        0.         70.51    14219.38242],[-0.03129369  0.38054632 -0.0373632   0.73716583 -0.08415148],3
21.0,35.86,0.0,70.51,10920.41169666667,"[   21.            35.86           0.            70.51
 10920.41169667]",[-0.03129369  0.38139011 -0.0373632   0.73716583 -0.1675785 ],3
21.0,35.87,0.0,70.51,0.009930000000001604,[2.100e+01 3.587e+01 0.000e+00 7.051e+01 9.930e-03],[-0.03129369  0.38223391 -0.0373632   0.73716583 -0.44374238],3
21.0,35.88,0.0,70.51,10175.384380952377,"[   21.            35.88           0.            70.51
 10175.38438095]",[-0.03129369  0.3830777  -0.0373632   0.73716583 -0.18641935],3
21.0,35.88,0.0,73.73,1.729800000000237,[21.     35.88    0.     73.73    1.7298],[-0.03129369  0.3830777  -0.0373632   1.35391757 -0.44369889],3
21.0,35.89,0.0,62.12,46.85120000000172,[21.     35.89    0.     62.12   46.8512],[-0.03129369  0.3839215  -0.0373632  -0.86983636 -0.44255782],0
21.0,35.89,0.0,70.51,2873.354114285714,[  21.           35.89          0.           70.51       2873.35411429],[-0.03129369  0.3839215  -0.0373632   0.73716583 -0.37107895],3
21.0,35.9,0.0,70.51,16150.971080000001,[   21.         35.9         0.         70.51    16150.97108],[-0.03129369  0.3847653  -0.0373632   0.73716583 -0.03530392],3
21.0,35.91,0.0,70.51,6796.61405000001,[  21.        35.91       0.        70.51    6796.61405],[-0.03129369  0.38560909 -0.0373632   0.73716583 -0.2718644 ],3
21.0,35.92,0.0,62.12,0.5617999999999421,[21.     35.92    0.     62.12    0.5618],[-0.03129369  0.38645289 -0.0373632  -0.86983636 -0.44372842],0
21.0,35.92,0.0,73.73,0.7564500000000224,[21.      35.92     0.      73.73     0.75645],[-0.03129369  0.38645289 -0.0373632   1.35391757 -0.4437235 ],3
21.0,35.93,0.0,62.12,22.244450000000484,[21.      35.93     0.      62.12    22.24445],[-0.03129369  0.38729668 -0.0373632  -0.86983636 -0.4431801 ],0
21.0,35.94,0.0,70.51,1768.935200000001,[  21.       35.94      0.       70.51   1768.9352],[-0.03129369  0.38814048 -0.0373632   0.73716583 -0.39900838],3
21.0,35.95,0.0,62.12,0.5,[21.   35.95  0.   62.12  0.5 ],[-0.03129369  0.38898427 -0.0373632  -0.86983636 -0.44372999],0
21.0,35.95,0.0,70.51,11387.876933333333,"[   21.            35.95           0.            70.51
 11387.87693333]",[-0.03129369  0.38898427 -0.0373632   0.73716583 -0.15575686],3
21.0,35.96,0.0,62.12,0.47045000000013676,[21.      35.96     0.      62.12     0.47045],[-0.03129369  0.38982807 -0.0373632  -0.86983636 -0.44373073],0
21.0,35.97,0.0,62.12,1.9536999999999842,[21.     35.97    0.     62.12    1.9537],[-0.03129369  0.39067186 -0.0373632  -0.86983636 -0.44369322],0
21.0,35.97,0.0,70.51,4235.590033333332,[  21.           35.97          0.           70.51       4235.59003333],[-0.03129369  0.39067186 -0.0373632   0.73716583 -0.33662963],3
21.0,35.98,0.0,62.12,0.41404999999997105,[21.      35.98     0.      62.12     0.41405],[-0.03129369  0.39151566 -0.0373632  -0.86983636 -0.44373216],0
21.0,35.99,0.0,70.51,10782.408033333324,"[   21.            35.99           0.            70.51
 10782.40803333]",[-0.03129369  0.39235946 -0.0373632   0.73716583 -0.17106845],3
21.0,36.01,0.0,70.51,6146.078450000007,[  21.        36.01       0.        70.51    6146.07845],[-0.03129369  0.39404705 -0.0373632   0.73716583 -0.28831567],3
21.0,36.02,0.0,70.51,2342.7012500000033,[  21.        36.02       0.        70.51    2342.70125],[-0.03129369  0.39489084 -0.0373632   0.73716583 -0.38449852],3
21.0,36.03,0.0,70.51,9994.49303333334,[  21.           36.03          0.           70.51       9994.49303333],[-0.03129369  0.39573464 -0.0373632   0.73716583 -0.19099387],3
21.0,36.03,0.0,73.73,187933.54320000007,"[2.10000000e+01 3.60300000e+01 0.00000000e+00 7.37300000e+01
 1.87933543e+05]",[-0.03129369  0.39573464 -0.0373632   1.35391757  4.3088716 ],3
21.0,36.04,0.0,70.51,3687.111033333339,[  21.           36.04          0.           70.51       3687.11103333],[-0.03129369  0.39657843 -0.0373632   0.73716583 -0.35050001],3
21.0,36.05,0.0,70.51,2709.216050000005,[  21.        36.05       0.        70.51    2709.21605],[-0.03129369  0.39742223 -0.0373632   0.73716583 -0.3752298 ],3
21.0,36.06,0.0,70.51,5149.095200000002,[  21.       36.06      0.       70.51   5149.0952],[-0.03129369  0.39826602 -0.0373632   0.73716583 -0.31352818],3
21.0,36.07,0.0,70.51,18192.78125,[   21.         36.07        0.         70.51    18192.78125],[-0.03129369  0.39910982 -0.0373632   0.73716583  0.01633102],3
21.0,36.08,0.0,70.51,3240.3708999999926,[  21.       36.08      0.       70.51   3240.3709],[-0.03129369  0.39995362 -0.0373632   0.73716583 -0.36179753],3
21.0,36.09,0.0,70.51,2105.1846999999984,[  21.       36.09      0.       70.51   2105.1847],[-0.03129369  0.40079741 -0.0373632   0.73716583 -0.39050503],3
21.0,36.1,0.0,70.51,4454.736049999993,[  21.        36.1        0.        70.51    4454.73605],[-0.03129369  0.40164121 -0.0373632   0.73716583 -0.33108769],3
21.0,36.11,0.0,70.51,10936.205100000017,[   21.        36.11       0.        70.51   10936.2051],[-0.03129369  0.402485   -0.0373632   0.73716583 -0.1671791 ],3
21.0,36.13,0.0,70.51,9001.539733333324,[  21.           36.13          0.           70.51       9001.53973333],[-0.03129369  0.40417259 -0.0373632   0.73716583 -0.21610447],3
21.0,36.13,0.0,73.73,125983.06390000001,"[2.10000000e+01 3.61300000e+01 0.00000000e+00 7.37300000e+01
 1.25983064e+05]",[-0.03129369  0.40417259 -0.0373632   1.35391757  2.74221817],3
21.0,36.14,0.0,70.51,11271.009799999989,[   21.        36.14       0.        70.51   11271.0098],[-0.03129369  0.40501639 -0.0373632   0.73716583 -0.15871229],3
21.0,36.15,0.0,70.51,14548.050299999977,[   21.        36.15       0.        70.51   14548.0503],[-0.03129369  0.40586018 -0.0373632   0.73716583 -0.07583986],3
21.0,36.16,0.0,70.51,596.2095999999991,[ 21.      36.16     0.      70.51   596.2096],[-0.03129369  0.40670398 -0.0373632   0.73716583 -0.4286652 ],3
21.0,36.18,0.0,70.51,12.20180000000027,[21.     36.18    0.     70.51   12.2018],[-0.03129369  0.40839157 -0.0373632   0.73716583 -0.44343406],3
21.0,36.19,0.0,70.51,9175.709766666667,[  21.           36.19          0.           70.51       9175.70976667],[-0.03129369  0.40923537 -0.0373632   0.73716583 -0.21169992],3
21.0,36.2,0.0,73.73,0.17999999999994543,[21.   36.2   0.   73.73  0.18],[-0.03129369  0.41007916 -0.0373632   1.35391757 -0.44373808],3
21.0,36.21,0.0,70.51,4295.855433333338,[  21.           36.21          0.           70.51       4295.85543333],[-0.03129369  0.41092296 -0.0373632   0.73716583 -0.33510559],3
21.0,36.23,0.0,70.51,25662.451250000027,"[2.10000000e+01 3.62300000e+01 0.00000000e+00 7.05100000e+01
 2.56624513e+04]",[-0.03129369  0.41261055 -0.0373632   0.73716583  0.20523003],3
21.0,36.24,0.0,70.51,6621.8133100000005,[  21.        36.24       0.        70.51    6621.81331],[-0.03129369  0.41345434 -0.0373632   0.73716583 -0.2762849 ],3
21.0,36.25,0.0,70.51,17105.100800000007,[   21.        36.25       0.        70.51   17105.1008],[-0.03129369  0.41429814 -0.0373632   0.73716583 -0.01117512],3
21.0,36.26,0.0,70.51,9639.661249999996,[  21.        36.26       0.        70.51    9639.66125],[-0.03129369  0.41514193 -0.0373632   0.73716583 -0.19996714],3
21.0,36.27,0.0,70.51,10002.822616666675,"[   21.            36.27           0.            70.51
 10002.82261667]",[-0.03129369  0.41598573 -0.0373632   0.73716583 -0.19078323],3
21.0,36.29,0.0,70.51,8026.445000000006,[  21.      36.29     0.      70.51  8026.445],[-0.03129369  0.41767332 -0.0373632   0.73716583 -0.24076345],3
21.0,36.3,0.0,70.51,5678.028629999996,[  21.        36.3        0.        70.51    5678.02863],[-0.03129369  0.41851712 -0.0373632   0.73716583 -0.30015209],3
21.0,36.31,0.0,70.51,32060.184200000007,"[2.10000000e+01 3.63100000e+01 0.00000000e+00 7.05100000e+01
 3.20601842e+04]",[-0.03129369  0.41936091 -0.0373632   0.73716583  0.36702103],3
21.0,36.32,0.0,70.51,5968.3519,[  21.       36.32      0.       70.51   5968.3519],[-0.03129369  0.42020471 -0.0373632   0.73716583 -0.29281016],3
21.0,36.33,0.0,70.51,4653.025899999998,[  21.       36.33      0.       70.51   4653.0259],[-0.03129369  0.4210485  -0.0373632   0.73716583 -0.32607318],3
21.0,36.34,0.0,70.51,9984.361633333327,[  21.           36.34          0.           70.51       9984.36163333],[-0.03129369  0.4218923  -0.0373632   0.73716583 -0.19125008],3
21.0,36.35,0.0,70.51,9793.640899999997,[  21.       36.35      0.       70.51   9793.6409],[-0.03129369  0.42273609 -0.0373632   0.73716583 -0.19607318],3
21.0,36.37,0.0,70.51,45.220049999999915,[21.      36.37     0.      70.51    45.22005],[-0.03129369  0.42442369 -0.0373632   0.73716583 -0.44259907],3
21.0,36.38,0.0,70.51,160.3840499999984,[ 21.       36.38      0.       70.51    160.38405],[-0.03129369  0.42526748 -0.0373632   0.73716583 -0.43968671],3
21.0,36.39,0.0,70.51,2406.6690000000017,[  21.      36.39     0.      70.51  2406.669],[-0.03129369  0.42611128 -0.0373632   0.73716583 -0.38288085],3
21.0,36.41,0.0,70.51,141.11999999999924,[ 21.    36.41   0.    70.51 141.12],[-0.03129369  0.42779887 -0.0373632   0.73716583 -0.44017388],3
21.0,36.42,0.0,70.51,3503.532933333332,[  21.           36.42          0.           70.51       3503.53293333],[-0.03129369  0.42864266 -0.0373632   0.73716583 -0.35514248],3
21.0,36.44,0.0,70.51,7584.217899999996,[  21.       36.44      0.       70.51   7584.2179],[-0.03129369  0.43033025 -0.0373632   0.73716583 -0.25194684],3
21.0,36.46,0.0,70.51,2003.2406333333338,[  21.           36.46          0.           70.51       2003.24063333],[-0.03129369  0.43201785 -0.0373632   0.73716583 -0.39308307],3
21.0,36.48,0.0,70.51,8768.852449999986,[  21.        36.48       0.        70.51    8768.85245],[-0.03129369  0.43370544 -0.0373632   0.73716583 -0.22198885],3
21.0,36.49,0.0,70.51,10067.80499999999,[   21.       36.49      0.       70.51  10067.805],[-0.03129369  0.43454923 -0.0373632   0.73716583 -0.1891399 ],3
21.0,36.51,0.0,70.51,8752.91018,[  21.        36.51       0.        70.51    8752.91018],[-0.03129369  0.43623682 -0.0373632   0.73716583 -0.22239202],3
21.0,36.54,0.0,70.51,14725.171299999989,[   21.        36.54       0.        70.51   14725.1713],[-0.03129369  0.43876821 -0.0373632   0.73716583 -0.07136068],3
21.0,36.56,0.0,70.51,660.0361000000016,[ 21.      36.56     0.      70.51   660.0361],[-0.03129369  0.4404558  -0.0373632   0.73716583 -0.42705111],3
21.0,36.58,0.0,70.51,83.20500000000044,[21.    36.58   0.    70.51  83.205],[-0.03129369  0.44214339 -0.0373632   0.73716583 -0.44163848],3
21.0,36.61,0.0,70.51,14222.515566666661,"[   21.            36.61           0.            70.51
 14222.51556667]",[-0.03129369  0.44467478 -0.0373632   0.73716583 -0.08407225],3
21.0,36.64,0.0,70.51,27268.130449999993,"[2.10000000e+01 3.66400000e+01 0.00000000e+00 7.05100000e+01
 2.72681304e+04]",[-0.03129369  0.44720617 -0.0373632   0.73716583  0.24583573],3
21.0,36.66,0.0,70.51,14798.880799999994,[   21.        36.66       0.        70.51   14798.8808],[-0.03129369  0.44889376 -0.0373632   0.73716583 -0.06949666],3
21.0,36.68,0.0,70.51,13462.453900000004,[   21.        36.68       0.        70.51   13462.4539],[-0.03129369  0.45058135 -0.0373632   0.73716583 -0.1032933 ],3
21.0,36.71,0.0,70.51,9901.980891666672,[  21.           36.71          0.           70.51       9901.98089167],[-0.03129369  0.45311273 -0.0373632   0.73716583 -0.19333339],3
21.0,36.74,0.0,70.51,4850.446299999998,[  21.       36.74      0.       70.51   4850.4463],[-0.03129369  0.45564412 -0.0373632   0.73716583 -0.32108065],3
21.0,36.76,0.0,70.51,1776.0799999999979,[  21.     36.76    0.     70.51 1776.08],[-0.03129369  0.45733171 -0.0373632   0.73716583 -0.39882769],3
21.0,36.77,0.0,70.51,40.59004999999992,[21.      36.77     0.      70.51    40.59005],[-0.03129369  0.45817551 -0.0373632   0.73716583 -0.44271616],3
21.0,36.8,0.0,70.51,33.94880000000008,[21.     36.8     0.     70.51   33.9488],[-0.03129369  0.46070689 -0.0373632   0.73716583 -0.44288411],3
21.0,36.81,0.0,70.51,751.1687999999997,[ 21.      36.81     0.      70.51   751.1688],[-0.03129369  0.46155069 -0.0373632   0.73716583 -0.42474647],3
21.0,36.83,0.0,70.51,28.275199999999863,[21.     36.83    0.     70.51   28.2752],[-0.03129369  0.46323828 -0.0373632   0.73716583 -0.44302759],3
21.0,36.85,0.0,70.51,8828.278425000006,[  21.         36.85        0.         70.51     8828.278425],[-0.03129369  0.46492587 -0.0373632   0.73716583 -0.22048604],3
21.0,36.88,0.0,70.51,11331.484433333346,"[   21.            36.88           0.            70.51
 11331.48443333]",[-0.03129369  0.46745726 -0.0373632   0.73716583 -0.15718296],3
21.0,36.91,0.0,70.51,11219.15243333332,"[   21.            36.91           0.            70.51
 11219.15243333]",[-0.03129369  0.46998864 -0.0373632   0.73716583 -0.1600237 ],3
21.0,36.95,0.0,70.51,13699.401699999997,[   21.        36.95       0.        70.51   13699.4017],[-0.03129369  0.47336383 -0.0373632   0.73716583 -0.09730117],3
21.0,36.96,0.0,70.51,6396.9360500000075,[  21.        36.96       0.        70.51    6396.93605],[-0.03129369  0.47420762 -0.0373632   0.73716583 -0.28197178],3
21.0,36.98,0.0,70.51,22831.70805,"[2.10000000e+01 3.69800000e+01 0.00000000e+00 7.05100000e+01
 2.28317081e+04]",[-0.03129369  0.47589521 -0.0373632   0.73716583  0.13364392],3
21.0,36.99,0.0,70.51,6354.026450000002,[  21.        36.99       0.        70.51    6354.02645],[-0.03129369  0.47673901 -0.0373632   0.73716583 -0.28305691],3
21.0,37.01,0.0,70.51,22469.880050000003,"[2.10000000e+01 3.70100000e+01 0.00000000e+00 7.05100000e+01
 2.24698801e+04]",[-0.03129369  0.4784266  -0.0373632   0.73716583  0.12449372],3
21.0,37.02,0.0,70.51,6310.1378000000095,[  21.       37.02      0.       70.51   6310.1378],[-0.03129369  0.4792704  -0.0373632   0.73716583 -0.2841668 ],3
21.0,37.04,0.0,70.51,13050.711024999991,[   21.          37.04         0.          70.51     13050.711025],[-0.03129369  0.48095799 -0.0373632   0.73716583 -0.11370578],3
21.0,37.07,0.0,70.51,9987.630558333345,[  21.           37.07          0.           70.51       9987.63055833],[-0.03129369  0.48348937 -0.0373632   0.73716583 -0.19116742],3
21.0,37.1,0.0,70.51,9852.540166666653,[  21.           37.1           0.           70.51       9852.54016667],[-0.03129369  0.48602076 -0.0373632   0.73716583 -0.19458369],3
21.0,37.13,0.0,70.51,8823.837358333338,[  21.           37.13          0.           70.51       8823.83735833],[-0.03129369  0.48855215 -0.0373632   0.73716583 -0.22059835],3
21.0,37.16,0.0,70.51,10416.190633333332,"[   21.            37.16           0.            70.51
 10416.19063333]",[-0.03129369  0.49108353 -0.0373632   0.73716583 -0.18032964],3
21.0,37.18,0.0,70.51,8523.93926666667,[  21.           37.18          0.           70.51       8523.93926667],[-0.03129369  0.49277112 -0.0373632   0.73716583 -0.22818242],3
21.0,37.21,0.0,70.51,6157.170450000003,[  21.        37.21       0.        70.51    6157.17045],[-0.03129369  0.49530251 -0.0373632   0.73716583 -0.28803516],3
21.0,37.24,0.0,70.51,6057.702449999999,[  21.        37.24       0.        70.51    6057.70245],[-0.03129369  0.4978339  -0.0373632   0.73716583 -0.29055059],3
21.0,37.27,0.0,70.51,9283.068133333332,[  21.           37.27          0.           70.51       9283.06813333],[-0.03129369  0.50036528 -0.0373632   0.73716583 -0.20898496],3
21.0,37.29,0.0,70.51,5864.445000000013,[  21.      37.29     0.      70.51  5864.445],[-0.03129369  0.50205288 -0.0373632   0.73716583 -0.29543784],3
21.0,37.31,0.0,70.51,18303.58445000002,[   21.         37.31        0.         70.51    18303.58445],[-0.03129369  0.50374047 -0.0373632   0.73716583  0.0191331 ],3
21.0,37.32,0.0,70.51,5770.60245,[  21.        37.32       0.        70.51    5770.60245],[-0.03129369  0.50458426 -0.0373632   0.73716583 -0.29781101],3
21.0,37.35,0.0,70.51,5677.516800000012,[  21.       37.35      0.       70.51   5677.5168],[-0.03129369  0.50711565 -0.0373632   0.73716583 -0.30016503],3
21.0,37.36,0.0,70.51,18389.784199999995,[   21.        37.36       0.        70.51   18389.7842],[-0.03129369  0.50795944 -0.0373632   0.73716583  0.02131299],3
21.0,37.37,0.0,70.51,5587.302050000004,[  21.        37.37       0.        70.51    5587.30205],[-0.03129369  0.50880324 -0.0373632   0.73716583 -0.30244645],3
21.0,37.4,0.0,70.51,18790.849799999993,[   21.        37.4        0.        70.51   18790.8498],[-0.03129369  0.51133463 -0.0373632   0.73716583  0.03145546],3
21.0,37.44,0.0,70.51,18827.70124999999,[   21.         37.44        0.         70.51    18827.70125],[-0.03129369  0.51470981 -0.0373632   0.73716583  0.03238738],3
21.0,37.49,0.0,70.51,18872.359199999995,[   21.        37.49       0.        70.51   18872.3592],[-0.03129369  0.51892879 -0.0373632   0.73716583  0.03351673],3
21.0,37.53,0.0,70.51,19153.159200000006,[   21.        37.53       0.        70.51   19153.1592],[-0.03129369  0.52230397 -0.0373632   0.73716583  0.04061783],3
21.0,37.57,0.0,70.51,19241.334450000002,[   21.         37.57        0.         70.51    19241.33445],[-0.03129369  0.52567915 -0.0373632   0.73716583  0.04284767],3
21.0,37.6,0.0,70.51,0.03919999999999236,[2.100e+01 3.760e+01 0.000e+00 7.051e+01 3.920e-02],[-0.03129369  0.52821054 -0.0373632   0.73716583 -0.44374164],3
21.0,37.65,0.0,70.51,0.0001999999999996362,[2.100e+01 3.765e+01 0.000e+00 7.051e+01 2.000e-04],[-0.03129369  0.53242951 -0.0373632   0.73716583 -0.44374263],3
21.0,37.67,0.0,70.51,0.024200000000006,[2.100e+01 3.767e+01 0.000e+00 7.051e+01 2.420e-02],[-0.03129369  0.53411711 -0.0373632   0.73716583 -0.44374202],3
21.0,38.64,0.0,70.51,19284.51605000001,[   21.         38.64        0.         70.51    19284.51605],[-0.03129369  0.61596527 -0.0373632   0.73716583  0.04393968],3
21.0,38.65,0.0,70.51,0.009799999999990133,[2.100e+01 3.865e+01 0.000e+00 7.051e+01 9.800e-03],[-0.03129369  0.61680907 -0.0373632   0.73716583 -0.44374238],3
21.0,38.68,0.0,70.51,9744.776166666667,[  21.           38.68          0.           70.51       9744.77616667],[-0.03129369  0.61934046 -0.0373632   0.73716583 -0.19730891],3
21.0,38.69,0.0,70.51,6.697799999999676,[21.     38.69    0.     70.51    6.6978],[-0.03129369  0.62018425 -0.0373632   0.73716583 -0.44357325],3
21.0,38.71,0.0,70.51,11749.798100000002,[   21.        38.71       0.        70.51   11749.7981],[-0.03129369  0.62187184 -0.0373632   0.73716583 -0.14660431],3
21.0,38.72,0.0,70.51,9650.86429166666,[  21.           38.72          0.           70.51       9650.86429167],[-0.03129369  0.62271564 -0.0373632   0.73716583 -0.19968383],3
21.0,38.74,0.0,70.51,19451.808800000003,[   21.        38.74       0.        70.51   19451.8088],[-0.03129369  0.62440323 -0.0373632   0.73716583  0.04817032],3
21.0,38.75,0.0,70.51,11227.780266666668,"[   21.            38.75           0.            70.51
 11227.78026667]",[-0.03129369  0.62524702 -0.0373632   0.73716583 -0.15980552],3
21.0,38.77,0.0,70.51,19598.040200000003,[   21.        38.77       0.        70.51   19598.0402],[-0.03129369  0.62693462 -0.0373632   0.73716583  0.05186833],3
21.0,38.78,0.0,70.51,12995.535400000006,[   21.        38.78       0.        70.51   12995.5354],[-0.03129369  0.62777841 -0.0373632   0.73716583 -0.1151011 ],3
21.0,38.79,0.0,70.51,19495.225799999975,[   21.        38.79       0.        70.51   19495.2258],[-0.03129369  0.62862221 -0.0373632   0.73716583  0.04926828],3
21.0,38.8,0.0,70.51,1.278433333333344,[21.         38.8         0.         70.51        1.27843333],[-0.03129369  0.629466   -0.0373632   0.73716583 -0.4437103 ],3
21.0,38.81,0.0,70.51,13368.042133333327,"[   21.            38.81           0.            70.51
 13368.04213333]",[-0.03129369  0.6303098  -0.0373632   0.73716583 -0.10568086],3
21.0,38.82,0.0,70.51,13056.250866666664,"[   21.            38.82           0.            70.51
 13056.25086667]",[-0.03129369  0.63115359 -0.0373632   0.73716583 -0.11356568],3
21.0,38.84,0.0,70.51,13039.6051,[   21.        38.84       0.        70.51   13039.6051],[-0.03129369  0.63284118 -0.0373632   0.73716583 -0.11398663],3
21.0,38.85,0.0,70.51,13115.042633333334,"[   21.            38.85           0.            70.51
 13115.04263333]",[-0.03129369  0.63368498 -0.0373632   0.73716583 -0.11207891],3
21.0,38.86,0.0,70.51,0.6049999999999,[21.    38.86   0.    70.51   0.605],[-0.03129369  0.63452877 -0.0373632   0.73716583 -0.44372733],3
21.0,38.87,0.0,70.51,19860.24499999999,[   21.       38.87      0.       70.51  19860.245],[-0.03129369  0.63537257 -0.0373632   0.73716583  0.05849918],3
21.0,38.88,0.0,70.51,13287.02326666665,"[   21.            38.88           0.            70.51
 13287.02326667]",[-0.03129369  0.63621637 -0.0373632   0.73716583 -0.10772973],3
21.0,38.89,0.0,70.51,13119.005691666678,"[   21.            38.89           0.            70.51
 13119.00569167]",[-0.03129369  0.63706016 -0.0373632   0.73716583 -0.11197869],3
21.0,38.91,0.0,70.51,19932.05779999998,[   21.        38.91       0.        70.51   19932.0578],[-0.03129369  0.63874775 -0.0373632   0.73716583  0.06031524],3
21.0,38.92,0.0,70.51,12915.390833333338,"[   21.            38.92           0.            70.51
 12915.39083333]",[-0.03129369  0.63959155 -0.0373632   0.73716583 -0.11712786],3
21.0,38.93,0.0,70.51,0.6844500000000852,[21.      38.93     0.      70.51     0.68445],[-0.03129369  0.64043534 -0.0373632   0.73716583 -0.44372532],3
21.0,38.96,0.0,70.51,12899.738800000001,[   21.        38.96       0.        70.51   12899.7388],[-0.03129369  0.64296673 -0.0373632   0.73716583 -0.11752369],3
21.0,38.99,0.0,70.51,12905.604699999987,[   21.        38.99       0.        70.51   12905.6047],[-0.03129369  0.64549812 -0.0373632   0.73716583 -0.11737534],3
21.0,39.0,0.0,70.51,0.33620000000008765,[21.     39.      0.     70.51    0.3362],[-0.03129369  0.64634191 -0.0373632   0.73716583 -0.44373413],3
21.0,39.03,0.0,70.51,12906.201433333328,"[   21.            39.03           0.            70.51
 12906.20143333]",[-0.03129369  0.6488733  -0.0373632   0.73716583 -0.11736025],3
21.0,39.07,0.0,70.51,9741.077291666674,[  21.           39.07          0.           70.51       9741.07729167],[-0.03129369  0.65224848 -0.0373632   0.73716583 -0.19740245],3
21.0,39.18,0.0,70.51,19063.233799999998,[   21.        39.18       0.        70.51   19063.2338],[-0.03129369  0.66153023 -0.0373632   0.73716583  0.03834372],3
21.0,39.22,0.0,70.51,19030.054050000017,[   21.         39.22        0.         70.51    19030.05405],[-0.03129369  0.66490541 -0.0373632   0.73716583  0.03750464],3
21.0,39.26,0.0,70.51,18987.158449999977,[   21.         39.26        0.         70.51    18987.15845],[-0.03129369  0.6682806  -0.0373632   0.73716583  0.03641987],3
21.0,39.54,0.0,70.51,18907.345800000006,[   21.        39.54       0.        70.51   18907.3458],[-0.03129369  0.69190687 -0.0373632   0.73716583  0.0344015 ],3
21.0,39.58,0.0,70.51,18796.666050000007,[   21.         39.58        0.         70.51    18796.66605],[-0.03129369  0.69528205 -0.0373632   0.73716583  0.03160254],3
21.0,39.75,0.0,70.51,18703.714049999984,[   21.         39.75        0.         70.51    18703.71405],[-0.03129369  0.70962658 -0.0373632   0.73716583  0.0292519 ],3
21.0,39.98,0.0,70.51,18668.916450000004,[   21.         39.98        0.         70.51    18668.91645],[-0.03129369  0.72903388 -0.0373632   0.73716583  0.02837191],3
21.0,40.26,0.0,70.51,18489.645,[   21.       40.26      0.       70.51  18489.645],[-0.03129369  0.75266015 -0.0373632   0.73716583  0.02383835],3
21.0,40.41,0.0,70.51,18422.40125,[   21.         40.41        0.         70.51    18422.40125],[-0.03129369  0.76531708 -0.0373632   0.73716583  0.02213783],3
21.0,40.56,0.0,70.51,18242.41005,[   21.         40.56        0.         70.51    18242.41005],[-0.03129369  0.77797402 -0.0373632   0.73716583  0.01758607],3
21.0,40.82,0.0,70.51,17930.49845000002,[   21.         40.82        0.         70.51    17930.49845],[-0.03129369  0.7999127  -0.0373632   0.73716583  0.0096982 ],3
21.0,40.85,0.0,70.51,17864.280199999997,[   21.        40.85       0.        70.51   17864.2802],[-0.03129369  0.80244409 -0.0373632   0.73716583  0.00802362],3
21.0,40.86,0.0,70.51,0.020000000000009094,[2.100e+01 4.086e+01 0.000e+00 7.051e+01 2.000e-02],[-0.03129369  0.80328788 -0.0373632   0.73716583 -0.44374213],3
21.0,40.88,0.0,70.51,12006.124433333338,"[   21.            40.88           0.            70.51
 12006.12443333]",[-0.03129369  0.80497547 -0.0373632   0.73716583 -0.14012212],3
21.0,40.89,0.0,70.51,6866.74805,[  21.        40.89       0.        70.51    6866.74805],[-0.03129369  0.80581927 -0.0373632   0.73716583 -0.2700908 ],3
21.0,40.91,0.0,70.51,12111.370433333326,"[   21.            40.91           0.            70.51
 12111.37043333]",[-0.03129369  0.80750686 -0.0373632   0.73716583 -0.13746058],3
21.0,40.93,0.0,70.51,8643.37806666667,[  21.           40.93          0.           70.51       8643.37806667],[-0.03129369  0.80919445 -0.0373632   0.73716583 -0.22516195],3
21.0,40.94,0.0,70.51,102.1476916666672,[ 21.          40.94         0.          70.51       102.14769167],[-0.03129369  0.81003825 -0.0373632   0.73716583 -0.44115944],3
21.0,40.95,0.0,70.51,2903.000158333329,[  21.           40.95          0.           70.51       2903.00015833],[-0.03129369  0.81088204 -0.0373632   0.73716583 -0.37032923],3
21.0,40.96,0.0,70.51,7277.055091666666,[  21.           40.96          0.           70.51       7277.05509167],[-0.03129369  0.81172584 -0.0373632   0.73716583 -0.25971462],3
21.0,40.97,0.0,70.51,0.08820000000003056,[21.     40.97    0.     70.51    0.0882],[-0.03129369  0.81256963 -0.0373632   0.73716583 -0.4437404 ],3
21.0,40.98,0.0,70.51,0.09245000000002737,[21.      40.98     0.      70.51     0.09245],[-0.03129369  0.81341343 -0.0373632   0.73716583 -0.44374029],3
21.0,40.99,0.0,70.51,9570.582233333353,[  21.           40.99          0.           70.51       9570.58223333],[-0.03129369  0.81425722 -0.0373632   0.73716583 -0.20171407],3
21.0,41.0,0.0,70.51,3258.8058333333274,[  21.           41.            0.           70.51       3258.80583333],[-0.03129369  0.81510102 -0.0373632   0.73716583 -0.36133133],3
21.0,41.01,0.0,70.51,0.10125000000002046,[21.      41.01     0.      70.51     0.10125],[-0.03129369  0.81594482 -0.0373632   0.73716583 -0.44374007],3
21.0,41.02,0.0,70.51,9445.60803333333,[  21.           41.02          0.           70.51       9445.60803333],[-0.03129369  0.81678861 -0.0373632   0.73716583 -0.20487452],3
21.0,41.03,0.0,70.51,0.10579999999993829,[21.     41.03    0.     70.51    0.1058],[-0.03129369  0.81763241 -0.0373632   0.73716583 -0.44373996],3
21.0,41.04,0.0,70.51,9413.095899999997,[  21.       41.04      0.       70.51   9413.0959],[-0.03129369  0.8184762  -0.0373632   0.73716583 -0.20569671],3
21.0,41.05,0.0,70.51,0.11520000000000873,[21.     41.05    0.     70.51    0.1152],[-0.03129369  0.81932    -0.0373632   0.73716583 -0.44373972],3
21.0,41.06,0.0,70.51,3192.579433333336,[  21.           41.06          0.           70.51       3192.57943333],[-0.03129369  0.82016379 -0.0373632   0.73716583 -0.36300612],3
21.0,41.07,0.0,70.51,13934.481799999981,[   21.        41.07       0.        70.51   13934.4818],[-0.03129369  0.82100759 -0.0373632   0.73716583 -0.09135627],3
21.0,41.08,0.0,70.51,0.13004999999999536,[21.      41.08     0.      70.51     0.13005],[-0.03129369  0.82185138 -0.0373632   0.73716583 -0.44373934],3
21.0,41.09,0.0,70.51,0.125,[21.    41.09   0.    70.51   0.125],[-0.03129369  0.82269518 -0.0373632   0.73716583 -0.44373947],3
21.0,41.1,0.0,70.51,9163.257433333347,[  21.           41.1           0.           70.51       9163.25743333],[-0.03129369  0.82353898 -0.0373632   0.73716583 -0.21201482],3
21.0,41.12,0.0,70.51,6940.245100000018,[  21.       41.12      0.       70.51   6940.2451],[-0.03129369  0.82522657 -0.0373632   0.73716583 -0.26823214],3
21.0,41.18,0.0,70.51,2219.7784499999957,[  21.        41.18       0.        70.51    2219.77845],[-0.03129369  0.83028934 -0.0373632   0.73716583 -0.38760709],3
21.0,41.36,0.0,70.51,1964.3912000000112,[  21.       41.36      0.       70.51   1964.3912],[-0.03129369  0.84547766 -0.0373632   0.73716583 -0.39406553],3
21.0,41.54,0.0,70.51,1672.1544500000155,[  21.        41.54       0.        70.51    1672.15445],[-0.03129369  0.86066598 -0.0373632   0.73716583 -0.40145585],3
21.0,41.73,0.0,70.51,1415.1199999999903,[  21.     41.73    0.     70.51 1415.12],[-0.03129369  0.87669809 -0.0373632   0.73716583 -0.40795594],3
21.0,41.76,0.0,70.51,11905.788049999992,[   21.         41.76        0.         70.51    11905.78805],[-0.03129369  0.87922948 -0.0373632   0.73716583 -0.14265951],3
21.0,41.79,0.0,70.51,5274.6720499999865,[  21.        41.79       0.        70.51    5274.67205],[-0.03129369  0.88176087 -0.0373632   0.73716583 -0.31035249],3
21.0,41.8,0.0,70.51,11864.160799999994,[   21.        41.8        0.        70.51   11864.1608],[-0.03129369  0.88260466 -0.0373632   0.73716583 -0.14371221],3
21.0,41.83,0.0,70.51,1246.5024499999918,[  21.        41.83       0.        70.51    1246.50245],[-0.03129369  0.88513605 -0.0373632   0.73716583 -0.41222008],3
21.0,41.85,0.0,70.51,6072.456433333331,[  21.           41.85          0.           70.51       6072.45643333],[-0.03129369  0.88682364 -0.0373632   0.73716583 -0.29017748],3
21.0,41.87,0.0,70.51,6020.368633333332,[  21.           41.87          0.           70.51       6020.36863333],[-0.03129369  0.88851123 -0.0373632   0.73716583 -0.29149472],3
21.0,41.9,0.0,70.51,6005.622933333338,[  21.           41.9           0.           70.51       6005.62293333],[-0.03129369  0.89104262 -0.0373632   0.73716583 -0.29186762],3
21.0,41.91,0.0,70.51,8972.640800000005,[  21.       41.91      0.       70.51   8972.6408],[-0.03129369  0.89188641 -0.0373632   0.73716583 -0.21683529],3
21.0,41.92,0.0,70.51,4542.072033333318,[  21.           41.92          0.           70.51       4542.07203333],[-0.03129369  0.89273021 -0.0373632   0.73716583 -0.32887907],3
21.0,41.94,0.0,70.51,4890.469433333323,[  21.           41.94          0.           70.51       4890.46943333],[-0.03129369  0.8944178  -0.0373632   0.73716583 -0.32006852],3
21.0,41.95,0.0,70.51,107.7512000000026,[ 21.      41.95     0.      70.51   107.7512],[-0.03129369  0.8952616  -0.0373632   0.73716583 -0.44101773],3
21.0,41.96,0.0,70.51,354.8447999999966,[ 21.      41.96     0.      70.51   354.8448],[-0.03129369  0.89610539 -0.0373632   0.73716583 -0.43476903],3
21.0,41.97,0.0,70.51,908.6584500000047,[ 21.       41.97      0.       70.51    908.65845],[-0.03129369  0.89694919 -0.0373632   0.73716583 -0.42076375],3
21.0,41.99,0.0,70.51,443.04013333333944,[ 21.          41.99         0.          70.51       443.04013333],[-0.03129369  0.89863678 -0.0373632   0.73716583 -0.43253868],3
21.0,42.01,0.0,70.51,847.8962000000073,[ 21.      42.01     0.      70.51   847.8962],[-0.03129369  0.90032437 -0.0373632   0.73716583 -0.42230035],3
21.0,42.02,0.0,70.51,15.456800000000328,[21.     42.02    0.     70.51   15.4568],[-0.03129369  0.90116817 -0.0373632   0.73716583 -0.44335175],3
21.0,42.04,0.0,70.51,76.43103333333273,[21.         42.04        0.         70.51       76.43103333],[-0.03129369  0.90285576 -0.0373632   0.73716583 -0.44180978],3
21.0,42.07,0.0,70.51,207.81813333333506,[ 21.          42.07         0.          70.51       207.81813333],[-0.03129369  0.90538714 -0.0373632   0.73716583 -0.43848716],3
21.0,42.09,0.0,70.51,392.5601999999995,[ 21.      42.09     0.      70.51   392.5602],[-0.03129369  0.90707473 -0.0373632   0.73716583 -0.43381525],3
21.0,42.11,0.0,70.51,358.96210000000127,[ 21.      42.11     0.      70.51   358.9621],[-0.03129369  0.90876233 -0.0373632   0.73716583 -0.43466491],3
21.0,42.13,0.0,70.51,617.4098000000075,[ 21.      42.13     0.      70.51   617.4098],[-0.03129369  0.91044992 -0.0373632   0.73716583 -0.42812908],3
21.0,42.15,0.0,70.51,293.2920333333306,[ 21.          42.15         0.          70.51       293.29203333],[-0.03129369  0.91213751 -0.0373632   0.73716583 -0.43632563],3
21.0,42.17,0.0,70.51,277.95893333333424,[ 21.          42.17         0.          70.51       277.95893333],[-0.03129369  0.9138251  -0.0373632   0.73716583 -0.43671338],3
21.0,42.18,0.0,73.73,1.824049999999939,[21.      42.18     0.      73.73     1.82405],[-0.03129369  0.91466889 -0.0373632   1.35391757 -0.4436965 ],3
21.0,42.2,0.0,70.51,155.2322000000001,[ 21.      42.2      0.      70.51   155.2322],[-0.03129369  0.91635648 -0.0373632   0.73716583 -0.43981699],3
21.0,42.21,0.0,70.51,367.47605000000345,[ 21.       42.21      0.       70.51    367.47605],[-0.03129369  0.91720028 -0.0373632   0.73716583 -0.4344496 ],3
21.0,42.22,0.0,70.51,153.125,[ 21.     42.22    0.     70.51  153.125],[-0.03129369  0.91804408 -0.0373632   0.73716583 -0.43987028],3
21.0,42.24,0.0,70.51,4.410450000000418,[21.      42.24     0.      70.51     4.41045],[-0.03129369  0.91973167 -0.0373632   0.73716583 -0.4436311 ],3
21.0,42.26,0.0,70.51,271.5590333333322,[ 21.          42.26         0.          70.51       271.55903333],[-0.03129369  0.92141926 -0.0373632   0.73716583 -0.43687523],3
21.0,42.28,0.0,70.51,259.80813333333595,[ 21.          42.28         0.          70.51       259.80813333],[-0.03129369  0.92310685 -0.0373632   0.73716583 -0.43717239],3
21.0,42.32,0.0,70.51,32.96720000000188,[21.     42.32    0.     70.51   32.9672],[-0.03129369  0.92648203 -0.0373632   0.73716583 -0.44290893],3
21.0,42.34,0.0,70.51,25.418449999999968,[21.      42.34     0.      70.51    25.41845],[-0.03129369  0.92816962 -0.0373632   0.73716583 -0.44309983],3
21.0,42.37,0.0,70.51,18.666050000000777,[21.      42.37     0.      70.51    18.66605],[-0.03129369  0.93070101 -0.0373632   0.73716583 -0.44327059],3
21.0,42.39,0.0,70.51,12.700799999999816,[21.     42.39    0.     70.51   12.7008],[-0.03129369  0.9323886  -0.0373632   0.73716583 -0.44342144],3
21.0,42.41,0.0,70.51,7.683200000000285,[21.     42.41    0.     70.51    7.6832],[-0.03129369  0.93407619 -0.0373632   0.73716583 -0.44354833],3
21.0,42.44,0.0,70.51,3.6992000000003835,[21.     42.44    0.     70.51    3.6992],[-0.03129369  0.93660758 -0.0373632   0.73716583 -0.44364908],3
21.0,42.46,0.0,70.51,1.1858000000004691,[21.     42.46    0.     70.51    1.1858],[-0.03129369  0.93829517 -0.0373632   0.73716583 -0.44371264],3
21.0,42.48,0.0,70.51,0.2737999999999226,[21.     42.48    0.     70.51    0.2738],[-0.03129369  0.93998276 -0.0373632   0.73716583 -0.44373571],3
21.0,45.05,0.7,70.09,5.579999999999839,[21.   45.05  0.7  70.09  5.58],[-0.03129369  1.15683821 23.9366171   0.65671995 -0.44360152],2
21.0,45.07,0.7,70.09,45.125,[21.    45.07   0.7   70.09  45.125],[-0.03129369  1.1585258  23.9366171   0.65671995 -0.44260147],2
21.0,45.1,0.7,70.09,108.48644999999985,[ 21.       45.1       0.7      70.09    108.48645],[-0.03129369  1.16105719 23.9366171   0.65671995 -0.44099914],2
21.0,45.15,0.7,70.09,348.4799999999994,[ 21.    45.15   0.7   70.09 348.48],[-0.03129369  1.16527617 23.9366171   0.65671995 -0.43492999],2
21.0,51.62,0.0,73.73,1.4620500000000622,[21.      51.62     0.      73.73     1.46205],[-0.03129369  1.71121188 -0.0373632   1.35391757 -0.44370566],3
21.0,51.64,0.0,73.73,2692.312200000008,[  21.       51.64      0.       73.73   2692.3122],[-0.03129369  1.71289947 -0.0373632   1.35391757 -0.37565728],3
21.0,51.69,0.0,73.73,2011.0481999999975,[  21.       51.69      0.       73.73   2011.0482],[-0.03129369  1.71711845 -0.0373632   1.35391757 -0.39288563],3
21.0,51.71,0.0,73.73,208.89680000000112,[ 21.      51.71     0.      73.73   208.8968],[-0.03129369  1.71880604 -0.0373632   1.35391757 -0.43845988],3
21.0,51.74,0.0,73.73,3141.0738000000083,[  21.       51.74      0.       73.73   3141.0738],[-0.03129369  1.72133743 -0.0373632   1.35391757 -0.36430864],3
21.0,51.77,0.0,73.73,1564.1262333333316,[  21.           51.77          0.           73.73       1564.12623333],[-0.03129369  1.72386882 -0.0373632   1.35391757 -0.40418775],3
21.0,51.79,0.0,73.73,1527.0371999999961,[  21.       51.79      0.       73.73   1527.0372],[-0.03129369  1.72555641 -0.0373632   1.35391757 -0.40512569],3
21.0,51.81,0.0,73.73,718.5840500000074,[ 21.       51.81      0.       73.73    718.58405],[-0.03129369  1.727244   -0.0373632   1.35391757 -0.4255705 ],3
21.0,51.84,0.0,73.73,559.4512499999939,[ 21.       51.84      0.       73.73    559.45125],[-0.03129369  1.72977538 -0.0373632   1.35391757 -0.42959478],3
21.0,51.86,0.0,73.73,419.92020000000053,[ 21.      51.86     0.      73.73   419.9202],[-0.03129369  1.73146298 -0.0373632   1.35391757 -0.43312335],3
21.0,51.88,0.0,73.73,1320.9799999999989,[  21.     51.88    0.     73.73 1320.98],[-0.03129369  1.73315057 -0.0373632   1.35391757 -0.41033663],3
21.0,51.91,0.0,73.73,2841.8260499999906,[  21.        51.91       0.        73.73    2841.82605],[-0.03129369  1.73568195 -0.0373632   1.35391757 -0.37187625],3
21.0,51.96,0.0,73.73,2768.424049999989,[  21.        51.96       0.        73.73    2768.42405],[-0.03129369  1.73990093 -0.0373632   1.35391757 -0.3737325 ],3
21.0,51.99,0.0,73.73,1762.7916000000025,[  21.       51.99      0.       73.73   1762.7916],[-0.03129369  1.74243232 -0.0373632   1.35391757 -0.39916374],3
21.0,52.1,0.0,73.73,446.40719999999305,[ 21.      52.1      0.      73.73   446.4072],[-0.03129369  1.75171407 -0.0373632   1.35391757 -0.43245353],3
21.0,52.11,0.0,73.73,12575.39404999997,[   21.         52.11        0.         73.73    12575.39405],[-0.03129369  1.75255786 -0.0373632   1.35391757 -0.12572598],3
21.0,52.12,0.0,73.73,348.4800000000024,[ 21.    52.12   0.    73.73 348.48],[-0.03129369  1.75340166 -0.0373632   1.35391757 -0.43492999],3
21.0,52.14,0.0,73.73,13515.324049999976,[   21.         52.14        0.         73.73    13515.32405],[-0.03129369  1.75508925 -0.0373632   1.35391757 -0.10195627],3
21.0,52.16,0.0,73.73,8529.672700000005,[  21.       52.16      0.       73.73   8529.6727],[-0.03129369  1.75677684 -0.0373632   1.35391757 -0.22803742],3
21.0,52.18,0.0,73.73,128.16005000000166,[ 21.       52.18      0.       73.73    128.16005],[-0.03129369  1.75846443 -0.0373632   1.35391757 -0.44050162],3
21.0,52.19,0.0,73.73,11504.928050000008,[   21.         52.19        0.         73.73    11504.92805],[-0.03129369  1.75930823 -0.0373632   1.35391757 -0.15279678],3
21.0,52.21,0.0,73.73,16230.614450000014,[   21.         52.21        0.         73.73    16230.61445],[-0.03129369  1.76099582 -0.0373632   1.35391757 -0.03328983],3
21.0,52.22,0.0,73.73,238.05619999999612,[ 21.      52.22     0.      73.73   238.0562],[-0.03129369  1.76183961 -0.0373632   1.35391757 -0.43772247],3
21.0,52.24,0.0,73.73,14804.04244999997,[   21.         52.24        0.         73.73    14804.04245],[-0.03129369  1.76352721 -0.0373632   1.35391757 -0.06936613],3
21.0,52.26,0.0,73.73,1.9404499999998297,[21.      52.26     0.      73.73     1.94045],[-0.03129369  1.7652148  -0.0373632   1.35391757 -0.44369356],3
21.0,52.59,0.0,73.73,215.07380000000254,[ 21.      52.59     0.      73.73   215.0738],[-0.03129369  1.79306005 -0.0373632   1.35391757 -0.43830367],3
21.0,52.61,0.0,73.73,281.79379999999753,[ 21.      52.61     0.      73.73   281.7938],[-0.03129369  1.79474764 -0.0373632   1.35391757 -0.4366164 ],3
21.0,52.62,0.0,73.73,905.2512500000029,[ 21.       52.62      0.       73.73    905.25125],[-0.03129369  1.79559144 -0.0373632   1.35391757 -0.42084991],3
21.0,52.63,0.0,73.73,143.31503333332978,[ 21.          52.63         0.          73.73       143.31503333],[-0.03129369  1.79643523 -0.0373632   1.35391757 -0.44011837],3
21.0,52.64,0.0,73.73,908.6584499999901,[ 21.       52.64      0.       73.73    908.65845],[-0.03129369  1.79727903 -0.0373632   1.35391757 -0.42076375],3
21.0,52.65,0.0,73.73,289.2012500000044,[ 21.       52.65      0.       73.73    289.20125],[-0.03129369  1.79812282 -0.0373632   1.35391757 -0.43642908],3
21.0,52.66,0.0,73.73,26.13645000000013,[21.      52.66     0.      73.73    26.13645],[-0.03129369  1.79896662 -0.0373632   1.35391757 -0.44308167],3
21.0,52.67,0.0,73.73,31.442450000001408,[21.      52.67     0.      73.73    31.44245],[-0.03129369  1.79981041 -0.0373632   1.35391757 -0.44294749],3
21.0,52.69,0.0,73.73,200.40019999999964,[ 21.      52.69     0.      73.73   200.4002],[-0.03129369  1.801498   -0.0373632   1.35391757 -0.43867475],3
21.0,52.7,0.0,73.73,2689.990891666669,[  21.           52.7           0.           73.73       2689.99089167],[-0.03129369  1.8023418  -0.0373632   1.35391757 -0.37571598],3
21.0,53.83,0.0,73.73,1.548799999999784,[21.     53.83    0.     73.73    1.5488],[-0.03129369  1.8976907  -0.0373632   1.35391757 -0.44370346],3
21.05,33.06,0.0,68.56,0.7080500000000649,[21.05    33.06     0.      68.56     0.70805],[-0.01673892  0.14512736 -0.0373632   0.36366711 -0.44372473],3
21.05,36.86,0.0,58.72,1.7672000000000982,[21.05   36.86    0.     58.72    1.7672],[-0.01673892  0.46576967 -0.0373632  -1.5210649  -0.44369794],0
21.07,36.88,0.0,58.72,1.6927999999998493,[21.07   36.88    0.     58.72    1.6928],[-0.01091702  0.46745726 -0.0373632  -1.5210649  -0.44369982],0
21.09,27.9,0.0,58.72,0.8449999999999409,[21.09  27.9    0.    58.72   0.845],[-0.00509511 -0.29027114 -0.0373632  -1.5210649  -0.44372126],0
21.09,30.17,0.0,70.51,0.42319999999991004,[21.09   30.17    0.     70.51    0.4232],[-0.00509511 -0.09872955 -0.0373632   0.73716583 -0.44373193],3
21.09,37.81,0.0,70.51,5183.656199999999,[  21.09     37.81      0.       70.51   5183.6562],[-0.00509511  0.54593024 -0.0373632   0.73716583 -0.31265417],3
21.22,35.14,0.0,68.56,678.9612500000009,[ 21.22     35.14      0.       68.56    678.96125],[ 0.03274728  0.32063683 -0.0373632   0.36366711 -0.42657251],3
21.42,30.57,0.0,70.51,0.1677299999999857,[21.42    30.57     0.      70.51     0.16773],[ 0.09096635 -0.06497773 -0.0373632   0.73716583 -0.44373839],3
21.43,30.55,0.0,70.51,0.03644999999999509,[2.143e+01 3.055e+01 0.000e+00 7.051e+01 3.645e-02],[ 0.0938773  -0.06666532 -0.0373632   0.73716583 -0.44374171],3
21.43,30.56,0.0,70.51,0.03645000000001044,[2.143e+01 3.056e+01 0.000e+00 7.051e+01 3.645e-02],[ 0.0938773  -0.06582152 -0.0373632   0.73716583 -0.44374171],3
21.44,30.54,0.0,70.51,0.03920000000000828,[2.144e+01 3.054e+01 0.000e+00 7.051e+01 3.920e-02],[ 0.09678825 -0.06750911 -0.0373632   0.73716583 -0.44374164],3
21.45,30.53,0.0,70.51,0.08409999999998714,[21.45   30.53    0.     70.51    0.0841],[ 0.09969921 -0.06835291 -0.0373632   0.73716583 -0.4437405 ],3
21.46,30.52,0.0,70.51,0.04204999999998945,[2.146e+01 3.052e+01 0.000e+00 7.051e+01 4.205e-02],[ 0.10261016 -0.0691967  -0.0373632   0.73716583 -0.44374157],3
21.54,52.3,0.0,72.66,62.272800000002185,[21.54   52.3     0.     72.66   62.2728],[ 0.12589778  1.76858998 -0.0373632   1.14897211 -0.44216783],3
21.59,44.93,0.0,68.56,1.3121999999998233,[21.59   44.93    0.     68.56    1.3122],[ 0.14045255  1.14671267 -0.0373632   0.36366711 -0.44370945],0
21.7,37.52,0.0,55.49,0.40499999999992836,[21.7   37.52   0.    55.49   0.405],[ 0.17247304  0.52146017 -0.0373632  -2.13973201 -0.44373239],0
21.75,50.23,0.0,72.66,1.296050000000205,[21.75    50.23     0.      72.66     1.29605],[ 0.1870278   1.5939243  -0.0373632   1.14897211 -0.44370986],3
21.76,50.23,0.0,72.66,1.296050000000205,[21.76    50.23     0.      72.66     1.29605],[ 0.18993876  1.5939243  -0.0373632   1.14897211 -0.44370986],3
21.78,50.23,0.0,72.66,1.2800000000000364,[21.78 50.23  0.   72.66  1.28],[ 0.19576066  1.5939243  -0.0373632   1.14897211 -0.44371026],3
21.79,50.22,0.0,72.66,1.2640500000002313,[21.79    50.22     0.      72.66     1.26405],[ 0.19867162  1.59308051 -0.0373632   1.14897211 -0.44371066],3
21.81,50.22,0.0,72.66,1.2640500000002313,[21.81    50.22     0.      72.66     1.26405],[ 0.20449352  1.59308051 -0.0373632   1.14897211 -0.44371066],3
21.82,50.22,0.0,72.66,1.264049999999689,[21.82    50.22     0.      72.66     1.26405],[ 0.20740448  1.59308051 -0.0373632   1.14897211 -0.44371066],3
21.84,50.22,0.0,72.66,1.248199999999885,[21.84   50.22    0.     72.66    1.2482],[ 0.21322638  1.59308051 -0.0373632   1.14897211 -0.44371107],3
21.85,50.57,0.0,72.66,1.9208000000000713,[21.85   50.57    0.     72.66    1.9208],[ 0.21613734  1.62261335 -0.0373632   1.14897211 -0.44369406],3
21.87,37.63,0.0,55.49,0.3528000000000745,[21.87   37.63    0.     55.49    0.3528],[ 0.22195924  0.53074192 -0.0373632  -2.13973201 -0.44373371],0
21.87,50.23,0.0,72.66,1.2324499999997216,[21.87    50.23     0.      72.66     1.23245],[ 0.22195924  1.5939243  -0.0373632   1.14897211 -0.44371146],3
21.88,50.23,0.0,72.66,1.2324499999997216,[21.88    50.23     0.      72.66     1.23245],[ 0.2248702   1.5939243  -0.0373632   1.14897211 -0.44371146],3
21.9,50.23,0.0,72.66,1.2324499999997216,[21.9     50.23     0.      72.66     1.23245],[ 0.2306921   1.5939243  -0.0373632   1.14897211 -0.44371146],3
21.91,50.23,0.0,72.66,1.2168000000004469,[21.91   50.23    0.     72.66    1.2168],[ 0.23360306  1.5939243  -0.0373632   1.14897211 -0.44371186],3
21.92,50.24,0.0,72.66,1.2012499999997532,[21.92    50.24     0.      72.66     1.20125],[ 0.23651401  1.5947681  -0.0373632   1.14897211 -0.44371225],3
21.94,50.24,0.0,72.66,1.201250000000282,[21.94    50.24     0.      72.66     1.20125],[ 0.24233592  1.5947681  -0.0373632   1.14897211 -0.44371225],3
21.95,50.25,0.0,72.66,1.185799999999944,[21.95   50.25    0.     72.66    1.1858],[ 0.24524687  1.59561189 -0.0373632   1.14897211 -0.44371264],3
21.96,38.36,0.0,58.72,0.5832000000001056,[21.96   38.36    0.     58.72    0.5832],[ 0.24815782  0.592339   -0.0373632  -1.5210649  -0.44372788],0
21.96,50.25,0.0,72.66,1.185799999999944,[21.96   50.25    0.     72.66    1.1858],[ 0.24815782  1.59561189 -0.0373632   1.14897211 -0.44371264],3
21.98,47.78,0.0,72.66,2.163200000000085,[21.98   47.78    0.     72.66    2.1632],[ 0.25397973  1.3871944  -0.0373632   1.14897211 -0.44368793],3
21.98,50.26,0.0,72.66,1.185799999999944,[21.98   50.26    0.     72.66    1.1858],[ 0.25397973  1.59645569 -0.0373632   1.14897211 -0.44371264],3
21.99,31.09,0.0,58.72,0.04204999999998945,[2.199e+01 3.109e+01 0.000e+00 5.872e+01 4.205e-02],[ 0.25689068 -0.02110036 -0.0373632  -1.5210649  -0.44374157],0
21.99,38.36,0.0,58.72,0.5512499999999523,[21.99    38.36     0.      58.72     0.55125],[ 0.25689068  0.592339   -0.0373632  -1.5210649  -0.44372869],0
22.0,38.37,0.0,58.72,4.032799999999929,[22.     38.37    0.     58.72    4.0328],[ 0.25980163  0.59318279 -0.0373632  -1.5210649  -0.44364065],0
22.0,38.38,0.0,58.72,0.5407999999999622,[22.     38.38    0.     58.72    0.5408],[ 0.25980163  0.59402659 -0.0373632  -1.5210649  -0.44372895],0
22.0,50.27,0.0,72.66,1.1551999999999722,[22.     50.27    0.     72.66    1.1552],[ 0.25980163  1.59729948 -0.0373632   1.14897211 -0.44371342],3
22.02,50.28,0.0,72.66,1.1551999999999722,[22.02   50.28    0.     72.66    1.1552],[ 0.26562354  1.59814328 -0.0373632   1.14897211 -0.44371342],3
22.04,43.89,0.0,55.49,1.6380499999999012,[22.04    43.89     0.      55.49     1.63805],[ 0.27144545  1.05895793 -0.0373632  -2.13973201 -0.44370121],0
22.04,50.29,0.0,72.66,1.1400499999998146,[22.04    50.29     0.      72.66     1.14005],[ 0.27144545  1.59898708 -0.0373632   1.14897211 -0.4437138 ],3
22.06,50.3,0.0,72.66,1.1400499999998146,[22.06    50.3      0.      72.66     1.14005],[ 0.27726735  1.59983087 -0.0373632   1.14897211 -0.4437138 ],3
22.07,38.31,0.0,58.72,0.5,[22.07 38.31  0.   58.72  0.5 ],[ 0.28017831  0.58812002 -0.0373632  -1.5210649  -0.44372999],0
22.07,43.91,0.0,55.49,1.7860499999998667,[22.07    43.91     0.      55.49     1.78605],[ 0.28017831  1.06064552 -0.0373632  -2.13973201 -0.44369746],0
22.07,50.31,0.0,72.66,1.125,[22.07  50.31   0.    72.66   1.125],[ 0.28017831  1.60067467 -0.0373632   1.14897211 -0.44371418],3
22.1,50.32,0.0,72.66,1.125,[22.1   50.32   0.    72.66   1.125],[ 0.28891117  1.60151846 -0.0373632   1.14897211 -0.44371418],3
22.12,50.33,0.0,72.66,1.110049999999844,[22.12    50.33     0.      72.66     1.11005],[ 0.29473307  1.60236226 -0.0373632   1.14897211 -0.44371456],3
22.13,50.33,0.0,72.66,1.110049999999844,[22.13    50.33     0.      72.66     1.11005],[ 0.29764403  1.60236226 -0.0373632   1.14897211 -0.44371456],3
22.14,30.61,0.0,58.72,0.23258000000002366,[22.14    30.61     0.      58.72     0.23258],[ 0.30055498 -0.06160254 -0.0373632  -1.5210649  -0.44373675],0
22.14,30.62,0.0,58.72,0.04500000000000341,[2.214e+01 3.062e+01 0.000e+00 5.872e+01 4.500e-02],[ 0.30055498 -0.06075875 -0.0373632  -1.5210649  -0.44374149],0
22.14,30.64,0.0,58.72,0.04205000000000594,[2.214e+01 3.064e+01 0.000e+00 5.872e+01 4.205e-02],[ 0.30055498 -0.05907116 -0.0373632  -1.5210649  -0.44374157],0
22.15,41.4,0.0,68.56,651488.2952,"[2.21500000e+01 4.14000000e+01 0.00000000e+00 6.85600000e+01
 6.51488295e+05]",[ 0.30346593  0.84885284 -0.0373632   0.36366711 16.0316161 ],3
22.15,42.28,0.0,68.56,21505.306049999974,[   22.15       42.28        0.         68.56    21505.30605],[ 0.30346593  0.92310685 -0.0373632   0.36366711  0.1001008 ],3
22.15,50.34,0.0,72.66,1.0952000000000268,[22.15   50.34    0.     72.66    1.0952],[ 0.30346593  1.60320605 -0.0373632   1.14897211 -0.44371493],3
22.17,36.96,0.0,58.72,280522.97044999996,[2.2170000e+01 3.6960000e+01 0.0000000e+00 5.8720000e+01 2.8052297e+05],[ 0.30928784  0.47420762 -0.0373632  -1.5210649   6.65034732],3
22.19,50.35,0.0,72.66,1.0952000000000268,[22.19   50.35    0.     72.66    1.0952],[ 0.31510975  1.60404985 -0.0373632   1.14897211 -0.44371493],3
22.2,39.43,0.0,55.49,1.2799999999999454,[22.2  39.43  0.   55.49  1.28],[ 0.3180207   0.68262512 -0.0373632  -2.13973201 -0.44371026],0
22.2,40.77,0.0,68.56,0.0007999999999985448,[2.220e+01 4.077e+01 0.000e+00 6.856e+01 8.000e-04],[ 0.3180207   0.79569372 -0.0373632   0.36366711 -0.44374261],3
22.2,50.35,0.0,72.66,1.080449999999873,[22.2     50.35     0.      72.66     1.08045],[ 0.3180207   1.60404985 -0.0373632   1.14897211 -0.44371531],3
22.21,40.77,0.0,68.56,0.151249999999975,[22.21    40.77     0.      68.56     0.15125],[ 0.32093165  0.79569372 -0.0373632   0.36366711 -0.44373881],3
22.22,40.78,0.0,68.56,0.10124999999991814,[22.22    40.78     0.      68.56     0.10125],[ 0.32384261  0.79653752 -0.0373632   0.36366711 -0.44374007],3
22.23,45.61,0.0,68.56,1.0951999999998587,[22.23   45.61    0.     68.56    1.0952],[ 0.32675356  1.20409076 -0.0373632   0.36366711 -0.44371493],3
22.23,64.06,0.0,72.66,0.31999999999996365,[22.23 64.06  0.   72.66  0.32],[ 0.32675356  2.76089353 -0.0373632   1.14897211 -0.44373454],1
22.24,39.45,0.0,55.49,1.1551999999999722,[22.24   39.45    0.     55.49    1.1552],[ 0.32966451  0.68431271 -0.0373632  -2.13973201 -0.44371342],0
22.24,51.21,0.0,72.66,2.1012500000001397,[22.24    51.21     0.      72.66     2.10125],[ 0.32966451  1.67661627 -0.0373632   1.14897211 -0.44368949],3
22.24,64.05,0.0,72.66,0.3199999999995998,[22.24 64.05  0.   72.66  0.32],[ 0.32966451  2.76004974 -0.0373632   1.14897211 -0.44373454],1
22.25,64.05,0.0,72.66,1.5681699999995775,[22.25    64.05     0.      72.66     1.56817],[ 0.33257547  2.76004974 -0.0373632   1.14897211 -0.44370297],1
22.26,39.46,0.0,55.49,1.1100499999997595,[22.26    39.46     0.      55.49     1.11005],[ 0.33548642  0.68515651 -0.0373632  -2.13973201 -0.44371456],0
22.26,64.07,0.0,72.66,0.31204999999997124,[22.26    64.07     0.      72.66     0.31205],[ 0.33548642  2.76173733 -0.0373632   1.14897211 -0.44373474],1
22.26,64.1,0.0,72.66,0.3042000000003334,[22.26   64.1     0.     72.66    0.3042],[ 0.33548642  2.76426871 -0.0373632   1.14897211 -0.44373494],1
22.28,38.59,0.0,55.49,0.07999999999996817,[22.28 38.59  0.   55.49  0.08],[ 0.34130833  0.6117463  -0.0373632  -2.13973201 -0.44374061],0
22.28,39.46,0.0,55.49,1.051250000000066,[22.28    39.46     0.      55.49     1.05125],[ 0.34130833  0.68515651 -0.0373632  -2.13973201 -0.44371605],0
22.3,39.47,0.0,55.49,1.0082000000000226,[22.3    39.47    0.     55.49    1.0082],[ 0.34713023  0.6860003  -0.0373632  -2.13973201 -0.44371713],0
22.33,39.48,0.0,55.49,0.9247999999999412,[22.33   39.48    0.     55.49    0.9248],[ 0.35586309  0.6868441  -0.0373632  -2.13973201 -0.44371924],0
22.35,39.48,0.0,55.49,0.8844499999999789,[22.35    39.48     0.      55.49     0.88445],[ 0.361685    0.6868441  -0.0373632  -2.13973201 -0.44372026],0
22.37,39.49,0.0,55.49,0.8449999999999409,[22.37  39.49   0.    55.49   0.845],[ 0.36750691  0.68768789 -0.0373632  -2.13973201 -0.44372126],0
22.38,39.49,0.0,55.49,0.8064500000000491,[22.38    39.49     0.      55.49     0.80645],[ 0.37041786  0.68768789 -0.0373632  -2.13973201 -0.44372224],0
22.4,50.05,0.0,72.66,1.0658000000000531,[22.4    50.05    0.     72.66    1.0658],[ 0.37623977  1.57873598 -0.0373632   1.14897211 -0.44371568],3
22.41,39.5,0.0,55.49,0.7441999999999639,[22.41   39.5     0.     55.49    0.7442],[ 0.37915072  0.68853169 -0.0373632  -2.13973201 -0.44372381],0
22.43,39.51,0.0,55.49,0.7080500000000649,[22.43    39.51     0.      55.49     0.70805],[ 0.38497262  0.68937548 -0.0373632  -2.13973201 -0.44372473],0
22.43,50.04,0.0,72.66,1.0368000000000785,[22.43   50.04    0.     72.66    1.0368],[ 0.38497262  1.57789219 -0.0373632   1.14897211 -0.44371641],3
22.45,39.52,0.0,55.49,0.672800000000029,[22.45   39.52    0.     55.49    0.6728],[ 0.39079453  0.69021928 -0.0373632  -2.13973201 -0.44372562],0
22.48,39.54,0.0,55.49,0.6050000000000876,[22.48  39.54   0.    55.49   0.605],[ 0.39952739  0.69190687 -0.0373632  -2.13973201 -0.44372733],0
22.5,39.56,0.0,55.49,0.5512500000001314,[22.5     39.56     0.      55.49     0.55125],[ 0.4053493   0.69359446 -0.0373632  -2.13973201 -0.44372869],0
22.51,39.57,0.0,55.49,1.0609000000000903,[22.51   39.57    0.     55.49    1.0609],[ 0.40826025  0.69443826 -0.0373632  -2.13973201 -0.4437158 ],0
22.52,39.58,0.0,55.49,0.5100499999999908,[22.52    39.58     0.      55.49     0.51005],[ 0.4111712   0.69528205 -0.0373632  -2.13973201 -0.44372973],0
22.53,39.59,0.0,55.49,0.490050000000009,[22.53    39.59     0.      55.49     0.49005],[ 0.41408216  0.69612585 -0.0373632  -2.13973201 -0.44373024],0
22.54,39.6,0.0,55.49,0.47044999999986103,[22.54    39.6      0.      55.49     0.47045],[ 0.41699311  0.69696964 -0.0373632  -2.13973201 -0.44373073],0
22.55,39.62,0.0,55.49,0.4418000000000513,[22.55   39.62    0.     55.49    0.4418],[ 0.41990406  0.69865724 -0.0373632  -2.13973201 -0.44373146],0
22.56,39.64,0.0,55.49,0.42319999999991004,[22.56   39.64    0.     55.49    0.4232],[ 0.42281502  0.70034483 -0.0373632  -2.13973201 -0.44373193],0
22.57,37.23,0.0,58.72,4444.359200000003,[  22.57     37.23      0.       58.72   4444.3592],[ 0.42572597  0.4969901  -0.0373632  -1.5210649  -0.33135011],0
22.57,39.66,0.0,55.49,0.3960499999999373,[22.57    39.66     0.      55.49     0.39605],[ 0.42572597  0.70203242 -0.0373632  -2.13973201 -0.44373262],0
22.58,39.68,0.0,55.49,0.3697999999999628,[22.58   39.68    0.     55.49    0.3698],[ 0.42863692  0.70372001 -0.0373632  -2.13973201 -0.44373328],0
22.58,39.7,0.0,55.49,0.3612499999999227,[22.58    39.7      0.      55.49     0.36125],[ 0.42863692  0.7054076  -0.0373632  -2.13973201 -0.4437335 ],0
22.59,39.72,0.0,55.49,0.3444499999999396,[22.59    39.72     0.      55.49     0.34445],[ 0.43154788  0.70709519 -0.0373632  -2.13973201 -0.44373392],0
22.6,39.75,0.0,55.49,18.78845000000032,[22.6     39.75     0.      55.49    18.78845],[ 0.43445883  0.70962658 -0.0373632  -2.13973201 -0.44326749],0
22.6,39.76,0.0,55.49,0.31204999999997124,[22.6     39.76     0.      55.49     0.31205],[ 0.43445883  0.71047037 -0.0373632  -2.13973201 -0.44373474],0
22.61,39.81,0.0,55.49,0.2738000000000067,[22.61   39.81    0.     55.49    0.2738],[ 0.43736978  0.71468935 -0.0373632  -2.13973201 -0.44373571],0
22.62,39.88,0.0,55.49,0.23804999999999843,[22.62    39.88     0.      55.49     0.23805],[ 0.44028074  0.72059592 -0.0373632  -2.13973201 -0.44373661],0
22.62,39.9,0.0,55.49,0.2312000000000433,[22.62   39.9     0.     55.49    0.2312],[ 0.44028074  0.72228351 -0.0373632  -2.13973201 -0.44373678],0
22.62,39.92,0.0,55.49,0.21780000000005403,[22.62   39.92    0.     55.49    0.2178],[ 0.44028074  0.7239711  -0.0373632  -2.13973201 -0.44373712],0
22.63,39.94,0.0,55.49,0.20479999999995488,[22.63   39.94    0.     55.49    0.2048],[ 0.44319169  0.72565869 -0.0373632  -2.13973201 -0.44373745],0
22.63,39.96,0.0,55.49,0.19844999999996132,[22.63    39.96     0.      55.49     0.19845],[ 0.44319169  0.72734628 -0.0373632  -2.13973201 -0.44373761],0
22.63,39.98,0.0,55.49,0.186050000000043,[22.63    39.98     0.      55.49     0.18605],[ 0.44319169  0.72903388 -0.0373632  -2.13973201 -0.44373793],0
22.64,39.99,0.0,55.49,0.186050000000043,[22.64    39.99     0.      55.49     0.18605],[ 0.44610264  0.72987767 -0.0373632  -2.13973201 -0.44373793],0
22.64,40.01,0.0,55.49,0.17404999999995172,[22.64    40.01     0.      55.49     0.17405],[ 0.44610264  0.73156526 -0.0373632  -2.13973201 -0.44373823],0
22.64,40.02,0.0,55.49,0.3363999999999321,[22.64   40.02    0.     55.49    0.3364],[ 0.44610264  0.73240906 -0.0373632  -2.13973201 -0.44373412],0
22.65,40.03,0.0,55.49,0.1624499999999637,[22.65    40.03     0.      55.49     0.16245],[ 0.4490136   0.73325285 -0.0373632  -2.13973201 -0.44373852],0
22.65,40.04,0.0,55.49,0.3080333333333564,[22.65       40.04        0.         55.49        0.30803333],[ 0.4490136   0.73409665 -0.0373632  -2.13973201 -0.44373484],0
22.66,40.05,0.0,55.49,0.28623333333331463,[22.66       40.05        0.         55.49        0.28623333],[ 0.45192455  0.73494044 -0.0373632  -2.13973201 -0.44373539],0
22.69,31.77,0.0,58.72,0.13519999999999055,[22.69   31.77    0.     58.72    0.1352],[ 0.46065741  0.03627774 -0.0373632  -1.5210649  -0.44373921],0
22.75,31.74,0.0,58.72,0.15124999999991245,[22.75    31.74     0.      58.72     0.15125],[ 0.47812313  0.03374635 -0.0373632  -1.5210649  -0.44373881],0
22.82,31.71,0.0,58.72,0.1681999999999578,[22.82   31.71    0.     58.72    0.1682],[ 0.4984998   0.03121496 -0.0373632  -1.5210649  -0.44373838],0
22.84,54.08,0.0,72.66,2.163200000000558,[22.84   54.08    0.     72.66    2.1632],[ 0.50432171  1.91878558 -0.0373632   1.14897211 -0.44368793],1
22.86,31.69,0.0,58.72,0.17999999999994543,[22.86 31.69  0.   58.72  0.18],[ 0.51014361  0.02952737 -0.0373632  -1.5210649  -0.44373808],0
22.86,53.87,0.0,72.66,2.204999999999809,[22.86  53.87   0.    72.66   2.205],[ 0.51014361  1.90106588 -0.0373632   1.14897211 -0.44368687],1
22.94,37.9,0.0,58.72,0.0017999999999967259,[2.294e+01 3.790e+01 0.000e+00 5.872e+01 1.800e-03],[ 0.53343124  0.5535244  -0.0373632  -1.5210649  -0.44374259],0
22.95,37.9,0.0,58.72,0.0017999999999967259,[2.295e+01 3.790e+01 0.000e+00 5.872e+01 1.800e-03],[ 0.53634219  0.5535244  -0.0373632  -1.5210649  -0.44374259],0
22.95,81.12,0.0,72.66,0.39605000000008905,[22.95    81.12     0.      72.66     0.39605],[ 0.53634219  4.20040872 -0.0373632   1.14897211 -0.44373262],1
22.97,81.13,0.0,72.66,0.3960499999996843,[22.97    81.13     0.      72.66     0.39605],[ 0.5421641   4.20125252 -0.0373632   1.14897211 -0.44373262],1
22.98,81.14,0.0,72.66,0.8010333333332996,[22.98       81.14        0.         72.66        0.80103333],[ 0.54507505  4.20209631 -0.0373632   1.14897211 -0.44372237],1
22.99,81.15,0.0,72.66,0.39605000000008905,[22.99    81.15     0.      72.66     0.39605],[ 0.54798601  4.20294011 -0.0373632   1.14897211 -0.44373262],1
23.0,79.49,0.0,72.66,0.0071999999999869035,[2.300e+01 7.949e+01 0.000e+00 7.266e+01 7.200e-03],[ 0.55089696  4.06287005 -0.0373632   1.14897211 -0.44374245],1
23.01,79.46,0.0,72.66,0.007200000000014188,[2.301e+01 7.946e+01 0.000e+00 7.266e+01 7.200e-03],[ 0.55380791  4.06033866 -0.0373632   1.14897211 -0.44374245],1
23.01,79.48,0.0,72.66,0.006050000000039017,[2.301e+01 7.948e+01 0.000e+00 7.266e+01 6.050e-03],[ 0.55380791  4.06202625 -0.0373632   1.14897211 -0.44374248],1
23.01,81.18,0.0,72.66,0.4140499999998676,[23.01    81.18     0.      72.66     0.41405],[ 0.55380791  4.20547149 -0.0373632   1.14897211 -0.44373216],1
23.02,79.43,0.0,72.66,0.0071999999999869035,[2.302e+01 7.943e+01 0.000e+00 7.266e+01 7.200e-03],[ 0.55671887  4.05780728 -0.0373632   1.14897211 -0.44374245],1
23.02,79.45,0.0,72.66,0.007200000000068758,[2.302e+01 7.945e+01 0.000e+00 7.266e+01 7.200e-03],[ 0.55671887  4.05949487 -0.0373632   1.14897211 -0.44374245],1
23.03,31.61,0.0,58.72,0.2311999999998887,[23.03   31.61    0.     58.72    0.2312],[ 0.55962982  0.02277701 -0.0373632  -1.5210649  -0.44373678],0
23.03,38.47,0.0,70.09,0.14579999999998036,[23.03   38.47    0.     70.09    0.1458],[ 0.55962982  0.60162075 -0.0373632   0.65671995 -0.44373894],3
23.03,79.4,0.0,72.66,0.007200000000068758,[2.303e+01 7.940e+01 0.000e+00 7.266e+01 7.200e-03],[ 0.55962982  4.05527589 -0.0373632   1.14897211 -0.44374245],1
23.03,79.42,0.0,72.66,0.0071999999999869035,[2.303e+01 7.942e+01 0.000e+00 7.266e+01 7.200e-03],[ 0.55962982  4.05696348 -0.0373632   1.14897211 -0.44374245],1
23.04,38.47,0.0,70.09,0.29160000000003744,[23.04   38.47    0.     70.09    0.2916],[ 0.56254077  0.60162075 -0.0373632   0.65671995 -0.44373526],3
23.04,79.37,0.0,72.66,0.0071999999999869035,[2.304e+01 7.937e+01 0.000e+00 7.266e+01 7.200e-03],[ 0.56254077  4.0527445  -0.0373632   1.14897211 -0.44374245],1
23.04,79.39,0.0,72.66,0.008450000000014187,[2.304e+01 7.939e+01 0.000e+00 7.266e+01 8.450e-03],[ 0.56254077  4.05443209 -0.0373632   1.14897211 -0.44374242],1
23.05,38.47,0.0,70.09,0.30250000000002814,[23.05   38.47    0.     70.09    0.3025],[ 0.56545173  0.60162075 -0.0373632   0.65671995 -0.44373498],3
23.05,79.34,0.0,72.66,0.007200000000014188,[2.305e+01 7.934e+01 0.000e+00 7.266e+01 7.200e-03],[ 0.56545173  4.05021312 -0.0373632   1.14897211 -0.44374245],1
23.05,79.35,0.0,72.66,0.007200000000014188,[2.305e+01 7.935e+01 0.000e+00 7.266e+01 7.200e-03],[ 0.56545173  4.05105691 -0.0373632   1.14897211 -0.44374245],1
23.06,38.47,0.0,70.09,0.3080333333333564,[23.06       38.47        0.         70.09        0.30803333],[ 0.56836268  0.60162075 -0.0373632   0.65671995 -0.44373484],3
23.06,79.3,0.0,72.66,0.007200000000014188,[2.306e+01 7.930e+01 0.000e+00 7.266e+01 7.200e-03],[ 0.56836268  4.04683793 -0.0373632   1.14897211 -0.44374245],1
23.06,79.32,0.0,72.66,0.008449999999925512,[2.306e+01 7.932e+01 0.000e+00 7.266e+01 8.450e-03],[ 0.56836268  4.04852552 -0.0373632   1.14897211 -0.44374242],1
23.07,38.47,0.0,70.09,0.319233333333491,[23.07       38.47        0.         70.09        0.31923333],[ 0.57127363  0.60162075 -0.0373632   0.65671995 -0.44373456],3
23.07,79.27,0.0,72.66,0.008450000000014187,[2.307e+01 7.927e+01 0.000e+00 7.266e+01 8.450e-03],[ 0.57127363  4.04430655 -0.0373632   1.14897211 -0.44374242],1
23.07,79.29,0.0,72.66,6.981100000000839,[23.07   79.29    0.     72.66    6.9811],[ 0.57127363  4.04599414 -0.0373632   1.14897211 -0.44356609],1
23.08,38.48,0.0,70.09,0.1681999999999578,[23.08   38.48    0.     70.09    0.1682],[ 0.57418459  0.60246454 -0.0373632   0.65671995 -0.44373838],3
23.08,79.23,0.0,72.66,0.008450000000014187,[2.308e+01 7.923e+01 0.000e+00 7.266e+01 8.450e-03],[ 0.57418459  4.04093136 -0.0373632   1.14897211 -0.44374242],1
23.08,79.24,0.0,72.66,4.743199999999776,[23.08   79.24    0.     72.66    4.7432],[ 0.57418459  4.04177516 -0.0373632   1.14897211 -0.44362268],1
23.08,79.25,0.0,72.66,0.00844999999998463,[2.308e+01 7.925e+01 0.000e+00 7.266e+01 8.450e-03],[ 0.57418459  4.04261896 -0.0373632   1.14897211 -0.44374242],1
23.08,79.26,0.0,72.66,6.444050000000522,[23.08    79.26     0.      72.66     6.44405],[ 0.57418459  4.04346275 -0.0373632   1.14897211 -0.44357967],1
23.09,31.59,0.0,58.72,0.2450000000001114,[23.09  31.59   0.    58.72   0.245],[ 0.57709554  0.02108942 -0.0373632  -1.5210649  -0.44373644],0
23.09,38.48,0.0,70.09,0.3422333333334096,[23.09       38.48        0.         70.09        0.34223333],[ 0.57709554  0.60246454 -0.0373632   0.65671995 -0.44373398],3
23.09,79.19,0.0,72.66,0.018233333333332,"[2.30900000e+01 7.91900000e+01 0.00000000e+00 7.26600000e+01
 1.82333333e-02]",[ 0.57709554  4.03755618 -0.0373632   1.14897211 -0.44374217],1
23.09,79.2,0.0,72.66,0.26749821428572146,[23.09       79.2         0.         72.66        0.26749821],[ 0.57709554  4.03839998 -0.0373632   1.14897211 -0.44373587],1
23.09,79.21,0.0,72.66,1.0148333333337016,[23.09       79.21        0.         72.66        1.01483333],[ 0.57709554  4.03924377 -0.0373632   1.14897211 -0.44371697],1
23.09,79.22,0.0,72.66,1.6329333333338047,[23.09       79.22        0.         72.66        1.63293333],[ 0.57709554  4.04008757 -0.0373632   1.14897211 -0.44370134],1
23.1,38.48,0.0,70.09,0.35403333333339915,[23.1        38.48        0.         70.09        0.35403333],[ 0.58000649  0.60246454 -0.0373632   0.65671995 -0.44373368],3
23.11,38.48,0.0,70.09,0.36603333333321736,[23.11       38.48        0.         70.09        0.36603333],[ 0.58291745  0.60246454 -0.0373632   0.65671995 -0.44373337],3
23.11,40.11,0.0,58.72,1.6561999999998842,[23.11   40.11    0.     58.72    1.6562],[ 0.58291745  0.74000322 -0.0373632  -1.5210649  -0.44370075],0
23.11,62.68,0.0,72.66,0.5990666666669504,[23.11       62.68        0.         72.66        0.59906667],[ 0.58291745  2.64444975 -0.0373632   1.14897211 -0.44372748],1
23.12,38.48,0.0,70.09,0.37823333333348474,[23.12       38.48        0.         70.09        0.37823333],[ 0.5858284   0.60246454 -0.0373632   0.65671995 -0.44373307],3
23.12,62.7,0.0,72.66,0.08404999999994034,[23.12    62.7      0.      72.66     0.08405],[ 0.5858284   2.64613734 -0.0373632   1.14897211 -0.44374051],1
23.13,38.48,0.0,70.09,0.19845000000006877,[23.13    38.48     0.      70.09     0.19845],[ 0.58873935  0.60246454 -0.0373632   0.65671995 -0.44373761],3
23.14,38.48,0.0,70.09,0.40323333333335737,[23.14       38.48        0.         70.09        0.40323333],[ 0.59165031  0.60246454 -0.0373632   0.65671995 -0.44373243],3
23.15,31.57,0.0,58.72,0.2737999999999226,[23.15   31.57    0.     58.72    0.2738],[ 0.59456126  0.01940183 -0.0373632  -1.5210649  -0.44373571],0
23.15,38.48,0.0,70.09,0.41603333333327364,[23.15       38.48        0.         70.09        0.41603333],[ 0.59456126  0.60246454 -0.0373632   0.65671995 -0.44373211],3
23.16,38.48,0.0,70.09,0.21124999999998523,[23.16    38.48     0.      70.09     0.21125],[ 0.59747221  0.60246454 -0.0373632   0.65671995 -0.44373729],3
23.17,38.49,0.0,70.09,0.4422333333331333,[23.17       38.49        0.         70.09        0.44223333],[ 0.60038317  0.60330834 -0.0373632   0.65671995 -0.44373145],3
23.18,38.49,0.0,70.09,0.2312000000001206,[23.18   38.49    0.     70.09    0.2312],[ 0.60329412  0.60330834 -0.0373632   0.65671995 -0.44373678],3
23.19,38.49,0.0,70.09,0.4761000000000753,[23.19   38.49    0.     70.09    0.4761],[ 0.60620507  0.60330834 -0.0373632   0.65671995 -0.44373059],3
23.2,38.5,0.0,70.09,0.24499999999987268,[23.2   38.5    0.    70.09   0.245],[ 0.60911603  0.60415214 -0.0373632   0.65671995 -0.44373644],3
23.2,79.31,0.0,72.66,0.061250000000047745,[2.320e+01 7.931e+01 0.000e+00 7.266e+01 6.125e-02],[ 0.60911603  4.04768173 -0.0373632   1.14897211 -0.44374108],1
23.21,38.5,0.0,70.09,0.2520500000000258,[23.21    38.5      0.      70.09     0.25205],[ 0.61202698  0.60415214 -0.0373632   0.65671995 -0.44373626],3
23.21,79.27,0.0,72.66,1.328450000000178,[23.21    79.27     0.      72.66     1.32845],[ 0.61202698  4.04430655 -0.0373632   1.14897211 -0.44370904],1
23.22,31.56,0.0,58.72,0.30419999999989006,[23.22   31.56    0.     58.72    0.3042],[ 0.61493793  0.01855803 -0.0373632  -1.5210649  -0.44373494],0
23.22,38.51,0.0,70.09,0.2592000000001015,[23.22   38.51    0.     70.09    0.2592],[ 0.61493793  0.60499593 -0.0373632   0.65671995 -0.44373608],3
23.22,79.23,0.0,72.66,0.024999999999982946,[2.322e+01 7.923e+01 0.000e+00 7.266e+01 2.500e-02],[ 0.61493793  4.04093136 -0.0373632   1.14897211 -0.443742  ],1
23.22,79.24,0.0,72.66,0.15746666666681527,[23.22       79.24        0.         72.66        0.15746667],[ 0.61493793  4.04177516 -0.0373632   1.14897211 -0.44373865],1
23.22,79.25,0.0,72.66,0.3522333333334695,[23.22       79.25        0.         72.66        0.35223333],[ 0.61493793  4.04261896 -0.0373632   1.14897211 -0.44373372],1
23.22,79.26,0.0,72.66,0.004999999999968168,[2.322e+01 7.926e+01 0.000e+00 7.266e+01 5.000e-03],[ 0.61493793  4.04346275 -0.0373632   1.14897211 -0.4437425 ],1
23.23,38.51,0.0,70.09,0.2664500000000133,[23.23    38.51     0.      70.09     0.26645],[ 0.61784889  0.60499593 -0.0373632   0.65671995 -0.44373589],3
23.24,38.52,0.0,70.09,0.28125,[23.24    38.52     0.      70.09     0.28125],[ 0.62075984  0.60583973 -0.0373632   0.65671995 -0.44373552],3
23.24,38.53,0.0,70.09,0.28125,[23.24    38.53     0.      70.09     0.28125],[ 0.62075984  0.60668352 -0.0373632   0.65671995 -0.44373552],3
23.24,54.75,0.0,72.66,0.4140499999998676,[23.24    54.75     0.      72.66     0.41405],[ 0.62075984  1.97531989 -0.0373632   1.14897211 -0.44373216],1
23.25,38.54,0.0,70.09,0.2887999999999067,[23.25   38.54    0.     70.09    0.2888],[ 0.62367079  0.60752732 -0.0373632   0.65671995 -0.44373533],3
23.25,54.79,0.0,72.66,0.40499999999987724,[23.25  54.79   0.    72.66   0.405],[ 0.62367079  1.97869507 -0.0373632   1.14897211 -0.44373239],1
23.26,38.56,0.0,70.09,0.3042000000000674,[23.26   38.56    0.     70.09    0.3042],[ 0.62658175  0.60921491 -0.0373632   0.65671995 -0.44373494],3
23.26,54.82,0.0,72.66,0.39605000000008905,[23.26    54.82     0.      72.66     0.39605],[ 0.62658175  1.98122645 -0.0373632   1.14897211 -0.44373262],1
23.27,38.6,0.0,70.09,0.32805000000023204,[23.27    38.6      0.      70.09     0.32805],[ 0.6294927   0.61259009 -0.0373632   0.65671995 -0.44373433],3
23.27,54.86,0.0,72.66,0.3960500000002914,[23.27    54.86     0.      72.66     0.39605],[ 0.6294927   1.98460164 -0.0373632   1.14897211 -0.44373262],1
23.27,79.05,0.0,72.66,0.4400250000003421,[23.27     79.05      0.       72.66      0.440025],[ 0.6294927   4.02574304 -0.0373632   1.14897211 -0.4437315 ],1
23.27,79.06,0.0,72.66,1.0224500000004162,[23.27    79.06     0.      72.66     1.02245],[ 0.6294927   4.02658684 -0.0373632   1.14897211 -0.44371677],1
23.27,79.07,0.0,72.66,0.00500000000003638,[2.327e+01 7.907e+01 0.000e+00 7.266e+01 5.000e-03],[ 0.6294927   4.02743064 -0.0373632   1.14897211 -0.4437425 ],1
23.28,41.11,0.0,58.72,0.011249999999996589,[2.328e+01 4.111e+01 0.000e+00 5.872e+01 1.125e-02],[ 0.63240365  0.82438277 -0.0373632  -1.5210649  -0.44374235],0
23.28,54.91,0.0,72.66,0.387200000000096,[23.28   54.91    0.     72.66    0.3872],[ 0.63240365  1.98882061 -0.0373632   1.14897211 -0.44373284],1
23.28,79.03,0.0,72.66,0.03245666666669063,"[2.32800000e+01 7.90300000e+01 0.00000000e+00 7.26600000e+01
 3.24566667e-02]",[ 0.63240365  4.02405545 -0.0373632   1.14897211 -0.44374181],1
23.28,79.04,0.0,72.66,0.005000000000013643,[2.328e+01 7.904e+01 0.000e+00 7.266e+01 5.000e-03],[ 0.63240365  4.02489925 -0.0373632   1.14897211 -0.4437425 ],1
23.29,54.96,0.0,72.66,0.387200000000096,[23.29   54.96    0.     72.66    0.3872],[ 0.63531461  1.99303959 -0.0373632   1.14897211 -0.44373284],1
23.3,55.0,0.0,72.66,0.387200000000096,[23.3    55.      0.     72.66    0.3872],[ 0.63822556  1.99641477 -0.0373632   1.14897211 -0.44373284],1
23.32,45.62,0.0,72.66,29709.468800000013,"[2.33200000e+01 4.56200000e+01 0.00000000e+00 7.26600000e+01
 2.97094688e+04]",[ 0.64404746  1.20493456 -0.0373632   1.14897211  0.30757425],3
23.37,41.13,0.0,58.72,0.012800000000031286,[2.337e+01 4.113e+01 0.000e+00 5.872e+01 1.280e-02],[ 0.65860223  0.82607036 -0.0373632  -1.5210649  -0.44374231],0
23.4,41.14,0.0,58.72,0.012799999999976717,[2.340e+01 4.114e+01 0.000e+00 5.872e+01 1.280e-02],[ 0.66733509  0.82691416 -0.0373632  -1.5210649  -0.44374231],0
23.44,46.96,0.0,72.66,8238.144800000016,[  23.44     46.96      0.       72.66   8238.1448],[ 0.6789789   1.31800316 -0.0373632   1.14897211 -0.23540982],3
23.45,41.13,0.0,58.72,0.01445000000001237,[2.345e+01 4.113e+01 0.000e+00 5.872e+01 1.445e-02],[ 0.68188986  0.82607036 -0.0373632  -1.5210649  -0.44374227],0
23.45,46.81,0.0,72.66,244552.20479999986,"[2.34500000e+01 4.68100000e+01 0.00000000e+00 7.26600000e+01
 2.44552205e+05]",[ 0.68188986  1.30534623 -0.0373632   1.14897211  5.74068974],3
23.45,47.1,0.0,72.66,8163.864200000011,[  23.45     47.1       0.       72.66   8163.8642],[ 0.68188986  1.3298163  -0.0373632   1.14897211 -0.23728828],3
23.47,38.64,0.0,55.49,0.08405000000001026,[23.47    38.64     0.      55.49     0.08405],[ 0.68771176  0.61596527 -0.0373632  -2.13973201 -0.44374051],0
23.49,38.64,0.0,55.49,0.07604999999997251,[23.49    38.64     0.      55.49     0.07605],[ 0.69353367  0.61596527 -0.0373632  -2.13973201 -0.44374071],0
23.51,41.59,0.0,58.72,0.938450000000084,[23.51    41.59     0.      58.72     0.93845],[ 0.69935558  0.86488496 -0.0373632  -1.5210649  -0.4437189 ],0
23.53,41.58,0.0,58.72,0.8978000000001188,[23.53   41.58    0.     58.72    0.8978],[ 0.70517748  0.86404116 -0.0373632  -1.5210649  -0.44371993],0
23.54,62.04,0.0,72.66,1402.380800000002,[  23.54     62.04      0.       72.66   1402.3808],[ 0.70808844  2.59044683 -0.0373632   1.14897211 -0.4082781 ],1
23.55,41.1,0.0,58.72,0.016199999999990996,[2.355e+01 4.110e+01 0.000e+00 5.872e+01 1.620e-02],[ 0.71099939  0.82353898 -0.0373632  -1.5210649  -0.44374222],0
23.55,41.6,0.0,58.72,0.8580500000001519,[23.55    41.6      0.      58.72     0.85805],[ 0.71099939  0.86572875 -0.0373632  -1.5210649  -0.44372093],0
23.56,48.1,0.0,72.66,92084.86125000005,"[2.35600000e+01 4.81000000e+01 0.00000000e+00 7.26600000e+01
 9.20848613e+04]",[ 0.71391034  1.41419585 -0.0373632   1.14897211  1.88497322],3
23.56,49.16,0.0,72.66,9.768200000000322,[23.56   49.16    0.     72.66    9.7682],[ 0.71391034  1.50363818 -0.0373632   1.14897211 -0.4434956 ],1
23.56,60.91,0.0,72.66,0.00044999999999918147,[2.356e+01 6.091e+01 0.000e+00 7.266e+01 4.500e-04],[ 0.71391034  2.49509794 -0.0373632   1.14897211 -0.44374262],1
23.57,60.88,0.0,72.66,0.18493333333348655,[23.57       60.88        0.         72.66        0.18493333],[ 0.7168213   2.49256655 -0.0373632   1.14897211 -0.44373795],1
23.57,60.89,0.0,72.66,1.4964499999996381,[23.57    60.89     0.      72.66     1.49645],[ 0.7168213   2.49341035 -0.0373632   1.14897211 -0.44370479],1
23.57,60.93,0.0,72.66,12035.761249999943,[   23.57       60.93        0.         72.66    12035.76125],[ 0.7168213   2.49678553 -0.0373632   1.14897211 -0.13937264],1
23.58,60.84,0.0,72.66,2005.3444499999955,[  23.58      60.84       0.        72.66    2005.34445],[ 0.71973225  2.48919137 -0.0373632   1.14897211 -0.39302987],1
23.6,67.51,0.0,72.66,1.5841999999995466,[23.6    67.51    0.     72.66    1.5842],[ 0.72555416  3.05200299 -0.0373632   1.14897211 -0.44370257],1
23.61,49.1,0.0,72.66,238927.10645,"[2.36100000e+01 4.91000000e+01 0.00000000e+00 7.26600000e+01
 2.38927106e+05]",[ 0.72846511  1.49857541 -0.0373632   1.14897211  5.59843774],3
23.61,60.58,0.0,72.66,0.08820000000003056,[23.61   60.58    0.     72.66    0.0882],[ 0.72846511  2.46725268 -0.0373632   1.14897211 -0.4437404 ],1
23.62,60.58,0.0,72.66,0.6174000000001948,[23.62   60.58    0.     72.66    0.6174],[ 0.73137606  2.46725268 -0.0373632   1.14897211 -0.44372702],1
23.63,60.59,0.0,72.66,0.08404999999994034,[23.63    60.59     0.      72.66     0.08405],[ 0.73428702  2.46809648 -0.0373632   1.14897211 -0.44374051],1
23.63,60.6,0.0,72.66,0.08820000000003056,[23.63   60.6     0.     72.66    0.0882],[ 0.73428702  2.46894028 -0.0373632   1.14897211 -0.4437404 ],1
23.63,60.62,0.0,72.66,0.08820000000003056,[23.63   60.62    0.     72.66    0.0882],[ 0.73428702  2.47062787 -0.0373632   1.14897211 -0.4437404 ],1
23.64,39.68,0.0,72.8,1.125,[23.64  39.68   0.    72.8    1.125],[ 0.73719797  0.70372001 -0.0373632   1.17578741 -0.44371418],3
23.71,61.1,0.0,72.66,0.05780000000004948,[2.371e+01 6.110e+01 0.000e+00 7.266e+01 5.780e-02],[ 0.75757464  2.51113005 -0.0373632   1.14897211 -0.44374117],1
23.71,61.12,0.0,72.66,0.05780000000004948,[2.371e+01 6.112e+01 0.000e+00 7.266e+01 5.780e-02],[ 0.75757464  2.51281764 -0.0373632   1.14897211 -0.44374117],1
23.71,61.13,0.0,72.66,0.05780000000004948,[2.371e+01 6.113e+01 0.000e+00 7.266e+01 5.780e-02],[ 0.75757464  2.51366144 -0.0373632   1.14897211 -0.44374117],1
23.71,61.14,0.0,72.66,0.05780000000004948,[2.371e+01 6.114e+01 0.000e+00 7.266e+01 5.780e-02],[ 0.75757464  2.51450523 -0.0373632   1.14897211 -0.44374117],1
23.71,61.15,0.0,72.66,0.05780000000004948,[2.371e+01 6.115e+01 0.000e+00 7.266e+01 5.780e-02],[ 0.75757464  2.51534903 -0.0373632   1.14897211 -0.44374117],1
23.71,61.16,0.0,72.66,0.05780000000004948,[2.371e+01 6.116e+01 0.000e+00 7.266e+01 5.780e-02],[ 0.75757464  2.51619283 -0.0373632   1.14897211 -0.44374117],1
23.71,61.17,0.0,72.66,0.05780000000004948,[2.371e+01 6.117e+01 0.000e+00 7.266e+01 5.780e-02],[ 0.75757464  2.51703662 -0.0373632   1.14897211 -0.44374117],1
23.71,61.18,0.0,72.66,0.06124999999988859,[2.371e+01 6.118e+01 0.000e+00 7.266e+01 6.125e-02],[ 0.75757464  2.51788042 -0.0373632   1.14897211 -0.44374108],1
23.71,61.19,0.0,72.66,0.05780000000004948,[2.371e+01 6.119e+01 0.000e+00 7.266e+01 5.780e-02],[ 0.75757464  2.51872421 -0.0373632   1.14897211 -0.44374117],1
23.71,61.2,0.0,72.66,0.06125000000012733,[2.371e+01 6.120e+01 0.000e+00 7.266e+01 6.125e-02],[ 0.75757464  2.51956801 -0.0373632   1.14897211 -0.44374108],1
23.72,71.82,0.0,72.66,73038.41999999993,[2.372000e+01 7.182000e+01 0.000000e+00 7.266000e+01 7.303842e+04],[ 0.7604856   3.41567887 -0.0373632   1.14897211  1.40331154],1
23.72,71.84,0.0,72.66,72858.89644999991,"[2.37200000e+01 7.18400000e+01 0.00000000e+00 7.26600000e+01
 7.28588964e+04]",[ 0.7604856   3.41736646 -0.0373632   1.14897211  1.3987716 ],1
23.73,50.83,0.0,58.72,0.15680000000016042,[23.73   50.83    0.     58.72    0.1568],[ 0.76339655  1.64455203 -0.0373632  -1.5210649  -0.44373867],0
23.73,50.84,0.0,58.72,0.5060249999998936,[23.73     50.84      0.       58.72      0.506025],[ 0.76339655  1.64539583 -0.0373632  -1.5210649  -0.44372983],0
23.73,71.75,0.0,72.66,73812.50420000001,"[2.37300000e+01 7.17500000e+01 0.00000000e+00 7.26600000e+01
 7.38125042e+04]",[ 0.76339655  3.4097723  -0.0373632   1.14897211  1.4228872 ],1
23.73,71.78,0.0,72.66,73789.4528000002,"[2.37300000e+01 7.17800000e+01 0.00000000e+00 7.26600000e+01
 7.37894528e+04]",[ 0.76339655  3.41230369 -0.0373632   1.14897211  1.42230426],1
23.74,50.82,0.0,58.72,9.205299999999644,[23.74   50.82    0.     58.72    9.2053],[ 0.7663075   1.64370824 -0.0373632  -1.5210649  -0.44350984],0
23.74,50.83,0.0,58.72,0.14579999999998036,[23.74   50.83    0.     58.72    0.1458],[ 0.7663075   1.64455203 -0.0373632  -1.5210649  -0.44373894],0
23.75,50.8,0.0,58.72,0.13519999999999055,[23.75   50.8     0.     58.72    0.1352],[ 0.76921845  1.64202065 -0.0373632  -1.5210649  -0.44373921],0
23.77,43.33,0.0,70.72,6656.272199999993,[  23.77     43.33      0.       70.72   6656.2722],[ 0.77504036  1.01170538 -0.0373632   0.77738877 -0.27541348],3
23.78,50.73,0.0,58.72,0.12005000000006016,[23.78    50.73     0.      58.72     0.12005],[ 0.77795131  1.63611408 -0.0373632  -1.5210649  -0.4437396 ],0
23.79,36.64,0.0,58.72,27165.474050000008,"[2.37900000e+01 3.66400000e+01 0.00000000e+00 5.87200000e+01
 2.71654741e+04]",[ 0.78086227  0.44720617 -0.0373632  -1.5210649   0.24323967],0
23.8,71.42,0.0,72.66,74478.70125000001,"[2.38000000e+01 7.14200000e+01 0.00000000e+00 7.26600000e+01
 7.44787013e+04]",[ 0.78377322  3.38192705 -0.0373632   1.14897211  1.43973452],1
23.83,71.26,0.0,72.66,75594.38444999997,"[2.38300000e+01 7.12600000e+01 0.00000000e+00 7.26600000e+01
 7.55943844e+04]",[ 0.79250608  3.36842632 -0.0373632   1.14897211  1.46794882],1
23.84,71.2,0.0,72.66,75968.12204999999,[2.3840000e+01 7.1200000e+01 0.0000000e+00 7.2660000e+01 7.5968122e+04],[ 0.79541703  3.36336355 -0.0373632   1.14897211  1.47740019],1
23.86,71.11,0.0,72.66,76538.28125,"[2.38600000e+01 7.11100000e+01 0.00000000e+00 7.26600000e+01
 7.65382812e+04]",[ 0.80123894  3.35576939 -0.0373632   1.14897211  1.49181884],1
23.91,59.07,0.0,72.66,203362.53125,"[2.39100000e+01 5.90700000e+01 0.00000000e+00 7.26600000e+01
 2.03362531e+05]",[ 0.81579371  2.33983956 -0.0373632   1.14897211  4.69905223],3
23.93,50.04,0.0,58.72,0.020000000000031833,[2.393e+01 5.004e+01 0.000e+00 5.872e+01 2.000e-02],[ 0.82161561  1.57789219 -0.0373632  -1.5210649  -0.44374213],0
23.97,50.62,0.0,55.49,1863.5512499999973,[  23.97      50.62       0.        55.49    1863.55125],[ 0.83325943  1.62683233 -0.0373632  -2.13973201 -0.39661565],0
24.04,37.67,0.0,70.09,29.568049999999765,[24.04    37.67     0.      70.09    29.56805],[ 0.8536361   0.53411711 -0.0373632   0.65671995 -0.44299489],3
24.04,50.67,0.0,55.49,0.3697999999999628,[24.04   50.67    0.     55.49    0.3698],[ 0.8536361   1.63105131 -0.0373632  -2.13973201 -0.44373328],0
24.06,50.69,0.0,55.49,0.36125000000006763,[24.06    50.69     0.      55.49     0.36125],[ 0.85945801  1.6327389  -0.0373632  -2.13973201 -0.4437335 ],0
24.08,50.71,0.0,55.49,0.3361999999999944,[24.08   50.71    0.     55.49    0.3362],[ 0.86527991  1.63442649 -0.0373632  -2.13973201 -0.44373413],0
24.11,50.75,0.0,55.49,0.31204999999997124,[24.11    50.75     0.      55.49     0.31205],[ 0.87401277  1.63780167 -0.0373632  -2.13973201 -0.44373474],0
24.15,54.08,0.0,72.66,0.4512499999999352,[24.15    54.08     0.      72.66     0.45125],[ 0.88565659  1.91878558 -0.0373632   1.14897211 -0.44373122],1
24.17,32.01,0.0,58.72,38769.985799999966,"[2.41700000e+01 3.20100000e+01 0.00000000e+00 5.87200000e+01
 3.87699858e+04]",[ 0.89147849  0.05652883 -0.0373632  -1.5210649   0.53670388],0
24.17,69.04,0.0,72.66,193168.41680000024,"[2.41700000e+01 6.90400000e+01 0.00000000e+00 7.26600000e+01
 1.93168417e+05]",[ 0.89147849  3.18110371 -0.0373632   1.14897211  4.44125528],1
24.18,41.86,0.0,72.8,25418.360450000007,"[2.41800000e+01 4.18600000e+01 0.00000000e+00 7.28000000e+01
 2.54183605e+04]",[ 0.89438945  0.88766744 -0.0373632   1.17578741  0.19905726],3
24.18,69.31,0.0,72.66,99920.27963333338,"[2.41800000e+01 6.93100000e+01 0.00000000e+00 7.26600000e+01
 9.99202796e+04]",[ 0.89438945  3.20388619 -0.0373632   1.14897211  2.08312157],1
24.18,69.41,0.0,72.66,26470.704050000033,"[2.41800000e+01 6.94100000e+01 0.00000000e+00 7.26600000e+01
 2.64707041e+04]",[ 0.89438945  3.21232415 -0.0373632   1.14897211  0.22566977],1
24.2,41.91,0.0,72.8,2.332800000000054,[24.2    41.91    0.     72.8     2.3328],[ 0.90021135  0.89188641 -0.0373632   1.17578741 -0.44368364],3
24.22,41.95,0.0,72.8,2.2898000000000924,[24.22   41.95    0.     72.8     2.2898],[ 0.90603326  0.8952616  -0.0373632   1.17578741 -0.44368472],3
24.22,50.92,0.0,55.49,0.2244499999999345,[24.22    50.92     0.      55.49     0.22445],[ 0.90603326  1.65214619 -0.0373632  -2.13973201 -0.44373695],0
24.23,40.28,0.0,55.49,0.2664500000000133,[24.23    40.28     0.      55.49     0.26645],[ 0.90894421  0.75434774 -0.0373632  -2.13973201 -0.44373589],0
24.26,40.36,0.0,55.49,0.22445000000004875,[24.26    40.36     0.      55.49     0.22445],[ 0.91767707  0.76109811 -0.0373632  -2.13973201 -0.44373695],0
24.27,40.39,0.0,55.49,0.2112500000000591,[24.27    40.39     0.      55.49     0.21125],[ 0.92058802  0.76362949 -0.0373632  -2.13973201 -0.44373729],0
24.28,40.43,0.0,55.49,0.19220000000003806,[24.28   40.43    0.     55.49    0.1922],[ 0.92349898  0.76700467 -0.0373632  -2.13973201 -0.44373777],0
24.29,40.5,0.0,55.49,0.1624500000000609,[24.29    40.5      0.      55.49     0.16245],[ 0.92640993  0.77291124 -0.0373632  -2.13973201 -0.44373852],0
24.3,40.53,0.0,55.49,0.15679999999996944,[24.3    40.53    0.     55.49    0.1568],[ 0.92932088  0.77544263 -0.0373632  -2.13973201 -0.44373867],0
24.3,40.55,0.0,55.49,0.151249999999975,[24.3     40.55     0.      55.49     0.15125],[ 0.92932088  0.77713022 -0.0373632  -2.13973201 -0.44373881],0
24.31,40.57,0.0,55.49,0.14044999999998553,[24.31    40.57     0.      55.49     0.14045],[ 0.93223184  0.77881781 -0.0373632  -2.13973201 -0.44373908],0
24.31,40.59,0.0,55.49,0.13520000000007923,[24.31   40.59    0.     55.49    0.1352],[ 0.93223184  0.7805054  -0.0373632  -2.13973201 -0.44373921],0
24.32,36.75,0.0,58.72,0.6272000000000051,[24.32   36.75    0.     58.72    0.6272],[ 0.93514279  0.45648792 -0.0373632  -1.5210649  -0.44372677],0
24.32,40.63,0.0,55.49,0.12005000000000446,[24.32    40.63     0.      55.49     0.12005],[ 0.93514279  0.78388059 -0.0373632  -2.13973201 -0.4437396 ],0
24.32,40.66,0.0,55.49,0.11520000000000873,[24.32   40.66    0.     55.49    0.1152],[ 0.93514279  0.78641197 -0.0373632  -2.13973201 -0.44373972],0
24.32,40.7,0.0,55.49,0.10125000000002046,[24.32    40.7      0.      55.49     0.10125],[ 0.93514279  0.78978715 -0.0373632  -2.13973201 -0.44374007],0
24.32,40.73,0.0,55.49,0.09679999999994898,[24.32   40.73    0.     55.49    0.0968],[ 0.93514279  0.79231854 -0.0373632  -2.13973201 -0.44374018],0
24.33,36.74,0.0,58.72,1.2100000000001125,[24.33 36.74  0.   58.72  1.21],[ 0.93805374  0.45564412 -0.0373632  -1.5210649  -0.44371203],0
24.34,36.72,0.0,58.72,0.5724500000000535,[24.34    36.72     0.      58.72     0.57245],[ 0.9409647   0.45395653 -0.0373632  -1.5210649  -0.44372815],0
24.35,58.76,0.0,72.8,0.14579999999998036,[24.35   58.76    0.     72.8     0.1458],[ 0.94387565  2.3136819  -0.0373632   1.17578741 -0.44373894],1
24.35,58.78,0.0,72.8,0.14579999999998036,[24.35   58.78    0.     72.8     0.1458],[ 0.94387565  2.31536949 -0.0373632   1.17578741 -0.44373894],1
24.35,58.81,0.0,72.8,0.15124999999991245,[24.35    58.81     0.      72.8      0.15125],[ 0.94387565  2.31790087 -0.0373632   1.17578741 -0.44373881],1
24.35,58.83,0.0,72.8,0.15124999999991245,[24.35    58.83     0.      72.8      0.15125],[ 0.94387565  2.31958847 -0.0373632   1.17578741 -0.44373881],1
24.36,58.86,0.0,72.8,0.15679999999996944,[24.36   58.86    0.     72.8     0.1568],[ 0.9467866   2.32211985 -0.0373632   1.17578741 -0.44373867],1
24.36,58.88,0.0,72.8,0.16245000000009333,[24.36    58.88     0.      72.8      0.16245],[ 0.9467866   2.32380744 -0.0373632   1.17578741 -0.44373852],1
24.36,58.91,0.0,72.8,0.16245000000002852,[24.36    58.91     0.      72.8      0.16245],[ 0.9467866   2.32633883 -0.0373632   1.17578741 -0.44373852],1
24.36,58.94,0.0,72.8,0.1681999999999578,[24.36   58.94    0.     72.8     0.1682],[ 0.9467866   2.32887022 -0.0373632   1.17578741 -0.44373838],1
24.36,58.98,0.0,72.8,0.16820000000015561,[24.36   58.98    0.     72.8     0.1682],[ 0.9467866   2.3322454  -0.0373632   1.17578741 -0.44373838],1
24.36,59.05,0.0,72.8,0.18000000000015007,[24.36 59.05  0.   72.8   0.18],[ 0.9467866   2.33815197 -0.0373632   1.17578741 -0.44373808],1
24.37,40.66,0.0,55.49,0.08820000000000669,[24.37   40.66    0.     55.49    0.0882],[ 0.94969756  0.78641197 -0.0373632  -2.13973201 -0.4437404 ],0
24.4,52.9,0.0,55.49,0.13519999999999055,[24.4    52.9     0.     55.49    0.1352],[ 0.95843042  1.81921771 -0.0373632  -2.13973201 -0.44373921],1
24.43,52.93,0.0,55.49,0.13004999999999536,[24.43    52.93     0.      55.49     0.13005],[ 0.96716328  1.8217491  -0.0373632  -2.13973201 -0.44373934],1
24.43,59.66,0.0,72.8,0.28125,[24.43    59.66     0.      72.8      0.28125],[ 0.96716328  2.3896235  -0.0373632   1.17578741 -0.44373552],1
24.44,59.67,0.0,72.8,0.2888000000000795,[24.44   59.67    0.     72.8     0.2888],[ 0.97007423  2.39046729 -0.0373632   1.17578741 -0.44373533],1
24.44,59.68,0.0,72.8,0.2887999999999067,[24.44   59.68    0.     72.8     0.2888],[ 0.97007423  2.39131109 -0.0373632   1.17578741 -0.44373533],1
24.45,59.68,0.0,72.8,0.296449999999986,[24.45    59.68     0.      72.8      0.29645],[ 0.97298518  2.39131109 -0.0373632   1.17578741 -0.44373513],1
24.46,59.69,0.0,72.8,0.6084000000000461,[24.46   59.69    0.     72.8     0.6084],[ 0.97589614  2.39215488 -0.0373632   1.17578741 -0.44372725],1
24.47,59.68,0.0,72.8,0.31204999999997124,[24.47    59.68     0.      72.8      0.31205],[ 0.97880709  2.39131109 -0.0373632   1.17578741 -0.44373474],1
24.49,55.24,0.0,72.8,0.048166666666662805,"[2.44900000e+01 5.52400000e+01 0.00000000e+00 7.28000000e+01
 4.81666667e-02]",[ 0.984629    2.01666587 -0.0373632   1.17578741 -0.44374141],1
24.49,59.66,0.0,72.8,0.31999999999987266,[24.49 59.66  0.   72.8   0.32],[ 0.984629    2.3896235  -0.0373632   1.17578741 -0.44373454],1
24.5,55.25,0.0,72.8,0.03063333333330698,"[2.45000000e+01 5.52500000e+01 0.00000000e+00 7.28000000e+01
 3.06333333e-02]",[ 0.98753995  2.01750966 -0.0373632   1.17578741 -0.44374186],1
24.5,55.26,0.0,72.8,0.01445000000001237,[2.450e+01 5.526e+01 0.000e+00 7.280e+01 1.445e-02],[ 0.98753995  2.01835346 -0.0373632   1.17578741 -0.44374227],1
24.56,49.17,0.0,58.72,0.00844999999996985,[2.456e+01 4.917e+01 0.000e+00 5.872e+01 8.450e-03],[ 1.00500567  1.50448198 -0.0373632  -1.5210649  -0.44374242],1
24.59,44.16,0.0,72.8,0.9112500000003376,[24.59    44.16     0.      72.8      0.91125],[ 1.01373853  1.08174041 -0.0373632   1.17578741 -0.44371959],1
24.59,44.18,0.0,72.8,0.8844499999999033,[24.59    44.18     0.      72.8      0.88445],[ 1.01373853  1.083428   -0.0373632   1.17578741 -0.44372026],1
24.59,49.16,0.0,58.72,0.007200000000027831,[2.459e+01 4.916e+01 0.000e+00 5.872e+01 7.200e-03],[ 1.01373853  1.50363818 -0.0373632  -1.5210649  -0.44374245],1
24.59,53.06,0.0,55.49,0.09245000000000293,[24.59    53.06     0.      55.49     0.09245],[ 1.01373853  1.83271844 -0.0373632  -2.13973201 -0.44374029],1
24.6,44.05,0.0,72.8,8044.192800000019,[  24.6      44.05      0.       72.8    8044.1928],[ 1.01664948  1.07245866 -0.0373632   1.17578741 -0.24031463],3
24.6,44.18,0.0,72.8,1.7556333333332281,[24.6        44.18        0.         72.8         1.75563333],[ 1.01664948  1.083428   -0.0373632   1.17578741 -0.44369823],1
24.61,44.18,0.0,72.8,0.871200000000066,[24.61   44.18    0.     72.8     0.8712],[ 1.01956044  1.083428   -0.0373632   1.17578741 -0.4437206 ],1
24.62,44.18,0.0,72.8,0.8580499999999285,[24.62    44.18     0.      72.8      0.85805],[ 1.02247139  1.083428   -0.0373632   1.17578741 -0.44372093],1
24.62,49.15,0.0,58.72,0.007200000000000545,[2.462e+01 4.915e+01 0.000e+00 5.872e+01 7.200e-03],[ 1.02247139  1.50279438 -0.0373632  -1.5210649  -0.44374245],1
24.62,53.08,0.0,55.49,0.08819999999995894,[24.62   53.08    0.     55.49    0.0882],[ 1.02247139  1.83440603 -0.0373632  -2.13973201 -0.4437404 ],1
24.63,44.17,0.0,72.8,0.8450000000000887,[24.63  44.17   0.    72.8    0.845],[ 1.02538234  1.08258421 -0.0373632   1.17578741 -0.44372126],1
24.65,36.36,0.0,58.72,0.3280499999999558,[24.65    36.36     0.      58.72     0.32805],[ 1.03120425  0.42357989 -0.0373632  -1.5210649  -0.44373433],0
24.65,36.38,0.0,58.72,73528.45520000001,"[2.46500000e+01 3.63800000e+01 0.00000000e+00 5.87200000e+01
 7.35284552e+04]",[ 1.03120425  0.42526748 -0.0373632  -1.5210649   1.41570394],0
24.65,49.16,0.0,58.72,0.00604999999997649,[2.465e+01 4.916e+01 0.000e+00 5.872e+01 6.050e-03],[ 1.03120425  1.50363818 -0.0373632  -1.5210649  -0.44374248],1
24.66,49.17,0.0,58.72,0.0060500000000015,[2.466e+01 4.917e+01 0.000e+00 5.872e+01 6.050e-03],[ 1.0341152   1.50448198 -0.0373632  -1.5210649  -0.44374248],1
24.68,53.11,0.0,55.49,0.07605000000001685,[24.68    53.11     0.      55.49     0.07605],[ 1.03993711  1.83693742 -0.0373632  -2.13973201 -0.44374071],1
24.7,34.41,0.0,72.8,13787.96180000002,[   24.7       34.41       0.        72.8    13787.9618],[ 1.04575901  0.25903976 -0.0373632   1.17578741 -0.09506159],3
24.71,34.44,0.0,72.8,13708.368200000015,[   24.71      34.44       0.        72.8    13708.3682],[ 1.04866997  0.26157115 -0.0373632   1.17578741 -0.09707442],3
24.71,34.47,0.0,72.8,13630.656049999992,[   24.71       34.47        0.         72.8     13630.65605],[ 1.04866997  0.26410253 -0.0373632   1.17578741 -0.09903966],3
24.71,49.22,0.0,58.72,0.0060500000000015,[2.471e+01 4.922e+01 0.000e+00 5.872e+01 6.050e-03],[ 1.04866997  1.50870095 -0.0373632  -1.5210649  -0.44374248],1
24.73,53.12,0.0,55.49,0.07220000000001987,[24.73   53.12    0.     55.49    0.0722],[ 1.05449187  1.83778121 -0.0373632  -2.13973201 -0.44374081],1
24.76,53.13,0.0,55.49,0.06844999999998065,[24.76    53.13     0.      55.49     0.06845],[ 1.06322473  1.83862501 -0.0373632  -2.13973201 -0.4437409 ],1
24.79,50.62,0.0,72.66,4329.151250000017,[  24.79      50.62       0.        72.66    4329.15125],[ 1.07195759  1.62683233 -0.0373632   1.14897211 -0.33426358],1
24.79,53.13,0.0,55.49,0.06480000000002538,[24.79   53.13    0.     55.49    0.0648],[ 1.07195759  1.83862501 -0.0373632  -2.13973201 -0.44374099],1
24.8,42.24,0.0,72.66,115377.66844999997,"[2.48000000e+01 4.22400000e+01 0.00000000e+00 7.26600000e+01
 1.15377668e+05]",[ 1.07486855  0.91973167 -0.0373632   1.14897211  2.47402042],3
24.82,33.17,0.0,70.09,0.000800000000005366,[2.482e+01 3.317e+01 0.000e+00 7.009e+01 8.000e-04],[ 1.08069045  0.15440911 -0.0373632   0.65671995 -0.44374261],3
24.82,53.13,0.0,55.49,0.06125000000002785,[24.82    53.13     0.      55.49     0.06125],[ 1.08069045  1.83862501 -0.0373632  -2.13973201 -0.44374108],1
24.85,53.13,0.0,55.49,0.05779999999997217,[24.85   53.13    0.     55.49    0.0578],[ 1.08942331  1.83862501 -0.0373632  -2.13973201 -0.44374117],1
24.91,33.16,0.0,70.09,0.1680999999999972,[24.91   33.16    0.     70.09    0.1681],[ 1.10688903  0.15356532 -0.0373632   0.65671995 -0.44373838],3
24.92,33.11,0.0,70.09,0.09245000000000293,[24.92    33.11     0.      70.09     0.09245],[ 1.10979999  0.14934634 -0.0373632   0.65671995 -0.44374029],3
24.92,33.12,0.0,70.09,0.09244999999995404,[24.92    33.12     0.      70.09     0.09245],[ 1.10979999  0.15019014 -0.0373632   0.65671995 -0.44374029],3
24.92,33.14,0.0,70.09,0.18063333333329445,[24.92       33.14        0.         70.09        0.18063333],[ 1.10979999  0.15187773 -0.0373632   0.65671995 -0.44373806],3
24.92,33.15,0.0,70.09,0.08820000000000669,[24.92   33.15    0.     70.09    0.0882],[ 1.10979999  0.15272152 -0.0373632   0.65671995 -0.4437404 ],3
24.92,41.19,0.0,70.09,92871.88020000001,"[2.49200000e+01 4.11900000e+01 0.00000000e+00 7.00900000e+01
 9.28718802e+04]",[ 1.10979999  0.83113314 -0.0373632   0.65671995  1.90487599],3
24.92,53.11,0.0,55.49,0.048050000000035946,[2.492e+01 5.311e+01 0.000e+00 5.549e+01 4.805e-02],[ 1.10979999  1.83693742 -0.0373632  -2.13973201 -0.44374142],1
24.93,33.06,0.0,70.09,0.10125000000002046,[24.93    33.06     0.      70.09     0.10125],[ 1.11271094  0.14512736 -0.0373632   0.65671995 -0.44374007],3
24.93,33.09,0.0,70.09,0.096800000000024,[24.93   33.09    0.     70.09    0.0968],[ 1.11271094  0.14765875 -0.0373632   0.65671995 -0.44374018],3
24.93,41.21,0.0,70.09,69121.33804999998,[2.4930000e+01 4.1210000e+01 0.0000000e+00 7.0090000e+01 6.9121338e+04],[ 1.11271094  0.83282073 -0.0373632   0.65671995  1.30425322],3
24.95,53.1,0.0,55.49,0.044999999999986356,[2.495e+01 5.310e+01 0.000e+00 5.549e+01 4.500e-02],[ 1.11853285  1.83609362 -0.0373632  -2.13973201 -0.44374149],1
24.96,36.69,0.0,58.72,0.16245000000002852,[24.96    36.69     0.      58.72     0.16245],[ 1.1214438   0.45142514 -0.0373632  -1.5210649  -0.44373852],0
24.97,36.69,0.0,58.72,0.125,[24.97  36.69   0.    58.72   0.125],[ 1.12435475  0.45142514 -0.0373632  -1.5210649  -0.44373947],0
24.97,43.33,0.0,70.09,0.5940499999997869,[24.97    43.33     0.      70.09     0.59405],[ 1.12435475  1.01170538 -0.0373632   0.65671995 -0.44372761],1
24.97,43.34,0.0,70.09,0.5832000000002898,[24.97   43.34    0.     70.09    0.5832],[ 1.12435475  1.01254918 -0.0373632   0.65671995 -0.44372788],1
24.98,53.09,0.0,55.49,0.04204999999998945,[2.498e+01 5.309e+01 0.000e+00 5.549e+01 4.205e-02],[ 1.12726571  1.83524983 -0.0373632  -2.13973201 -0.44374157],1
24.99,29.73,0.0,70.09,2.976800000000133,[24.99   29.73    0.     70.09    2.9768],[ 1.13017666 -0.13585655 -0.0373632   0.65671995 -0.44366735],3
25.0,36.57,0.0,58.72,0.24503333333333782,[25.         36.57        0.         58.72        0.24503333],[ 1.13308761  0.4412996  -0.0373632  -1.5210649  -0.44373643],0
25.0,36.59,0.0,58.72,0.12005000000006016,[25.      36.59     0.      58.72     0.12005],[ 1.13308761  0.44298719 -0.0373632  -1.5210649  -0.4437396 ],0
25.0,36.6,0.0,58.72,75656.61004999996,[2.500000e+01 3.660000e+01 0.000000e+00 5.872000e+01 7.565661e+04],[ 1.13308761  0.44383098 -0.0373632  -1.5210649   1.46952243],0
25.0,36.63,0.0,58.72,0.536033333333257,[25.         36.63        0.         58.72        0.53603333],[ 1.13308761  0.44636237 -0.0373632  -1.5210649  -0.44372908],0
25.0,53.09,0.0,55.49,0.04204999999998945,[2.500e+01 5.309e+01 0.000e+00 5.549e+01 4.205e-02],[ 1.13308761  1.83524983 -0.0373632  -2.13973201 -0.44374157],1
25.01,36.53,0.0,58.72,0.125,[25.01  36.53   0.    58.72   0.125],[ 1.13599857  0.43792441 -0.0373632  -1.5210649  -0.44373947],0
25.04,53.37,0.0,55.49,0.02880000000000218,[2.504e+01 5.337e+01 0.000e+00 5.549e+01 2.880e-02],[ 1.14473143  1.8588761  -0.0373632  -2.13973201 -0.4437419 ],1
25.05,52.26,0.0,72.8,0.08000000000003638,[25.05 52.26  0.   72.8   0.08],[ 1.14764238  1.7652148  -0.0373632   1.17578741 -0.44374061],1
25.05,53.39,0.0,55.49,0.026450000000004182,[2.505e+01 5.339e+01 0.000e+00 5.549e+01 2.645e-02],[ 1.14764238  1.86056369 -0.0373632  -2.13973201 -0.44374196],1
25.05,53.4,0.0,55.49,0.024199999999993498,[2.505e+01 5.340e+01 0.000e+00 5.549e+01 2.420e-02],[ 1.14764238  1.86140749 -0.0373632  -2.13973201 -0.44374202],1
25.06,52.3,0.0,72.8,0.08405000000008017,[25.06    52.3      0.      72.8      0.08405],[ 1.15055333  1.76858998 -0.0373632   1.17578741 -0.44374051],1
25.06,53.42,0.0,55.49,0.046233333333347004,"[2.50600000e+01 5.34200000e+01 0.00000000e+00 5.54900000e+01
 4.62333333e-02]",[ 1.15055333  1.86309508 -0.0373632  -2.13973201 -0.44374146],1
25.07,53.43,0.0,55.49,0.02205000000000764,[2.507e+01 5.343e+01 0.000e+00 5.549e+01 2.205e-02],[ 1.15346429  1.86393887 -0.0373632  -2.13973201 -0.44374207],1
25.07,53.44,0.0,55.49,0.04203333333334413,"[2.50700000e+01 5.34400000e+01 0.00000000e+00 5.54900000e+01
 4.20333333e-02]",[ 1.15346429  1.86478267 -0.0373632  -2.13973201 -0.44374157],1
25.08,53.44,0.0,55.49,0.020000000000009094,[2.508e+01 5.344e+01 0.000e+00 5.549e+01 2.000e-02],[ 1.15637524  1.86478267 -0.0373632  -2.13973201 -0.44374213],1
25.08,53.45,0.0,55.49,0.0380333333333083,"[2.50800000e+01 5.34500000e+01 0.00000000e+00 5.54900000e+01
 3.80333333e-02]",[ 1.15637524  1.86562647 -0.0373632  -2.13973201 -0.44374167],1
25.09,37.05,0.0,72.8,2800.512800000007,[  25.09     37.05      0.       72.8    2800.5128],[ 1.15928619  0.48180178 -0.0373632   1.17578741 -0.37292102],3
25.09,52.4,0.0,72.8,0.08404999999994034,[25.09    52.4      0.      72.8      0.08405],[ 1.15928619  1.77702793 -0.0373632   1.17578741 -0.44374051],1
25.09,53.45,0.0,55.49,0.036099999999993734,[2.509e+01 5.345e+01 0.000e+00 5.549e+01 3.610e-02],[ 1.15928619  1.86562647 -0.0373632  -2.13973201 -0.44374172],1
25.1,52.44,0.0,72.8,0.08820000000003056,[25.1    52.44    0.     72.8     0.0882],[ 1.16219714  1.78040312 -0.0373632   1.17578741 -0.4437404 ],1
25.13,52.53,0.0,72.8,0.0924499999999785,[25.13    52.53     0.      72.8      0.09245],[ 1.17093     1.78799728 -0.0373632   1.17578741 -0.44374029],1
25.14,40.54,0.0,72.8,5768.454049999997,[  25.14      40.54       0.        72.8     5768.45405],[ 1.17384096  0.77628643 -0.0373632   1.17578741 -0.29786534],3
25.14,52.57,0.0,72.8,0.096800000000024,[25.14   52.57    0.     72.8     0.0968],[ 1.17384096  1.79137246 -0.0373632   1.17578741 -0.44374018],1
25.17,52.66,0.0,72.8,0.10124999999996931,[25.17    52.66     0.      72.8      0.10125],[ 1.18257382  1.79896662 -0.0373632   1.17578741 -0.44374007],1
25.18,52.7,0.0,72.8,0.10580000000001673,[25.18   52.7     0.     72.8     0.1058],[ 1.18548477  1.8023418  -0.0373632   1.17578741 -0.44373996],1
25.19,51.83,0.0,55.49,0.28879999999999306,[25.19   51.83    0.     55.49    0.2888],[ 1.18839572  1.72893159 -0.0373632  -2.13973201 -0.44373533],1
25.2,51.82,0.0,55.49,0.2738000000000067,[25.2    51.82    0.     55.49    0.2738],[ 1.19130668  1.72808779 -0.0373632  -2.13973201 -0.44373571],1
25.21,52.78,0.0,72.8,0.11045000000006626,[25.21    52.78     0.      72.8      0.11045],[ 1.19421763  1.80909216 -0.0373632   1.17578741 -0.44373984],1
25.23,39.17,0.0,58.72,0.0001999999999996362,[2.523e+01 3.917e+01 0.000e+00 5.872e+01 2.000e-04],[ 1.20003954  0.66068644 -0.0373632  -1.5210649  -0.44374263],0
25.23,51.8,0.0,55.49,0.2520500000000258,[25.23    51.8      0.      55.49     0.25205],[ 1.20003954  1.7264002  -0.0373632  -2.13973201 -0.44373626],1
25.24,51.79,0.0,55.49,0.24499999999991245,[25.24  51.79   0.    55.49   0.245],[ 1.20295049  1.72555641 -0.0373632  -2.13973201 -0.44373644],1
25.25,36.52,0.0,70.09,0.01804999999997797,[2.525e+01 3.652e+01 0.000e+00 7.009e+01 1.805e-02],[ 1.20586144  0.43708062 -0.0373632   0.65671995 -0.44374217],3
25.26,36.51,0.0,70.09,0.018049999999999566,[2.526e+01 3.651e+01 0.000e+00 7.009e+01 1.805e-02],[ 1.2087724   0.43623682 -0.0373632   0.65671995 -0.44374217],3
25.27,36.49,0.0,70.09,0.020000000000009094,[2.527e+01 3.649e+01 0.000e+00 7.009e+01 2.000e-02],[ 1.21168335  0.43454923 -0.0373632   0.65671995 -0.44374213],3
25.27,51.75,0.0,55.49,0.2178000000000165,[25.27   51.75    0.     55.49    0.2178],[ 1.21168335  1.72218122 -0.0373632  -2.13973201 -0.44373712],1
25.28,36.47,0.0,70.09,0.020000000000009094,[2.528e+01 3.647e+01 0.000e+00 7.009e+01 2.000e-02],[ 1.2145943   0.43286164 -0.0373632   0.65671995 -0.44374213],3
25.31,36.43,0.0,70.09,0.020000000000009094,[2.531e+01 3.643e+01 0.000e+00 7.009e+01 2.000e-02],[ 1.22332716  0.42948646 -0.0373632   0.65671995 -0.44374213],3
25.33,36.4,0.0,70.09,0.0220499999999957,[2.533e+01 3.640e+01 0.000e+00 7.009e+01 2.205e-02],[ 1.22914907  0.42695507 -0.0373632   0.65671995 -0.44374207],3
25.33,53.13,0.0,72.8,0.14044999999992527,[25.33    53.13     0.      72.8      0.14045],[ 1.22914907  1.83862501 -0.0373632   1.17578741 -0.44373908],1
25.34,36.38,0.0,70.09,0.024200000000006,[2.534e+01 3.638e+01 0.000e+00 7.009e+01 2.420e-02],[ 1.23206002  0.42526748 -0.0373632   0.65671995 -0.44374202],3
25.34,53.14,0.0,72.8,0.1404500000000458,[25.34    53.14     0.      72.8      0.14045],[ 1.23206002  1.8394688  -0.0373632   1.17578741 -0.44373908],1
25.35,36.36,0.0,70.09,0.024200000000006,[2.535e+01 3.636e+01 0.000e+00 7.009e+01 2.420e-02],[ 1.23497098  0.42357989 -0.0373632   0.65671995 -0.44374202],3
25.35,53.15,0.0,72.8,0.14045000000010605,[25.35    53.15     0.      72.8      0.14045],[ 1.23497098  1.8403126  -0.0373632   1.17578741 -0.44373908],1
25.36,36.34,0.0,70.09,33436.979999999974,[2.536000e+01 3.634000e+01 0.000000e+00 7.009000e+01 3.343698e+04],[ 1.23788193  0.4218923  -0.0373632   0.65671995  0.40183855],3
25.37,36.33,0.0,70.09,0.026450000000004182,[2.537e+01 3.633e+01 0.000e+00 7.009e+01 2.645e-02],[ 1.24079288  0.4210485  -0.0373632   0.65671995 -0.44374196],3
25.37,53.18,0.0,72.8,0.15125000000010005,[25.37    53.18     0.      72.8      0.15125],[ 1.24079288  1.84284399 -0.0373632   1.17578741 -0.44373881],1
25.38,36.31,0.0,70.09,0.026450000000004182,[2.538e+01 3.631e+01 0.000e+00 7.009e+01 2.645e-02],[ 1.24370384  0.41936091 -0.0373632   0.65671995 -0.44374196],3
25.38,53.19,0.0,72.8,0.15124999999991245,[25.38    53.19     0.      72.8      0.15125],[ 1.24370384  1.84368778 -0.0373632   1.17578741 -0.44373881],1
25.39,36.29,0.0,70.09,0.02880000000000218,[2.539e+01 3.629e+01 0.000e+00 7.009e+01 2.880e-02],[ 1.24661479  0.41767332 -0.0373632   0.65671995 -0.4437419 ],3
25.4,41.6,0.0,72.8,0.9660500000001391,[25.4     41.6      0.      72.8      0.96605],[ 1.24952574  0.86572875 -0.0373632   1.17578741 -0.4437182 ],1
25.4,41.61,0.0,72.8,0.9799999999998886,[25.4  41.61  0.   72.8   0.98],[ 1.24952574  0.86657255 -0.0373632   1.17578741 -0.44371785],1
25.4,41.62,0.0,72.8,0.9799999999998886,[25.4  41.62  0.   72.8   0.98],[ 1.24952574  0.86741634 -0.0373632   1.17578741 -0.44371785],1
25.4,41.63,0.0,72.8,2.0163999999998032,[25.4    41.63    0.     72.8     2.0164],[ 1.24952574  0.86826014 -0.0373632   1.17578741 -0.44369164],1
25.4,53.2,0.0,72.8,0.15124999999991245,[25.4     53.2      0.      72.8      0.15125],[ 1.24952574  1.84453158 -0.0373632   1.17578741 -0.44373881],1
25.41,36.26,0.0,70.09,0.02880000000000218,[2.541e+01 3.626e+01 0.000e+00 7.009e+01 2.880e-02],[ 1.2524367   0.41514193 -0.0373632   0.65671995 -0.4437419 ],3
25.41,41.54,0.0,72.8,0.9112500000001075,[25.41    41.54     0.      72.8      0.91125],[ 1.2524367   0.86066598 -0.0373632   1.17578741 -0.44371959],1
25.41,41.55,0.0,72.8,0.9247999999999412,[25.41   41.55    0.     72.8     0.9248],[ 1.2524367   0.86150977 -0.0373632   1.17578741 -0.44371924],1
25.41,41.57,0.0,72.8,0.938450000000084,[25.41    41.57     0.      72.8      0.93845],[ 1.2524367   0.86319737 -0.0373632   1.17578741 -0.4437189 ],1
25.41,41.58,0.0,72.8,0.9521999999999152,[25.41   41.58    0.     72.8     0.9522],[ 1.2524367   0.86404116 -0.0373632   1.17578741 -0.44371855],1
25.41,41.64,0.0,72.8,7.203016666666824,[25.41       41.64        0.         72.8         7.20301667],[ 1.2524367   0.86910393 -0.0373632   1.17578741 -0.44356048],1
25.41,53.21,0.0,72.8,0.15125000000003752,[25.41    53.21     0.      72.8      0.15125],[ 1.2524367   1.84537537 -0.0373632   1.17578741 -0.44373881],1
25.42,36.24,0.0,70.09,0.03125,[2.542e+01 3.624e+01 0.000e+00 7.009e+01 3.125e-02],[ 1.25534765  0.41345434 -0.0373632   0.65671995 -0.44374184],3
25.42,41.51,0.0,72.8,0.8844500000001301,[25.42    41.51     0.      72.8      0.88445],[ 1.25534765  0.85813459 -0.0373632   1.17578741 -0.44372026],1
25.42,41.52,0.0,72.8,0.8977999999998904,[25.42   41.52    0.     72.8     0.8978],[ 1.25534765  0.85897839 -0.0373632   1.17578741 -0.44371993],1
25.42,41.64,0.0,72.8,2.1170333333332456,[25.42       41.64        0.         72.8         2.11703333],[ 1.25534765  0.86910393 -0.0373632   1.17578741 -0.44368909],1
25.42,53.21,0.0,72.8,0.1568000000000331,[25.42   53.21    0.     72.8     0.1568],[ 1.25534765  1.84537537 -0.0373632   1.17578741 -0.44373867],1
25.43,36.22,0.0,70.09,0.03379999999999764,[2.543e+01 3.622e+01 0.000e+00 7.009e+01 3.380e-02],[ 1.2582586   0.41176675 -0.0373632   0.65671995 -0.44374178],3
25.43,41.63,0.0,72.8,1.06579999999997,[25.43   41.63    0.     72.8     1.0658],[ 1.2582586   0.86826014 -0.0373632   1.17578741 -0.44371568],1
25.43,53.22,0.0,72.8,0.1624499999998989,[25.43    53.22     0.      72.8      0.16245],[ 1.2582586   1.84621917 -0.0373632   1.17578741 -0.44373852],1
25.44,36.21,0.0,70.09,0.03379999999999764,[2.544e+01 3.621e+01 0.000e+00 7.009e+01 3.380e-02],[ 1.26116956  0.41092296 -0.0373632   0.65671995 -0.44374178],3
25.44,53.22,0.0,72.8,0.16245000000009333,[25.44    53.22     0.      72.8      0.16245],[ 1.26116956  1.84621917 -0.0373632   1.17578741 -0.44373852],1
25.45,36.19,0.0,70.09,0.03644999999999509,[2.545e+01 3.619e+01 0.000e+00 7.009e+01 3.645e-02],[ 1.26408051  0.40923537 -0.0373632   0.65671995 -0.44374171],3
25.45,53.22,0.0,72.8,0.1624499999998989,[25.45    53.22     0.      72.8      0.16245],[ 1.26408051  1.84621917 -0.0373632   1.17578741 -0.44373852],1
25.46,36.17,0.0,70.09,2.2706199999999837,[25.46    36.17     0.      70.09     2.27062],[ 1.26699146  0.40754778 -0.0373632   0.65671995 -0.44368521],3
25.46,36.18,0.0,70.09,9.202049999999844,[25.46    36.18     0.      70.09     9.20205],[ 1.26699146  0.40839157 -0.0373632   0.65671995 -0.44350992],3
25.47,36.16,0.0,70.09,0.3847952380952426,[25.47       36.16        0.         70.09        0.38479524],[ 1.26990242  0.40670398 -0.0373632   0.65671995 -0.4437329 ],3
25.47,36.17,0.0,70.09,0.044999999999986356,[2.547e+01 3.617e+01 0.000e+00 7.009e+01 4.500e-02],[ 1.26990242  0.40754778 -0.0373632   0.65671995 -0.44374149],3
25.48,53.21,0.0,72.8,0.16245000000009333,[25.48    53.21     0.      72.8      0.16245],[ 1.27281337  1.84537537 -0.0373632   1.17578741 -0.44373852],1
25.5,53.2,0.0,72.8,0.16820000000015561,[25.5    53.2     0.     72.8     0.1682],[ 1.27863528  1.84453158 -0.0373632   1.17578741 -0.44373838],1
25.53,53.18,0.0,72.8,0.17404999999988463,[25.53    53.18     0.      72.8      0.17405],[ 1.28736813  1.84284399 -0.0373632   1.17578741 -0.44373823],1
25.59,47.47,0.0,70.09,0.23563333333336076,[25.59       47.47        0.         70.09        0.23563333],[ 1.30483385  1.36103673 -0.0373632   0.65671995 -0.44373667],1
25.59,47.54,0.0,70.09,0.05779999999997217,[2.559e+01 4.754e+01 0.000e+00 7.009e+01 5.780e-02],[ 1.30483385  1.3669433  -0.0373632   0.65671995 -0.44374117],1
25.6,47.47,0.0,70.09,0.13689999999998234,[25.6    47.47    0.     70.09    0.1369],[ 1.30774481  1.36103673 -0.0373632   0.65671995 -0.44373917],1
25.6,47.48,0.0,70.09,0.06479999999998445,[2.560e+01 4.748e+01 0.000e+00 7.009e+01 6.480e-02],[ 1.30774481  1.36188053 -0.0373632   0.65671995 -0.44374099],1
25.6,47.49,0.0,70.09,0.06479999999998445,[2.560e+01 4.749e+01 0.000e+00 7.009e+01 6.480e-02],[ 1.30774481  1.36272432 -0.0373632   0.65671995 -0.44374099],1
25.63,37.98,0.0,58.72,0.8724999999999363,[25.63   37.98    0.     58.72    0.8725],[ 1.31647767  0.56027477 -0.0373632  -1.5210649  -0.44372057],0
25.69,47.49,0.0,70.09,0.05119999999997963,[2.569e+01 4.749e+01 0.000e+00 7.009e+01 5.120e-02],[ 1.33394339  1.36272432 -0.0373632   0.65671995 -0.44374134],1
25.69,47.5,0.0,70.09,0.05119999999997963,[2.569e+01 4.750e+01 0.000e+00 7.009e+01 5.120e-02],[ 1.33394339  1.36356812 -0.0373632   0.65671995 -0.44374134],1
25.7,47.47,0.0,70.09,0.054449999999994746,[2.570e+01 4.747e+01 0.000e+00 7.009e+01 5.445e-02],[ 1.33685434  1.36103673 -0.0373632   0.65671995 -0.44374125],1
25.7,47.48,0.0,70.09,0.054450000000032264,[2.570e+01 4.748e+01 0.000e+00 7.009e+01 5.445e-02],[ 1.33685434  1.36188053 -0.0373632   0.65671995 -0.44374125],1
25.71,47.46,0.0,70.09,0.11223333333333856,[25.71       47.46        0.         70.09        0.11223333],[ 1.33976529  1.36019294 -0.0373632   0.65671995 -0.44373979],1
25.72,47.44,0.0,70.09,0.061249999999988064,[2.572e+01 4.744e+01 0.000e+00 7.009e+01 6.125e-02],[ 1.34267625  1.35850535 -0.0373632   0.65671995 -0.44374108],1
25.73,47.42,0.0,70.09,0.06125000000002785,[2.573e+01 4.742e+01 0.000e+00 7.009e+01 6.125e-02],[ 1.3455872   1.35681776 -0.0373632   0.65671995 -0.44374108],1
25.74,47.4,0.0,70.09,0.06479999999998445,[2.574e+01 4.740e+01 0.000e+00 7.009e+01 6.480e-02],[ 1.34849815  1.35513016 -0.0373632   0.65671995 -0.44374099],1
25.75,47.37,0.0,70.09,0.07220000000001987,[25.75   47.37    0.     70.09    0.0722],[ 1.35140911  1.35259878 -0.0373632   0.65671995 -0.44374081],1
25.75,47.38,0.0,70.09,0.06844999999998065,[2.575e+01 4.738e+01 0.000e+00 7.009e+01 6.845e-02],[ 1.35140911  1.35344257 -0.0373632   0.65671995 -0.4437409 ],1
25.76,47.24,0.0,70.09,0.10125000000002046,[25.76    47.24     0.      70.09     0.10125],[ 1.35432006  1.34162944 -0.0373632   0.65671995 -0.44374007],1
25.76,47.34,0.0,70.09,0.07604999999997251,[25.76    47.34     0.      70.09     0.07605],[ 1.35432006  1.35006739 -0.0373632   0.65671995 -0.44374071],1
25.77,37.89,0.0,70.09,0.048050000000035946,[2.577e+01 3.789e+01 0.000e+00 7.009e+01 4.805e-02],[ 1.35723101  0.55268061 -0.0373632   0.65671995 -0.44374142],1
25.77,47.23,0.0,70.09,0.09679999999994898,[25.77   47.23    0.     70.09    0.0968],[ 1.35723101  1.34078564 -0.0373632   0.65671995 -0.44374018],1
25.77,47.29,0.0,70.09,0.08000000000001364,[25.77 47.29  0.   70.09  0.08],[ 1.35723101  1.34584841 -0.0373632   0.65671995 -0.44374061],1
25.78,37.9,0.0,70.09,0.0480500000000007,[2.578e+01 3.790e+01 0.000e+00 7.009e+01 4.805e-02],[ 1.36014197  0.5535244  -0.0373632   0.65671995 -0.44374142],1
25.78,47.22,0.0,70.09,0.18489999999999363,[25.78   47.22    0.     70.09    0.1849],[ 1.36014197  1.33994185 -0.0373632   0.65671995 -0.44373796],1
25.78,47.23,0.0,70.09,0.18063333333327042,[25.78       47.23        0.         70.09        0.18063333],[ 1.36014197  1.34078564 -0.0373632   0.65671995 -0.44373806],1
25.78,47.24,0.0,70.09,0.08820000000000669,[25.78   47.24    0.     70.09    0.0882],[ 1.36014197  1.34162944 -0.0373632   0.65671995 -0.4437404 ],1
25.78,47.25,0.0,70.09,0.08820000000003056,[25.78   47.25    0.     70.09    0.0882],[ 1.36014197  1.34247323 -0.0373632   0.65671995 -0.4437404 ],1
25.78,47.26,0.0,70.09,0.08405000000001026,[25.78    47.26     0.      70.09     0.08405],[ 1.36014197  1.34331703 -0.0373632   0.65671995 -0.44374051],1
25.79,37.9,0.0,70.09,0.05119999999999782,[2.579e+01 3.790e+01 0.000e+00 7.009e+01 5.120e-02],[ 1.36305292  0.5535244  -0.0373632   0.65671995 -0.44374134],1
25.79,48.61,0.0,72.8,0.01999999999998636,[2.579e+01 4.861e+01 0.000e+00 7.280e+01 2.000e-02],[ 1.36305292  1.45722943 -0.0373632   1.17578741 -0.44374213],1
25.8,37.91,0.0,70.09,0.0512000000000342,[2.580e+01 3.791e+01 0.000e+00 7.009e+01 5.120e-02],[ 1.36596387  0.5543682  -0.0373632   0.65671995 -0.44374134],1
25.8,48.62,0.0,72.8,0.01999999999998636,[2.580e+01 4.862e+01 0.000e+00 7.280e+01 2.000e-02],[ 1.36596387  1.45807322 -0.0373632   1.17578741 -0.44374213],1
25.81,37.91,0.0,70.09,0.054450000000032264,[2.581e+01 3.791e+01 0.000e+00 7.009e+01 5.445e-02],[ 1.36887483  0.5543682  -0.0373632   0.65671995 -0.44374125],1
25.81,48.62,0.0,72.8,0.01999999999998636,[2.581e+01 4.862e+01 0.000e+00 7.280e+01 2.000e-02],[ 1.36887483  1.45807322 -0.0373632   1.17578741 -0.44374213],1
25.82,37.91,0.0,70.09,0.05444999999997599,[2.582e+01 3.791e+01 0.000e+00 7.009e+01 5.445e-02],[ 1.37178578  0.5543682  -0.0373632   0.65671995 -0.44374125],1
25.82,48.63,0.0,72.8,0.020000000000031833,[2.582e+01 4.863e+01 0.000e+00 7.280e+01 2.000e-02],[ 1.37178578  1.45891702 -0.0373632   1.17578741 -0.44374213],1
25.83,37.91,0.0,70.09,0.054449999999994746,[2.583e+01 3.791e+01 0.000e+00 7.009e+01 5.445e-02],[ 1.37469673  0.5543682  -0.0373632   0.65671995 -0.44374125],1
25.84,48.62,0.0,72.8,0.018050000000010367,[2.584e+01 4.862e+01 0.000e+00 7.280e+01 1.805e-02],[ 1.37760769  1.45807322 -0.0373632   1.17578741 -0.44374217],1
25.85,37.9,0.0,70.09,0.05780000000003015,[2.585e+01 3.790e+01 0.000e+00 7.009e+01 5.780e-02],[ 1.38051864  0.5535244  -0.0373632   0.65671995 -0.44374117],1
25.85,48.62,0.0,72.8,0.018050000000010367,[2.585e+01 4.862e+01 0.000e+00 7.280e+01 1.805e-02],[ 1.38051864  1.45807322 -0.0373632   1.17578741 -0.44374217],1
25.87,48.61,0.0,72.8,0.018050000000010367,[2.587e+01 4.861e+01 0.000e+00 7.280e+01 1.805e-02],[ 1.38634055  1.45722943 -0.0373632   1.17578741 -0.44374217],1
25.88,37.11,0.0,58.72,0.026450000000004182,[2.588e+01 3.711e+01 0.000e+00 5.872e+01 2.645e-02],[ 1.3892515   0.48686456 -0.0373632  -1.5210649  -0.44374196],0
25.89,48.6,0.0,72.8,0.016199999999990996,[2.589e+01 4.860e+01 0.000e+00 7.280e+01 1.620e-02],[ 1.39216245  1.45638563 -0.0373632   1.17578741 -0.44374222],1
25.9,48.59,0.0,72.8,0.018049999999945568,[2.590e+01 4.859e+01 0.000e+00 7.280e+01 1.805e-02],[ 1.39507341  1.45554183 -0.0373632   1.17578741 -0.44374217],1
25.91,37.13,0.0,58.72,70.57960000000121,[25.91   37.13    0.     58.72   70.5796],[ 1.39798436  0.48855215 -0.0373632  -1.5210649  -0.44195776],0
25.94,35.37,0.0,70.09,0.11520000000000873,[25.94   35.37    0.     70.09    0.1152],[ 1.40671722  0.34004413 -0.0373632   0.65671995 -0.44373972],3
25.95,37.15,0.0,58.72,0.02419999999995598,[2.595e+01 3.715e+01 0.000e+00 5.872e+01 2.420e-02],[ 1.40962817  0.49023974 -0.0373632  -1.5210649  -0.44374202],0
25.96,46.49,0.0,70.09,0.08404999999996364,[25.96    46.49     0.      70.09     0.08405],[ 1.41253913  1.27834477 -0.0373632   0.65671995 -0.44374051],1
25.98,37.16,0.0,58.72,0.024200000000031013,[2.598e+01 3.716e+01 0.000e+00 5.872e+01 2.420e-02],[ 1.41836103  0.49108353 -0.0373632  -1.5210649  -0.44374202],0
25.98,46.49,0.0,70.09,0.08405000000003356,[25.98    46.49     0.      70.09     0.08405],[ 1.41836103  1.27834477 -0.0373632   0.65671995 -0.44374051],1
25.98,48.86,0.0,72.8,0.004049999999982401,[2.598e+01 4.886e+01 0.000e+00 7.280e+01 4.050e-03],[ 1.41836103  1.47832431 -0.0373632   1.17578741 -0.44374253],1
25.98,48.87,0.0,72.8,0.004050000000002865,[2.598e+01 4.887e+01 0.000e+00 7.280e+01 4.050e-03],[ 1.41836103  1.47916811 -0.0373632   1.17578741 -0.44374253],1
25.99,41.15,0.0,55.49,2.53125,[25.99    41.15     0.      55.49     2.53125],[ 1.42127198  0.82775795 -0.0373632  -2.13973201 -0.44367862],0
25.99,46.51,0.0,70.09,106.14245000000156,[ 25.99     46.51      0.       70.09    106.14245],[ 1.42127198  1.28003236 -0.0373632   0.65671995 -0.44105842],1
25.99,48.45,0.0,72.8,0.00044999999999577084,[2.599e+01 4.845e+01 0.000e+00 7.280e+01 4.500e-04],[ 1.42127198  1.4437287  -0.0373632   1.17578741 -0.44374262],1
25.99,48.85,0.0,72.8,0.008100000000000614,[2.599e+01 4.885e+01 0.000e+00 7.280e+01 8.100e-03],[ 1.42127198  1.47748052 -0.0373632   1.17578741 -0.44374243],1
25.99,48.86,0.0,72.8,0.9247999999997093,[25.99   48.86    0.     72.8     0.9248],[ 1.42127198  1.47832431 -0.0373632   1.17578741 -0.44371924],1
26.0,48.43,0.0,72.8,0.00045000000000259204,[2.600e+01 4.843e+01 0.000e+00 7.280e+01 4.500e-04],[ 1.42418294  1.44204111 -0.0373632   1.17578741 -0.44374262],1
26.0,48.84,0.0,72.8,0.022100000000021096,[2.600e+01 4.884e+01 0.000e+00 7.280e+01 2.210e-02],[ 1.42418294  1.47663672 -0.0373632   1.17578741 -0.44374207],1
26.01,41.18,0.0,55.49,2.3544500000000346,[26.01    41.18     0.      55.49     2.35445],[ 1.42709389  0.83028934 -0.0373632  -2.13973201 -0.44368309],0
26.01,48.83,0.0,72.8,0.01473333333331702,"[2.60100000e+01 4.88300000e+01 0.00000000e+00 7.28000000e+01
 1.47333333e-02]",[ 1.42709389  1.47579293 -0.0373632   1.17578741 -0.44374226],1
26.02,41.2,0.0,55.49,2.24720000000013,[26.02   41.2     0.     55.49    2.2472],[ 1.43000484  0.83197693 -0.0373632  -2.13973201 -0.4436858 ],0
26.02,48.81,0.0,72.8,0.004050000000013097,[2.602e+01 4.881e+01 0.000e+00 7.280e+01 4.050e-03],[ 1.43000484  1.47410534 -0.0373632   1.17578741 -0.44374253],1
26.02,48.82,0.0,72.8,0.004050000000002865,[2.602e+01 4.882e+01 0.000e+00 7.280e+01 4.050e-03],[ 1.43000484  1.47494913 -0.0373632   1.17578741 -0.44374253],1
26.03,41.21,0.0,55.49,2.163200000000203,[26.03   41.21    0.     55.49    2.1632],[ 1.4329158   0.83282073 -0.0373632  -2.13973201 -0.44368793],0
26.03,48.8,0.0,72.8,0.004999999999990905,[2.603e+01 4.880e+01 0.000e+00 7.280e+01 5.000e-03],[ 1.4329158   1.47326154 -0.0373632   1.17578741 -0.4437425 ],1
26.04,40.51,0.0,70.09,0.3960499999999373,[26.04    40.51     0.      70.09     0.39605],[ 1.43582675  0.77375504 -0.0373632   0.65671995 -0.44373262],1
26.05,40.52,0.0,70.09,0.387200000000046,[26.05   40.52    0.     70.09    0.3872],[ 1.4387377   0.77459883 -0.0373632   0.65671995 -0.44373284],1
26.05,41.23,0.0,55.49,4.000033333333333,[26.05       41.23        0.         55.49        4.00003333],[ 1.4387377   0.83450832 -0.0373632  -2.13973201 -0.44364147],0
26.06,41.24,0.0,55.49,1.9208000000000713,[26.06   41.24    0.     55.49    1.9208],[ 1.44164866  0.83535211 -0.0373632  -2.13973201 -0.44369406],0
26.07,41.25,0.0,55.49,1.8240499999998305,[26.07    41.25     0.      55.49     1.82405],[ 1.44455961  0.83619591 -0.0373632  -2.13973201 -0.4436965 ],0
26.09,41.27,0.0,55.49,1.674450000000179,[26.09    41.27     0.      55.49     1.67445],[ 1.45038152  0.8378835  -0.0373632  -2.13973201 -0.44370029],0
26.12,40.48,0.0,70.09,0.3528000000000745,[26.12   40.48    0.     70.09    0.3528],[ 1.45911438  0.77122365 -0.0373632   0.65671995 -0.44373371],1
26.13,40.48,0.0,70.09,0.35279999999997896,[26.13   40.48    0.     70.09    0.3528],[ 1.46202533  0.77122365 -0.0373632   0.65671995 -0.44373371],1
26.14,40.48,0.0,70.09,0.3361999999999478,[26.14   40.48    0.     70.09    0.3362],[ 1.46493628  0.77122365 -0.0373632   0.65671995 -0.44373413],1
26.15,40.5,0.0,70.09,0.32805000000000184,[26.15    40.5      0.      70.09     0.32805],[ 1.46784724  0.77291124 -0.0373632   0.65671995 -0.44373433],1
26.22,35.95,0.0,58.72,0.20479999999999127,[26.22   35.95    0.     58.72    0.2048],[ 1.48822391  0.38898427 -0.0373632  -1.5210649  -0.44373745],0
26.23,35.95,0.0,58.72,3.380000000000059,[26.23 35.95  0.   58.72  3.38],[ 1.49113486  0.38898427 -0.0373632  -1.5210649  -0.44365715],0
26.25,35.95,0.0,58.72,5.152050000000116,[26.25    35.95     0.      58.72     5.15205],[ 1.49695677  0.38898427 -0.0373632  -1.5210649  -0.44361234],0
26.28,40.73,0.0,55.49,8045.461249999992,[  26.28      40.73       0.        55.49    8045.46125],[ 1.50568963  0.79231854 -0.0373632  -2.13973201 -0.24028255],0
26.3,40.85,0.0,55.49,8061.960199999999,[  26.3      40.85      0.       55.49   8061.9602],[ 1.51151154  0.80244409 -0.0373632  -2.13973201 -0.23986531],0
26.33,34.26,0.0,58.72,0.009800000000014006,[2.633e+01 3.426e+01 0.000e+00 5.872e+01 9.800e-03],[ 1.5202444   0.24638283 -0.0373632  -1.5210649  -0.44374238],0
26.34,40.52,0.0,70.09,0.33620000000008765,[26.34   40.52    0.     70.09    0.3362],[ 1.52315535  0.77459883 -0.0373632   0.65671995 -0.44373413],1
26.35,40.51,0.0,70.09,0.648033333333436,[26.35       40.51        0.         70.09        0.64803333],[ 1.5260663   0.77375504 -0.0373632   0.65671995 -0.44372624],1
26.36,40.51,0.0,70.09,0.31999999999996365,[26.36 40.51  0.   70.09  0.32],[ 1.52897726  0.77375504 -0.0373632   0.65671995 -0.44373454],1
26.36,40.52,0.0,70.09,0.616233333333462,[26.36       40.52        0.         70.09        0.61623333],[ 1.52897726  0.77459883 -0.0373632   0.65671995 -0.44372705],1
26.36,40.65,0.0,70.09,0.24499999999999203,[26.36  40.65   0.    70.09   0.245],[ 1.52897726  0.78556818 -0.0373632   0.65671995 -0.44373644],1
26.37,40.53,0.0,70.09,0.296449999999986,[26.37    40.53     0.      70.09     0.29645],[ 1.53188821  0.77544263 -0.0373632   0.65671995 -0.44373513],1
26.37,40.54,0.0,70.09,0.28879999999999306,[26.37   40.54    0.     70.09    0.2888],[ 1.53188821  0.77628643 -0.0373632   0.65671995 -0.44373533],1
26.37,40.55,0.0,70.09,0.28125,[26.37    40.55     0.      70.09     0.28125],[ 1.53188821  0.77713022 -0.0373632   0.65671995 -0.44373552],1
26.37,40.57,0.0,70.09,0.2738000000000067,[26.37   40.57    0.     70.09    0.2738],[ 1.53188821  0.77881781 -0.0373632   0.65671995 -0.44373571],1
26.37,40.6,0.0,70.09,0.25920000000001964,[26.37   40.6     0.     70.09    0.2592],[ 1.53188821  0.7813492  -0.0373632   0.65671995 -0.44373608],1
26.51,40.12,0.0,70.09,0.3960500000000384,[26.51    40.12     0.      70.09     0.39605],[ 1.57264155  0.74084701 -0.0373632   0.65671995 -0.44373262],1
26.54,39.98,0.0,70.09,0.37844999999990503,[26.54    39.98     0.      70.09     0.37845],[ 1.58137441  0.72903388 -0.0373632   0.65671995 -0.44373306],1
26.54,40.13,0.0,70.09,51767.96644999998,"[2.65400000e+01 4.01300000e+01 0.00000000e+00 7.00900000e+01
 5.17679664e+04]",[ 1.58137441  0.74169081 -0.0373632   0.65671995  0.86540724],1
26.55,51.48,0.0,70.09,2.040199999999963,[26.55   51.48    0.     70.09    2.0402],[ 1.58428537  1.69939874 -0.0373632   0.65671995 -0.44369104],1
26.59,44.19,0.0,70.09,0.08000000000001364,[26.59 44.19  0.   70.09  0.08],[ 1.59592918  1.0842718  -0.0373632   0.65671995 -0.44374061],1
26.61,44.11,0.0,70.09,0.08819999999995894,[26.61   44.11    0.     70.09    0.0882],[ 1.60175109  1.07752143 -0.0373632   0.65671995 -0.4437404 ],1
26.62,44.08,0.0,70.09,0.096799999999999,[26.62   44.08    0.     70.09    0.0968],[ 1.60466204  1.07499005 -0.0373632   0.65671995 -0.44374018],1
26.62,44.09,0.0,70.09,0.09245000000000293,[26.62    44.09     0.      70.09     0.09245],[ 1.60466204  1.07583384 -0.0373632   0.65671995 -0.44374029],1
26.63,44.06,0.0,70.09,0.20249999999993862,[26.63   44.06    0.     70.09    0.2025],[ 1.60757299  1.07330246 -0.0373632   0.65671995 -0.44373751],1
26.63,44.07,0.0,70.09,0.09679999999994898,[26.63   44.07    0.     70.09    0.0968],[ 1.60757299  1.07414625 -0.0373632   0.65671995 -0.44374018],1
26.64,44.04,0.0,70.09,0.10580000000001673,[26.64   44.04    0.     70.09    0.1058],[ 1.61048395  1.07161486 -0.0373632   0.65671995 -0.44373996],1
26.65,44.02,0.0,70.09,0.11045000000001283,[26.65    44.02     0.      70.09     0.11045],[ 1.6133949   1.06992727 -0.0373632   0.65671995 -0.44373984],1
26.65,44.03,0.0,70.09,0.11045000000001283,[26.65    44.03     0.      70.09     0.11045],[ 1.6133949   1.07077107 -0.0373632   0.65671995 -0.44373984],1
26.66,44.0,0.0,70.09,0.12005000000000446,[26.66    44.       0.      70.09     0.12005],[ 1.61630585  1.06823968 -0.0373632   0.65671995 -0.4437396 ],1
26.66,44.01,0.0,70.09,0.12005000000000446,[26.66    44.01     0.      70.09     0.12005],[ 1.61630585  1.06908348 -0.0373632   0.65671995 -0.4437396 ],1
26.66,44.11,0.0,55.49,0.14579999999998036,[26.66   44.11    0.     55.49    0.1458],[ 1.61630585  1.07752143 -0.0373632  -2.13973201 -0.44373894],1
26.67,44.13,0.0,55.49,0.13519999999999055,[26.67   44.13    0.     55.49    0.1352],[ 1.61921681  1.07920902 -0.0373632  -2.13973201 -0.44373921],1
26.68,44.15,0.0,55.49,0.13004999999999536,[26.68    44.15     0.      55.49     0.13005],[ 1.62212776  1.08089661 -0.0373632  -2.13973201 -0.44373934],1
26.69,44.16,0.0,55.49,0.125,[26.69  44.16   0.    55.49   0.125],[ 1.62503871  1.08174041 -0.0373632  -2.13973201 -0.44373947],1
26.7,44.17,0.0,55.49,0.24009999999999498,[26.7    44.17    0.     55.49    0.2401],[ 1.62794967  1.08258421 -0.0373632  -2.13973201 -0.44373656],1
26.71,44.18,0.0,55.49,0.22563333333335492,[26.71       44.18        0.         55.49        0.22563333],[ 1.63086062  1.083428   -0.0373632  -2.13973201 -0.44373692],1
26.72,44.18,0.0,55.49,0.21623333333336292,[26.72       44.18        0.         55.49        0.21623333],[ 1.63377157  1.083428   -0.0373632  -2.13973201 -0.44373716],1
26.73,44.18,0.0,55.49,0.10125000000002046,[26.73    44.18     0.      55.49     0.10125],[ 1.63668253  1.083428   -0.0373632  -2.13973201 -0.44374007],1
26.74,44.17,0.0,55.49,0.096800000000024,[26.74   44.17    0.     55.49    0.0968],[ 1.63959348  1.08258421 -0.0373632  -2.13973201 -0.44374018],1
26.75,44.16,0.0,55.49,0.09244999999995404,[26.75    44.16     0.      55.49     0.09245],[ 1.64250443  1.08174041 -0.0373632  -2.13973201 -0.44374029],1
26.76,44.15,0.0,55.49,0.09244999999995404,[26.76    44.15     0.      55.49     0.09245],[ 1.64541539  1.08089661 -0.0373632  -2.13973201 -0.44374029],1
26.77,44.13,0.0,55.49,0.08000000000003638,[26.77 44.13  0.   55.49  0.08],[ 1.64832634  1.07920902 -0.0373632  -2.13973201 -0.44374061],1
26.78,44.12,0.0,55.49,0.08000000000001364,[26.78 44.12  0.   55.49  0.08],[ 1.65123729  1.07836523 -0.0373632  -2.13973201 -0.44374061],1
26.79,44.1,0.0,55.49,0.07605000000001685,[26.79    44.1      0.      55.49     0.07605],[ 1.65414825  1.07667764 -0.0373632  -2.13973201 -0.44374071],1
26.8,43.71,0.0,70.09,17129.154049999986,[   26.8        43.71        0.         70.09    17129.15405],[ 1.6570592   1.04376961 -0.0373632   0.65671995 -0.01056684],1
26.8,44.08,0.0,55.49,0.07220000000001987,[26.8    44.08    0.     55.49    0.0722],[ 1.6570592   1.07499005 -0.0373632  -2.13973201 -0.44374081],1
26.81,44.07,0.0,55.49,0.06844999999998065,[26.81    44.07     0.      55.49     0.06845],[ 1.65997015  1.07414625 -0.0373632  -2.13973201 -0.4437409 ],1
26.82,44.04,0.0,55.49,0.06844999999998065,[26.82    44.04     0.      55.49     0.06845],[ 1.66288111  1.07161486 -0.0373632  -2.13973201 -0.4437409 ],1
26.85,43.96,0.0,55.49,0.05780000000003015,[26.85   43.96    0.     55.49    0.0578],[ 1.67161397  1.0648645  -0.0373632  -2.13973201 -0.44374117],1
26.86,43.42,0.0,70.09,16131.67220000002,[   26.86      43.42       0.        70.09   16131.6722],[ 1.67452492  1.01929954 -0.0373632   0.65671995 -0.03579196],1
26.98,38.78,0.0,70.09,17131.004999999983,[   26.98     38.78      0.       70.09  17131.005],[ 1.70945636  0.62777841 -0.0373632   0.65671995 -0.01052003],1
26.99,47.1,0.0,72.8,154723.7192000001,"[2.69900000e+01 4.71000000e+01 0.00000000e+00 7.28000000e+01
 1.54723719e+05]",[ 1.71236731  1.3298163  -0.0373632   1.17578741  3.46903492],3
27.1,47.84,0.0,72.8,0.08405000000008017,[27.1     47.84     0.      72.8      0.08405],[ 1.7443878   1.39225717 -0.0373632   1.17578741 -0.44374051],1
27.1,47.85,0.0,72.8,0.1722333333332084,[27.1        47.85        0.         72.8         0.17223333],[ 1.7443878   1.39310096 -0.0373632   1.17578741 -0.44373828],1
27.1,47.86,0.0,72.8,0.8204285714286769,[27.1        47.86        0.         72.8         0.82042857],[ 1.7443878   1.39394476 -0.0373632   1.17578741 -0.44372188],1
27.11,47.85,0.0,72.8,0.08820000000003056,[27.11   47.85    0.     72.8     0.0882],[ 1.74729875  1.39310096 -0.0373632   1.17578741 -0.4437404 ],1
27.14,33.43,0.0,70.09,4450.017799999998,[  27.14     33.43      0.       70.09   4450.0178],[ 1.75603161  0.1763478  -0.0373632   0.65671995 -0.33120701],1
27.17,54.25,0.0,72.8,0.004999999999990905,[2.717e+01 5.425e+01 0.000e+00 7.280e+01 5.000e-03],[ 1.76476447  1.93313011 -0.0373632   1.17578741 -0.4437425 ],1
27.18,44.6,0.0,55.49,536.6087999999997,[ 27.18    44.6      0.      55.49   536.6088],[ 1.76767542  1.11886741 -0.0373632  -2.13973201 -0.43017244],1
27.18,54.26,0.0,72.8,0.0060500000000015,[2.718e+01 5.426e+01 0.000e+00 7.280e+01 6.050e-03],[ 1.76767542  1.9339739  -0.0373632   1.17578741 -0.44374248],1
27.19,54.25,0.0,72.8,0.0060500000000015,[2.719e+01 5.425e+01 0.000e+00 7.280e+01 6.050e-03],[ 1.77058638  1.93313011 -0.0373632   1.17578741 -0.44374248],1
27.36,43.76,0.0,55.49,11891.904199999992,[   27.36      43.76       0.        55.49   11891.9042],[ 1.82007258  1.04798859 -0.0373632  -2.13973201 -0.14301062],1
27.74,47.45,0.0,70.09,1.1016250000001528,[27.74     47.45      0.       70.09      1.101625],[ 1.93068881  1.35934914 -0.0373632   0.65671995 -0.44371477],1
27.75,47.45,0.0,70.09,0.6889000000001151,[27.75   47.45    0.     70.09    0.6889],[ 1.93359976  1.35934914 -0.0373632   0.65671995 -0.44372521],1
27.76,47.45,0.0,70.09,0.35280000000012224,[27.76   47.45    0.     70.09    0.3528],[ 1.93651071  1.35934914 -0.0373632   0.65671995 -0.44373371],1
27.77,47.45,0.0,70.09,0.7310333333331696,[27.77       47.45        0.         70.09        0.73103333],[ 1.93942166  1.35934914 -0.0373632   0.65671995 -0.44372414],1
27.78,47.45,0.0,70.09,0.37845000000000395,[27.78    47.45     0.      70.09     0.37845],[ 1.94233262  1.35934914 -0.0373632   0.65671995 -0.44373306],1
27.79,47.44,0.0,70.09,0.387200000000096,[27.79   47.44    0.     70.09    0.3872],[ 1.94524357  1.35850535 -0.0373632   0.65671995 -0.44373284],1
27.95,47.8,0.0,70.09,0.6727999999998312,[27.95   47.8     0.     70.09    0.6728],[ 1.99181882  1.38888199 -0.0373632   0.65671995 -0.44372562],1
27.97,47.81,0.0,70.09,0.7080500000000649,[27.97    47.81     0.      70.09     0.70805],[ 1.99764073  1.38972578 -0.0373632   0.65671995 -0.44372473],1
27.99,47.82,0.0,70.09,0.732050000000044,[27.99    47.82     0.      70.09     0.73205],[ 2.00346264  1.39056958 -0.0373632   0.65671995 -0.44372412],1
28.0,47.83,0.0,70.09,0.7441999999998946,[28.     47.83    0.     70.09    0.7442],[ 2.00637359  1.39141337 -0.0373632   0.65671995 -0.44372381],1
28.01,47.84,0.0,70.09,0.7564500000000224,[28.01    47.84     0.      70.09     0.75645],[ 2.00928454  1.39225717 -0.0373632   0.65671995 -0.4437235 ],1
28.02,47.85,0.0,70.09,0.78125,[28.02    47.85     0.      70.09     0.78125],[ 2.0121955   1.39310096 -0.0373632   0.65671995 -0.44372287],1
28.14,46.19,0.0,70.09,0.096800000000024,[28.14   46.19    0.     70.09    0.0968],[ 2.04712694  1.2530309  -0.0373632   0.65671995 -0.44374018],1
28.15,46.18,0.0,70.09,0.125,[28.15  46.18   0.    70.09   0.125],[ 2.05003789  1.25218711 -0.0373632   0.65671995 -0.44373947],1
28.16,46.07,0.0,70.09,2.121800000000005,[28.16   46.07    0.     70.09    2.1218],[ 2.05294884  1.24290536 -0.0373632   0.65671995 -0.44368897],1
28.18,35.52,0.0,70.72,0.28125,[28.18    35.52     0.      70.72     0.28125],[ 2.05877075  0.35270107 -0.0373632   0.77738877 -0.44373552],1
28.26,48.35,0.0,70.09,1.3284499999999926,[28.26    48.35     0.      70.09     1.32845],[ 2.08205837  1.43529074 -0.0373632   0.65671995 -0.44370904],1
28.39,42.63,0.0,55.49,1764.1800000000053,[  28.39   42.63    0.     55.49 1764.18],[ 2.11990077  0.95263969 -0.0373632  -2.13973201 -0.39912863],1
28.44,45.11,0.0,70.09,0.296449999999986,[28.44    45.11     0.      70.09     0.29645],[ 2.13445553  1.16190099 -0.0373632   0.65671995 -0.44373513],1
28.59,43.04,0.0,55.49,0.19220000000003806,[28.59   43.04    0.     55.49    0.1922],[ 2.17811983  0.98723531 -0.0373632  -2.13973201 -0.44373777],1
28.95,42.84,0.0,70.72,0.296449999999986,[28.95    42.84     0.      70.72     0.29645],[ 2.28291415  0.9703594  -0.0373632   0.77738877 -0.44373513],1
28.97,42.84,0.0,70.72,0.296449999999986,[28.97    42.84     0.      70.72     0.29645],[ 2.28873606  0.9703594  -0.0373632   0.77738877 -0.44373513],1
28.99,42.84,0.0,70.72,0.296449999999986,[28.99    42.84     0.      70.72     0.29645],[ 2.29455796  0.9703594  -0.0373632   0.77738877 -0.44373513],1
29.0,42.84,0.0,70.72,0.29645000000007354,[29.      42.84     0.      70.72     0.29645],[ 2.29746892  0.9703594  -0.0373632   0.77738877 -0.44373513],1
29.02,42.84,0.0,70.72,0.30419999999989006,[29.02   42.84    0.     70.72    0.3042],[ 2.30329082  0.9703594  -0.0373632   0.77738877 -0.44373494],1
29.04,42.84,0.0,70.72,0.3042000000000674,[29.04   42.84    0.     70.72    0.3042],[ 2.30911273  0.9703594  -0.0373632   0.77738877 -0.44373494],1
29.05,42.84,0.0,70.72,0.3042000000000674,[29.05   42.84    0.     70.72    0.3042],[ 2.31202368  0.9703594  -0.0373632   0.77738877 -0.44373494],1
29.07,42.84,0.0,70.72,0.30419999999989006,[29.07   42.84    0.     70.72    0.3042],[ 2.31784559  0.9703594  -0.0373632   0.77738877 -0.44373494],1
29.09,42.84,0.0,70.72,0.30419999999989006,[29.09   42.84    0.     70.72    0.3042],[ 2.32366749  0.9703594  -0.0373632   0.77738877 -0.44373494],1
29.12,42.83,0.0,70.72,0.30419999999989006,[29.12   42.83    0.     70.72    0.3042],[ 2.33240035  0.9695156  -0.0373632   0.77738877 -0.44373494],1
29.19,43.34,0.0,55.49,0.732050000000044,[29.19    43.34     0.      55.49     0.73205],[ 2.35277703  1.01254918 -0.0373632  -2.13973201 -0.44372412],1
29.28,43.39,0.0,55.49,0.6049999999999625,[29.28  43.39   0.    55.49   0.605],[ 2.37897561  1.01676815 -0.0373632  -2.13973201 -0.44372733],1
29.33,43.43,0.0,55.49,0.5407999999999622,[29.33   43.43    0.     55.49    0.5408],[ 2.39353037  1.02014334 -0.0373632  -2.13973201 -0.44372895],1
29.35,43.45,0.0,55.49,0.5202000000001554,[29.35   43.45    0.     55.49    0.5202],[ 2.39935228  1.02183093 -0.0373632  -2.13973201 -0.44372948],1
29.38,43.47,0.0,55.49,0.48020000000001783,[29.38   43.47    0.     55.49    0.4802],[ 2.40808514  1.02351852 -0.0373632  -2.13973201 -0.44373049],1
29.47,43.54,0.0,55.49,0.3960500000000384,[29.47    43.54     0.      55.49     0.39605],[ 2.43428372  1.02942509 -0.0373632  -2.13973201 -0.44373262],1
29.48,43.55,0.0,55.49,0.3784500000000534,[29.48    43.55     0.      55.49     0.37845],[ 2.43719467  1.03026888 -0.0373632  -2.13973201 -0.44373306],1
29.5,43.57,0.0,55.49,0.3612499999999227,[29.5     43.57     0.      55.49     0.36125],[ 2.44301658  1.03195647 -0.0373632  -2.13973201 -0.4437335 ],1
29.51,43.58,0.0,55.49,0.35279999999997896,[29.51   43.58    0.     55.49    0.3528],[ 2.44592753  1.03280027 -0.0373632  -2.13973201 -0.44373371],1
29.6,43.98,0.0,55.49,0.19220000000003806,[29.6    43.98    0.     55.49    0.1922],[ 2.47212611  1.06655209 -0.0373632  -2.13973201 -0.44373777],1
29.62,44.06,0.0,55.49,0.17404999999998524,[29.62    44.06     0.      55.49     0.17405],[ 2.47794802  1.07330246 -0.0373632  -2.13973201 -0.44373823],1
29.63,44.1,0.0,55.49,0.15680000000000127,[29.63   44.1     0.     55.49    0.1568],[ 2.48085897  1.07667764 -0.0373632  -2.13973201 -0.44373867],1
29.64,44.13,0.0,55.49,0.151249999999975,[29.64    44.13     0.      55.49     0.15125],[ 2.48376992  1.07920902 -0.0373632  -2.13973201 -0.44373881],1
29.65,44.16,0.0,55.49,0.14044999999998553,[29.65    44.16     0.      55.49     0.14045],[ 2.48668088  1.08174041 -0.0373632  -2.13973201 -0.44373908],1
29.66,44.19,0.0,55.49,0.13004999999999536,[29.66    44.19     0.      55.49     0.13005],[ 2.48959183  1.0842718  -0.0373632  -2.13973201 -0.44373934],1
29.67,44.24,0.0,55.49,0.11520000000000873,[29.67   44.24    0.     55.49    0.1152],[ 2.49250278  1.08849077 -0.0373632  -2.13973201 -0.44373972],1
32.26,36.98,0.0,66.87,12529.444999999998,[   32.26     36.98      0.       66.87  12529.445],[ 3.24643968  0.47589521 -0.0373632   0.03996822 -0.12688797],1
32.79,35.54,0.0,66.87,12115.017800000003,[   32.79      35.54       0.        66.87   12115.0178],[ 3.4007202   0.35438866 -0.0373632   0.03996822 -0.13736834],1
34.09,29.68,0.0,66.87,4998.000200000002,[  34.09     29.68      0.       66.87   4998.0002],[ 3.77914412 -0.14007553 -0.0373632   0.03996822 -0.31734919],1
34.75,29.57,0.0,66.87,13256.804450000016,[   34.75       29.57        0.         66.87    13256.80445],[ 3.97126704 -0.14935728 -0.0373632   0.03996822 -0.10849392],1
35.3,32.72,0.0,66.87,7097.169800000005,[  35.3      32.72      0.       66.87   7097.1698],[ 4.13136947  0.11643831 -0.0373632   0.03996822 -0.26426371],1
36.11,21.98,0.0,66.87,0.0050000000000022735,[3.611e+01 2.198e+01 0.000e+00 6.687e+01 5.000e-03],[ 4.36715668 -0.78979809 -0.0373632   0.03996822 -0.4437425 ],1
36.12,21.97,0.0,66.87,0.010000000000004547,[3.612e+01 2.197e+01 0.000e+00 6.687e+01 1.000e-02],[ 4.37006764 -0.79064189 -0.0373632   0.03996822 -0.44374238],1
36.63,29.49,0.0,66.87,0.40500000000003067,[36.63  29.49   0.    66.87   0.405],[ 4.51852625 -0.15610764 -0.0373632   0.03996822 -0.44373239],1
36.63,29.5,0.0,66.87,0.39605000000008905,[36.63    29.5      0.      66.87     0.39605],[ 4.51852625 -0.15526385 -0.0373632   0.03996822 -0.44373262],1
36.63,34.99,0.0,66.87,0.00844999999999202,[3.663e+01 3.499e+01 0.000e+00 6.687e+01 8.450e-03],[ 4.51852625  0.3079799  -0.0373632   0.03996822 -0.44374242],1
36.64,29.48,0.0,66.87,0.4232000000000146,[36.64   29.48    0.     66.87    0.4232],[ 4.52143721 -0.15695144 -0.0373632   0.03996822 -0.44373193],1
36.65,29.47,0.0,66.87,0.43245000000005923,[36.65    29.47     0.      66.87     0.43245],[ 4.52434816 -0.15779524 -0.0373632   0.03996822 -0.44373169],1
36.66,29.44,0.0,66.87,0.4512500000000432,[36.66    29.44     0.      66.87     0.45125],[ 4.52725911 -0.16032662 -0.0373632   0.03996822 -0.44373122],1
36.75,29.14,0.0,66.87,0.6844499999998856,[36.75    29.14     0.      66.87     0.68445],[ 4.55345769 -0.18564049 -0.0373632   0.03996822 -0.44372532],1
36.76,29.16,0.0,66.87,0.6049999999999625,[36.76  29.16   0.    66.87   0.605],[ 4.55636864 -0.1839529  -0.0373632   0.03996822 -0.44372733],1
36.76,29.17,0.0,66.87,0.5940499999999728,[36.76    29.17     0.      66.87     0.59405],[ 4.55636864 -0.1831091  -0.0373632   0.03996822 -0.44372761],1
36.76,29.18,0.0,66.87,0.5724499999999318,[36.76    29.18     0.      66.87     0.57245],[ 4.55636864 -0.18226531 -0.0373632   0.03996822 -0.44372815],1
36.76,29.2,0.0,66.87,0.5618000000000024,[36.76   29.2     0.     66.87    0.5618],[ 4.55636864 -0.18057772 -0.0373632   0.03996822 -0.44372842],1
36.95,31.7,0.0,66.87,0.7564500000000224,[36.95    31.7      0.      66.87     0.75645],[ 4.61167676  0.03037117 -0.0373632   0.03996822 -0.4437235 ],1
37.17,30.71,0.0,66.87,0.7080500000000649,[37.17    30.71     0.      66.87     0.70805],[ 4.67571773 -0.05316459 -0.0373632   0.03996822 -0.44372473],1
37.18,30.67,0.0,66.87,0.8844500000001301,[37.18    30.67     0.      66.87     0.88445],[ 4.67862868 -0.05653977 -0.0373632   0.03996822 -0.44372026],1
37.18,30.72,0.0,66.87,0.6962000000000751,[37.18   30.72    0.     66.87    0.6962],[ 4.67862868 -0.05232079 -0.0373632   0.03996822 -0.44372502],1
37.4,89.78,0.0,59.73,0.9522000000001506,[37.4    89.78    0.     59.73    0.9522],[ 4.74266965  4.93113566 -0.0373632  -1.32761172 -0.44371855],1
37.45,29.38,0.0,66.87,0.7688000000000113,[37.45   29.38    0.     66.87    0.7688],[ 4.75722442 -0.1653894  -0.0373632   0.03996822 -0.44372319],1
37.54,28.69,0.0,66.87,0.9940500000000353,[37.54    28.69     0.      66.87     0.99405],[ 4.783423   -0.22361129 -0.0373632   0.03996822 -0.44371749],1
37.56,28.7,0.0,66.87,0.8320499999999531,[37.56    28.7      0.      66.87     0.83205],[ 4.7892449  -0.22276749 -0.0373632   0.03996822 -0.44372159],1
37.57,28.7,0.0,66.87,0.8191999999999651,[37.57   28.7     0.     66.87    0.8192],[ 4.79215586 -0.22276749 -0.0373632   0.03996822 -0.44372191],1
37.6,28.71,0.0,66.87,0.7688000000000113,[37.6    28.71    0.     66.87    0.7688],[ 4.80088872 -0.2219237  -0.0373632   0.03996822 -0.44372319],1
37.61,28.72,0.0,66.87,0.7442000000000333,[37.61   28.72    0.     66.87    0.7442],[ 4.80379967 -0.2210799  -0.0373632   0.03996822 -0.44372381],1
37.85,95.16,0.0,59.73,2.3761999999991477,[37.85   95.16    0.     59.73    2.3762],[ 4.87366255  5.38509766 -0.0373632  -1.32761172 -0.44368254],1
37.87,95.1,0.0,59.73,0.024200000000006,[3.787e+01 9.510e+01 0.000e+00 5.973e+01 2.420e-02],[ 4.87948446  5.38003488 -0.0373632  -1.32761172 -0.44374202],1
38.1,86.44,0.0,59.73,0.03645000000005648,[3.810e+01 8.644e+01 0.000e+00 5.973e+01 3.645e-02],[ 4.94643638  4.64930795 -0.0373632  -1.32761172 -0.44374171],1
38.11,86.35,0.0,59.73,0.03920000000011969,[3.811e+01 8.635e+01 0.000e+00 5.973e+01 3.920e-02],[ 4.94934733  4.64171379 -0.0373632  -1.32761172 -0.44374164],1
38.12,86.23,0.0,59.73,0.02645000000005648,[3.812e+01 8.623e+01 0.000e+00 5.973e+01 2.645e-02],[ 4.95225829  4.63158824 -0.0373632  -1.32761172 -0.44374196],1
38.12,86.25,0.0,59.73,0.03380000000005675,[3.812e+01 8.625e+01 0.000e+00 5.973e+01 3.380e-02],[ 4.95225829  4.63327583 -0.0373632  -1.32761172 -0.44374178],1
38.12,86.29,0.0,59.73,0.03920000000011969,[3.812e+01 8.629e+01 0.000e+00 5.973e+01 3.920e-02],[ 4.95225829  4.63665101 -0.0373632  -1.32761172 -0.44374164],1
38.4,26.71,0.0,66.87,0.8191999999999651,[38.4    26.71    0.     66.87    0.8192],[ 5.03376498 -0.3906828  -0.0373632   0.03996822 -0.44372191],1
38.8,96.05,0.0,59.73,0.09245000000012514,[3.880e+01 9.605e+01 0.000e+00 5.973e+01 9.245e-02],[ 5.15020311  5.46019546 -0.0373632  -1.32761172 -0.44374029],1
38.81,96.03,0.0,59.73,0.0968000000002241,[38.81   96.03    0.     59.73    0.0968],[ 5.15311406  5.45850787 -0.0373632  -1.32761172 -0.44374018],1
38.83,95.98,0.0,59.73,0.07604999999995034,[3.883e+01 9.598e+01 0.000e+00 5.973e+01 7.605e-02],[ 5.15893597  5.45428889 -0.0373632  -1.32761172 -0.44374071],1
38.84,95.96,0.0,59.73,0.3200000000005093,[38.84 95.96  0.   59.73  0.32],[ 5.16184692  5.4526013  -0.0373632  -1.32761172 -0.44373454],1
38.91,96.41,0.0,59.73,0.11519999999979046,[38.91   96.41    0.     59.73    0.1152],[ 5.18222359  5.4905721  -0.0373632  -1.32761172 -0.44373972],1
38.92,96.38,0.0,59.73,0.11520000000000873,[38.92   96.38    0.     59.73    0.1152],[ 5.18513455  5.48804071 -0.0373632  -1.32761172 -0.44373972],1
38.93,96.36,0.0,59.73,0.12005000000011587,[38.93    96.36     0.      59.73     0.12005],[ 5.1880455   5.48635312 -0.0373632  -1.32761172 -0.4437396 ],1
38.94,96.33,0.0,59.73,0.12005000000056153,[38.94    96.33     0.      59.73     0.12005],[ 5.19095645  5.48382174 -0.0373632  -1.32761172 -0.4437396 ],1
38.95,96.31,0.0,59.73,0.1152000000004453,[38.95   96.31    0.     59.73    0.1152],[ 5.19386741  5.48213414 -0.0373632  -1.32761172 -0.44373972],1
39.03,97.2,0.0,59.73,0.15679999999971478,[39.03   97.2     0.     59.73    0.1568],[ 5.21715503  5.55723195 -0.0373632  -1.32761172 -0.44373867],1
39.04,97.19,0.0,59.73,0.15679999999971478,[39.04   97.19    0.     59.73    0.1568],[ 5.22006599  5.55638815 -0.0373632  -1.32761172 -0.44373867],1
39.05,97.17,0.0,59.73,0.16245000000009333,[39.05    97.17     0.      59.73     0.16245],[ 5.22297694  5.55470056 -0.0373632  -1.32761172 -0.44373852],1
39.06,97.15,0.0,59.73,0.16244999999983412,[39.06    97.15     0.      59.73     0.16245],[ 5.22588789  5.55301297 -0.0373632  -1.32761172 -0.44373852],1
39.07,97.14,0.0,59.73,0.16245000000009333,[39.07    97.14     0.      59.73     0.16245],[ 5.22879885  5.55216917 -0.0373632  -1.32761172 -0.44373852],1
39.08,97.12,0.0,59.73,0.16245000000061172,[39.08    97.12     0.      59.73     0.16245],[ 5.2317098   5.55048158 -0.0373632  -1.32761172 -0.44373852],1
39.09,97.11,0.0,59.73,0.16244999999983412,[39.09    97.11     0.      59.73     0.16245],[ 5.23462075  5.54963779 -0.0373632  -1.32761172 -0.44373852],1
39.1,97.09,0.0,59.73,0.1681999999999578,[39.1    97.09    0.     59.73    0.1682],[ 5.23753171  5.5479502  -0.0373632  -1.32761172 -0.44373838],1
39.11,97.07,0.0,59.73,0.1681999999999578,[39.11   97.07    0.     59.73    0.1682],[ 5.24044266  5.54626261 -0.0373632  -1.32761172 -0.44373838],1
39.12,97.06,0.0,59.73,0.3363999999999156,[39.12   97.06    0.     59.73    0.3364],[ 5.24335361  5.54541881 -0.0373632  -1.32761172 -0.44373412],1
39.13,97.05,0.0,59.73,0.1681999999999578,[39.13   97.05    0.     59.73    0.1682],[ 5.24626457  5.54457501 -0.0373632  -1.32761172 -0.44373838],1
39.14,97.03,0.0,59.73,0.17405000000008586,[39.14    97.03     0.      59.73     0.17405],[ 5.24917552  5.54288742 -0.0373632  -1.32761172 -0.44373823],1
39.14,97.04,0.0,59.73,0.17404999999928095,[39.14    97.04     0.      59.73     0.17405],[ 5.24917552  5.54373122 -0.0373632  -1.32761172 -0.44373823],1
39.15,97.02,0.0,59.73,0.17405000000008586,[39.15    97.02     0.      59.73     0.17405],[ 5.25208647  5.54204363 -0.0373632  -1.32761172 -0.44373823],1
39.16,97.01,0.0,59.73,0.5801666666663269,[39.16       97.01        0.         59.73        0.58016667],[ 5.25499743  5.54119983 -0.0373632  -1.32761172 -0.44372796],1
39.17,97.0,0.0,59.73,0.348099999999501,[39.17   97.      0.     59.73    0.3481],[ 5.25790838  5.54035604 -0.0373632  -1.32761172 -0.44373383],1
39.18,96.99,0.0,59.73,0.6409666666666239,[39.18       96.99        0.         59.73        0.64096667],[ 5.26081933  5.53951224 -0.0373632  -1.32761172 -0.44372642],1
39.19,96.99,0.0,59.73,0.21124999999976354,[39.19    96.99     0.      59.73     0.21125],[ 5.26373029  5.53951224 -0.0373632  -1.32761172 -0.44373729],1
39.23,96.18,0.0,59.73,0.16245000000061172,[39.23    96.18     0.      59.73     0.16245],[ 5.2753741   5.4711648  -0.0373632  -1.32761172 -0.44373852],1
39.23,96.19,0.0,59.73,0.15680000000047875,[39.23   96.19    0.     59.73    0.1568],[ 5.2753741   5.4720086  -0.0373632  -1.32761172 -0.44373867],1
39.24,96.18,0.0,59.73,0.5358250000001868,[39.24     96.18      0.       59.73      0.535825],[ 5.27828505  5.4711648  -0.0373632  -1.32761172 -0.44372908],1
39.25,96.18,0.0,59.73,0.8122500000005314,[39.25    96.18     0.      59.73     0.81225],[ 5.28119601  5.4711648  -0.0373632  -1.32761172 -0.44372209],1
39.26,96.18,0.0,59.73,0.16245000000061172,[39.26    96.18     0.      59.73     0.16245],[ 5.28410696  5.4711648  -0.0373632  -1.32761172 -0.44373852],1
39.26,96.19,0.0,59.73,0.1681999999999578,[39.26   96.19    0.     59.73    0.1682],[ 5.28410696  5.4720086  -0.0373632  -1.32761172 -0.44373838],1
39.27,96.19,0.0,59.73,0.8208300000002666,[39.27    96.19     0.      59.73     0.82083],[ 5.28701791  5.4720086  -0.0373632  -1.32761172 -0.44372187],1
39.28,96.2,0.0,59.73,1.162376666667199,[39.28       96.2         0.         59.73        1.16237667],[ 5.28992887  5.47285239 -0.0373632  -1.32761172 -0.44371324],1
39.29,96.21,0.0,59.73,0.5664916666663,[39.29       96.21        0.         59.73        0.56649167],[ 5.29283982  5.47369619 -0.0373632  -1.32761172 -0.44372831],1
39.3,96.22,0.0,59.73,0.36979999999932733,[39.3    96.22    0.     59.73    0.3698],[ 5.29575077  5.47453998 -0.0373632  -1.32761172 -0.44373328],1
40.48,22.84,0.0,66.87,1.7860500000000816,[40.48    22.84     0.      66.87     1.78605],[ 5.63924326 -0.71723168 -0.0373632   0.03996822 -0.44369746],1
40.51,22.87,0.0,66.87,1.692800000000163,[40.51   22.87    0.     66.87    1.6928],[ 5.64797612 -0.71470029 -0.0373632   0.03996822 -0.44369982],1
40.56,22.93,0.0,66.87,1.548799999999984,[40.56   22.93    0.     66.87    1.5488],[ 5.66253088 -0.70963752 -0.0373632   0.03996822 -0.44370346],1
42.45,38.22,0.0,59.73,1.2482000000004239,[42.45   38.22    0.     59.73    1.2482],[ 6.21270105  0.58052586 -0.0373632  -1.32761172 -0.44371107],1
42.45,38.32,0.0,59.73,0.051200000000052384,[4.245e+01 3.832e+01 0.000e+00 5.973e+01 5.120e-02],[ 6.21270105  0.58896382 -0.0373632  -1.32761172 -0.44374134],1
42.45,38.39,0.0,59.73,0.018050000000010367,[4.245e+01 3.839e+01 0.000e+00 5.973e+01 1.805e-02],[ 6.21270105  0.59487038 -0.0373632  -1.32761172 -0.44374217],1
44.15,40.92,0.0,59.73,42183.50580000004,"[4.41500000e+01 4.09200000e+01 0.00000000e+00 5.97300000e+01
 4.21835058e+04]",[ 6.7075631   0.80835066 -0.0373632  -1.32761172  0.62302771],1
44.7,21.23,0.0,59.73,0.03644999999999509,[4.470e+01 2.123e+01 0.000e+00 5.973e+01 3.645e-02],[ 6.86766553 -0.85308276 -0.0373632  -1.32761172 -0.44374171],1
46.12,64.48,0.0,59.73,0.004999999999968168,[4.612e+01 6.448e+01 0.000e+00 5.973e+01 5.000e-03],[ 7.28102089  2.79633294 -0.0373632  -1.32761172 -0.4437425 ],1
46.12,64.49,0.0,59.73,0.009999999999959073,[4.612e+01 6.449e+01 0.000e+00 5.973e+01 1.000e-02],[ 7.28102089  2.79717674 -0.0373632  -1.32761172 -0.44374238],1
46.12,64.5,0.0,59.73,0.009999999999959073,[4.612e+01 6.450e+01 0.000e+00 5.973e+01 1.000e-02],[ 7.28102089  2.79802054 -0.0373632  -1.32761172 -0.44374238],1
46.13,64.45,0.0,59.73,0.009999999999959073,[4.613e+01 6.445e+01 0.000e+00 5.973e+01 1.000e-02],[ 7.28393185  2.79380156 -0.0373632  -1.32761172 -0.44374238],1
46.13,64.46,0.0,59.73,0.004999999999968168,[4.613e+01 6.446e+01 0.000e+00 5.973e+01 5.000e-03],[ 7.28393185  2.79464535 -0.0373632  -1.32761172 -0.4437425 ],1
46.13,64.47,0.0,59.73,0.004999999999968168,[4.613e+01 6.447e+01 0.000e+00 5.973e+01 5.000e-03],[ 7.28393185  2.79548915 -0.0373632  -1.32761172 -0.4437425 ],1
46.14,64.41,0.0,59.73,0.006050000000039017,[4.614e+01 6.441e+01 0.000e+00 5.973e+01 6.050e-03],[ 7.2868428   2.79042638 -0.0373632  -1.32761172 -0.44374248],1
46.14,64.42,0.0,59.73,0.005000000000013643,[4.614e+01 6.442e+01 0.000e+00 5.973e+01 5.000e-03],[ 7.2868428   2.79127017 -0.0373632  -1.32761172 -0.4437425 ],1
46.14,64.43,0.0,59.73,0.005000000000013643,[4.614e+01 6.443e+01 0.000e+00 5.973e+01 5.000e-03],[ 7.2868428   2.79211397 -0.0373632  -1.32761172 -0.4437425 ],1
46.15,64.37,0.0,59.73,0.005000000000013643,[4.615e+01 6.437e+01 0.000e+00 5.973e+01 5.000e-03],[ 7.28975375  2.78705119 -0.0373632  -1.32761172 -0.4437425 ],1
46.15,64.38,0.0,59.73,0.004999999999968168,[4.615e+01 6.438e+01 0.000e+00 5.973e+01 5.000e-03],[ 7.28975375  2.78789499 -0.0373632  -1.32761172 -0.4437425 ],1
46.15,64.39,0.0,59.73,0.004999999999968168,[4.615e+01 6.439e+01 0.000e+00 5.973e+01 5.000e-03],[ 7.28975375  2.78873879 -0.0373632  -1.32761172 -0.4437425 ],1
46.16,64.34,0.0,59.73,0.03380000000005675,[4.616e+01 6.434e+01 0.000e+00 5.973e+01 3.380e-02],[ 7.29266471  2.78451981 -0.0373632  -1.32761172 -0.44374178],1
46.16,64.35,0.0,59.73,0.01999999999996362,[4.616e+01 6.435e+01 0.000e+00 5.973e+01 2.000e-02],[ 7.29266471  2.7853636  -0.0373632  -1.32761172 -0.44374213],1
46.17,64.51,0.0,59.73,0.0031999999999941793,[4.617e+01 6.451e+01 0.000e+00 5.973e+01 3.200e-03],[ 7.29557566  2.79886433 -0.0373632  -1.32761172 -0.44374255],1
46.18,64.47,0.0,59.73,0.0031999999999941793,[4.618e+01 6.447e+01 0.000e+00 5.973e+01 3.200e-03],[ 7.29848661  2.79548915 -0.0373632  -1.32761172 -0.44374255],1
46.18,64.49,0.0,59.73,0.0031999999999941793,[4.618e+01 6.449e+01 0.000e+00 5.973e+01 3.200e-03],[ 7.29848661  2.79717674 -0.0373632  -1.32761172 -0.44374255],1
46.19,64.45,0.0,59.73,0.0031999999999941793,[4.619e+01 6.445e+01 0.000e+00 5.973e+01 3.200e-03],[ 7.30139757  2.79380156 -0.0373632  -1.32761172 -0.44374255],1
46.2,64.42,0.0,59.73,0.004050000000013097,[4.620e+01 6.442e+01 0.000e+00 5.973e+01 4.050e-03],[ 7.30430852  2.79127017 -0.0373632  -1.32761172 -0.44374253],1
46.23,47.9,0.0,59.73,0.7199999999997817,[46.23 47.9   0.   59.73  0.72],[ 7.31304138  1.39731994 -0.0373632  -1.32761172 -0.44372442],1
46.23,64.65,0.0,59.73,0.0,[46.23 64.65  0.   59.73  0.  ],[ 7.31304138  2.81067747 -0.0373632  -1.32761172 -0.44374263],1
46.42,54.71,0.0,59.73,58.861249999996545,[46.42    54.71     0.      59.73    58.86125],[ 7.36834949  1.9719447  -0.0373632  -1.32761172 -0.4422541 ],1
46.5,54.31,0.0,59.73,32.56244999999765,[46.5     54.31     0.      59.73    32.56245],[ 7.39163712  1.93819288 -0.0373632  -1.32761172 -0.44291917],1
46.64,48.43,0.0,59.73,36.636799999997585,[46.64   48.43    0.     59.73   36.6368],[ 7.43239046  1.44204111 -0.0373632  -1.32761172 -0.44281613],1
46.64,48.45,0.0,59.73,33.37445000000059,[46.64    48.45     0.      59.73    33.37445],[ 7.43239046  1.4437287  -0.0373632  -1.32761172 -0.44289863],1
46.75,41.98,0.0,59.73,0.09680000000012405,[46.75   41.98    0.     59.73    0.0968],[ 7.46441095  0.89779298 -0.0373632  -1.32761172 -0.44374018],1
46.81,39.52,0.0,59.73,249.3144500000136,[ 46.81     39.52      0.       59.73    249.31445],[ 7.48187667  0.69021928 -0.0373632  -1.32761172 -0.43743777],1
