Datetime,Zone Air CO2 Concentration,Zone Mean Air Temperature,Zone Air Relative Humidity,Ventilation,_volume,BinaryOccupancy,BinaryOccupancy_modified,#occupants,occupants_modified
2024-10-13T00:01:00.000+02:00,383.08,23.43,39.43,0.0,70.09,0,0,0.0,0.0
2024-10-13T00:02:00.000+02:00,382.77,23.43,39.42,0.0,70.09,0,0,0.0,0.0
2024-10-13T00:03:00.000+02:00,382.46,23.42,39.41,0.0,70.09,0,0,0.0,0.0
2024-10-13T00:04:00.000+02:00,382.16,23.42,39.4,0.0,70.09,0,0,0.0,0.0
2024-10-13T00:05:00.000+02:00,381.85,23.41,39.4,0.0,70.09,0,0,0.0,0.0
2024-10-13T00:06:00.000+02:00,381.55,23.41,39.39,0.0,70.09,0,0,0.0,0.0
2024-10-13T00:07:00.000+02:00,381.25,23.4,39.39,0.0,70.09,0,0,0.0,0.0
2024-10-13T00:08:00.000+02:00,380.95,23.4,39.38,0.0,70.09,0,0,0.0,0.0
2024-10-13T00:09:00.000+02:00,380.65,23.39,39.38,0.0,70.09,0,0,0.0,0.0
2024-10-13T00:10:00.000+02:00,380.36,23.38,39.38,0.0,70.09,0,0,0.0,0.0
2024-10-13T00:11:00.000+02:00,380.06,23.37,39.37,0.0,70.09,0,0,0.0,0.0
2024-10-13T00:12:00.000+02:00,379.77,23.37,39.37,0.0,70.09,0,0,0.0,0.0
2024-10-13T00:13:00.000+02:00,379.48,23.36,39.37,0.0,70.09,0,0,0.0,0.0
2024-10-13T00:14:00.000+02:00,379.19,23.35,39.36,0.0,70.09,0,0,0.0,0.0
2024-10-13T00:15:00.000+02:00,378.9,23.34,39.36,0.0,70.09,0,0,0.0,0.0
2024-10-13T00:16:00.000+02:00,378.62,23.34,39.36,0.0,70.09,0,0,0.0,0.0
2024-10-13T00:17:00.000+02:00,378.33,23.33,39.35,0.0,70.09,0,0,0.0,0.0
2024-10-13T00:18:00.000+02:00,378.05,23.32,39.35,0.0,70.09,0,0,0.0,0.0
2024-10-13T00:19:00.000+02:00,377.77,23.31,39.35,0.0,70.09,0,0,0.0,0.0
2024-10-13T00:20:00.000+02:00,377.48,23.3,39.35,0.0,70.09,0,0,0.0,0.0
2024-10-13T00:21:00.000+02:00,377.21,23.29,39.34,0.0,70.09,0,0,0.0,0.0
2024-10-13T00:22:00.000+02:00,376.93,23.28,39.34,0.0,70.09,0,0,0.0,0.0
2024-10-13T00:23:00.000+02:00,376.65,23.28,39.34,0.0,70.09,0,0,0.0,0.0
2024-10-13T00:24:00.000+02:00,376.38,23.27,39.33,0.0,70.09,0,0,0.0,0.0
2024-10-13T00:25:00.000+02:00,376.1,23.26,39.33,0.0,70.09,0,0,0.0,0.0
2024-10-13T00:26:00.000+02:00,375.83,23.25,39.33,0.0,70.09,0,0,0.0,0.0
2024-10-13T00:27:00.000+02:00,375.56,23.24,39.32,0.0,70.09,0,0,0.0,0.0
2024-10-13T00:28:00.000+02:00,375.29,23.23,39.32,0.0,70.09,0,0,0.0,0.0
2024-10-13T00:29:00.000+02:00,375.02,23.22,39.31,0.0,70.09,0,0,0.0,0.0
2024-10-13T00:30:00.000+02:00,374.76,23.21,39.31,0.0,70.09,0,0,0.0,0.0
2024-10-13T00:31:00.000+02:00,374.49,23.2,39.31,0.0,70.09,0,0,0.0,0.0
2024-10-13T00:32:00.000+02:00,374.23,23.19,39.3,0.0,70.09,0,0,0.0,0.0
2024-10-13T00:33:00.000+02:00,373.97,23.18,39.29,0.0,70.09,0,0,0.0,0.0
2024-10-13T00:34:00.000+02:00,373.71,23.17,39.29,0.0,70.09,0,0,0.0,0.0
2024-10-13T00:35:00.000+02:00,373.45,23.16,39.28,0.0,70.09,0,0,0.0,0.0
2024-10-13T00:36:00.000+02:00,373.19,23.15,39.28,0.0,70.09,0,0,0.0,0.0
2024-10-13T00:37:00.000+02:00,372.93,23.14,39.27,0.0,70.09,0,0,0.0,0.0
2024-10-13T00:38:00.000+02:00,372.68,23.13,39.26,0.0,70.09,0,0,0.0,0.0
2024-10-13T00:39:00.000+02:00,372.42,23.12,39.26,0.0,70.09,0,0,0.0,0.0
2024-10-13T00:40:00.000+02:00,372.17,23.11,39.25,0.0,70.09,0,0,0.0,0.0
2024-10-13T00:41:00.000+02:00,371.92,23.1,39.24,0.0,70.09,0,0,0.0,0.0
2024-10-13T00:42:00.000+02:00,371.67,23.09,39.23,0.0,70.09,0,0,0.0,0.0
2024-10-13T00:43:00.000+02:00,371.42,23.08,39.23,0.0,70.09,0,0,0.0,0.0
2024-10-13T00:44:00.000+02:00,371.17,23.07,39.22,0.0,70.09,0,0,0.0,0.0
2024-10-13T00:45:00.000+02:00,370.93,23.06,39.21,0.0,70.09,0,0,0.0,0.0
2024-10-13T00:46:00.000+02:00,370.68,23.05,39.2,0.0,70.09,0,0,0.0,0.0
2024-10-13T00:47:00.000+02:00,370.44,23.04,39.19,0.0,70.09,0,0,0.0,0.0
2024-10-13T00:48:00.000+02:00,370.2,23.03,39.18,0.0,70.09,0,0,0.0,0.0
2024-10-13T00:49:00.000+02:00,369.96,23.02,39.17,0.0,70.09,0,0,0.0,0.0
2024-10-13T00:50:00.000+02:00,369.72,23.01,39.16,0.0,70.09,0,0,0.0,0.0
2024-10-13T00:51:00.000+02:00,369.48,23.0,39.15,0.0,70.09,0,0,0.0,0.0
2024-10-13T00:52:00.000+02:00,369.24,22.99,39.14,0.0,70.09,0,0,0.0,0.0
2024-10-13T00:53:00.000+02:00,369.01,22.98,39.13,0.0,70.09,0,0,0.0,0.0
2024-10-13T00:54:00.000+02:00,368.77,22.97,39.11,0.0,70.09,0,0,0.0,0.0
2024-10-13T00:55:00.000+02:00,368.54,22.96,39.1,0.0,70.09,0,0,0.0,0.0
2024-10-13T00:56:00.000+02:00,368.31,22.95,39.09,0.0,70.09,0,0,0.0,0.0
2024-10-13T00:57:00.000+02:00,368.07,22.94,39.08,0.0,70.09,0,0,0.0,0.0
2024-10-13T00:58:00.000+02:00,367.84,22.93,39.06,0.0,70.09,0,0,0.0,0.0
2024-10-13T00:59:00.000+02:00,367.62,22.92,39.05,0.0,70.09,0,0,0.0,0.0
2024-10-13T01:00:00.000+02:00,367.39,22.91,39.04,0.0,70.09,0,0,0.0,0.0
2024-10-13T01:01:00.000+02:00,367.16,22.9,39.02,0.0,70.09,0,0,0.0,0.0
2024-10-13T01:02:00.000+02:00,366.94,22.89,39.0,0.0,70.09,0,0,0.0,0.0
2024-10-13T01:03:00.000+02:00,366.71,22.88,38.98,0.0,70.09,0,0,0.0,0.0
2024-10-13T01:04:00.000+02:00,366.49,22.88,38.96,0.0,70.09,0,0,0.0,0.0
2024-10-13T01:05:00.000+02:00,366.27,22.87,38.94,0.0,70.09,0,0,0.0,0.0
2024-10-13T01:06:00.000+02:00,366.05,22.86,38.92,0.0,70.09,0,0,0.0,0.0
2024-10-13T01:07:00.000+02:00,365.83,22.85,38.9,0.0,70.09,0,0,0.0,0.0
2024-10-13T01:08:00.000+02:00,365.62,22.84,38.88,0.0,70.09,0,0,0.0,0.0
2024-10-13T01:09:00.000+02:00,365.4,22.84,38.86,0.0,70.09,0,0,0.0,0.0
2024-10-13T01:10:00.000+02:00,365.19,22.83,38.83,0.0,70.09,0,0,0.0,0.0
2024-10-13T01:11:00.000+02:00,364.97,22.82,38.81,0.0,70.09,0,0,0.0,0.0
2024-10-13T01:12:00.000+02:00,364.76,22.82,38.79,0.0,70.09,0,0,0.0,0.0
2024-10-13T01:13:00.000+02:00,364.55,22.81,38.77,0.0,70.09,0,0,0.0,0.0
2024-10-13T01:14:00.000+02:00,364.34,22.8,38.74,0.0,70.09,0,0,0.0,0.0
2024-10-13T01:15:00.000+02:00,364.13,22.8,38.72,0.0,70.09,0,0,0.0,0.0
2024-10-13T01:16:00.000+02:00,363.92,22.79,38.69,0.0,70.09,0,0,0.0,0.0
2024-10-13T01:17:00.000+02:00,363.71,22.79,38.67,0.0,70.09,0,0,0.0,0.0
2024-10-13T01:18:00.000+02:00,363.51,22.78,38.65,0.0,70.09,0,0,0.0,0.0
2024-10-13T01:19:00.000+02:00,363.31,22.77,38.62,0.0,70.09,0,0,0.0,0.0
2024-10-13T01:20:00.000+02:00,363.1,22.77,38.6,0.0,70.09,0,0,0.0,0.0
2024-10-13T01:21:00.000+02:00,362.9,22.76,38.57,0.0,70.09,0,0,0.0,0.0
2024-10-13T01:22:00.000+02:00,362.7,22.76,38.55,0.0,70.09,0,0,0.0,0.0
2024-10-13T01:23:00.000+02:00,362.5,22.75,38.53,0.0,70.09,0,0,0.0,0.0
2024-10-13T01:24:00.000+02:00,362.3,22.75,38.5,0.0,70.09,0,0,0.0,0.0
2024-10-13T01:25:00.000+02:00,362.1,22.74,38.48,0.0,70.09,0,0,0.0,0.0
2024-10-13T01:26:00.000+02:00,361.91,22.74,38.45,0.0,70.09,0,0,0.0,0.0
2024-10-13T01:27:00.000+02:00,361.71,22.73,38.43,0.0,70.09,0,0,0.0,0.0
2024-10-13T01:28:00.000+02:00,361.52,22.72,38.41,0.0,70.09,0,0,0.0,0.0
2024-10-13T01:29:00.000+02:00,361.32,22.72,38.38,0.0,70.09,0,0,0.0,0.0
2024-10-13T01:30:00.000+02:00,361.13,22.71,38.36,0.0,70.09,0,0,0.0,0.0
2024-10-13T01:31:00.000+02:00,360.94,22.71,38.33,0.0,70.09,0,0,0.0,0.0
2024-10-13T01:32:00.000+02:00,360.75,22.7,38.31,0.0,70.09,0,0,0.0,0.0
2024-10-13T01:33:00.000+02:00,360.56,22.7,38.29,0.0,70.09,0,0,0.0,0.0
2024-10-13T01:34:00.000+02:00,360.37,22.69,38.26,0.0,70.09,0,0,0.0,0.0
2024-10-13T01:35:00.000+02:00,360.19,22.69,38.24,0.0,70.09,0,0,0.0,0.0
2024-10-13T01:36:00.000+02:00,360.0,22.68,38.22,0.0,70.09,0,0,0.0,0.0
2024-10-13T01:37:00.000+02:00,359.82,22.68,38.19,0.0,70.09,0,0,0.0,0.0
2024-10-13T01:38:00.000+02:00,359.63,22.67,38.17,0.0,70.09,0,0,0.0,0.0
2024-10-13T01:39:00.000+02:00,359.45,22.67,38.15,0.0,70.09,0,0,0.0,0.0
2024-10-13T01:40:00.000+02:00,359.27,22.66,38.13,0.0,70.09,0,0,0.0,0.0
2024-10-13T01:41:00.000+02:00,359.09,22.66,38.1,0.0,70.09,0,0,0.0,0.0
2024-10-13T01:42:00.000+02:00,358.91,22.65,38.08,0.0,70.09,0,0,0.0,0.0
2024-10-13T01:43:00.000+02:00,358.73,22.65,38.06,0.0,70.09,0,0,0.0,0.0
2024-10-13T01:44:00.000+02:00,358.55,22.64,38.03,0.0,70.09,0,0,0.0,0.0
2024-10-13T01:45:00.000+02:00,358.38,22.64,38.01,0.0,70.09,0,0,0.0,0.0
2024-10-13T01:46:00.000+02:00,358.2,22.63,37.99,0.0,70.09,0,0,0.0,0.0
2024-10-13T01:47:00.000+02:00,358.03,22.63,37.97,0.0,70.09,0,0,0.0,0.0
2024-10-13T01:48:00.000+02:00,357.85,22.62,37.95,0.0,70.09,0,0,0.0,0.0
2024-10-13T01:49:00.000+02:00,357.68,22.62,37.92,0.0,70.09,0,0,0.0,0.0
2024-10-13T01:50:00.000+02:00,357.51,22.61,37.9,0.0,70.09,0,0,0.0,0.0
2024-10-13T01:51:00.000+02:00,357.34,22.61,37.88,0.0,70.09,0,0,0.0,0.0
2024-10-13T01:52:00.000+02:00,357.17,22.6,37.86,0.0,70.09,0,0,0.0,0.0
2024-10-13T01:53:00.000+02:00,357.0,22.6,37.84,0.0,70.09,0,0,0.0,0.0
2024-10-13T01:54:00.000+02:00,356.83,22.59,37.82,0.0,70.09,0,0,0.0,0.0
2024-10-13T01:55:00.000+02:00,356.66,22.59,37.79,0.0,70.09,0,0,0.0,0.0
2024-10-13T01:56:00.000+02:00,356.5,22.58,37.77,0.0,70.09,0,0,0.0,0.0
2024-10-13T01:57:00.000+02:00,356.33,22.58,37.75,0.0,70.09,0,0,0.0,0.0
2024-10-13T01:58:00.000+02:00,356.17,22.57,37.73,0.0,70.09,0,0,0.0,0.0
2024-10-13T01:59:00.000+02:00,356.0,22.57,37.71,0.0,70.09,0,0,0.0,0.0
2024-10-13T02:00:00.000+02:00,355.84,22.56,37.69,0.0,70.09,0,0,0.0,0.0
2024-10-13T02:01:00.000+02:00,355.68,22.56,37.67,0.0,70.09,0,0,0.0,0.0
2024-10-13T02:02:00.000+02:00,355.52,22.56,37.65,0.0,70.09,0,0,0.0,0.0
2024-10-13T02:03:00.000+02:00,355.36,22.55,37.63,0.0,70.09,0,0,0.0,0.0
2024-10-13T02:04:00.000+02:00,355.2,22.55,37.6,0.0,70.09,0,0,0.0,0.0
2024-10-13T02:05:00.000+02:00,355.04,22.54,37.58,0.0,70.09,0,0,0.0,0.0
2024-10-13T02:06:00.000+02:00,354.89,22.54,37.56,0.0,70.09,0,0,0.0,0.0
2024-10-13T02:07:00.000+02:00,354.73,22.53,37.54,0.0,70.09,0,0,0.0,0.0
2024-10-13T02:08:00.000+02:00,354.57,22.53,37.52,0.0,70.09,0,0,0.0,0.0
2024-10-13T02:09:00.000+02:00,354.42,22.53,37.5,0.0,70.09,0,0,0.0,0.0
2024-10-13T02:10:00.000+02:00,354.27,22.52,37.47,0.0,70.09,0,0,0.0,0.0
2024-10-13T02:11:00.000+02:00,354.11,22.52,37.45,0.0,70.09,0,0,0.0,0.0
2024-10-13T02:12:00.000+02:00,353.96,22.51,37.43,0.0,70.09,0,0,0.0,0.0
2024-10-13T02:13:00.000+02:00,353.81,22.51,37.41,0.0,70.09,0,0,0.0,0.0
2024-10-13T02:14:00.000+02:00,353.66,22.51,37.39,0.0,70.09,0,0,0.0,0.0
2024-10-13T02:15:00.000+02:00,353.51,22.5,37.37,0.0,70.09,0,0,0.0,0.0
2024-10-13T02:16:00.000+02:00,353.36,22.5,37.34,0.0,70.09,0,0,0.0,0.0
2024-10-13T02:17:00.000+02:00,353.22,22.49,37.32,0.0,70.09,0,0,0.0,0.0
2024-10-13T02:18:00.000+02:00,353.07,22.49,37.3,0.0,70.09,0,0,0.0,0.0
2024-10-13T02:19:00.000+02:00,352.92,22.49,37.28,0.0,70.09,0,0,0.0,0.0
2024-10-13T02:20:00.000+02:00,352.78,22.48,37.26,0.0,70.09,0,0,0.0,0.0
2024-10-13T02:21:00.000+02:00,352.63,22.48,37.24,0.0,70.09,0,0,0.0,0.0
2024-10-13T02:22:00.000+02:00,352.49,22.48,37.22,0.0,70.09,0,0,0.0,0.0
2024-10-13T02:23:00.000+02:00,352.35,22.47,37.19,0.0,70.09,0,0,0.0,0.0
2024-10-13T02:24:00.000+02:00,352.21,22.47,37.17,0.0,70.09,0,0,0.0,0.0
2024-10-13T02:25:00.000+02:00,352.06,22.47,37.15,0.0,70.09,0,0,0.0,0.0
2024-10-13T02:26:00.000+02:00,351.92,22.46,37.13,0.0,70.09,0,0,0.0,0.0
2024-10-13T02:27:00.000+02:00,351.78,22.46,37.11,0.0,70.09,0,0,0.0,0.0
2024-10-13T02:28:00.000+02:00,351.65,22.46,37.09,0.0,70.09,0,0,0.0,0.0
2024-10-13T02:29:00.000+02:00,351.51,22.45,37.07,0.0,70.09,0,0,0.0,0.0
2024-10-13T02:30:00.000+02:00,351.37,22.45,37.05,0.0,70.09,0,0,0.0,0.0
2024-10-13T02:31:00.000+02:00,351.23,22.44,37.03,0.0,70.09,0,0,0.0,0.0
2024-10-13T02:32:00.000+02:00,351.1,22.44,37.01,0.0,70.09,0,0,0.0,0.0
2024-10-13T02:33:00.000+02:00,350.96,22.44,36.98,0.0,70.09,0,0,0.0,0.0
2024-10-13T02:34:00.000+02:00,350.83,22.43,36.96,0.0,70.09,0,0,0.0,0.0
2024-10-13T02:35:00.000+02:00,350.7,22.43,36.94,0.0,70.09,0,0,0.0,0.0
2024-10-13T02:36:00.000+02:00,350.56,22.43,36.92,0.0,70.09,0,0,0.0,0.0
2024-10-13T02:37:00.000+02:00,350.43,22.42,36.9,0.0,70.09,0,0,0.0,0.0
2024-10-13T02:38:00.000+02:00,350.3,22.42,36.88,0.0,70.09,0,0,0.0,0.0
2024-10-13T02:39:00.000+02:00,350.17,22.42,36.86,0.0,70.09,0,0,0.0,0.0
2024-10-13T02:40:00.000+02:00,350.04,22.41,36.84,0.0,70.09,0,0,0.0,0.0
2024-10-13T02:41:00.000+02:00,349.91,22.41,36.82,0.0,70.09,0,0,0.0,0.0
2024-10-13T02:42:00.000+02:00,349.78,22.41,36.8,0.0,70.09,0,0,0.0,0.0
2024-10-13T02:43:00.000+02:00,349.65,22.4,36.78,0.0,70.09,0,0,0.0,0.0
2024-10-13T02:44:00.000+02:00,349.53,22.4,36.76,0.0,70.09,0,0,0.0,0.0
2024-10-13T02:45:00.000+02:00,349.4,22.4,36.74,0.0,70.09,0,0,0.0,0.0
2024-10-13T02:46:00.000+02:00,349.28,22.39,36.72,0.0,70.09,0,0,0.0,0.0
2024-10-13T02:47:00.000+02:00,349.15,22.39,36.7,0.0,70.09,0,0,0.0,0.0
2024-10-13T02:48:00.000+02:00,349.03,22.39,36.68,0.0,70.09,0,0,0.0,0.0
2024-10-13T02:49:00.000+02:00,348.9,22.39,36.66,0.0,70.09,0,0,0.0,0.0
2024-10-13T02:50:00.000+02:00,348.78,22.38,36.64,0.0,70.09,0,0,0.0,0.0
2024-10-13T02:51:00.000+02:00,348.66,22.38,36.62,0.0,70.09,0,0,0.0,0.0
2024-10-13T02:52:00.000+02:00,348.54,22.38,36.6,0.0,70.09,0,0,0.0,0.0
2024-10-13T02:53:00.000+02:00,348.42,22.37,36.59,0.0,70.09,0,0,0.0,0.0
2024-10-13T02:54:00.000+02:00,348.3,22.37,36.57,0.0,70.09,0,0,0.0,0.0
2024-10-13T02:55:00.000+02:00,348.18,22.37,36.55,0.0,70.09,0,0,0.0,0.0
2024-10-13T02:56:00.000+02:00,348.06,22.36,36.53,0.0,70.09,0,0,0.0,0.0
2024-10-13T02:57:00.000+02:00,347.94,22.36,36.51,0.0,70.09,0,0,0.0,0.0
2024-10-13T02:58:00.000+02:00,347.82,22.36,36.49,0.0,70.09,0,0,0.0,0.0
2024-10-13T02:59:00.000+02:00,347.71,22.35,36.47,0.0,70.09,0,0,0.0,0.0
2024-10-13T03:00:00.000+02:00,347.59,22.35,36.45,0.0,70.09,0,0,0.0,0.0
2024-10-13T03:01:00.000+02:00,347.48,22.35,36.43,0.0,70.09,0,0,0.0,0.0
2024-10-13T03:02:00.000+02:00,347.36,22.34,36.41,0.0,70.09,0,0,0.0,0.0
2024-10-13T03:03:00.000+02:00,347.25,22.34,36.4,0.0,70.09,0,0,0.0,0.0
2024-10-13T03:04:00.000+02:00,347.13,22.34,36.38,0.0,70.09,0,0,0.0,0.0
2024-10-13T03:05:00.000+02:00,347.02,22.33,36.36,0.0,70.09,0,0,0.0,0.0
2024-10-13T03:06:00.000+02:00,346.91,22.33,36.34,0.0,70.09,0,0,0.0,0.0
2024-10-13T03:07:00.000+02:00,346.8,22.33,36.32,0.0,70.09,0,0,0.0,0.0
2024-10-13T03:08:00.000+02:00,346.69,22.32,36.31,0.0,70.09,0,0,0.0,0.0
2024-10-13T03:09:00.000+02:00,346.58,22.32,36.29,0.0,70.09,0,0,0.0,0.0
2024-10-13T03:10:00.000+02:00,346.47,22.32,36.27,0.0,70.09,0,0,0.0,0.0
2024-10-13T03:11:00.000+02:00,346.36,22.31,36.25,0.0,70.09,0,0,0.0,0.0
2024-10-13T03:12:00.000+02:00,346.25,22.31,36.24,0.0,70.09,0,0,0.0,0.0
2024-10-13T03:13:00.000+02:00,346.14,22.31,36.22,0.0,70.09,0,0,0.0,0.0
2024-10-13T03:14:00.000+02:00,346.03,22.3,36.2,0.0,70.09,0,0,0.0,0.0
2024-10-13T03:15:00.000+02:00,345.93,22.3,36.19,0.0,70.09,0,0,0.0,0.0
2024-10-13T03:16:00.000+02:00,345.82,22.3,36.17,0.0,70.09,0,0,0.0,0.0
2024-10-13T03:17:00.000+02:00,345.72,22.29,36.15,0.0,70.09,0,0,0.0,0.0
2024-10-13T03:18:00.000+02:00,345.61,22.29,36.14,0.0,70.09,0,0,0.0,0.0
2024-10-13T03:19:00.000+02:00,345.51,22.29,36.12,0.0,70.09,0,0,0.0,0.0
2024-10-13T03:20:00.000+02:00,345.4,22.28,36.1,0.0,70.09,0,0,0.0,0.0
2024-10-13T03:21:00.000+02:00,345.3,22.28,36.09,0.0,70.09,0,0,0.0,0.0
2024-10-13T03:22:00.000+02:00,345.2,22.28,36.07,0.0,70.09,0,0,0.0,0.0
2024-10-13T03:23:00.000+02:00,345.1,22.27,36.06,0.0,70.09,0,0,0.0,0.0
2024-10-13T03:24:00.000+02:00,344.99,22.27,36.04,0.0,70.09,0,0,0.0,0.0
2024-10-13T03:25:00.000+02:00,344.89,22.27,36.02,0.0,70.09,0,0,0.0,0.0
2024-10-13T03:26:00.000+02:00,344.79,22.26,36.01,0.0,70.09,0,0,0.0,0.0
2024-10-13T03:27:00.000+02:00,344.69,22.26,35.99,0.0,70.09,0,0,0.0,0.0
2024-10-13T03:28:00.000+02:00,344.59,22.26,35.98,0.0,70.09,0,0,0.0,0.0
2024-10-13T03:29:00.000+02:00,344.5,22.25,35.96,0.0,70.09,0,0,0.0,0.0
2024-10-13T03:30:00.000+02:00,344.4,22.25,35.95,0.0,70.09,0,0,0.0,0.0
2024-10-13T03:31:00.000+02:00,344.3,22.25,35.93,0.0,70.09,0,0,0.0,0.0
2024-10-13T03:32:00.000+02:00,344.2,22.24,35.91,0.0,70.09,0,0,0.0,0.0
2024-10-13T03:33:00.000+02:00,344.11,22.24,35.9,0.0,70.09,0,0,0.0,0.0
2024-10-13T03:34:00.000+02:00,344.01,22.24,35.88,0.0,70.09,0,0,0.0,0.0
2024-10-13T03:35:00.000+02:00,343.92,22.23,35.87,0.0,70.09,0,0,0.0,0.0
2024-10-13T03:36:00.000+02:00,343.82,22.23,35.85,0.0,70.09,0,0,0.0,0.0
2024-10-13T03:37:00.000+02:00,343.73,22.23,35.84,0.0,70.09,0,0,0.0,0.0
2024-10-13T03:38:00.000+02:00,343.63,22.22,35.83,0.0,70.09,0,0,0.0,0.0
2024-10-13T03:39:00.000+02:00,343.54,22.22,35.81,0.0,70.09,0,0,0.0,0.0
2024-10-13T03:40:00.000+02:00,343.45,22.22,35.8,0.0,70.09,0,0,0.0,0.0
2024-10-13T03:41:00.000+02:00,343.36,22.21,35.78,0.0,70.09,0,0,0.0,0.0
2024-10-13T03:42:00.000+02:00,343.26,22.21,35.77,0.0,70.09,0,0,0.0,0.0
2024-10-13T03:43:00.000+02:00,343.17,22.21,35.75,0.0,70.09,0,0,0.0,0.0
2024-10-13T03:44:00.000+02:00,343.08,22.2,35.74,0.0,70.09,0,0,0.0,0.0
2024-10-13T03:45:00.000+02:00,342.99,22.2,35.72,0.0,70.09,0,0,0.0,0.0
2024-10-13T03:46:00.000+02:00,342.9,22.2,35.71,0.0,70.09,0,0,0.0,0.0
2024-10-13T03:47:00.000+02:00,342.81,22.19,35.7,0.0,70.09,0,0,0.0,0.0
2024-10-13T03:48:00.000+02:00,342.72,22.19,35.68,0.0,70.09,0,0,0.0,0.0
2024-10-13T03:49:00.000+02:00,342.64,22.19,35.67,0.0,70.09,0,0,0.0,0.0
2024-10-13T03:50:00.000+02:00,342.55,22.18,35.66,0.0,70.09,0,0,0.0,0.0
2024-10-13T03:51:00.000+02:00,342.46,22.18,35.64,0.0,70.09,0,0,0.0,0.0
2024-10-13T03:52:00.000+02:00,342.37,22.18,35.63,0.0,70.09,0,0,0.0,0.0
2024-10-13T03:53:00.000+02:00,342.29,22.17,35.61,0.0,70.09,0,0,0.0,0.0
2024-10-13T03:54:00.000+02:00,342.2,22.17,35.6,0.0,70.09,0,0,0.0,0.0
2024-10-13T03:55:00.000+02:00,342.12,22.17,35.59,0.0,70.09,0,0,0.0,0.0
2024-10-13T03:56:00.000+02:00,342.03,22.16,35.57,0.0,70.09,0,0,0.0,0.0
2024-10-13T03:57:00.000+02:00,341.95,22.16,35.56,0.0,70.09,0,0,0.0,0.0
2024-10-13T03:58:00.000+02:00,341.87,22.16,35.55,0.0,70.09,0,0,0.0,0.0
2024-10-13T03:59:00.000+02:00,341.78,22.15,35.54,0.0,70.09,0,0,0.0,0.0
2024-10-13T04:00:00.000+02:00,341.7,22.15,35.52,0.0,70.09,0,0,0.0,0.0
2024-10-13T04:01:00.000+02:00,341.62,22.15,35.51,0.0,70.09,0,0,0.0,0.0
2024-10-13T04:02:00.000+02:00,341.54,22.14,35.5,0.0,70.09,0,0,0.0,0.0
2024-10-13T04:03:00.000+02:00,341.45,22.14,35.48,0.0,70.09,0,0,0.0,0.0
2024-10-13T04:04:00.000+02:00,341.37,22.14,35.47,0.0,70.09,0,0,0.0,0.0
2024-10-13T04:05:00.000+02:00,341.29,22.13,35.46,0.0,70.09,0,0,0.0,0.0
2024-10-13T04:06:00.000+02:00,341.21,22.13,35.45,0.0,70.09,0,0,0.0,0.0
2024-10-13T04:07:00.000+02:00,341.13,22.13,35.43,0.0,70.09,0,0,0.0,0.0
2024-10-13T04:08:00.000+02:00,341.05,22.12,35.42,0.0,70.09,0,0,0.0,0.0
2024-10-13T04:09:00.000+02:00,340.97,22.12,35.41,0.0,70.09,0,0,0.0,0.0
2024-10-13T04:10:00.000+02:00,340.9,22.12,35.4,0.0,70.09,0,0,0.0,0.0
2024-10-13T04:11:00.000+02:00,340.82,22.11,35.39,0.0,70.09,0,0,0.0,0.0
2024-10-13T04:12:00.000+02:00,340.74,22.11,35.37,0.0,70.09,0,0,0.0,0.0
2024-10-13T04:13:00.000+02:00,340.66,22.1,35.36,0.0,70.09,0,0,0.0,0.0
2024-10-13T04:14:00.000+02:00,340.59,22.1,35.35,0.0,70.09,0,0,0.0,0.0
2024-10-13T04:15:00.000+02:00,340.51,22.1,35.34,0.0,70.09,0,0,0.0,0.0
2024-10-13T04:16:00.000+02:00,340.44,22.09,35.33,0.0,70.09,0,0,0.0,0.0
2024-10-13T04:17:00.000+02:00,340.36,22.09,35.32,0.0,70.09,0,0,0.0,0.0
2024-10-13T04:18:00.000+02:00,340.29,22.09,35.3,0.0,70.09,0,0,0.0,0.0
2024-10-13T04:19:00.000+02:00,340.21,22.08,35.29,0.0,70.09,0,0,0.0,0.0
2024-10-13T04:20:00.000+02:00,340.14,22.08,35.28,0.0,70.09,0,0,0.0,0.0
2024-10-13T04:21:00.000+02:00,340.06,22.08,35.27,0.0,70.09,0,0,0.0,0.0
2024-10-13T04:22:00.000+02:00,339.99,22.07,35.26,0.0,70.09,0,0,0.0,0.0
2024-10-13T04:23:00.000+02:00,339.92,22.07,35.25,0.0,70.09,0,0,0.0,0.0
2024-10-13T04:24:00.000+02:00,339.84,22.07,35.24,0.0,70.09,0,0,0.0,0.0
2024-10-13T04:25:00.000+02:00,339.77,22.06,35.22,0.0,70.09,0,0,0.0,0.0
2024-10-13T04:26:00.000+02:00,339.7,22.06,35.21,0.0,70.09,0,0,0.0,0.0
2024-10-13T04:27:00.000+02:00,339.63,22.05,35.2,0.0,70.09,0,0,0.0,0.0
2024-10-13T04:28:00.000+02:00,339.56,22.05,35.19,0.0,70.09,0,0,0.0,0.0
2024-10-13T04:29:00.000+02:00,339.49,22.05,35.18,0.0,70.09,0,0,0.0,0.0
2024-10-13T04:30:00.000+02:00,339.42,22.04,35.17,0.0,70.09,0,0,0.0,0.0
2024-10-13T04:31:00.000+02:00,339.35,22.04,35.16,0.0,70.09,0,0,0.0,0.0
2024-10-13T04:32:00.000+02:00,339.28,22.04,35.15,0.0,70.09,0,0,0.0,0.0
2024-10-13T04:33:00.000+02:00,339.21,22.03,35.14,0.0,70.09,0,0,0.0,0.0
2024-10-13T04:34:00.000+02:00,339.14,22.03,35.13,0.0,70.09,0,0,0.0,0.0
2024-10-13T04:35:00.000+02:00,339.08,22.03,35.12,0.0,70.09,0,0,0.0,0.0
2024-10-13T04:36:00.000+02:00,339.01,22.02,35.11,0.0,70.09,0,0,0.0,0.0
2024-10-13T04:37:00.000+02:00,338.94,22.02,35.1,0.0,70.09,0,0,0.0,0.0
2024-10-13T04:38:00.000+02:00,338.87,22.01,35.08,0.0,70.09,0,0,0.0,0.0
2024-10-13T04:39:00.000+02:00,338.81,22.01,35.07,0.0,70.09,0,0,0.0,0.0
2024-10-13T04:40:00.000+02:00,338.74,22.01,35.06,0.0,70.09,0,0,0.0,0.0
2024-10-13T04:41:00.000+02:00,338.67,22.0,35.05,0.0,70.09,0,0,0.0,0.0
2024-10-13T04:42:00.000+02:00,338.61,22.0,35.04,0.0,70.09,0,0,0.0,0.0
2024-10-13T04:43:00.000+02:00,338.54,22.0,35.03,0.0,70.09,0,0,0.0,0.0
2024-10-13T04:44:00.000+02:00,338.48,21.99,35.02,0.0,70.09,0,0,0.0,0.0
2024-10-13T04:45:00.000+02:00,338.42,21.99,35.01,0.0,70.09,0,0,0.0,0.0
2024-10-13T04:46:00.000+02:00,338.35,21.99,35.0,0.0,70.09,0,0,0.0,0.0
2024-10-13T04:47:00.000+02:00,338.29,21.98,34.99,0.0,70.09,0,0,0.0,0.0
2024-10-13T04:48:00.000+02:00,338.22,21.98,34.98,0.0,70.09,0,0,0.0,0.0
2024-10-13T04:49:00.000+02:00,338.16,21.97,34.97,0.0,70.09,0,0,0.0,0.0
2024-10-13T04:50:00.000+02:00,338.1,21.97,34.96,0.0,70.09,0,0,0.0,0.0
2024-10-13T04:51:00.000+02:00,338.04,21.97,34.95,0.0,70.09,0,0,0.0,0.0
2024-10-13T04:52:00.000+02:00,337.97,21.96,34.94,0.0,70.09,0,0,0.0,0.0
2024-10-13T04:53:00.000+02:00,337.91,21.96,34.93,0.0,70.09,0,0,0.0,0.0
2024-10-13T04:54:00.000+02:00,337.85,21.96,34.92,0.0,70.09,0,0,0.0,0.0
2024-10-13T04:55:00.000+02:00,337.79,21.95,34.91,0.0,70.09,0,0,0.0,0.0
2024-10-13T04:56:00.000+02:00,337.73,21.95,34.9,0.0,70.09,0,0,0.0,0.0
2024-10-13T04:57:00.000+02:00,337.67,21.95,34.89,0.0,70.09,0,0,0.0,0.0
2024-10-13T04:58:00.000+02:00,337.61,21.94,34.88,0.0,70.09,0,0,0.0,0.0
2024-10-13T04:59:00.000+02:00,337.55,21.94,34.88,0.0,70.09,0,0,0.0,0.0
2024-10-13T05:00:00.000+02:00,337.49,21.93,34.87,0.0,70.09,0,0,0.0,0.0
2024-10-13T05:01:00.000+02:00,337.43,21.93,34.86,0.0,70.09,0,0,0.0,0.0
2024-10-13T05:02:00.000+02:00,337.37,21.93,34.85,0.0,70.09,0,0,0.0,0.0
2024-10-13T05:03:00.000+02:00,337.32,21.92,34.84,0.0,70.09,0,0,0.0,0.0
2024-10-13T05:04:00.000+02:00,337.26,21.92,34.83,0.0,70.09,0,0,0.0,0.0
2024-10-13T05:05:00.000+02:00,337.2,21.92,34.82,0.0,70.09,0,0,0.0,0.0
2024-10-13T05:06:00.000+02:00,337.14,21.92,34.81,0.0,70.09,0,0,0.0,0.0
2024-10-13T05:07:00.000+02:00,337.09,21.91,34.79,0.0,70.09,0,0,0.0,0.0
2024-10-13T05:08:00.000+02:00,337.03,21.91,34.78,0.0,70.09,0,0,0.0,0.0
2024-10-13T05:09:00.000+02:00,336.97,21.91,34.77,0.0,70.09,0,0,0.0,0.0
2024-10-13T05:10:00.000+02:00,336.92,21.9,34.76,0.0,70.09,0,0,0.0,0.0
2024-10-13T05:11:00.000+02:00,336.86,21.9,34.75,0.0,70.09,0,0,0.0,0.0
2024-10-13T05:12:00.000+02:00,336.81,21.9,34.74,0.0,70.09,0,0,0.0,0.0
2024-10-13T05:13:00.000+02:00,336.75,21.9,34.73,0.0,70.09,0,0,0.0,0.0
2024-10-13T05:14:00.000+02:00,336.7,21.89,34.72,0.0,70.09,0,0,0.0,0.0
2024-10-13T05:15:00.000+02:00,336.64,21.89,34.71,0.0,70.09,0,0,0.0,0.0
2024-10-13T05:16:00.000+02:00,336.59,21.89,34.7,0.0,70.09,0,0,0.0,0.0
2024-10-13T05:17:00.000+02:00,336.54,21.89,34.69,0.0,70.09,0,0,0.0,0.0
2024-10-13T05:18:00.000+02:00,336.48,21.89,34.68,0.0,70.09,0,0,0.0,0.0
2024-10-13T05:19:00.000+02:00,336.43,21.88,34.67,0.0,70.09,0,0,0.0,0.0
2024-10-13T05:20:00.000+02:00,336.38,21.88,34.65,0.0,70.09,0,0,0.0,0.0
2024-10-13T05:21:00.000+02:00,336.32,21.88,34.64,0.0,70.09,0,0,0.0,0.0
2024-10-13T05:22:00.000+02:00,336.27,21.88,34.63,0.0,70.09,0,0,0.0,0.0
2024-10-13T05:23:00.000+02:00,336.22,21.88,34.62,0.0,70.09,0,0,0.0,0.0
2024-10-13T05:24:00.000+02:00,336.17,21.87,34.61,0.0,70.09,0,0,0.0,0.0
2024-10-13T05:25:00.000+02:00,336.12,21.87,34.6,0.0,70.09,0,0,0.0,0.0
2024-10-13T05:26:00.000+02:00,336.07,21.87,34.59,0.0,70.09,0,0,0.0,0.0
2024-10-13T05:27:00.000+02:00,336.02,21.87,34.58,0.0,70.09,0,0,0.0,0.0
2024-10-13T05:28:00.000+02:00,335.97,21.87,34.57,0.0,70.09,0,0,0.0,0.0
2024-10-13T05:29:00.000+02:00,335.92,21.86,34.56,0.0,70.09,0,0,0.0,0.0
2024-10-13T05:30:00.000+02:00,335.87,21.86,34.55,0.0,70.09,0,0,0.0,0.0
2024-10-13T05:31:00.000+02:00,335.82,21.86,34.54,0.0,70.09,0,0,0.0,0.0
2024-10-13T05:32:00.000+02:00,335.77,21.86,34.53,0.0,70.09,0,0,0.0,0.0
2024-10-13T05:33:00.000+02:00,335.72,21.86,34.52,0.0,70.09,0,0,0.0,0.0
2024-10-13T05:34:00.000+02:00,335.67,21.85,34.51,0.0,70.09,0,0,0.0,0.0
2024-10-13T05:35:00.000+02:00,335.62,21.85,34.5,0.0,70.09,0,0,0.0,0.0
2024-10-13T05:36:00.000+02:00,335.57,21.85,34.49,0.0,70.09,0,0,0.0,0.0
2024-10-13T05:37:00.000+02:00,335.52,21.85,34.48,0.0,70.09,0,0,0.0,0.0
2024-10-13T05:38:00.000+02:00,335.48,21.85,34.47,0.0,70.09,0,0,0.0,0.0
2024-10-13T05:39:00.000+02:00,335.43,21.84,34.46,0.0,70.09,0,0,0.0,0.0
2024-10-13T05:40:00.000+02:00,335.38,21.84,34.45,0.0,70.09,0,0,0.0,0.0
2024-10-13T05:41:00.000+02:00,335.33,21.84,34.45,0.0,70.09,0,0,0.0,0.0
2024-10-13T05:42:00.000+02:00,335.29,21.84,34.44,0.0,70.09,0,0,0.0,0.0
2024-10-13T05:43:00.000+02:00,335.24,21.84,34.43,0.0,70.09,0,0,0.0,0.0
2024-10-13T05:44:00.000+02:00,335.2,21.84,34.42,0.0,70.09,0,0,0.0,0.0
2024-10-13T05:45:00.000+02:00,335.15,21.83,34.41,0.0,70.09,0,0,0.0,0.0
2024-10-13T05:46:00.000+02:00,335.1,21.83,34.4,0.0,70.09,0,0,0.0,0.0
2024-10-13T05:47:00.000+02:00,335.06,21.83,34.39,0.0,70.09,0,0,0.0,0.0
2024-10-13T05:48:00.000+02:00,335.01,21.83,34.38,0.0,70.09,0,0,0.0,0.0
2024-10-13T05:49:00.000+02:00,334.97,21.83,34.37,0.0,70.09,0,0,0.0,0.0
2024-10-13T05:50:00.000+02:00,334.92,21.82,34.37,0.0,70.09,0,0,0.0,0.0
2024-10-13T05:51:00.000+02:00,334.88,21.82,34.36,0.0,70.09,0,0,0.0,0.0
2024-10-13T05:52:00.000+02:00,334.84,21.82,34.35,0.0,70.09,0,0,0.0,0.0
2024-10-13T05:53:00.000+02:00,336.62,21.84,34.32,0.0,70.09,1,1,1.0,1.0
2024-10-13T05:54:00.000+02:00,339.55,21.87,34.29,0.0,70.09,1,1,1.0,
2024-10-13T05:55:00.000+02:00,342.87,21.9,34.27,0.0,70.09,1,1,1.0,
2024-10-13T05:56:00.000+02:00,346.22,21.93,34.25,0.0,70.09,1,1,1.0,
2024-10-13T05:57:00.000+02:00,349.51,21.95,34.23,0.0,70.09,1,1,1.0,
2024-10-13T05:58:00.000+02:00,352.75,21.98,34.22,0.0,70.09,1,1,1.0,
2024-10-13T05:59:00.000+02:00,355.95,22.0,34.22,0.0,70.09,1,1,1.0,
2024-10-13T06:00:00.000+02:00,359.13,22.01,34.22,0.0,70.09,1,1,1.0,
2024-10-13T06:01:00.000+02:00,362.29,22.03,34.23,0.0,70.09,1,1,1.0,
2024-10-13T06:02:00.000+02:00,365.44,22.05,34.23,0.0,70.09,1,1,1.0,
2024-10-13T06:03:00.000+02:00,368.57,22.06,34.24,0.0,70.09,1,1,1.0,
2024-10-13T06:04:00.000+02:00,371.68,22.07,34.25,0.0,70.09,1,1,1.0,
2024-10-13T06:05:00.000+02:00,374.78,22.08,34.27,0.0,70.09,1,1,1.0,
2024-10-13T06:06:00.000+02:00,377.86,22.09,34.28,0.0,70.09,1,1,1.0,
2024-10-13T06:07:00.000+02:00,380.92,22.1,34.3,0.0,70.09,1,1,1.0,
2024-10-13T06:08:00.000+02:00,383.96,22.11,34.32,0.0,70.09,1,1,1.0,
2024-10-13T06:09:00.000+02:00,386.98,22.12,34.34,0.0,70.09,1,1,1.0,
2024-10-13T06:10:00.000+02:00,389.99,22.12,34.37,0.0,70.09,1,1,1.0,
2024-10-13T06:11:00.000+02:00,392.99,22.13,34.39,0.0,70.09,1,1,1.0,
2024-10-13T06:12:00.000+02:00,395.96,22.14,34.41,0.0,70.09,1,1,1.0,
2024-10-13T06:13:00.000+02:00,398.92,22.14,34.44,0.0,70.09,1,1,1.0,
2024-10-13T06:14:00.000+02:00,401.86,22.15,34.46,0.0,70.09,1,1,1.0,
2024-10-13T06:15:00.000+02:00,404.79,22.15,34.49,0.0,70.09,1,1,1.0,
2024-10-13T06:16:00.000+02:00,407.7,22.16,34.52,0.0,70.09,1,1,1.0,
2024-10-13T06:17:00.000+02:00,410.59,22.16,34.54,0.0,70.09,1,1,1.0,
2024-10-13T06:18:00.000+02:00,413.47,22.16,34.57,0.0,70.09,1,1,1.0,
2024-10-13T06:19:00.000+02:00,416.33,22.17,34.6,0.0,70.09,1,1,1.0,
2024-10-13T06:20:00.000+02:00,419.18,22.17,34.63,0.0,70.09,1,1,1.0,
2024-10-13T06:21:00.000+02:00,422.01,22.17,34.66,0.0,70.09,1,1,1.0,
2024-10-13T06:22:00.000+02:00,424.82,22.18,34.69,0.0,70.09,1,1,1.0,
2024-10-13T06:23:00.000+02:00,427.62,22.18,34.72,0.0,70.09,1,1,1.0,
2024-10-13T06:24:00.000+02:00,430.4,22.18,34.75,0.0,70.09,1,1,1.0,
2024-10-13T06:25:00.000+02:00,433.17,22.18,34.78,0.0,70.09,1,1,1.0,
2024-10-13T06:26:00.000+02:00,435.92,22.19,34.81,0.0,70.09,1,1,1.0,
2024-10-13T06:27:00.000+02:00,438.66,22.19,34.84,0.0,70.09,1,1,1.0,
2024-10-13T06:28:00.000+02:00,441.38,22.19,34.87,0.0,70.09,1,1,1.0,
2024-10-13T06:29:00.000+02:00,444.08,22.19,34.91,0.0,70.09,1,1,1.0,
2024-10-13T06:30:00.000+02:00,446.77,22.19,34.94,0.0,70.09,1,1,1.0,
2024-10-13T06:31:00.000+02:00,449.45,22.19,34.97,0.0,70.09,1,1,1.0,
2024-10-13T06:32:00.000+02:00,452.11,22.2,35.0,0.0,70.09,1,1,1.0,
2024-10-13T06:33:00.000+02:00,454.75,22.2,35.03,0.0,70.09,1,1,1.0,
2024-10-13T06:34:00.000+02:00,457.39,22.2,35.06,0.0,70.09,1,1,1.0,
2024-10-13T06:35:00.000+02:00,460.0,22.2,35.09,0.0,70.09,1,1,1.0,
2024-10-13T06:36:00.000+02:00,462.6,22.2,35.12,0.0,70.09,1,1,1.0,
2024-10-13T06:37:00.000+02:00,465.19,22.21,35.14,0.0,70.09,1,1,1.0,
2024-10-13T06:38:00.000+02:00,467.76,22.21,35.16,0.0,70.09,1,1,1.0,
2024-10-13T06:39:00.000+02:00,470.32,22.22,35.19,0.0,70.09,1,1,1.0,
2024-10-13T06:40:00.000+02:00,472.87,22.22,35.21,0.0,70.09,1,1,1.0,
2024-10-13T06:41:00.000+02:00,475.4,22.26,35.17,0.0,70.09,1,1,1.0,
2024-10-13T06:42:00.000+02:00,477.91,22.32,35.08,0.0,70.09,1,1,1.0,
2024-10-13T06:43:00.000+02:00,480.41,22.38,34.97,0.0,70.09,1,1,1.0,
2024-10-13T06:44:00.000+02:00,482.9,22.45,34.86,0.0,70.09,1,1,1.0,
2024-10-13T06:45:00.000+02:00,485.37,22.51,34.76,0.0,70.09,1,1,1.0,
2024-10-13T06:46:00.000+02:00,487.83,22.57,34.67,0.0,70.09,1,1,1.0,
2024-10-13T06:47:00.000+02:00,490.28,22.63,34.58,0.0,70.09,1,1,1.0,
2024-10-13T06:48:00.000+02:00,492.71,22.69,34.5,0.0,70.09,1,1,1.0,1.0
2024-10-13T06:49:00.000+02:00,495.13,22.74,34.42,0.0,70.09,1,1,1.0,1.0
2024-10-13T06:50:00.000+02:00,497.53,22.79,34.34,0.0,70.09,1,1,1.0,1.0
2024-10-13T06:51:00.000+02:00,499.92,22.84,34.27,0.0,70.09,1,1,1.0,1.0
2024-10-13T06:52:00.000+02:00,502.3,22.9,34.2,0.0,70.09,1,1,1.0,1.0
2024-10-13T06:53:00.000+02:00,504.66,22.94,34.13,0.0,70.09,1,1,1.0,1.0
2024-10-13T06:54:00.000+02:00,507.01,22.99,34.07,0.0,70.09,1,1,1.0,1.0
2024-10-13T06:55:00.000+02:00,509.35,23.04,34.01,0.0,70.09,1,1,1.0,1.0
2024-10-13T06:56:00.000+02:00,511.67,23.09,33.95,0.0,70.09,1,1,1.0,1.0
2024-10-13T06:57:00.000+02:00,513.98,23.13,33.89,0.0,70.09,1,1,1.0,1.0
2024-10-13T06:58:00.000+02:00,516.28,23.18,33.83,0.0,70.09,1,1,1.0,1.0
2024-10-13T06:59:00.000+02:00,518.57,23.22,33.78,0.0,70.09,1,1,1.0,1.0
2024-10-13T07:00:00.000+02:00,520.84,23.26,33.73,0.0,70.09,1,1,1.0,1.0
2024-10-13T07:01:00.000+02:00,523.1,23.3,33.68,0.0,70.09,1,1,1.0,1.0
2024-10-13T07:02:00.000+02:00,525.34,23.35,33.63,0.0,70.09,1,1,1.0,1.0
2024-10-13T07:03:00.000+02:00,527.58,23.39,33.58,0.0,70.09,1,1,1.0,1.0
2024-10-13T07:04:00.000+02:00,529.8,23.43,33.53,0.0,70.09,1,1,1.0,1.0
2024-10-13T07:05:00.000+02:00,532.01,23.47,33.49,0.0,70.09,1,1,1.0,1.0
2024-10-13T07:06:00.000+02:00,534.2,23.51,33.44,0.0,70.09,1,1,1.0,1.0
2024-10-13T07:07:00.000+02:00,536.39,23.54,33.4,0.0,70.09,1,1,1.0,1.0
2024-10-13T07:08:00.000+02:00,538.56,23.58,33.37,0.0,70.09,1,1,1.0,1.0
2024-10-13T07:09:00.000+02:00,540.71,23.61,33.34,0.0,70.09,1,1,1.0,1.0
2024-10-13T07:10:00.000+02:00,542.86,23.65,33.31,0.0,70.09,1,1,1.0,1.0
2024-10-13T07:11:00.000+02:00,545.0,23.68,33.28,0.0,70.09,1,1,1.0,1.0
2024-10-13T07:12:00.000+02:00,547.12,23.71,33.25,0.0,70.09,1,1,1.0,1.0
2024-10-13T07:13:00.000+02:00,549.23,23.74,33.23,0.0,70.09,1,1,1.0,1.0
2024-10-13T07:14:00.000+02:00,551.33,23.76,33.21,0.0,70.09,1,1,1.0,1.0
2024-10-13T07:15:00.000+02:00,553.41,23.79,33.19,0.0,70.09,1,1,1.0,1.0
2024-10-13T07:16:00.000+02:00,555.49,23.82,33.17,0.0,70.09,1,1,1.0,1.0
2024-10-13T07:17:00.000+02:00,557.55,23.84,33.15,0.0,70.09,1,1,1.0,1.0
2024-10-13T07:18:00.000+02:00,559.6,23.87,33.14,0.0,70.09,1,1,1.0,1.0
2024-10-13T07:19:00.000+02:00,561.64,23.89,33.12,0.0,70.09,1,1,1.0,1.0
2024-10-13T07:20:00.000+02:00,563.67,23.92,33.11,0.0,70.09,1,1,1.0,1.0
2024-10-13T07:21:00.000+02:00,565.69,23.94,33.1,0.0,70.09,1,1,1.0,1.0
2024-10-13T07:22:00.000+02:00,567.69,23.97,33.09,0.0,70.09,1,1,1.0,1.0
2024-10-13T07:23:00.000+02:00,569.69,23.99,33.07,0.0,70.09,1,1,1.0,1.0
2024-10-13T07:24:00.000+02:00,571.67,24.02,33.06,0.0,70.09,1,1,1.0,1.0
2024-10-13T07:25:00.000+02:00,573.64,24.04,33.04,0.0,70.09,1,1,1.0,1.0
2024-10-13T07:26:00.000+02:00,575.6,24.07,33.03,0.0,70.09,1,1,1.0,1.0
2024-10-13T07:27:00.000+02:00,577.55,24.09,33.02,0.0,70.09,1,1,1.0,1.0
2024-10-13T07:28:00.000+02:00,579.49,24.11,33.0,0.0,70.09,1,1,1.0,1.0
2024-10-13T07:29:00.000+02:00,581.42,24.14,32.99,0.0,70.09,1,1,1.0,1.0
2024-10-13T07:30:00.000+02:00,583.34,24.16,32.98,0.0,70.09,1,1,1.0,1.0
2024-10-13T07:31:00.000+02:00,585.24,24.18,32.97,0.0,70.09,1,1,1.0,1.0
2024-10-13T07:32:00.000+02:00,587.14,24.2,32.97,0.0,70.09,1,1,1.0,1.0
2024-10-13T07:33:00.000+02:00,589.02,24.22,32.96,0.0,70.09,1,1,1.0,1.0
2024-10-13T07:34:00.000+02:00,590.9,24.24,32.96,0.0,70.09,1,1,1.0,1.0
2024-10-13T07:35:00.000+02:00,592.76,24.26,32.95,0.0,70.09,1,1,1.0,1.0
2024-10-13T07:36:00.000+02:00,594.61,24.28,32.95,0.0,70.09,1,1,1.0,1.0
2024-10-13T07:37:00.000+02:00,596.45,24.3,32.95,0.0,70.09,1,1,1.0,1.0
2024-10-13T07:38:00.000+02:00,598.29,24.31,32.95,0.0,70.09,1,1,1.0,1.0
2024-10-13T07:39:00.000+02:00,600.11,24.33,32.95,0.0,70.09,1,1,1.0,1.0
2024-10-13T07:40:00.000+02:00,601.92,24.35,32.95,0.0,70.09,1,1,1.0,1.0
2024-10-13T07:41:00.000+02:00,603.72,24.36,32.96,0.0,70.09,1,1,1.0,1.0
2024-10-13T07:42:00.000+02:00,605.51,24.38,32.96,0.0,70.09,1,1,1.0,1.0
2024-10-13T07:43:00.000+02:00,607.29,24.39,32.96,0.0,70.09,1,1,1.0,1.0
2024-10-13T07:44:00.000+02:00,609.06,24.41,32.97,0.0,70.09,1,1,1.0,1.0
2024-10-13T07:45:00.000+02:00,610.82,24.42,32.97,0.0,70.09,1,1,1.0,1.0
2024-10-13T07:46:00.000+02:00,612.57,24.44,32.97,0.0,70.09,1,1,1.0,1.0
2024-10-13T07:47:00.000+02:00,614.32,24.45,32.98,0.0,70.09,1,1,1.0,1.0
2024-10-13T07:48:00.000+02:00,616.05,24.47,32.99,0.0,70.09,1,1,1.0,1.0
2024-10-13T07:49:00.000+02:00,617.77,24.48,32.99,0.0,70.09,1,1,1.0,1.0
2024-10-13T07:50:00.000+02:00,619.48,24.49,33.0,0.0,70.09,1,1,1.0,1.0
2024-10-13T07:51:00.000+02:00,621.18,24.51,33.01,0.0,70.09,1,1,1.0,1.0
2024-10-13T07:52:00.000+02:00,622.88,24.52,33.01,0.0,70.09,1,1,1.0,1.0
2024-10-13T07:53:00.000+02:00,624.56,24.53,33.02,0.0,70.09,1,1,1.0,1.0
2024-10-13T07:54:00.000+02:00,626.23,24.55,33.03,0.0,70.09,1,1,1.0,1.0
2024-10-13T07:55:00.000+02:00,627.9,24.56,33.04,0.0,70.09,1,1,1.0,1.0
2024-10-13T07:56:00.000+02:00,629.55,24.57,33.04,0.0,70.09,1,1,1.0,1.0
2024-10-13T07:57:00.000+02:00,631.2,24.58,33.05,0.0,70.09,1,1,1.0,1.0
2024-10-13T07:58:00.000+02:00,632.83,24.59,33.06,0.0,70.09,1,1,1.0,1.0
2024-10-13T07:59:00.000+02:00,634.46,24.61,33.07,0.0,70.09,1,1,1.0,1.0
2024-10-13T08:00:00.000+02:00,636.08,24.62,33.08,0.0,70.09,1,1,1.0,1.0
2024-10-13T08:01:00.000+02:00,637.69,24.63,33.09,0.0,70.09,1,1,1.0,1.0
2024-10-13T08:02:00.000+02:00,639.29,24.64,33.1,0.0,70.09,1,1,1.0,1.0
2024-10-13T08:03:00.000+02:00,640.88,24.65,33.11,0.0,70.09,1,1,1.0,1.0
2024-10-13T08:04:00.000+02:00,642.46,24.66,33.12,0.0,70.09,1,1,1.0,1.0
2024-10-13T08:05:00.000+02:00,644.04,24.68,33.13,0.0,70.09,1,1,1.0,1.0
2024-10-13T08:06:00.000+02:00,645.6,24.69,33.14,0.0,70.09,1,1,1.0,1.0
2024-10-13T08:07:00.000+02:00,647.16,24.7,33.14,0.0,70.09,1,1,1.0,1.0
2024-10-13T08:08:00.000+02:00,648.71,24.71,33.15,0.0,70.09,1,1,1.0,1.0
2024-10-13T08:09:00.000+02:00,650.24,24.72,33.16,0.0,70.09,1,1,1.0,1.0
2024-10-13T08:10:00.000+02:00,651.78,24.74,33.17,0.0,70.09,1,1,1.0,1.0
2024-10-13T08:11:00.000+02:00,653.3,24.75,33.18,0.0,70.09,1,1,1.0,1.0
2024-10-13T08:12:00.000+02:00,654.81,24.76,33.19,0.0,70.09,1,1,1.0,1.0
2024-10-13T08:13:00.000+02:00,656.32,24.77,33.2,0.0,70.09,1,1,1.0,1.0
2024-10-13T08:14:00.000+02:00,657.81,24.79,33.2,0.0,70.09,1,1,1.0,1.0
2024-10-13T08:15:00.000+02:00,659.3,24.8,33.21,0.0,70.09,1,1,1.0,1.0
2024-10-13T08:16:00.000+02:00,660.78,24.81,33.22,0.0,70.09,1,1,1.0,1.0
2024-10-13T08:17:00.000+02:00,662.26,24.82,33.23,0.0,70.09,1,1,1.0,1.0
2024-10-13T08:18:00.000+02:00,663.72,24.84,33.24,0.0,70.09,1,1,1.0,1.0
2024-10-13T08:19:00.000+02:00,665.18,24.85,33.25,0.0,70.09,1,1,1.0,1.0
2024-10-13T08:20:00.000+02:00,666.63,24.86,33.26,0.0,70.09,1,1,1.0,1.0
2024-10-13T08:21:00.000+02:00,668.07,24.87,33.27,0.0,70.09,1,1,1.0,1.0
2024-10-13T08:22:00.000+02:00,669.5,24.89,33.28,0.0,70.09,1,1,1.0,1.0
2024-10-13T08:23:00.000+02:00,670.92,24.9,33.29,0.0,70.09,1,1,1.0,1.0
2024-10-13T08:24:00.000+02:00,672.34,24.91,33.3,0.0,70.09,1,1,1.0,1.0
2024-10-13T08:25:00.000+02:00,673.75,24.92,33.31,0.0,70.09,1,1,1.0,1.0
2024-10-13T08:26:00.000+02:00,675.15,24.94,33.32,0.0,70.09,1,1,1.0,1.0
2024-10-13T08:27:00.000+02:00,676.54,24.95,33.33,0.0,70.09,1,1,1.0,1.0
2024-10-13T08:28:00.000+02:00,677.93,24.96,33.34,0.0,70.09,1,1,1.0,1.0
2024-10-13T08:29:00.000+02:00,679.31,24.97,33.35,0.0,70.09,1,1,1.0,1.0
2024-10-13T08:30:00.000+02:00,680.68,24.98,33.36,0.0,70.09,1,1,1.0,1.0
2024-10-13T08:31:00.000+02:00,682.04,25.0,33.37,0.0,70.09,1,1,1.0,1.0
2024-10-13T08:32:00.000+02:00,683.39,25.01,33.38,0.0,70.09,1,1,1.0,1.0
2024-10-13T08:33:00.000+02:00,684.74,25.01,33.41,0.0,70.09,1,1,1.0,1.0
2024-10-13T08:34:00.000+02:00,686.08,25.01,33.45,0.0,70.09,1,1,1.0,1.0
2024-10-13T08:35:00.000+02:00,687.42,25.0,33.5,0.0,70.09,1,1,1.0,1.0
2024-10-13T08:36:00.000+02:00,688.74,25.0,33.53,0.0,70.09,1,1,1.0,1.0
2024-10-13T08:37:00.000+02:00,690.06,25.01,33.56,0.0,70.09,1,1,1.0,1.0
2024-10-13T08:38:00.000+02:00,691.37,25.01,33.6,0.0,70.09,1,1,1.0,1.0
2024-10-13T08:39:00.000+02:00,692.68,25.0,33.64,0.0,70.09,1,1,1.0,1.0
2024-10-13T08:40:00.000+02:00,693.98,25.0,33.68,0.0,70.09,1,1,1.0,1.0
2024-10-13T08:41:00.000+02:00,695.27,25.01,33.69,0.0,70.09,1,1,1.0,1.0
2024-10-13T08:42:00.000+02:00,696.55,25.02,33.71,0.0,70.09,1,1,1.0,1.0
2024-10-13T08:43:00.000+02:00,697.83,25.02,33.74,0.0,70.09,1,1,1.0,1.0
2024-10-13T08:44:00.000+02:00,699.1,25.03,33.76,0.0,70.09,1,1,1.0,1.0
2024-10-13T08:45:00.000+02:00,700.36,25.03,33.79,0.0,70.09,1,1,1.0,1.0
2024-10-13T08:46:00.000+02:00,701.62,25.03,33.82,0.0,70.09,1,1,1.0,1.0
2024-10-13T08:47:00.000+02:00,701.04,25.02,33.85,0.0,70.09,0,1,0.0,
2024-10-13T08:48:00.000+02:00,699.31,25.0,33.88,0.0,70.09,0,1,0.0,
2024-10-13T08:49:00.000+02:00,697.18,24.99,33.87,0.0,70.09,0,1,0.0,
2024-10-13T08:50:00.000+02:00,695.01,24.99,33.84,0.0,70.09,0,1,0.0,
2024-10-13T08:51:00.000+02:00,692.9,24.99,33.81,0.0,70.09,0,1,0.0,
2024-10-13T08:52:00.000+02:00,690.84,25.0,33.77,0.0,70.09,0,1,0.0,
2024-10-13T08:53:00.000+02:00,688.81,25.0,33.76,0.0,70.09,0,1,0.0,
2024-10-13T08:54:00.000+02:00,686.79,25.0,33.73,0.0,70.09,0,1,0.0,
2024-10-13T08:55:00.000+02:00,684.78,25.0,33.7,0.0,70.09,0,1,0.0,
2024-10-13T08:56:00.000+02:00,682.78,25.0,33.68,0.0,70.09,0,1,0.0,
2024-10-13T08:57:00.000+02:00,680.79,24.99,33.68,0.0,70.09,0,1,0.0,
2024-10-13T08:58:00.000+02:00,678.82,24.99,33.65,0.0,70.09,0,1,0.0,
2024-10-13T08:59:00.000+02:00,676.85,25.01,33.61,0.0,70.09,0,1,0.0,
2024-10-13T09:00:00.000+02:00,674.9,25.01,33.58,0.0,70.09,0,1,0.0,
2024-10-13T09:01:00.000+02:00,672.96,25.0,33.57,0.0,70.09,0,1,0.0,
2024-10-13T09:02:00.000+02:00,671.03,24.99,33.57,0.0,70.09,0,1,0.0,
2024-10-13T09:03:00.000+02:00,669.11,25.0,33.53,0.0,70.09,0,1,0.0,
2024-10-13T09:04:00.000+02:00,667.2,25.0,33.51,0.0,70.09,0,1,0.0,
2024-10-13T09:05:00.000+02:00,665.3,25.0,33.49,0.0,70.09,0,1,0.0,
2024-10-13T09:06:00.000+02:00,663.41,25.0,33.48,0.0,70.09,0,1,0.0,
2024-10-13T09:07:00.000+02:00,661.53,25.01,33.44,0.0,70.09,0,1,0.0,
2024-10-13T09:08:00.000+02:00,659.67,25.02,33.41,0.0,70.09,0,1,0.0,
2024-10-13T09:09:00.000+02:00,657.81,25.02,33.39,0.0,70.09,0,1,0.0,
2024-10-13T09:10:00.000+02:00,655.97,25.02,33.37,0.0,70.09,0,1,0.0,
2024-10-13T09:11:00.000+02:00,654.13,25.02,33.35,0.0,70.09,0,1,0.0,
2024-10-13T09:12:00.000+02:00,652.31,25.02,33.33,0.0,70.09,0,1,0.0,
2024-10-13T09:13:00.000+02:00,650.5,25.02,33.31,0.0,70.09,0,1,0.0,
2024-10-13T09:14:00.000+02:00,648.69,25.03,33.29,0.0,70.09,0,1,0.0,
2024-10-13T09:15:00.000+02:00,646.9,25.03,33.26,0.0,70.09,0,1,0.0,
2024-10-13T09:16:00.000+02:00,645.12,25.03,33.24,0.0,70.09,0,1,0.0,
2024-10-13T09:17:00.000+02:00,643.34,25.04,33.21,0.0,70.09,0,1,0.0,
2024-10-13T09:18:00.000+02:00,641.58,25.04,33.19,0.0,70.09,0,1,0.0,
2024-10-13T09:19:00.000+02:00,639.83,25.05,33.16,0.0,70.09,0,1,0.0,
2024-10-13T09:20:00.000+02:00,638.09,25.06,33.13,0.0,70.09,0,1,0.0,
2024-10-13T09:21:00.000+02:00,636.35,25.06,33.11,0.0,70.09,0,1,0.0,
2024-10-13T09:22:00.000+02:00,634.63,25.07,33.08,0.0,70.09,0,1,0.0,
2024-10-13T09:23:00.000+02:00,632.92,25.08,33.05,0.0,70.09,0,1,0.0,
2024-10-13T09:24:00.000+02:00,631.21,25.09,33.02,0.0,70.09,0,1,0.0,
2024-10-13T09:25:00.000+02:00,629.52,25.09,32.99,0.0,70.09,0,1,0.0,
2024-10-13T09:26:00.000+02:00,627.83,25.1,32.96,0.0,70.09,0,1,0.0,
2024-10-13T09:27:00.000+02:00,626.16,25.11,32.93,0.0,70.09,0,1,0.0,
2024-10-13T09:28:00.000+02:00,624.49,25.12,32.89,0.0,70.09,0,1,0.0,
2024-10-13T09:29:00.000+02:00,622.84,25.14,32.86,0.0,70.09,0,1,0.0,
2024-10-13T09:30:00.000+02:00,621.19,25.15,32.82,0.0,70.09,0,1,0.0,
2024-10-13T09:31:00.000+02:00,619.55,25.16,32.79,0.0,70.09,0,1,0.0,
2024-10-13T09:32:00.000+02:00,617.93,25.17,32.75,0.0,70.09,0,1,0.0,
2024-10-13T09:33:00.000+02:00,616.31,25.18,32.72,0.0,70.09,0,1,0.0,
2024-10-13T09:34:00.000+02:00,614.7,25.2,32.68,0.0,70.09,0,1,0.0,
2024-10-13T09:35:00.000+02:00,613.1,25.21,32.65,0.0,70.09,0,1,0.0,
2024-10-13T09:36:00.000+02:00,611.51,25.22,32.62,0.0,70.09,0,1,0.0,
2024-10-13T09:37:00.000+02:00,609.92,25.23,32.59,0.0,70.09,0,1,0.0,
2024-10-13T09:38:00.000+02:00,608.35,25.24,32.55,0.0,70.09,0,1,0.0,
2024-10-13T09:39:00.000+02:00,606.78,25.25,32.52,0.0,70.09,0,1,0.0,
2024-10-13T09:40:00.000+02:00,605.23,25.27,32.49,0.0,70.09,0,1,0.0,
2024-10-13T09:41:00.000+02:00,603.68,25.28,32.46,0.0,70.09,0,1,0.0,
2024-10-13T09:42:00.000+02:00,602.14,25.29,32.43,0.0,70.09,0,1,0.0,
2024-10-13T09:43:00.000+02:00,600.61,25.3,32.4,0.0,70.09,0,1,0.0,
2024-10-13T09:44:00.000+02:00,599.09,25.31,32.37,0.0,70.09,0,1,0.0,
2024-10-13T09:45:00.000+02:00,597.58,25.32,32.34,0.0,70.09,0,1,0.0,
2024-10-13T09:46:00.000+02:00,596.08,25.33,32.31,0.0,70.09,0,1,0.0,
2024-10-13T09:47:00.000+02:00,594.58,25.34,32.28,0.0,70.09,0,1,0.0,
2024-10-13T09:48:00.000+02:00,593.09,25.35,32.25,0.0,70.09,0,1,0.0,
2024-10-13T09:49:00.000+02:00,591.61,25.37,32.23,0.0,70.09,0,1,0.0,
2024-10-13T09:50:00.000+02:00,590.14,25.38,32.2,0.0,70.09,0,1,0.0,
2024-10-13T09:51:00.000+02:00,588.68,25.39,32.17,0.0,70.09,0,1,0.0,
2024-10-13T09:52:00.000+02:00,587.23,25.4,32.14,0.0,70.09,0,1,0.0,
2024-10-13T09:53:00.000+02:00,585.78,25.41,32.12,0.0,70.09,0,1,0.0,
2024-10-13T09:54:00.000+02:00,584.35,25.42,32.09,0.0,70.09,0,1,0.0,
2024-10-13T09:55:00.000+02:00,582.92,25.43,32.07,0.0,70.09,0,1,0.0,
2024-10-13T09:56:00.000+02:00,581.49,25.44,32.04,0.0,70.09,0,1,0.0,
2024-10-13T09:57:00.000+02:00,580.08,25.45,32.02,0.0,70.09,0,1,0.0,
2024-10-13T09:58:00.000+02:00,578.68,25.46,31.99,0.0,70.09,0,1,0.0,
2024-10-13T09:59:00.000+02:00,577.28,25.47,31.97,0.0,70.09,0,1,0.0,
2024-10-13T10:00:00.000+02:00,575.89,25.48,31.94,0.0,70.09,0,1,0.0,
2024-10-13T10:01:00.000+02:00,574.51,25.49,31.92,0.0,70.09,0,1,0.0,
2024-10-13T10:02:00.000+02:00,573.13,25.5,31.9,0.0,70.09,0,1,0.0,
2024-10-13T10:03:00.000+02:00,571.77,25.51,31.88,0.0,70.09,0,1,0.0,
2024-10-13T10:04:00.000+02:00,570.41,25.52,31.85,0.0,70.09,0,1,0.0,
2024-10-13T10:05:00.000+02:00,569.06,25.53,31.83,0.0,70.09,0,1,0.0,
2024-10-13T10:06:00.000+02:00,567.71,25.54,31.81,0.0,70.09,0,1,0.0,
2024-10-13T10:07:00.000+02:00,566.38,25.55,31.79,0.0,70.09,0,1,0.0,
2024-10-13T10:08:00.000+02:00,565.05,25.56,31.77,0.0,70.09,0,1,0.0,
2024-10-13T10:09:00.000+02:00,563.73,25.57,31.75,0.0,70.09,0,1,0.0,
2024-10-13T10:10:00.000+02:00,562.42,25.58,31.73,0.0,70.09,0,1,0.0,
2024-10-13T10:11:00.000+02:00,561.11,25.59,31.71,0.0,70.09,0,1,0.0,
2024-10-13T10:12:00.000+02:00,559.81,25.6,31.69,0.0,70.09,0,1,0.0,
2024-10-13T10:13:00.000+02:00,558.52,25.61,31.67,0.0,70.09,0,1,0.0,
2024-10-13T10:14:00.000+02:00,557.24,25.62,31.65,0.0,70.09,0,1,0.0,
2024-10-13T10:15:00.000+02:00,557.79,25.64,31.64,0.0,70.09,1,1,1.0,
2024-10-13T10:16:00.000+02:00,559.49,25.68,31.63,0.0,70.09,1,1,1.0,
2024-10-13T10:17:00.000+02:00,561.6,25.71,31.62,0.0,70.09,1,1,1.0,
2024-10-13T10:18:00.000+02:00,563.74,25.75,31.62,0.0,70.09,1,1,1.0,
2024-10-13T10:19:00.000+02:00,565.82,25.78,31.62,0.0,70.09,1,1,1.0,
2024-10-13T10:20:00.000+02:00,567.86,25.81,31.63,0.0,70.09,1,1,1.0,
2024-10-13T10:21:00.000+02:00,569.87,25.84,31.64,0.0,70.09,1,1,1.0,
2024-10-13T10:22:00.000+02:00,571.86,25.86,31.65,0.0,70.09,1,1,1.0,
2024-10-13T10:23:00.000+02:00,573.85,25.89,31.67,0.0,70.09,1,1,1.0,
2024-10-13T10:24:00.000+02:00,575.83,25.91,31.69,0.0,70.09,1,1,1.0,
2024-10-13T10:25:00.000+02:00,577.79,25.93,31.71,0.0,70.09,1,1,1.0,
2024-10-13T10:26:00.000+02:00,579.75,25.95,31.73,0.0,70.09,1,1,1.0,
2024-10-13T10:27:00.000+02:00,581.69,25.97,31.75,0.0,70.09,1,1,1.0,
2024-10-13T10:28:00.000+02:00,583.62,25.99,31.78,0.0,70.09,1,1,1.0,
2024-10-13T10:29:00.000+02:00,585.54,26.01,31.81,0.0,70.09,1,1,1.0,
2024-10-13T10:30:00.000+02:00,587.46,26.02,31.84,0.0,70.09,1,1,1.0,
2024-10-13T10:31:00.000+02:00,589.36,26.04,31.87,0.0,70.09,1,1,1.0,
2024-10-13T10:32:00.000+02:00,591.25,26.05,31.9,0.0,70.09,1,1,1.0,
2024-10-13T10:33:00.000+02:00,593.13,26.07,31.94,0.0,70.09,1,1,1.0,
2024-10-13T10:34:00.000+02:00,595.0,26.08,31.97,0.0,70.09,1,1,1.0,
2024-10-13T10:35:00.000+02:00,596.86,26.09,32.01,0.0,70.09,1,1,1.0,
2024-10-13T10:36:00.000+02:00,598.71,26.11,32.05,0.0,70.09,1,1,1.0,
2024-10-13T10:37:00.000+02:00,600.55,26.12,32.08,0.0,70.09,1,1,1.0,
2024-10-13T10:38:00.000+02:00,602.38,26.13,32.12,0.0,70.09,1,1,1.0,
2024-10-13T10:39:00.000+02:00,604.2,26.14,32.16,0.0,70.09,1,1,1.0,
2024-10-13T10:40:00.000+02:00,606.01,26.15,32.2,0.0,70.09,1,1,1.0,
2024-10-13T10:41:00.000+02:00,607.8,26.16,32.25,0.0,70.09,1,1,1.0,
2024-10-13T10:42:00.000+02:00,609.59,26.17,32.29,0.0,70.09,1,1,1.0,
2024-10-13T10:43:00.000+02:00,611.37,26.18,32.33,0.0,70.09,1,1,1.0,
2024-10-13T10:44:00.000+02:00,613.14,26.19,32.37,0.0,70.09,1,1,1.0,
2024-10-13T10:45:00.000+02:00,614.9,26.19,32.42,0.0,70.09,1,1,1.0,
2024-10-13T10:46:00.000+02:00,616.66,26.2,32.46,0.0,70.09,1,1,1.0,
2024-10-13T10:47:00.000+02:00,618.4,26.21,32.51,0.0,70.09,1,1,1.0,
2024-10-13T10:48:00.000+02:00,620.13,26.22,32.55,0.0,70.09,1,1,1.0,
2024-10-13T10:49:00.000+02:00,623.67,26.24,32.6,0.0,70.09,1,1,2.0,
2024-10-13T10:50:00.000+02:00,628.36,26.27,32.66,0.0,70.09,1,1,2.0,
2024-10-13T10:51:00.000+02:00,633.43,26.3,32.72,0.0,70.09,1,1,2.0,
2024-10-13T10:52:00.000+02:00,638.52,26.33,32.78,0.0,70.09,1,1,2.0,
2024-10-13T10:53:00.000+02:00,643.54,26.36,32.85,0.0,70.09,1,1,2.0,
2024-10-13T10:54:00.000+02:00,648.49,26.38,32.93,0.0,70.09,1,1,2.0,
2024-10-13T10:55:00.000+02:00,653.4,26.41,33.01,0.0,70.09,1,1,2.0,
2024-10-13T10:56:00.000+02:00,658.28,26.43,33.08,0.0,70.09,1,1,2.0,
2024-10-13T10:57:00.000+02:00,663.14,26.45,33.17,0.0,70.09,1,1,2.0,
2024-10-13T10:58:00.000+02:00,667.96,26.47,33.25,0.0,70.09,1,1,2.0,
2024-10-13T10:59:00.000+02:00,672.77,26.48,33.34,0.0,70.09,1,1,2.0,
2024-10-13T11:00:00.000+02:00,677.54,26.5,33.43,0.0,70.09,1,1,2.0,
2024-10-13T11:01:00.000+02:00,682.29,26.51,33.52,0.0,70.09,1,1,2.0,
2024-10-13T11:02:00.000+02:00,687.01,26.53,33.61,0.0,70.09,1,1,2.0,
2024-10-13T11:03:00.000+02:00,691.71,26.54,33.7,0.0,70.09,1,1,2.0,
2024-10-13T11:04:00.000+02:00,696.38,26.55,33.79,0.0,70.09,1,1,2.0,
2024-10-13T11:05:00.000+02:00,701.03,26.56,33.89,0.0,70.09,1,1,2.0,
2024-10-13T11:06:00.000+02:00,705.64,26.58,33.98,0.0,70.09,1,1,2.0,
2024-10-13T11:07:00.000+02:00,710.24,26.59,34.08,0.0,70.09,1,1,2.0,
2024-10-13T11:08:00.000+02:00,714.81,26.59,34.17,0.0,70.09,1,1,2.0,
2024-10-13T11:09:00.000+02:00,719.35,26.6,34.27,0.0,70.09,1,1,2.0,
2024-10-13T11:10:00.000+02:00,723.87,26.61,34.36,0.0,70.09,1,1,2.0,
2024-10-13T11:11:00.000+02:00,728.36,26.62,34.46,0.0,70.09,1,1,2.0,
2024-10-13T11:12:00.000+02:00,732.83,26.63,34.56,0.0,70.09,1,1,2.0,
2024-10-13T11:13:00.000+02:00,737.27,26.63,34.66,0.0,70.09,1,1,2.0,
2024-10-13T11:14:00.000+02:00,741.69,26.64,34.75,0.0,70.09,1,1,2.0,
2024-10-13T11:15:00.000+02:00,746.08,26.65,34.85,0.0,70.09,1,1,2.0,
2024-10-13T11:16:00.000+02:00,750.45,26.65,34.95,0.0,70.09,1,1,2.0,
2024-10-13T11:17:00.000+02:00,754.79,26.66,35.04,0.0,70.09,1,1,2.0,
2024-10-13T11:18:00.000+02:00,759.11,26.66,35.14,0.0,70.09,1,1,2.0,
2024-10-13T11:19:00.000+02:00,763.41,26.67,35.24,0.0,70.09,1,1,2.0,
2024-10-13T11:20:00.000+02:00,767.68,26.67,35.34,0.0,70.09,1,1,2.0,
2024-10-13T11:21:00.000+02:00,771.93,26.68,35.43,0.0,70.09,1,1,2.0,
2024-10-13T11:22:00.000+02:00,776.16,26.68,35.53,0.0,70.09,1,1,2.0,2.0
2024-10-13T11:23:00.000+02:00,780.36,26.69,35.62,0.0,70.09,1,1,2.0,2.0
2024-10-13T11:24:00.000+02:00,784.54,26.69,35.72,0.0,70.09,1,1,2.0,2.0
2024-10-13T11:25:00.000+02:00,788.7,26.69,35.82,0.0,70.09,1,1,2.0,2.0
2024-10-13T11:26:00.000+02:00,792.83,26.7,35.91,0.0,70.09,1,1,2.0,2.0
2024-10-13T11:27:00.000+02:00,796.94,26.7,36.01,0.0,70.09,1,1,2.0,2.0
2024-10-13T11:28:00.000+02:00,801.03,26.7,36.1,0.0,70.09,1,1,2.0,2.0
2024-10-13T11:29:00.000+02:00,805.1,26.71,36.2,0.0,70.09,1,1,2.0,2.0
2024-10-13T11:30:00.000+02:00,809.14,26.71,36.29,0.0,70.09,1,1,2.0,2.0
2024-10-13T11:31:00.000+02:00,813.16,26.71,36.38,0.0,70.09,1,1,2.0,2.0
2024-10-13T11:32:00.000+02:00,817.16,26.72,36.48,0.0,70.09,1,1,2.0,2.0
2024-10-13T11:33:00.000+02:00,821.13,26.72,36.57,0.0,70.09,1,1,2.0,2.0
2024-10-13T11:34:00.000+02:00,823.26,26.71,36.66,0.0,70.09,1,1,1.0,1.0
2024-10-13T11:35:00.000+02:00,824.22,26.68,36.75,0.0,70.09,1,1,1.0,1.0
2024-10-13T11:36:00.000+02:00,824.76,26.66,36.83,0.0,70.09,1,1,1.0,1.0
2024-10-13T11:37:00.000+02:00,825.26,26.64,36.91,0.0,70.09,1,1,1.0,1.0
2024-10-13T11:38:00.000+02:00,825.79,26.62,36.98,0.0,70.09,1,1,1.0,1.0
2024-10-13T11:39:00.000+02:00,826.36,26.6,37.05,0.0,70.09,1,1,1.0,1.0
2024-10-13T11:40:00.000+02:00,826.94,26.58,37.12,0.0,70.09,1,1,1.0,1.0
2024-10-13T11:41:00.000+02:00,829.35,26.58,37.18,0.0,70.09,1,1,2.0,2.0
2024-10-13T11:42:00.000+02:00,832.9,26.59,37.25,0.0,70.09,1,1,2.0,2.0
2024-10-13T11:43:00.000+02:00,836.84,26.61,37.32,0.0,70.09,1,1,2.0,2.0
2024-10-13T11:44:00.000+02:00,840.81,26.62,37.39,0.0,70.09,1,1,2.0,2.0
2024-10-13T11:45:00.000+02:00,844.71,26.63,37.46,0.0,70.09,1,1,2.0,2.0
2024-10-13T11:46:00.000+02:00,848.55,26.64,37.53,0.0,70.09,1,1,2.0,2.0
2024-10-13T11:47:00.000+02:00,852.35,26.64,37.61,0.0,70.09,1,1,2.0,2.0
2024-10-13T11:48:00.000+02:00,856.14,26.65,37.69,0.0,70.09,1,1,2.0,2.0
2024-10-13T11:49:00.000+02:00,859.9,26.66,37.76,0.0,70.09,1,1,2.0,2.0
2024-10-13T11:50:00.000+02:00,863.64,26.66,37.84,0.0,70.09,1,1,2.0,2.0
2024-10-13T11:51:00.000+02:00,867.36,26.67,37.92,0.0,70.09,1,1,2.0,2.0
2024-10-13T11:52:00.000+02:00,871.06,26.67,38.0,0.0,70.09,1,1,2.0,2.0
2024-10-13T11:53:00.000+02:00,874.74,26.67,38.08,0.0,70.09,1,1,2.0,2.0
2024-10-13T11:54:00.000+02:00,878.4,26.68,38.16,0.0,70.09,1,1,2.0,2.0
2024-10-13T11:55:00.000+02:00,882.04,26.68,38.24,0.0,70.09,1,1,2.0,2.0
2024-10-13T11:56:00.000+02:00,885.66,26.68,38.32,0.0,70.09,1,1,2.0,2.0
2024-10-13T11:57:00.000+02:00,889.26,26.69,38.4,0.0,70.09,1,1,2.0,2.0
2024-10-13T11:58:00.000+02:00,892.84,26.69,38.49,0.0,70.09,1,1,2.0,2.0
2024-10-13T11:59:00.000+02:00,896.4,26.69,38.57,0.0,70.09,1,1,2.0,2.0
2024-10-13T12:00:00.000+02:00,899.94,26.69,38.65,0.0,70.09,1,1,2.0,2.0
2024-10-13T12:01:00.000+02:00,903.46,26.69,38.73,0.0,70.09,1,1,2.0,2.0
2024-10-13T12:02:00.000+02:00,906.96,26.69,38.81,0.0,70.09,1,1,2.0,2.0
2024-10-13T12:03:00.000+02:00,910.44,26.69,38.89,0.0,70.09,1,1,2.0,2.0
2024-10-13T12:04:00.000+02:00,913.9,26.69,38.98,0.0,70.09,1,1,2.0,2.0
2024-10-13T12:05:00.000+02:00,917.35,26.69,39.06,0.0,70.09,1,1,2.0,2.0
2024-10-13T12:06:00.000+02:00,920.77,26.69,39.14,0.0,70.09,1,1,2.0,2.0
2024-10-13T12:07:00.000+02:00,924.18,26.69,39.23,0.0,70.09,1,1,2.0,2.0
2024-10-13T12:08:00.000+02:00,927.56,26.69,39.31,0.0,70.09,1,1,2.0,2.0
2024-10-13T12:09:00.000+02:00,930.93,26.69,39.39,0.0,70.09,1,1,2.0,2.0
2024-10-13T12:10:00.000+02:00,934.28,26.69,39.48,0.0,70.09,1,1,2.0,2.0
2024-10-13T12:11:00.000+02:00,937.62,26.69,39.56,0.0,70.09,1,1,2.0,2.0
2024-10-13T12:12:00.000+02:00,940.93,26.69,39.64,0.0,70.09,1,1,2.0,2.0
2024-10-13T12:13:00.000+02:00,944.22,26.68,39.72,0.0,70.09,1,1,2.0,2.0
2024-10-13T12:14:00.000+02:00,947.5,26.68,39.81,0.0,70.09,1,1,2.0,2.0
2024-10-13T12:15:00.000+02:00,950.76,26.68,39.89,0.0,70.09,1,1,2.0,2.0
2024-10-13T12:16:00.000+02:00,954.0,26.68,39.97,0.0,70.09,1,1,2.0,2.0
2024-10-13T12:17:00.000+02:00,957.22,26.67,40.05,0.0,70.09,1,1,2.0,2.0
2024-10-13T12:18:00.000+02:00,960.43,26.67,40.14,0.0,70.09,1,1,2.0,2.0
2024-10-13T12:19:00.000+02:00,963.62,26.67,40.22,0.0,70.09,1,1,2.0,2.0
2024-10-13T12:20:00.000+02:00,966.79,26.67,40.3,0.0,70.09,1,1,2.0,2.0
2024-10-13T12:21:00.000+02:00,969.94,26.66,40.38,0.0,70.09,1,1,2.0,2.0
2024-10-13T12:22:00.000+02:00,973.08,26.66,40.46,0.0,70.09,1,1,2.0,2.0
2024-10-13T12:23:00.000+02:00,976.2,26.66,40.55,0.0,70.09,1,1,2.0,2.0
2024-10-13T12:24:00.000+02:00,979.3,26.65,40.63,0.0,70.09,1,1,2.0,2.0
2024-10-13T12:25:00.000+02:00,982.38,26.65,40.71,0.0,70.09,1,1,2.0,2.0
2024-10-13T12:26:00.000+02:00,985.45,26.65,40.79,0.0,70.09,1,1,2.0,2.0
2024-10-13T12:27:00.000+02:00,988.5,26.64,40.87,0.0,70.09,1,1,2.0,2.0
2024-10-13T12:28:00.000+02:00,991.54,26.64,40.95,0.0,70.09,1,1,2.0,2.0
2024-10-13T12:29:00.000+02:00,994.56,26.63,41.03,0.0,70.09,1,1,2.0,2.0
2024-10-13T12:30:00.000+02:00,997.56,26.63,41.11,0.0,70.09,1,1,2.0,2.0
2024-10-13T12:31:00.000+02:00,1000.54,26.63,41.19,0.0,70.09,1,1,2.0,2.0
2024-10-13T12:32:00.000+02:00,1003.51,26.62,41.26,0.0,70.09,1,1,2.0,2.0
2024-10-13T12:33:00.000+02:00,1006.46,26.62,41.34,0.0,70.09,1,1,2.0,2.0
2024-10-13T12:34:00.000+02:00,1009.4,26.62,41.42,0.0,70.09,1,1,2.0,2.0
2024-10-13T12:35:00.000+02:00,1012.32,26.61,41.5,0.0,70.09,1,1,2.0,2.0
2024-10-13T12:36:00.000+02:00,1015.23,26.61,41.57,0.0,70.09,1,1,2.0,2.0
2024-10-13T12:37:00.000+02:00,1018.11,26.6,41.65,0.0,70.09,1,1,2.0,2.0
2024-10-13T12:38:00.000+02:00,1020.99,26.6,41.72,0.0,70.09,1,1,2.0,2.0
2024-10-13T12:39:00.000+02:00,1022.02,26.58,41.8,0.0,70.09,1,1,1.0,1.0
2024-10-13T12:40:00.000+02:00,1021.89,26.55,41.88,0.0,70.09,1,1,1.0,1.0
2024-10-13T12:41:00.000+02:00,1021.35,26.52,41.95,0.0,70.09,1,1,1.0,1.0
2024-10-13T12:42:00.000+02:00,1020.76,26.5,42.01,0.0,70.09,1,1,1.0,1.0
2024-10-13T12:43:00.000+02:00,1020.22,26.47,42.07,0.0,70.09,1,1,1.0,1.0
2024-10-13T12:44:00.000+02:00,1019.73,26.45,42.12,0.0,70.09,1,1,1.0,1.0
2024-10-13T12:45:00.000+02:00,1019.25,26.43,42.17,0.0,70.09,1,1,1.0,1.0
2024-10-13T12:46:00.000+02:00,1018.78,26.41,42.22,0.0,70.09,1,1,1.0,1.0
2024-10-13T12:47:00.000+02:00,1020.13,26.41,42.26,0.0,70.09,1,1,2.0,2.0
2024-10-13T12:48:00.000+02:00,1020.82,26.4,42.3,0.0,70.09,1,1,1.0,1.0
2024-10-13T12:49:00.000+02:00,1020.74,26.39,42.34,0.0,70.09,1,1,1.0,1.0
2024-10-13T12:50:00.000+02:00,1020.31,26.37,42.38,0.0,70.09,1,1,1.0,
2024-10-13T12:51:00.000+02:00,1019.79,26.36,42.41,0.0,70.09,1,1,1.0,
2024-10-13T12:52:00.000+02:00,1019.27,26.35,42.44,0.0,70.09,1,1,1.0,
2024-10-13T12:53:00.000+02:00,1018.79,26.33,42.47,0.0,70.09,1,1,1.0,
2024-10-13T12:54:00.000+02:00,1018.31,26.32,42.5,0.0,70.09,1,1,1.0,
2024-10-13T12:55:00.000+02:00,1017.85,26.31,42.52,0.0,70.09,1,1,1.0,
2024-10-13T12:56:00.000+02:00,1017.39,26.3,42.55,0.0,70.09,1,1,1.0,
2024-10-13T12:57:00.000+02:00,1016.93,26.29,42.57,0.0,70.09,1,1,1.0,
2024-10-13T12:58:00.000+02:00,1016.47,26.28,42.59,0.0,70.09,1,1,1.0,
2024-10-13T12:59:00.000+02:00,1016.02,26.27,42.61,0.0,70.09,1,1,1.0,
2024-10-13T13:00:00.000+02:00,1015.56,26.27,42.62,0.0,70.09,1,1,1.0,
2024-10-13T13:01:00.000+02:00,1015.12,26.26,42.64,0.0,70.09,1,1,1.0,
2024-10-13T13:02:00.000+02:00,1012.85,26.24,42.66,0.0,70.09,0,1,0.0,
2024-10-13T13:03:00.000+02:00,1009.43,26.21,42.67,0.0,70.09,0,1,0.0,
2024-10-13T13:04:00.000+02:00,1005.62,26.17,42.69,0.0,70.09,0,1,0.0,
2024-10-13T13:05:00.000+02:00,1001.79,26.14,42.7,0.0,70.09,0,1,0.0,
2024-10-13T13:06:00.000+02:00,998.02,26.11,42.7,0.0,70.09,0,1,0.0,
2024-10-13T13:07:00.000+02:00,994.31,26.09,42.7,0.0,70.09,0,1,0.0,
2024-10-13T13:08:00.000+02:00,990.64,26.07,42.69,0.0,70.09,0,1,0.0,
2024-10-13T13:09:00.000+02:00,986.99,26.04,42.68,0.0,70.09,0,1,0.0,
2024-10-13T13:10:00.000+02:00,983.36,26.02,42.67,0.0,70.09,0,1,0.0,
2024-10-13T13:11:00.000+02:00,981.58,26.02,42.65,0.0,70.09,1,1,1.0,
2024-10-13T13:12:00.000+02:00,980.96,26.03,42.62,0.0,70.09,1,1,1.0,
2024-10-13T13:13:00.000+02:00,980.76,26.04,42.59,0.0,70.09,1,1,1.0,
2024-10-13T13:14:00.000+02:00,980.6,26.05,42.57,0.0,70.09,1,1,1.0,
2024-10-13T13:15:00.000+02:00,980.41,26.05,42.55,0.0,70.09,1,1,1.0,
2024-10-13T13:16:00.000+02:00,980.17,26.06,42.53,0.0,70.09,1,1,1.0,
2024-10-13T13:17:00.000+02:00,979.93,26.07,42.51,0.0,70.09,1,1,1.0,
2024-10-13T13:18:00.000+02:00,979.68,26.07,42.49,0.0,70.09,1,1,1.0,
2024-10-13T13:19:00.000+02:00,979.43,26.08,42.48,0.0,70.09,1,1,1.0,
2024-10-13T13:20:00.000+02:00,979.19,26.08,42.46,0.0,70.09,1,1,1.0,
2024-10-13T13:21:00.000+02:00,978.95,26.09,42.45,0.0,70.09,1,1,1.0,
2024-10-13T13:22:00.000+02:00,978.71,26.09,42.44,0.0,70.09,1,1,1.0,
2024-10-13T13:23:00.000+02:00,976.65,26.08,42.43,0.0,70.09,0,1,0.0,
2024-10-13T13:24:00.000+02:00,973.43,26.06,42.43,0.0,70.09,0,1,0.0,
2024-10-13T13:25:00.000+02:00,969.83,26.04,42.42,0.0,70.09,0,1,0.0,
2024-10-13T13:26:00.000+02:00,966.2,26.01,42.41,0.0,70.09,0,1,0.0,
2024-10-13T13:27:00.000+02:00,962.64,25.99,42.4,0.0,70.09,0,1,0.0,
2024-10-13T13:28:00.000+02:00,959.13,25.98,42.38,0.0,70.09,0,1,0.0,
2024-10-13T13:29:00.000+02:00,955.66,25.96,42.36,0.0,70.09,0,1,0.0,
2024-10-13T13:30:00.000+02:00,952.21,25.94,42.34,0.0,70.09,0,1,0.0,
2024-10-13T13:31:00.000+02:00,948.78,25.93,42.31,0.0,70.09,0,1,0.0,
2024-10-13T13:32:00.000+02:00,945.36,25.91,42.28,0.0,70.09,0,1,0.0,
2024-10-13T13:33:00.000+02:00,941.97,25.9,42.25,0.0,70.09,0,1,0.0,
2024-10-13T13:34:00.000+02:00,938.59,25.89,42.22,0.0,70.09,0,1,0.0,
2024-10-13T13:35:00.000+02:00,935.24,25.88,42.19,0.0,70.09,0,1,0.0,
2024-10-13T13:36:00.000+02:00,931.9,25.86,42.15,0.0,70.09,0,1,0.0,
2024-10-13T13:37:00.000+02:00,928.58,25.85,42.12,0.0,70.09,0,1,0.0,
2024-10-13T13:38:00.000+02:00,925.28,25.84,42.08,0.0,70.09,0,1,0.0,
2024-10-13T13:39:00.000+02:00,922.0,25.84,42.04,0.0,70.09,0,1,0.0,
2024-10-13T13:40:00.000+02:00,918.73,25.83,42.0,0.0,70.09,0,1,0.0,
2024-10-13T13:41:00.000+02:00,917.31,25.83,41.96,0.0,70.09,1,1,1.0,
2024-10-13T13:42:00.000+02:00,917.06,25.85,41.91,0.0,70.09,1,1,1.0,
2024-10-13T13:43:00.000+02:00,917.22,25.87,41.86,0.0,70.09,1,1,1.0,
2024-10-13T13:44:00.000+02:00,917.42,25.89,41.82,0.0,70.09,1,1,1.0,
2024-10-13T13:45:00.000+02:00,917.58,25.91,41.78,0.0,70.09,1,1,1.0,
2024-10-13T13:46:00.000+02:00,917.7,25.92,41.74,0.0,70.09,1,1,1.0,
2024-10-13T13:47:00.000+02:00,917.81,25.94,41.71,0.0,70.09,1,1,1.0,
2024-10-13T13:48:00.000+02:00,917.91,25.95,41.68,0.0,70.09,1,1,1.0,
2024-10-13T13:49:00.000+02:00,918.01,25.96,41.65,0.0,70.09,1,1,1.0,
2024-10-13T13:50:00.000+02:00,918.12,25.98,41.63,0.0,70.09,1,1,1.0,
2024-10-13T13:51:00.000+02:00,918.22,25.99,41.6,0.0,70.09,1,1,1.0,
2024-10-13T13:52:00.000+02:00,918.32,26.0,41.58,0.0,70.09,1,1,1.0,
2024-10-13T13:53:00.000+02:00,918.42,26.01,41.56,0.0,70.09,1,1,1.0,
2024-10-13T13:54:00.000+02:00,808.1,24.19,44.03,0.42,70.09,1,1,1.0,
2024-10-13T13:55:00.000+02:00,662.44,21.93,47.01,0.42,70.09,1,1,1.0,
2024-10-13T13:56:00.000+02:00,545.55,20.71,47.6,0.42,70.09,1,1,1.0,
2024-10-13T13:57:00.000+02:00,470.38,20.37,46.63,0.42,70.09,1,1,1.0,
2024-10-13T13:58:00.000+02:00,425.41,20.37,45.41,0.42,70.09,1,1,1.0,
2024-10-13T13:59:00.000+02:00,397.58,20.42,44.52,0.42,70.09,1,1,1.0,
2024-10-13T14:00:00.000+02:00,379.0,20.43,43.97,0.42,70.09,1,1,1.0,
2024-10-13T14:01:00.000+02:00,365.89,20.42,43.65,0.42,70.09,1,1,1.0,
2024-10-13T14:02:00.000+02:00,360.87,21.0,42.0,0.0,70.09,0,1,0.0,
2024-10-13T14:03:00.000+02:00,359.96,21.65,40.32,0.0,70.09,0,1,0.0,
2024-10-13T14:04:00.000+02:00,360.2,22.2,39.01,0.0,70.09,0,1,0.0,
2024-10-13T14:05:00.000+02:00,360.42,22.62,38.03,0.0,70.09,0,1,0.0,
2024-10-13T14:06:00.000+02:00,360.41,22.94,37.29,0.0,70.09,0,1,0.0,
2024-10-13T14:07:00.000+02:00,360.27,23.21,36.68,0.0,70.09,0,1,0.0,
2024-10-13T14:08:00.000+02:00,360.09,23.44,36.17,0.0,70.09,0,1,0.0,
2024-10-13T14:09:00.000+02:00,359.9,23.64,35.74,0.0,70.09,0,1,0.0,
2024-10-13T14:10:00.000+02:00,359.71,23.82,35.36,0.0,70.09,0,1,0.0,
2024-10-13T14:11:00.000+02:00,359.53,23.97,35.04,0.0,70.09,0,1,0.0,
2024-10-13T14:12:00.000+02:00,359.36,24.1,34.76,0.0,70.09,0,1,0.0,
2024-10-13T14:13:00.000+02:00,359.18,24.22,34.51,0.0,70.09,0,1,0.0,
2024-10-13T14:14:00.000+02:00,359.01,24.32,34.29,0.0,70.09,0,1,0.0,
2024-10-13T14:15:00.000+02:00,358.83,24.42,34.1,0.0,70.09,0,1,0.0,
2024-10-13T14:16:00.000+02:00,358.66,24.5,33.93,0.0,70.09,0,1,0.0,
2024-10-13T14:17:00.000+02:00,358.49,24.57,33.78,0.0,70.09,0,1,0.0,
2024-10-13T14:18:00.000+02:00,358.32,24.64,33.65,0.0,70.09,0,1,0.0,
2024-10-13T14:19:00.000+02:00,358.15,24.69,33.53,0.0,70.09,0,1,0.0,
2024-10-13T14:20:00.000+02:00,357.98,24.75,33.43,0.0,70.09,0,1,0.0,
2024-10-13T14:21:00.000+02:00,357.81,24.79,33.33,0.0,70.09,0,1,0.0,
2024-10-13T14:22:00.000+02:00,357.64,24.84,33.24,0.0,70.09,0,1,0.0,
2024-10-13T14:23:00.000+02:00,357.47,24.88,33.17,0.0,70.09,0,1,0.0,
2024-10-13T14:24:00.000+02:00,357.31,24.91,33.1,0.0,70.09,0,1,0.0,
2024-10-13T14:25:00.000+02:00,357.14,24.94,33.03,0.0,70.09,0,1,0.0,
2024-10-13T14:26:00.000+02:00,356.98,24.97,32.98,0.0,70.09,0,1,0.0,
2024-10-13T14:27:00.000+02:00,356.82,25.0,32.92,0.0,70.09,0,1,0.0,
2024-10-13T14:28:00.000+02:00,356.66,25.02,32.88,0.0,70.09,0,1,0.0,
2024-10-13T14:29:00.000+02:00,356.49,25.04,32.83,0.0,70.09,0,1,0.0,
2024-10-13T14:30:00.000+02:00,356.33,25.06,32.79,0.0,70.09,0,1,0.0,
2024-10-13T14:31:00.000+02:00,356.17,25.08,32.76,0.0,70.09,0,1,0.0,
2024-10-13T14:32:00.000+02:00,356.02,25.1,32.72,0.0,70.09,0,1,0.0,
2024-10-13T14:33:00.000+02:00,355.86,25.11,32.69,0.0,70.09,0,1,0.0,
2024-10-13T14:34:00.000+02:00,355.7,25.13,32.67,0.0,70.09,0,1,0.0,
2024-10-13T14:35:00.000+02:00,355.54,25.14,32.64,0.0,70.09,0,1,0.0,
2024-10-13T14:36:00.000+02:00,355.39,25.15,32.62,0.0,70.09,0,1,0.0,
2024-10-13T14:37:00.000+02:00,355.24,25.17,32.6,0.0,70.09,0,1,0.0,
2024-10-13T14:38:00.000+02:00,355.08,25.18,32.58,0.0,70.09,0,1,0.0,
2024-10-13T14:39:00.000+02:00,354.93,25.19,32.56,0.0,70.09,0,1,0.0,
2024-10-13T14:40:00.000+02:00,354.78,25.2,32.54,0.0,70.09,0,1,0.0,
2024-10-13T14:41:00.000+02:00,354.63,25.2,32.53,0.0,70.09,0,1,0.0,
2024-10-13T14:42:00.000+02:00,354.48,25.21,32.51,0.0,70.09,0,0,0.0,0.0
2024-10-13T14:43:00.000+02:00,354.33,25.22,32.5,0.0,70.09,0,0,0.0,0.0
2024-10-13T14:44:00.000+02:00,354.18,25.23,32.49,0.0,70.09,0,0,0.0,0.0
2024-10-13T14:45:00.000+02:00,354.03,25.23,32.48,0.0,70.09,0,0,0.0,0.0
2024-10-13T14:46:00.000+02:00,353.88,25.24,32.47,0.0,70.09,0,0,0.0,0.0
2024-10-13T14:47:00.000+02:00,353.74,25.24,32.46,0.0,70.09,0,0,0.0,0.0
2024-10-13T14:48:00.000+02:00,353.59,25.25,32.45,0.0,70.09,0,0,0.0,0.0
2024-10-13T14:49:00.000+02:00,353.45,25.25,32.45,0.0,70.09,0,0,0.0,0.0
2024-10-13T14:50:00.000+02:00,353.3,25.26,32.44,0.0,70.09,0,0,0.0,0.0
2024-10-13T14:51:00.000+02:00,353.16,25.26,32.43,0.0,70.09,0,0,0.0,0.0
2024-10-13T14:52:00.000+02:00,353.02,25.27,32.43,0.0,70.09,0,0,0.0,0.0
2024-10-13T14:53:00.000+02:00,352.88,25.27,32.42,0.0,70.09,0,0,0.0,0.0
2024-10-13T14:54:00.000+02:00,352.74,25.27,32.42,0.0,70.09,0,0,0.0,0.0
2024-10-13T14:55:00.000+02:00,352.6,25.28,32.41,0.0,70.09,0,0,0.0,0.0
2024-10-13T14:56:00.000+02:00,352.46,25.28,32.41,0.0,70.09,0,0,0.0,0.0
2024-10-13T14:57:00.000+02:00,352.32,25.28,32.41,0.0,70.09,0,0,0.0,0.0
2024-10-13T14:58:00.000+02:00,352.18,25.28,32.41,0.0,70.09,0,0,0.0,0.0
2024-10-13T14:59:00.000+02:00,352.04,25.29,32.4,0.0,70.09,0,0,0.0,0.0
2024-10-13T15:00:00.000+02:00,351.91,25.29,32.4,0.0,70.09,0,0,0.0,0.0
2024-10-13T15:01:00.000+02:00,351.77,25.29,32.4,0.0,70.09,0,0,0.0,0.0
2024-10-13T15:02:00.000+02:00,351.64,25.29,32.4,0.0,70.09,0,0,0.0,0.0
2024-10-13T15:03:00.000+02:00,351.5,25.3,32.4,0.0,70.09,0,0,0.0,0.0
2024-10-13T15:04:00.000+02:00,351.37,25.3,32.4,0.0,70.09,0,0,0.0,0.0
2024-10-13T15:05:00.000+02:00,351.24,25.3,32.4,0.0,70.09,0,0,0.0,0.0
2024-10-13T15:06:00.000+02:00,351.11,25.3,32.4,0.0,70.09,0,0,0.0,0.0
2024-10-13T15:07:00.000+02:00,350.98,25.3,32.4,0.0,70.09,0,0,0.0,0.0
2024-10-13T15:08:00.000+02:00,350.85,25.3,32.4,0.0,70.09,0,0,0.0,0.0
2024-10-13T15:09:00.000+02:00,350.72,25.3,32.41,0.0,70.09,0,0,0.0,0.0
2024-10-13T15:10:00.000+02:00,350.59,25.31,32.41,0.0,70.09,0,0,0.0,0.0
2024-10-13T15:11:00.000+02:00,350.46,25.31,32.41,0.0,70.09,0,0,0.0,0.0
2024-10-13T15:12:00.000+02:00,350.33,25.31,32.41,0.0,70.09,0,0,0.0,0.0
2024-10-13T15:13:00.000+02:00,350.2,25.31,32.42,0.0,70.09,0,0,0.0,0.0
2024-10-13T15:14:00.000+02:00,350.08,25.31,32.42,0.0,70.09,0,0,0.0,0.0
2024-10-13T15:15:00.000+02:00,349.95,25.31,32.42,0.0,70.09,0,0,0.0,0.0
2024-10-13T15:16:00.000+02:00,349.83,25.31,32.43,0.0,70.09,0,0,0.0,0.0
2024-10-13T15:17:00.000+02:00,349.7,25.31,32.43,0.0,70.09,0,0,0.0,0.0
2024-10-13T15:18:00.000+02:00,349.58,25.31,32.43,0.0,70.09,0,0,0.0,0.0
2024-10-13T15:19:00.000+02:00,349.46,25.31,32.44,0.0,70.09,0,0,0.0,0.0
2024-10-13T15:20:00.000+02:00,349.34,25.31,32.44,0.0,70.09,0,0,0.0,0.0
2024-10-13T15:21:00.000+02:00,350.06,24.99,33.14,0.14,70.09,1,1,1.0,1.0
2024-10-13T15:22:00.000+02:00,351.26,24.51,34.22,0.14,70.09,1,1,1.0,
2024-10-13T15:23:00.000+02:00,351.83,24.31,34.69,0.0,70.09,0,1,0.0,
2024-10-13T15:24:00.000+02:00,350.42,23.46,36.67,0.47,70.09,1,1,1.0,
2024-10-13T15:25:00.000+02:00,348.21,22.38,39.34,0.47,70.09,1,1,1.0,
2024-10-13T15:26:00.000+02:00,346.15,21.49,41.72,0.47,70.09,1,1,1.0,
2024-10-13T15:27:00.000+02:00,344.59,21.0,43.14,0.47,70.09,1,1,1.0,
2024-10-13T15:28:00.000+02:00,343.48,21.0,43.25,0.47,70.09,1,1,1.0,
2024-10-13T15:29:00.000+02:00,342.68,21.0,43.34,0.47,70.09,1,1,1.0,
2024-10-13T15:30:00.000+02:00,342.09,21.0,43.41,0.47,70.09,1,1,1.0,
2024-10-13T15:31:00.000+02:00,341.64,21.0,43.47,0.47,70.09,1,1,1.0,
2024-10-13T15:32:00.000+02:00,341.3,21.0,43.52,0.47,70.09,1,1,1.0,
2024-10-13T15:33:00.000+02:00,341.04,21.0,43.57,0.47,70.09,1,1,1.0,
2024-10-13T15:34:00.000+02:00,340.85,21.0,43.61,0.47,70.09,1,1,1.0,
2024-10-13T15:35:00.000+02:00,340.71,21.0,43.65,0.47,70.09,1,1,1.0,
2024-10-13T15:36:00.000+02:00,340.61,21.0,43.68,0.47,70.09,1,1,1.0,
2024-10-13T15:37:00.000+02:00,340.55,21.0,43.71,0.47,70.09,1,1,1.0,
2024-10-13T15:38:00.000+02:00,342.31,21.29,42.98,0.0,70.09,1,1,1.0,
2024-10-13T15:39:00.000+02:00,345.22,21.72,41.91,0.0,70.09,1,1,1.0,
2024-10-13T15:40:00.000+02:00,348.51,22.15,40.87,0.0,70.09,1,1,1.0,
2024-10-13T15:41:00.000+02:00,351.84,22.52,40.01,0.0,70.09,1,1,1.0,
2024-10-13T15:42:00.000+02:00,355.1,22.82,39.33,0.0,70.09,1,1,1.0,
2024-10-13T15:43:00.000+02:00,358.31,23.08,38.78,0.0,70.09,1,1,1.0,
2024-10-13T15:44:00.000+02:00,361.49,23.29,38.33,0.0,70.09,1,1,1.0,
2024-10-13T15:45:00.000+02:00,364.65,23.48,37.95,0.0,70.09,1,1,1.0,
2024-10-13T15:46:00.000+02:00,367.79,23.64,37.63,0.0,70.09,1,1,1.0,
2024-10-13T15:47:00.000+02:00,370.91,23.79,37.35,0.0,70.09,1,1,1.0,
2024-10-13T15:48:00.000+02:00,374.02,23.92,37.12,0.0,70.09,1,1,1.0,
2024-10-13T15:49:00.000+02:00,377.11,24.03,36.92,0.0,70.09,1,1,1.0,
2024-10-13T15:50:00.000+02:00,380.18,24.14,36.74,0.0,70.09,1,1,1.0,
2024-10-13T15:51:00.000+02:00,383.24,24.23,36.6,0.0,70.09,1,1,1.0,
2024-10-13T15:52:00.000+02:00,386.28,24.31,36.47,0.0,70.09,1,1,1.0,
2024-10-13T15:53:00.000+02:00,389.3,24.39,36.36,0.0,70.09,1,1,1.0,
2024-10-13T15:54:00.000+02:00,392.31,24.46,36.26,0.0,70.09,1,1,1.0,
2024-10-13T15:55:00.000+02:00,395.3,24.52,36.18,0.0,70.09,1,1,1.0,
2024-10-13T15:56:00.000+02:00,398.28,24.58,36.11,0.0,70.09,1,1,1.0,
2024-10-13T15:57:00.000+02:00,401.24,24.63,36.05,0.0,70.09,1,1,1.0,
2024-10-13T15:58:00.000+02:00,404.18,24.68,36.0,0.0,70.09,1,1,1.0,
2024-10-13T15:59:00.000+02:00,407.11,24.73,35.95,0.0,70.09,1,1,1.0,
2024-10-13T16:00:00.000+02:00,410.02,24.77,35.92,0.0,70.09,1,1,1.0,
2024-10-13T16:01:00.000+02:00,412.91,24.81,35.89,0.0,70.09,1,1,1.0,
2024-10-13T16:02:00.000+02:00,415.79,24.85,35.86,0.0,70.09,1,1,1.0,
2024-10-13T16:03:00.000+02:00,418.66,24.88,35.84,0.0,70.09,1,1,1.0,
2024-10-13T16:04:00.000+02:00,421.51,24.92,35.83,0.0,70.09,1,1,1.0,
2024-10-13T16:05:00.000+02:00,424.34,24.95,35.82,0.0,70.09,1,1,1.0,
2024-10-13T16:06:00.000+02:00,427.16,24.97,35.82,0.0,70.09,1,1,1.0,
2024-10-13T16:07:00.000+02:00,429.96,25.0,35.83,0.0,70.09,1,1,1.0,
2024-10-13T16:08:00.000+02:00,432.74,25.02,35.83,0.0,70.09,1,1,1.0,
2024-10-13T16:09:00.000+02:00,435.52,25.04,35.84,0.0,70.09,1,1,1.0,
2024-10-13T16:10:00.000+02:00,438.27,25.06,35.85,0.0,70.09,1,1,1.0,
2024-10-13T16:11:00.000+02:00,441.01,25.09,35.86,0.0,70.09,1,1,1.0,
2024-10-13T16:12:00.000+02:00,443.74,25.1,35.87,0.0,70.09,1,1,1.0,
2024-10-13T16:13:00.000+02:00,446.45,25.12,35.88,0.0,70.09,1,1,1.0,
2024-10-13T16:14:00.000+02:00,433.53,24.17,37.88,0.7,70.09,1,1,1.0,
2024-10-13T16:15:00.000+02:00,413.89,22.88,40.75,0.7,70.09,1,1,1.0,
2024-10-13T16:16:00.000+02:00,395.69,21.82,43.28,0.7,70.09,1,1,1.0,
2024-10-13T16:17:00.000+02:00,381.78,21.14,44.95,0.7,70.09,1,1,1.0,
2024-10-13T16:18:00.000+02:00,371.93,21.0,45.22,0.7,70.09,1,1,1.0,
2024-10-13T16:19:00.000+02:00,364.9,21.0,45.15,0.7,70.09,1,1,1.0,
2024-10-13T16:20:00.000+02:00,359.7,21.0,45.1,0.7,70.09,1,1,1.0,
2024-10-13T16:21:00.000+02:00,355.74,21.0,45.07,0.7,70.09,1,1,1.0,
2024-10-13T16:22:00.000+02:00,352.7,21.0,45.05,0.7,70.09,1,1,1.0,
2024-10-13T16:23:00.000+02:00,350.36,21.0,45.05,0.7,70.09,1,1,1.0,
2024-10-13T16:24:00.000+02:00,348.58,21.0,45.05,0.7,70.09,1,1,1.0,
2024-10-13T16:25:00.000+02:00,347.24,21.0,45.05,0.7,70.09,1,1,1.0,
2024-10-13T16:26:00.000+02:00,346.24,21.0,45.07,0.7,70.09,1,1,1.0,
2024-10-13T16:27:00.000+02:00,345.5,21.0,45.08,0.7,70.09,1,1,1.0,
2024-10-13T16:28:00.000+02:00,344.97,21.0,45.1,0.7,70.09,1,1,1.0,
2024-10-13T16:29:00.000+02:00,343.28,21.0,45.11,0.7,70.09,1,1,1.0,
2024-10-13T16:30:00.000+02:00,341.26,21.0,45.12,0.7,70.09,1,1,1.0,
2024-10-13T16:31:00.000+02:00,339.61,21.0,45.14,0.7,70.09,1,1,1.0,
2024-10-13T16:32:00.000+02:00,338.5,21.0,45.15,0.7,70.09,1,1,1.0,
2024-10-13T16:33:00.000+02:00,337.83,21.0,45.18,0.7,70.09,1,1,1.0,
2024-10-13T16:34:00.000+02:00,337.43,21.0,45.2,0.7,70.09,1,1,1.0,
2024-10-13T16:35:00.000+02:00,337.21,21.0,45.23,0.7,70.09,1,1,1.0,
2024-10-13T16:36:00.000+02:00,337.08,21.0,45.25,0.7,70.09,1,1,1.0,
2024-10-13T16:37:00.000+02:00,337.03,21.0,45.28,0.7,70.09,1,1,1.0,
2024-10-13T16:38:00.000+02:00,338.82,21.25,44.64,0.0,70.09,1,1,1.0,
2024-10-13T16:39:00.000+02:00,341.75,21.62,43.68,0.0,70.09,1,1,1.0,
2024-10-13T16:40:00.000+02:00,345.07,21.99,42.74,0.0,70.09,1,1,1.0,
2024-10-13T16:41:00.000+02:00,348.41,22.31,41.96,0.0,70.09,1,1,1.0,
2024-10-13T16:42:00.000+02:00,351.69,22.58,41.33,0.0,70.09,1,1,1.0,
2024-10-13T16:43:00.000+02:00,354.92,22.81,40.81,0.0,70.09,1,1,1.0,
2024-10-13T16:44:00.000+02:00,358.12,23.0,40.38,0.0,70.09,1,1,1.0,
2024-10-13T16:45:00.000+02:00,361.29,23.18,40.02,0.0,70.09,1,1,1.0,
2024-10-13T16:46:00.000+02:00,364.45,23.33,39.71,0.0,70.09,1,1,1.0,
2024-10-13T16:47:00.000+02:00,367.59,23.46,39.44,0.0,70.09,1,1,1.0,
2024-10-13T16:48:00.000+02:00,370.72,23.58,39.21,0.0,70.09,1,1,1.0,
2024-10-13T16:49:00.000+02:00,373.83,23.69,39.01,0.0,70.09,1,1,1.0,
2024-10-13T16:50:00.000+02:00,376.92,23.79,38.83,0.0,70.09,1,1,1.0,
2024-10-13T16:51:00.000+02:00,380.0,23.88,38.68,0.0,70.09,1,1,1.0,
2024-10-13T16:52:00.000+02:00,383.06,23.96,38.54,0.0,70.09,1,1,1.0,
2024-10-13T16:53:00.000+02:00,386.1,24.04,38.42,0.0,70.09,1,1,1.0,
2024-10-13T16:54:00.000+02:00,389.13,24.11,38.31,0.0,70.09,1,1,1.0,
2024-10-13T16:55:00.000+02:00,392.14,24.17,38.21,0.0,70.09,1,1,1.0,
2024-10-13T16:56:00.000+02:00,395.13,24.23,38.13,0.0,70.09,1,1,1.0,
2024-10-13T16:57:00.000+02:00,398.11,24.29,38.06,0.0,70.09,1,1,1.0,
2024-10-13T16:58:00.000+02:00,401.07,24.34,37.99,0.0,70.09,1,1,1.0,
2024-10-13T16:59:00.000+02:00,404.01,24.39,37.94,0.0,70.09,1,1,1.0,
2024-10-13T17:00:00.000+02:00,406.94,24.43,37.9,0.0,70.09,1,1,1.0,
2024-10-13T17:01:00.000+02:00,409.86,24.47,37.86,0.0,70.09,1,1,1.0,
2024-10-13T17:02:00.000+02:00,412.75,24.51,37.83,0.0,70.09,1,1,1.0,
2024-10-13T17:03:00.000+02:00,415.64,24.55,37.81,0.0,70.09,1,1,1.0,
2024-10-13T17:04:00.000+02:00,418.5,24.58,37.79,0.0,70.09,1,1,1.0,
2024-10-13T17:05:00.000+02:00,421.35,24.6,37.78,0.0,70.09,1,1,1.0,
2024-10-13T17:06:00.000+02:00,424.19,24.63,37.78,0.0,70.09,1,1,1.0,
2024-10-13T17:07:00.000+02:00,427.01,24.65,37.78,0.0,70.09,1,1,1.0,
2024-10-13T17:08:00.000+02:00,429.81,24.68,37.79,0.0,70.09,1,1,1.0,
2024-10-13T17:09:00.000+02:00,432.6,24.7,37.79,0.0,70.09,1,1,1.0,
2024-10-13T17:10:00.000+02:00,435.37,24.71,37.81,0.0,70.09,1,1,1.0,
2024-10-13T17:11:00.000+02:00,438.13,24.73,37.82,0.0,70.09,1,1,1.0,
2024-10-13T17:12:00.000+02:00,440.88,24.75,37.84,0.0,70.09,1,1,1.0,
2024-10-13T17:13:00.000+02:00,443.6,24.76,37.86,0.0,70.09,1,1,1.0,
2024-10-13T17:14:00.000+02:00,446.32,24.77,37.88,0.0,70.09,1,1,1.0,
2024-10-13T17:15:00.000+02:00,449.02,24.79,37.91,0.0,70.09,1,1,1.0,
2024-10-13T17:16:00.000+02:00,451.7,24.8,37.94,0.0,70.09,1,1,1.0,
2024-10-13T17:17:00.000+02:00,454.37,24.81,37.96,0.0,70.09,1,1,1.0,
2024-10-13T17:18:00.000+02:00,457.03,24.82,37.99,0.0,70.09,1,1,1.0,
2024-10-13T17:19:00.000+02:00,459.67,24.83,38.02,0.0,70.09,1,1,1.0,
2024-10-13T17:20:00.000+02:00,462.29,24.84,38.06,0.0,70.09,1,1,1.0,
2024-10-13T17:21:00.000+02:00,464.91,24.84,38.09,0.0,70.09,1,1,1.0,
2024-10-13T17:22:00.000+02:00,467.5,24.85,38.12,0.0,70.09,1,1,1.0,
2024-10-13T17:23:00.000+02:00,470.09,24.86,38.16,0.0,70.09,1,1,1.0,
2024-10-13T17:24:00.000+02:00,472.66,24.87,38.19,0.0,70.09,1,1,1.0,
2024-10-13T17:25:00.000+02:00,475.21,24.87,38.23,0.0,70.09,1,1,1.0,
2024-10-13T17:26:00.000+02:00,477.75,24.88,38.27,0.0,70.09,1,1,1.0,
2024-10-13T17:27:00.000+02:00,480.28,24.88,38.31,0.0,70.09,1,1,1.0,
2024-10-13T17:28:00.000+02:00,482.79,24.89,38.34,0.0,70.09,1,1,1.0,
2024-10-13T17:29:00.000+02:00,485.29,24.89,38.38,0.0,70.09,1,1,1.0,
2024-10-13T17:30:00.000+02:00,487.78,24.9,38.42,0.0,70.09,1,1,1.0,
2024-10-13T17:31:00.000+02:00,490.25,24.9,38.46,0.0,70.09,1,1,1.0,
2024-10-13T17:32:00.000+02:00,492.71,24.9,38.5,0.0,70.09,1,1,1.0,
2024-10-13T17:33:00.000+02:00,495.16,24.91,38.54,0.0,70.09,1,1,1.0,
2024-10-13T17:34:00.000+02:00,497.59,24.91,38.58,0.0,70.09,1,1,1.0,
2024-10-13T17:35:00.000+02:00,500.01,24.91,38.62,0.0,70.09,1,1,1.0,
2024-10-13T17:36:00.000+02:00,502.42,24.92,38.66,0.0,70.09,1,1,1.0,
2024-10-13T17:37:00.000+02:00,504.81,24.92,38.71,0.0,70.09,1,1,1.0,
2024-10-13T17:38:00.000+02:00,507.19,24.92,38.75,0.0,70.09,1,1,1.0,
2024-10-13T17:39:00.000+02:00,509.56,24.92,38.79,0.0,70.09,1,1,1.0,
2024-10-13T17:40:00.000+02:00,511.91,24.93,38.83,0.0,70.09,1,1,1.0,
2024-10-13T17:41:00.000+02:00,514.25,24.93,38.87,0.0,70.09,1,1,1.0,
2024-10-13T17:42:00.000+02:00,516.58,24.93,38.91,0.0,70.09,1,1,1.0,
2024-10-13T17:43:00.000+02:00,518.9,24.93,38.96,0.0,70.09,1,1,1.0,
2024-10-13T17:44:00.000+02:00,521.2,24.93,39.0,0.0,70.09,1,1,1.0,
2024-10-13T17:45:00.000+02:00,523.49,24.94,39.04,0.0,70.09,1,1,1.0,
2024-10-13T17:46:00.000+02:00,525.77,24.94,39.08,0.0,70.09,1,1,1.0,
2024-10-13T17:47:00.000+02:00,528.03,24.94,39.13,0.0,70.09,1,1,1.0,
2024-10-13T17:48:00.000+02:00,530.28,24.94,39.17,0.0,70.09,1,1,1.0,
2024-10-13T17:49:00.000+02:00,532.52,24.94,39.21,0.0,70.09,1,1,1.0,
2024-10-13T17:50:00.000+02:00,534.75,24.94,39.25,0.0,70.09,1,1,1.0,
2024-10-13T17:51:00.000+02:00,536.97,24.94,39.29,0.0,70.09,1,1,1.0,
2024-10-13T17:52:00.000+02:00,539.17,24.94,39.34,0.0,70.09,1,1,1.0,
2024-10-13T17:53:00.000+02:00,541.36,24.94,39.38,0.0,70.09,1,1,1.0,
2024-10-13T17:54:00.000+02:00,543.54,24.94,39.42,0.0,70.09,1,1,1.0,
2024-10-13T17:55:00.000+02:00,545.71,24.94,39.46,0.0,70.09,1,1,1.0,
2024-10-13T17:56:00.000+02:00,547.87,24.94,39.5,0.0,70.09,1,1,1.0,
2024-10-13T17:57:00.000+02:00,550.01,24.94,39.55,0.0,70.09,1,1,1.0,
2024-10-13T17:58:00.000+02:00,552.14,24.94,39.59,0.0,70.09,1,1,1.0,
2024-10-13T17:59:00.000+02:00,554.26,24.94,39.63,0.0,70.09,1,1,1.0,
2024-10-13T18:00:00.000+02:00,556.37,24.94,39.67,0.0,70.09,1,1,1.0,
2024-10-13T18:01:00.000+02:00,558.47,24.94,39.71,0.0,70.09,1,1,1.0,
2024-10-13T18:02:00.000+02:00,560.55,24.94,39.76,0.0,70.09,1,1,1.0,
2024-10-13T18:03:00.000+02:00,562.63,24.94,39.8,0.0,70.09,1,1,1.0,
2024-10-13T18:04:00.000+02:00,564.69,24.94,39.84,0.0,70.09,1,1,1.0,
2024-10-13T18:05:00.000+02:00,566.74,24.94,39.88,0.0,70.09,1,1,1.0,
2024-10-13T18:06:00.000+02:00,568.78,24.94,39.92,0.0,70.09,1,1,1.0,
2024-10-13T18:07:00.000+02:00,570.81,24.94,39.96,0.0,70.09,1,1,1.0,
2024-10-13T18:08:00.000+02:00,572.83,24.94,40.01,0.0,70.09,1,1,1.0,
2024-10-13T18:09:00.000+02:00,574.84,24.94,40.05,0.0,70.09,1,1,1.0,
2024-10-13T18:10:00.000+02:00,576.83,24.94,40.09,0.0,70.09,1,1,1.0,
2024-10-13T18:11:00.000+02:00,578.82,24.94,40.13,0.0,70.09,1,1,1.0,
2024-10-13T18:12:00.000+02:00,580.79,24.94,40.17,0.0,70.09,1,1,1.0,
2024-10-13T18:13:00.000+02:00,582.76,24.94,40.21,0.0,70.09,1,1,1.0,
2024-10-13T18:14:00.000+02:00,584.71,24.94,40.25,0.0,70.09,1,1,1.0,
2024-10-13T18:15:00.000+02:00,586.65,24.94,40.29,0.0,70.09,1,1,1.0,
2024-10-13T18:16:00.000+02:00,588.58,24.94,40.34,0.0,70.09,1,1,1.0,
2024-10-13T18:17:00.000+02:00,590.5,24.94,40.38,0.0,70.09,1,1,1.0,
2024-10-13T18:18:00.000+02:00,592.41,24.94,40.42,0.0,70.09,1,1,1.0,
2024-10-13T18:19:00.000+02:00,594.31,24.94,40.46,0.0,70.09,1,1,1.0,
2024-10-13T18:20:00.000+02:00,596.2,24.94,40.5,0.0,70.09,1,1,1.0,
2024-10-13T18:21:00.000+02:00,598.08,24.94,40.54,0.0,70.09,1,1,1.0,
2024-10-13T18:22:00.000+02:00,599.94,24.94,40.58,0.0,70.09,1,1,1.0,
2024-10-13T18:23:00.000+02:00,601.8,24.94,40.62,0.0,70.09,1,1,1.0,
2024-10-13T18:24:00.000+02:00,603.65,24.94,40.66,0.0,70.09,1,1,1.0,
2024-10-13T18:25:00.000+02:00,605.49,24.93,40.71,0.0,70.09,1,1,1.0,
2024-10-13T18:26:00.000+02:00,607.31,24.93,40.75,0.0,70.09,1,1,1.0,
2024-10-13T18:27:00.000+02:00,609.13,24.93,40.79,0.0,70.09,1,1,1.0,
2024-10-13T18:28:00.000+02:00,610.94,24.93,40.83,0.0,70.09,1,1,1.0,
2024-10-13T18:29:00.000+02:00,612.73,24.93,40.87,0.0,70.09,1,1,1.0,
2024-10-13T18:30:00.000+02:00,614.52,24.93,40.91,0.0,70.09,1,1,1.0,
2024-10-13T18:31:00.000+02:00,616.3,24.93,40.95,0.0,70.09,1,1,1.0,
2024-10-13T18:32:00.000+02:00,618.07,24.93,40.99,0.0,70.09,1,1,1.0,
2024-10-13T18:33:00.000+02:00,619.82,24.93,41.03,0.0,70.09,1,1,1.0,
2024-10-13T18:34:00.000+02:00,621.57,24.93,41.07,0.0,70.09,1,1,1.0,
2024-10-13T18:35:00.000+02:00,623.31,24.92,41.11,0.0,70.09,1,1,1.0,
2024-10-13T18:36:00.000+02:00,625.04,24.92,41.15,0.0,70.09,1,1,1.0,
2024-10-13T18:37:00.000+02:00,626.76,24.92,41.19,0.0,70.09,1,1,1.0,
2024-10-13T18:38:00.000+02:00,628.47,24.92,41.23,0.0,70.09,1,1,1.0,
2024-10-13T18:39:00.000+02:00,630.17,24.92,41.27,0.0,70.09,1,1,1.0,
2024-10-13T18:40:00.000+02:00,631.86,24.92,41.31,0.0,70.09,1,1,1.0,
2024-10-13T18:41:00.000+02:00,633.54,24.92,41.35,0.0,70.09,1,1,1.0,
2024-10-13T18:42:00.000+02:00,635.21,24.91,41.39,0.0,70.09,1,1,1.0,
2024-10-13T18:43:00.000+02:00,636.87,24.91,41.43,0.0,70.09,1,1,1.0,
2024-10-13T18:44:00.000+02:00,638.53,24.91,41.47,0.0,70.09,1,1,1.0,
2024-10-13T18:45:00.000+02:00,640.17,24.91,41.51,0.0,70.09,1,1,1.0,
2024-10-13T18:46:00.000+02:00,641.81,24.91,41.55,0.0,70.09,1,1,1.0,
2024-10-13T18:47:00.000+02:00,641.61,24.89,41.6,0.0,70.09,0,1,0.0,
2024-10-13T18:48:00.000+02:00,640.25,24.86,41.65,0.0,70.09,0,1,0.0,
2024-10-13T18:49:00.000+02:00,638.49,24.83,41.7,0.0,70.09,0,1,0.0,
2024-10-13T18:50:00.000+02:00,636.69,24.8,41.75,0.0,70.09,0,1,0.0,
2024-10-13T18:51:00.000+02:00,634.95,24.78,41.79,0.0,70.09,0,1,0.0,
2024-10-13T18:52:00.000+02:00,633.25,24.75,41.82,0.0,70.09,0,1,0.0,
2024-10-13T18:53:00.000+02:00,631.58,24.73,41.86,0.0,70.09,0,1,0.0,
2024-10-13T18:54:00.000+02:00,629.92,24.71,41.88,0.0,70.09,0,1,0.0,
2024-10-13T18:55:00.000+02:00,628.27,24.69,41.91,0.0,70.09,0,1,0.0,
2024-10-13T18:56:00.000+02:00,626.63,24.67,41.93,0.0,70.09,0,1,0.0,
2024-10-13T18:57:00.000+02:00,624.99,24.66,41.95,0.0,70.09,0,1,0.0,
2024-10-13T18:58:00.000+02:00,623.36,24.64,41.97,0.0,70.09,0,1,0.0,
2024-10-13T18:59:00.000+02:00,621.75,24.63,41.98,0.0,70.09,0,1,0.0,
2024-10-13T19:00:00.000+02:00,620.14,24.61,42.0,0.0,70.09,0,1,0.0,
2024-10-13T19:01:00.000+02:00,618.54,24.6,42.01,0.0,70.09,0,1,0.0,
2024-10-13T19:02:00.000+02:00,616.94,24.59,42.02,0.0,70.09,0,1,0.0,
2024-10-13T19:03:00.000+02:00,615.36,24.57,42.03,0.0,70.09,0,1,0.0,
2024-10-13T19:04:00.000+02:00,613.79,24.56,42.03,0.0,70.09,0,1,0.0,
2024-10-13T19:05:00.000+02:00,612.22,24.55,42.04,0.0,70.09,0,1,0.0,
2024-10-13T19:06:00.000+02:00,610.66,24.54,42.04,0.0,70.09,0,1,0.0,
2024-10-13T19:07:00.000+02:00,609.12,24.53,42.05,0.0,70.09,0,1,0.0,
2024-10-13T19:08:00.000+02:00,607.58,24.52,42.05,0.0,70.09,0,1,0.0,
2024-10-13T19:09:00.000+02:00,606.04,24.51,42.05,0.0,70.09,0,1,0.0,
2024-10-13T19:10:00.000+02:00,604.52,24.5,42.05,0.0,70.09,0,1,0.0,
2024-10-13T19:11:00.000+02:00,603.0,24.5,42.05,0.0,70.09,0,1,0.0,
2024-10-13T19:12:00.000+02:00,601.5,24.49,42.05,0.0,70.09,0,1,0.0,
2024-10-13T19:13:00.000+02:00,600.0,24.48,42.05,0.0,70.09,0,1,0.0,
2024-10-13T19:14:00.000+02:00,598.51,24.47,42.04,0.0,70.09,0,1,0.0,
2024-10-13T19:15:00.000+02:00,597.02,24.47,42.04,0.0,70.09,0,1,0.0,
2024-10-13T19:16:00.000+02:00,595.55,24.46,42.04,0.0,70.09,0,1,0.0,
2024-10-13T19:17:00.000+02:00,594.08,24.45,42.04,0.0,70.09,0,1,0.0,
2024-10-13T19:18:00.000+02:00,592.62,24.45,42.03,0.0,70.09,0,1,0.0,
2024-10-13T19:19:00.000+02:00,591.17,24.44,42.03,0.0,70.09,0,1,0.0,
2024-10-13T19:20:00.000+02:00,589.73,24.43,42.02,0.0,70.09,0,1,0.0,
2024-10-13T19:21:00.000+02:00,588.29,24.43,42.02,0.0,70.09,0,1,0.0,
2024-10-13T19:22:00.000+02:00,586.87,24.42,42.02,0.0,70.09,0,1,0.0,
2024-10-13T19:23:00.000+02:00,585.45,24.41,42.01,0.0,70.09,0,1,0.0,
2024-10-13T19:24:00.000+02:00,584.03,24.41,42.01,0.0,70.09,0,1,0.0,
2024-10-13T19:25:00.000+02:00,582.63,24.4,42.0,0.0,70.09,0,1,0.0,
2024-10-13T19:26:00.000+02:00,581.23,24.4,42.0,0.0,70.09,0,1,0.0,
2024-10-13T19:27:00.000+02:00,579.84,24.39,41.99,0.0,70.09,0,0,0.0,0.0
2024-10-13T19:28:00.000+02:00,578.46,24.39,41.99,0.0,70.09,0,0,0.0,0.0
2024-10-13T19:29:00.000+02:00,577.09,24.38,41.98,0.0,70.09,0,0,0.0,0.0
2024-10-13T19:30:00.000+02:00,575.72,24.38,41.98,0.0,70.09,0,0,0.0,0.0
2024-10-13T19:31:00.000+02:00,574.36,24.37,41.97,0.0,70.09,0,0,0.0,0.0
2024-10-13T19:32:00.000+02:00,573.01,24.36,41.97,0.0,70.09,0,0,0.0,0.0
2024-10-13T19:33:00.000+02:00,571.66,24.36,41.96,0.0,70.09,0,0,0.0,0.0
2024-10-13T19:34:00.000+02:00,570.33,24.35,41.95,0.0,70.09,0,0,0.0,0.0
2024-10-13T19:35:00.000+02:00,569.0,24.35,41.95,0.0,70.09,0,0,0.0,0.0
2024-10-13T19:36:00.000+02:00,567.67,24.34,41.94,0.0,70.09,0,0,0.0,0.0
2024-10-13T19:37:00.000+02:00,566.36,24.34,41.94,0.0,70.09,0,0,0.0,0.0
2024-10-13T19:38:00.000+02:00,565.05,24.33,41.93,0.0,70.09,0,0,0.0,0.0
2024-10-13T19:39:00.000+02:00,563.75,24.33,41.93,0.0,70.09,0,0,0.0,0.0
2024-10-13T19:40:00.000+02:00,562.45,24.32,41.92,0.0,70.09,0,0,0.0,0.0
2024-10-13T19:41:00.000+02:00,561.16,24.32,41.92,0.0,70.09,0,0,0.0,0.0
2024-10-13T19:42:00.000+02:00,559.88,24.31,41.91,0.0,70.09,0,0,0.0,0.0
2024-10-13T19:43:00.000+02:00,558.61,24.31,41.91,0.0,70.09,0,0,0.0,0.0
2024-10-13T19:44:00.000+02:00,557.34,24.3,41.9,0.0,70.09,0,0,0.0,0.0
2024-10-13T19:45:00.000+02:00,556.08,24.3,41.9,0.0,70.09,0,0,0.0,0.0
2024-10-13T19:46:00.000+02:00,554.83,24.29,41.89,0.0,70.09,0,0,0.0,0.0
2024-10-13T19:47:00.000+02:00,553.58,24.29,41.88,0.0,70.09,0,0,0.0,0.0
2024-10-13T19:48:00.000+02:00,552.34,24.28,41.88,0.0,70.09,0,0,0.0,0.0
2024-10-13T19:49:00.000+02:00,551.11,24.28,41.87,0.0,70.09,0,0,0.0,0.0
2024-10-13T19:50:00.000+02:00,549.89,24.27,41.87,0.0,70.09,0,0,0.0,0.0
2024-10-13T19:51:00.000+02:00,548.67,24.27,41.86,0.0,70.09,0,0,0.0,0.0
2024-10-13T19:52:00.000+02:00,547.45,24.27,41.86,0.0,70.09,0,0,0.0,0.0
2024-10-13T19:53:00.000+02:00,546.25,24.26,41.85,0.0,70.09,0,0,0.0,0.0
2024-10-13T19:54:00.000+02:00,545.05,24.26,41.85,0.0,70.09,0,0,0.0,0.0
2024-10-13T19:55:00.000+02:00,543.85,24.25,41.84,0.0,70.09,0,0,0.0,0.0
2024-10-13T19:56:00.000+02:00,542.67,24.25,41.84,0.0,70.09,0,0,0.0,0.0
2024-10-13T19:57:00.000+02:00,541.49,24.24,41.83,0.0,70.09,0,0,0.0,0.0
2024-10-13T19:58:00.000+02:00,540.31,24.24,41.83,0.0,70.09,0,0,0.0,0.0
2024-10-13T19:59:00.000+02:00,539.14,24.23,41.82,0.0,70.09,0,0,0.0,0.0
2024-10-13T20:00:00.000+02:00,537.98,24.23,41.82,0.0,70.09,0,0,0.0,0.0
2024-10-13T20:01:00.000+02:00,536.83,24.22,41.81,0.0,70.09,0,0,0.0,0.0
2024-10-13T20:02:00.000+02:00,535.68,24.22,41.8,0.0,70.09,0,0,0.0,0.0
2024-10-13T20:03:00.000+02:00,534.54,24.22,41.8,0.0,70.09,0,0,0.0,0.0
2024-10-13T20:04:00.000+02:00,533.4,24.21,41.79,0.0,70.09,0,0,0.0,0.0
2024-10-13T20:05:00.000+02:00,532.27,24.21,41.79,0.0,70.09,0,0,0.0,0.0
2024-10-13T20:06:00.000+02:00,531.15,24.2,41.78,0.0,70.09,0,0,0.0,0.0
2024-10-13T20:07:00.000+02:00,530.03,24.2,41.77,0.0,70.09,0,0,0.0,0.0
2024-10-13T20:08:00.000+02:00,528.92,24.2,41.77,0.0,70.09,0,0,0.0,0.0
2024-10-13T20:09:00.000+02:00,527.81,24.19,41.76,0.0,70.09,0,0,0.0,0.0
2024-10-13T20:10:00.000+02:00,526.71,24.19,41.75,0.0,70.09,0,0,0.0,0.0
2024-10-13T20:11:00.000+02:00,525.62,24.19,41.74,0.0,70.09,0,0,0.0,0.0
2024-10-13T20:12:00.000+02:00,524.53,24.18,41.73,0.0,70.09,0,0,0.0,0.0
2024-10-13T20:13:00.000+02:00,523.45,24.18,41.73,0.0,70.09,0,0,0.0,0.0
2024-10-13T20:14:00.000+02:00,522.37,24.17,41.72,0.0,70.09,0,0,0.0,0.0
2024-10-13T20:15:00.000+02:00,521.3,24.17,41.71,0.0,70.09,0,0,0.0,0.0
2024-10-13T20:16:00.000+02:00,520.24,24.17,41.7,0.0,70.09,0,0,0.0,0.0
2024-10-13T20:17:00.000+02:00,519.18,24.16,41.69,0.0,70.09,0,0,0.0,0.0
2024-10-13T20:18:00.000+02:00,518.13,24.16,41.68,0.0,70.09,0,0,0.0,0.0
2024-10-13T20:19:00.000+02:00,517.08,24.16,41.68,0.0,70.09,0,0,0.0,0.0
2024-10-13T20:20:00.000+02:00,516.04,24.16,41.67,0.0,70.09,0,0,0.0,0.0
2024-10-13T20:21:00.000+02:00,515.01,24.15,41.66,0.0,70.09,0,0,0.0,0.0
2024-10-13T20:22:00.000+02:00,513.98,24.15,41.65,0.0,70.09,0,0,0.0,0.0
2024-10-13T20:23:00.000+02:00,512.95,24.15,41.64,0.0,70.09,0,0,0.0,0.0
2024-10-13T20:24:00.000+02:00,511.93,24.14,41.63,0.0,70.09,0,0,0.0,0.0
2024-10-13T20:25:00.000+02:00,510.92,24.14,41.62,0.0,70.09,0,0,0.0,0.0
2024-10-13T20:26:00.000+02:00,509.91,24.14,41.61,0.0,70.09,0,0,0.0,0.0
2024-10-13T20:27:00.000+02:00,508.91,24.13,41.6,0.0,70.09,0,0,0.0,0.0
2024-10-13T20:28:00.000+02:00,507.91,24.13,41.59,0.0,70.09,0,0,0.0,0.0
2024-10-13T20:29:00.000+02:00,506.92,24.13,41.58,0.0,70.09,0,0,0.0,0.0
2024-10-13T20:30:00.000+02:00,505.94,24.12,41.57,0.0,70.09,0,0,0.0,0.0
2024-10-13T20:31:00.000+02:00,504.96,24.12,41.56,0.0,70.09,0,0,0.0,0.0
2024-10-13T20:32:00.000+02:00,503.98,24.12,41.55,0.0,70.09,0,0,0.0,0.0
2024-10-13T20:33:00.000+02:00,503.01,24.12,41.54,0.0,70.09,0,0,0.0,0.0
2024-10-13T20:34:00.000+02:00,502.05,24.11,41.53,0.0,70.09,0,0,0.0,0.0
2024-10-13T20:35:00.000+02:00,501.09,24.11,41.52,0.0,70.09,0,0,0.0,0.0
2024-10-13T20:36:00.000+02:00,500.14,24.11,41.51,0.0,70.09,0,0,0.0,0.0
2024-10-13T20:37:00.000+02:00,499.19,24.1,41.5,0.0,70.09,0,0,0.0,0.0
2024-10-13T20:38:00.000+02:00,498.25,24.1,41.49,0.0,70.09,0,0,0.0,0.0
2024-10-13T20:39:00.000+02:00,497.31,24.1,41.48,0.0,70.09,0,0,0.0,0.0
2024-10-13T20:40:00.000+02:00,496.37,24.1,41.47,0.0,70.09,0,0,0.0,0.0
2024-10-13T20:41:00.000+02:00,495.45,24.09,41.46,0.0,70.09,0,0,0.0,0.0
2024-10-13T20:42:00.000+02:00,494.52,24.09,41.45,0.0,70.09,0,0,0.0,0.0
2024-10-13T20:43:00.000+02:00,493.61,24.09,41.44,0.0,70.09,0,0,0.0,0.0
2024-10-13T20:44:00.000+02:00,492.69,24.08,41.43,0.0,70.09,0,0,0.0,0.0
2024-10-13T20:45:00.000+02:00,491.78,24.08,41.42,0.0,70.09,0,0,0.0,0.0
2024-10-13T20:46:00.000+02:00,490.88,24.08,41.41,0.0,70.09,0,0,0.0,0.0
2024-10-13T20:47:00.000+02:00,489.98,24.08,41.4,0.0,70.09,0,0,0.0,0.0
2024-10-13T20:48:00.000+02:00,489.09,24.07,41.39,0.0,70.09,0,0,0.0,0.0
2024-10-13T20:49:00.000+02:00,488.2,24.07,41.38,0.0,70.09,0,0,0.0,0.0
2024-10-13T20:50:00.000+02:00,487.32,24.07,41.37,0.0,70.09,0,0,0.0,0.0
2024-10-13T20:51:00.000+02:00,486.44,24.06,41.36,0.0,70.09,0,0,0.0,0.0
2024-10-13T20:52:00.000+02:00,485.57,24.06,41.35,0.0,70.09,0,0,0.0,0.0
2024-10-13T20:53:00.000+02:00,484.7,24.06,41.34,0.0,70.09,0,0,0.0,0.0
2024-10-13T20:54:00.000+02:00,483.83,24.06,41.33,0.0,70.09,0,0,0.0,0.0
2024-10-13T20:55:00.000+02:00,482.97,24.05,41.31,0.0,70.09,0,0,0.0,0.0
2024-10-13T20:56:00.000+02:00,482.12,24.05,41.3,0.0,70.09,0,0,0.0,0.0
2024-10-13T20:57:00.000+02:00,481.27,24.05,41.29,0.0,70.09,0,0,0.0,0.0
2024-10-13T20:58:00.000+02:00,480.42,24.04,41.28,0.0,70.09,0,0,0.0,0.0
2024-10-13T20:59:00.000+02:00,479.58,24.04,41.27,0.0,70.09,0,0,0.0,0.0
2024-10-13T21:00:00.000+02:00,478.75,24.04,41.26,0.0,70.09,0,0,0.0,0.0
2024-10-13T21:01:00.000+02:00,477.91,24.04,41.25,0.0,70.09,0,0,0.0,0.0
2024-10-13T21:02:00.000+02:00,477.09,24.03,41.24,0.0,70.09,0,0,0.0,0.0
2024-10-13T21:03:00.000+02:00,476.26,24.03,41.23,0.0,70.09,0,0,0.0,0.0
2024-10-13T21:04:00.000+02:00,475.45,24.03,41.22,0.0,70.09,0,0,0.0,0.0
2024-10-13T21:05:00.000+02:00,474.63,24.03,41.2,0.0,70.09,0,0,0.0,0.0
2024-10-13T21:06:00.000+02:00,473.82,24.02,41.19,0.0,70.09,0,0,0.0,0.0
2024-10-13T21:07:00.000+02:00,473.02,24.02,41.18,0.0,70.09,0,0,0.0,0.0
2024-10-13T21:08:00.000+02:00,472.22,24.02,41.17,0.0,70.09,0,0,0.0,0.0
2024-10-13T21:09:00.000+02:00,471.42,24.01,41.16,0.0,70.09,0,0,0.0,0.0
2024-10-13T21:10:00.000+02:00,470.63,24.01,41.15,0.0,70.09,0,0,0.0,0.0
2024-10-13T21:11:00.000+02:00,469.84,24.01,41.14,0.0,70.09,0,0,0.0,0.0
2024-10-13T21:12:00.000+02:00,469.06,24.01,41.13,0.0,70.09,0,0,0.0,0.0
2024-10-13T21:13:00.000+02:00,468.28,24.0,41.12,0.0,70.09,0,0,0.0,0.0
2024-10-13T21:14:00.000+02:00,467.51,24.0,41.1,0.0,70.09,0,0,0.0,0.0
2024-10-13T21:15:00.000+02:00,466.74,24.0,41.09,0.0,70.09,0,0,0.0,0.0
2024-10-13T21:16:00.000+02:00,465.97,24.0,41.08,0.0,70.09,0,0,0.0,0.0
2024-10-13T21:17:00.000+02:00,465.21,23.99,41.07,0.0,70.09,0,0,0.0,0.0
2024-10-13T21:18:00.000+02:00,464.45,23.99,41.06,0.0,70.09,0,0,0.0,0.0
2024-10-13T21:19:00.000+02:00,463.7,23.99,41.05,0.0,70.09,0,0,0.0,0.0
2024-10-13T21:20:00.000+02:00,462.95,23.99,41.04,0.0,70.09,0,0,0.0,0.0
2024-10-13T21:21:00.000+02:00,462.2,23.98,41.03,0.0,70.09,0,0,0.0,0.0
2024-10-13T21:22:00.000+02:00,461.46,23.98,41.02,0.0,70.09,0,0,0.0,0.0
2024-10-13T21:23:00.000+02:00,460.72,23.98,41.0,0.0,70.09,0,0,0.0,0.0
2024-10-13T21:24:00.000+02:00,459.99,23.97,40.99,0.0,70.09,0,0,0.0,0.0
2024-10-13T21:25:00.000+02:00,459.26,23.97,40.98,0.0,70.09,0,0,0.0,0.0
2024-10-13T21:26:00.000+02:00,458.54,23.97,40.97,0.0,70.09,0,0,0.0,0.0
2024-10-13T21:27:00.000+02:00,457.82,23.97,40.96,0.0,70.09,0,0,0.0,0.0
2024-10-13T21:28:00.000+02:00,457.1,23.96,40.95,0.0,70.09,0,0,0.0,0.0
2024-10-13T21:29:00.000+02:00,456.38,23.96,40.94,0.0,70.09,0,0,0.0,0.0
2024-10-13T21:30:00.000+02:00,455.68,23.96,40.93,0.0,70.09,0,0,0.0,0.0
2024-10-13T21:31:00.000+02:00,454.97,23.96,40.91,0.0,70.09,0,0,0.0,0.0
2024-10-13T21:32:00.000+02:00,454.27,23.95,40.9,0.0,70.09,0,0,0.0,0.0
2024-10-13T21:33:00.000+02:00,453.57,23.95,40.89,0.0,70.09,0,0,0.0,0.0
2024-10-13T21:34:00.000+02:00,452.88,23.95,40.88,0.0,70.09,0,0,0.0,0.0
2024-10-13T21:35:00.000+02:00,452.19,23.95,40.87,0.0,70.09,0,0,0.0,0.0
2024-10-13T21:36:00.000+02:00,451.5,23.94,40.86,0.0,70.09,0,0,0.0,0.0
2024-10-13T21:37:00.000+02:00,450.82,23.94,40.85,0.0,70.09,0,0,0.0,0.0
2024-10-13T21:38:00.000+02:00,450.14,23.94,40.84,0.0,70.09,0,0,0.0,0.0
2024-10-13T21:39:00.000+02:00,449.46,23.94,40.82,0.0,70.09,0,0,0.0,0.0
2024-10-13T21:40:00.000+02:00,448.79,23.93,40.81,0.0,70.09,0,0,0.0,0.0
2024-10-13T21:41:00.000+02:00,448.12,23.93,40.8,0.0,70.09,0,0,0.0,0.0
2024-10-13T21:42:00.000+02:00,447.46,23.93,40.79,0.0,70.09,0,0,0.0,0.0
2024-10-13T21:43:00.000+02:00,446.8,23.92,40.78,0.0,70.09,0,0,0.0,0.0
2024-10-13T21:44:00.000+02:00,446.14,23.92,40.77,0.0,70.09,0,0,0.0,0.0
2024-10-13T21:45:00.000+02:00,445.49,23.92,40.76,0.0,70.09,0,0,0.0,0.0
2024-10-13T21:46:00.000+02:00,444.84,23.92,40.75,0.0,70.09,0,0,0.0,0.0
2024-10-13T21:47:00.000+02:00,444.19,23.91,40.73,0.0,70.09,0,0,0.0,0.0
2024-10-13T21:48:00.000+02:00,443.55,23.91,40.72,0.0,70.09,0,0,0.0,0.0
2024-10-13T21:49:00.000+02:00,442.91,23.91,40.71,0.0,70.09,0,0,0.0,0.0
2024-10-13T21:50:00.000+02:00,442.27,23.91,40.7,0.0,70.09,0,0,0.0,0.0
2024-10-13T21:51:00.000+02:00,441.64,23.9,40.69,0.0,70.09,0,0,0.0,0.0
2024-10-13T21:52:00.000+02:00,441.01,23.9,40.68,0.0,70.09,0,0,0.0,0.0
2024-10-13T21:53:00.000+02:00,440.39,23.9,40.67,0.0,70.09,0,0,0.0,0.0
2024-10-13T21:54:00.000+02:00,439.77,23.9,40.66,0.0,70.09,0,0,0.0,0.0
2024-10-13T21:55:00.000+02:00,439.15,23.89,40.64,0.0,70.09,0,0,0.0,0.0
2024-10-13T21:56:00.000+02:00,438.53,23.89,40.63,0.0,70.09,0,0,0.0,0.0
2024-10-13T21:57:00.000+02:00,437.92,23.89,40.62,0.0,70.09,0,0,0.0,0.0
2024-10-13T21:58:00.000+02:00,437.31,23.89,40.61,0.0,70.09,0,0,0.0,0.0
2024-10-13T21:59:00.000+02:00,436.71,23.88,40.6,0.0,70.09,0,0,0.0,0.0
2024-10-13T22:00:00.000+02:00,436.1,23.88,40.59,0.0,70.09,0,0,0.0,0.0
2024-10-13T22:01:00.000+02:00,435.51,23.88,40.58,0.0,70.09,0,0,0.0,0.0
2024-10-13T22:02:00.000+02:00,434.91,23.88,40.57,0.0,70.09,0,0,0.0,0.0
2024-10-13T22:03:00.000+02:00,434.32,23.87,40.55,0.0,70.09,0,0,0.0,0.0
2024-10-13T22:04:00.000+02:00,433.73,23.87,40.54,0.0,70.09,0,0,0.0,0.0
2024-10-13T22:05:00.000+02:00,433.14,23.87,40.53,0.0,70.09,0,0,0.0,0.0
2024-10-13T22:06:00.000+02:00,432.56,23.86,40.52,0.0,70.09,0,0,0.0,0.0
2024-10-13T22:07:00.000+02:00,431.98,23.86,40.51,0.0,70.09,0,0,0.0,0.0
2024-10-13T22:08:00.000+02:00,431.41,23.86,40.5,0.0,70.09,0,0,0.0,0.0
2024-10-13T22:09:00.000+02:00,430.83,23.86,40.49,0.0,70.09,0,0,0.0,0.0
2024-10-13T22:10:00.000+02:00,430.26,23.85,40.48,0.0,70.09,0,0,0.0,0.0
2024-10-13T22:11:00.000+02:00,429.7,23.85,40.46,0.0,70.09,0,0,0.0,0.0
2024-10-13T22:12:00.000+02:00,429.13,23.85,40.45,0.0,70.09,0,0,0.0,0.0
2024-10-13T22:13:00.000+02:00,428.57,23.85,40.44,0.0,70.09,0,0,0.0,0.0
2024-10-13T22:14:00.000+02:00,428.02,23.84,40.43,0.0,70.09,0,0,0.0,0.0
2024-10-13T22:15:00.000+02:00,427.46,23.84,40.42,0.0,70.09,0,0,0.0,0.0
2024-10-13T22:16:00.000+02:00,426.91,23.84,40.41,0.0,70.09,0,0,0.0,0.0
2024-10-13T22:17:00.000+02:00,426.36,23.84,40.4,0.0,70.09,0,0,0.0,0.0
2024-10-13T22:18:00.000+02:00,425.82,23.83,40.39,0.0,70.09,0,0,0.0,0.0
2024-10-13T22:19:00.000+02:00,425.28,23.83,40.37,0.0,70.09,0,0,0.0,0.0
2024-10-13T22:20:00.000+02:00,424.74,23.83,40.36,0.0,70.09,0,0,0.0,0.0
2024-10-13T22:21:00.000+02:00,424.2,23.82,40.35,0.0,70.09,0,0,0.0,0.0
2024-10-13T22:22:00.000+02:00,423.67,23.82,40.34,0.0,70.09,0,0,0.0,0.0
2024-10-13T22:23:00.000+02:00,423.14,23.82,40.33,0.0,70.09,0,0,0.0,0.0
2024-10-13T22:24:00.000+02:00,422.61,23.82,40.32,0.0,70.09,0,0,0.0,0.0
2024-10-13T22:25:00.000+02:00,422.08,23.81,40.31,0.0,70.09,0,0,0.0,0.0
2024-10-13T22:26:00.000+02:00,421.56,23.81,40.29,0.0,70.09,0,0,0.0,0.0
2024-10-13T22:27:00.000+02:00,421.04,23.81,40.28,0.0,70.09,0,0,0.0,0.0
2024-10-13T22:28:00.000+02:00,420.53,23.81,40.27,0.0,70.09,0,0,0.0,0.0
2024-10-13T22:29:00.000+02:00,420.01,23.8,40.26,0.0,70.09,0,0,0.0,0.0
2024-10-13T22:30:00.000+02:00,419.5,23.8,40.25,0.0,70.09,0,0,0.0,0.0
2024-10-13T22:31:00.000+02:00,418.99,23.8,40.24,0.0,70.09,0,0,0.0,0.0
2024-10-13T22:32:00.000+02:00,418.49,23.79,40.23,0.0,70.09,0,0,0.0,0.0
2024-10-13T22:33:00.000+02:00,417.99,23.79,40.21,0.0,70.09,0,0,0.0,0.0
2024-10-13T22:34:00.000+02:00,417.49,23.79,40.2,0.0,70.09,0,0,0.0,0.0
2024-10-13T22:35:00.000+02:00,416.99,23.79,40.19,0.0,70.09,0,0,0.0,0.0
2024-10-13T22:36:00.000+02:00,416.5,23.78,40.18,0.0,70.09,0,0,0.0,0.0
2024-10-13T22:37:00.000+02:00,416.01,23.78,40.17,0.0,70.09,0,0,0.0,0.0
2024-10-13T22:38:00.000+02:00,415.52,23.78,40.16,0.0,70.09,0,0,0.0,0.0
2024-10-13T22:39:00.000+02:00,415.03,23.78,40.15,0.0,70.09,0,0,0.0,0.0
2024-10-13T22:40:00.000+02:00,414.55,23.77,40.13,0.0,70.09,0,0,0.0,0.0
2024-10-13T22:41:00.000+02:00,414.07,23.77,40.12,0.0,70.09,0,0,0.0,0.0
2024-10-13T22:42:00.000+02:00,413.59,23.77,40.11,0.0,70.09,0,0,0.0,0.0
2024-10-13T22:43:00.000+02:00,413.11,23.76,40.1,0.0,70.09,0,0,0.0,0.0
2024-10-13T22:44:00.000+02:00,412.64,23.76,40.09,0.0,70.09,0,0,0.0,0.0
2024-10-13T22:45:00.000+02:00,412.17,23.76,40.08,0.0,70.09,0,0,0.0,0.0
2024-10-13T22:46:00.000+02:00,411.7,23.76,40.06,0.0,70.09,0,0,0.0,0.0
2024-10-13T22:47:00.000+02:00,411.24,23.75,40.05,0.0,70.09,0,0,0.0,0.0
2024-10-13T22:48:00.000+02:00,410.78,23.75,40.04,0.0,70.09,0,0,0.0,0.0
2024-10-13T22:49:00.000+02:00,410.32,23.75,40.03,0.0,70.09,0,0,0.0,0.0
2024-10-13T22:50:00.000+02:00,409.86,23.74,40.02,0.0,70.09,0,0,0.0,0.0
2024-10-13T22:51:00.000+02:00,409.4,23.74,40.01,0.0,70.09,0,0,0.0,0.0
2024-10-13T22:52:00.000+02:00,408.95,23.74,39.99,0.0,70.09,0,0,0.0,0.0
2024-10-13T22:53:00.000+02:00,408.5,23.74,39.98,0.0,70.09,0,0,0.0,0.0
2024-10-13T22:54:00.000+02:00,408.05,23.73,39.97,0.0,70.09,0,0,0.0,0.0
2024-10-13T22:55:00.000+02:00,407.61,23.73,39.96,0.0,70.09,0,0,0.0,0.0
2024-10-13T22:56:00.000+02:00,407.17,23.73,39.95,0.0,70.09,0,0,0.0,0.0
2024-10-13T22:57:00.000+02:00,406.72,23.73,39.94,0.0,70.09,0,0,0.0,0.0
2024-10-13T22:58:00.000+02:00,406.29,23.72,39.92,0.0,70.09,0,0,0.0,0.0
2024-10-13T22:59:00.000+02:00,405.85,23.72,39.91,0.0,70.09,0,0,0.0,0.0
2024-10-13T23:00:00.000+02:00,405.42,23.72,39.9,0.0,70.09,0,0,0.0,0.0
2024-10-13T23:01:00.000+02:00,404.99,23.71,39.89,0.0,70.09,0,0,0.0,0.0
2024-10-13T23:02:00.000+02:00,404.56,23.71,39.88,0.0,70.09,0,0,0.0,0.0
2024-10-13T23:03:00.000+02:00,404.13,23.71,39.86,0.0,70.09,0,0,0.0,0.0
2024-10-13T23:04:00.000+02:00,403.71,23.71,39.85,0.0,70.09,0,0,0.0,0.0
2024-10-13T23:05:00.000+02:00,403.29,23.7,39.84,0.0,70.09,0,0,0.0,0.0
2024-10-13T23:06:00.000+02:00,402.87,23.7,39.83,0.0,70.09,0,0,0.0,0.0
2024-10-13T23:07:00.000+02:00,402.45,23.7,39.82,0.0,70.09,0,0,0.0,0.0
2024-10-13T23:08:00.000+02:00,402.04,23.7,39.8,0.0,70.09,0,0,0.0,0.0
2024-10-13T23:09:00.000+02:00,401.63,23.69,39.79,0.0,70.09,0,0,0.0,0.0
2024-10-13T23:10:00.000+02:00,401.22,23.69,39.78,0.0,70.09,0,0,0.0,0.0
2024-10-13T23:11:00.000+02:00,400.81,23.69,39.77,0.0,70.09,0,0,0.0,0.0
2024-10-13T23:12:00.000+02:00,400.4,23.68,39.76,0.0,70.09,0,0,0.0,0.0
2024-10-13T23:13:00.000+02:00,400.0,23.68,39.74,0.0,70.09,0,0,0.0,0.0
2024-10-13T23:14:00.000+02:00,399.6,23.68,39.73,0.0,70.09,0,0,0.0,0.0
2024-10-13T23:15:00.000+02:00,399.2,23.68,39.72,0.0,70.09,0,0,0.0,0.0
2024-10-13T23:16:00.000+02:00,398.8,23.67,39.71,0.0,70.09,0,0,0.0,0.0
2024-10-13T23:17:00.000+02:00,398.41,23.67,39.7,0.0,70.09,0,0,0.0,0.0
2024-10-13T23:18:00.000+02:00,398.02,23.67,39.68,0.0,70.09,0,0,0.0,0.0
2024-10-13T23:19:00.000+02:00,397.63,23.66,39.67,0.0,70.09,0,0,0.0,0.0
2024-10-13T23:20:00.000+02:00,397.24,23.66,39.66,0.0,70.09,0,0,0.0,0.0
2024-10-13T23:21:00.000+02:00,396.85,23.66,39.65,0.0,70.09,0,0,0.0,0.0
2024-10-13T23:22:00.000+02:00,396.47,23.66,39.64,0.0,70.09,0,0,0.0,0.0
2024-10-13T23:23:00.000+02:00,396.09,23.65,39.62,0.0,70.09,0,0,0.0,0.0
2024-10-13T23:24:00.000+02:00,395.71,23.65,39.61,0.0,70.09,0,0,0.0,0.0
2024-10-13T23:25:00.000+02:00,395.33,23.65,39.6,0.0,70.09,0,0,0.0,0.0
2024-10-13T23:26:00.000+02:00,394.95,23.65,39.59,0.0,70.09,0,0,0.0,0.0
2024-10-13T23:27:00.000+02:00,394.58,23.64,39.57,0.0,70.09,0,0,0.0,0.0
2024-10-13T23:28:00.000+02:00,394.21,23.64,39.56,0.0,70.09,0,0,0.0,0.0
2024-10-13T23:29:00.000+02:00,393.84,23.64,39.55,0.0,70.09,0,0,0.0,0.0
2024-10-13T23:30:00.000+02:00,393.47,23.63,39.54,0.0,70.09,0,0,0.0,0.0
2024-10-13T23:31:00.000+02:00,393.11,23.63,39.53,0.0,70.09,0,0,0.0,0.0
2024-10-13T23:32:00.000+02:00,392.74,23.63,39.51,0.0,70.09,0,0,0.0,0.0
2024-10-13T23:33:00.000+02:00,392.38,23.63,39.5,0.0,70.09,0,0,0.0,0.0
2024-10-13T23:34:00.000+02:00,392.02,23.62,39.49,0.0,70.09,0,0,0.0,0.0
2024-10-13T23:35:00.000+02:00,391.67,23.62,39.48,0.0,70.09,0,0,0.0,0.0
2024-10-13T23:36:00.000+02:00,391.31,23.62,39.46,0.0,70.09,0,0,0.0,0.0
2024-10-13T23:37:00.000+02:00,390.96,23.62,39.45,0.0,70.09,0,0,0.0,0.0
2024-10-13T23:38:00.000+02:00,390.61,23.61,39.44,0.0,70.09,0,0,0.0,0.0
2024-10-13T23:39:00.000+02:00,390.26,23.61,39.43,0.0,70.09,0,0,0.0,0.0
2024-10-13T23:40:00.000+02:00,389.91,23.61,39.42,0.0,70.09,0,0,0.0,0.0
2024-10-13T23:41:00.000+02:00,389.56,23.6,39.4,0.0,70.09,0,0,0.0,0.0
2024-10-13T23:42:00.000+02:00,389.22,23.6,39.39,0.0,70.09,0,0,0.0,0.0
2024-10-13T23:43:00.000+02:00,388.88,23.6,39.38,0.0,70.09,0,0,0.0,0.0
2024-10-13T23:44:00.000+02:00,388.54,23.6,39.37,0.0,70.09,0,0,0.0,0.0
2024-10-13T23:45:00.000+02:00,388.2,23.59,39.35,0.0,70.09,0,0,0.0,0.0
2024-10-13T23:46:00.000+02:00,387.86,23.59,39.34,0.0,70.09,0,0,0.0,0.0
2024-10-13T23:47:00.000+02:00,387.53,23.59,39.33,0.0,70.09,0,0,0.0,0.0
2024-10-13T23:48:00.000+02:00,387.19,23.58,39.32,0.0,70.09,0,0,0.0,0.0
2024-10-13T23:49:00.000+02:00,386.86,23.58,39.31,0.0,70.09,0,0,0.0,0.0
2024-10-13T23:50:00.000+02:00,386.53,23.58,39.29,0.0,70.09,0,0,0.0,0.0
2024-10-13T23:51:00.000+02:00,386.21,23.58,39.28,0.0,70.09,0,0,0.0,0.0
2024-10-13T23:52:00.000+02:00,385.88,23.57,39.27,0.0,70.09,0,0,0.0,0.0
2024-10-13T23:53:00.000+02:00,385.56,23.57,39.26,0.0,70.09,0,0,0.0,0.0
2024-10-13T23:54:00.000+02:00,385.24,23.57,39.24,0.0,70.09,0,0,0.0,0.0
2024-10-13T23:55:00.000+02:00,384.92,23.56,39.23,0.0,70.09,0,0,0.0,0.0
2024-10-13T23:56:00.000+02:00,384.6,23.56,39.22,0.0,70.09,0,0,0.0,0.0
2024-10-13T23:57:00.000+02:00,384.28,23.56,39.21,0.0,70.09,0,0,0.0,0.0
2024-10-13T23:58:00.000+02:00,383.97,23.56,39.19,0.0,70.09,0,0,0.0,0.0
2024-10-13T23:59:00.000+02:00,383.65,23.55,39.18,0.0,70.09,0,0,0.0,0.0
2024-10-14T00:00:00.000+02:00,383.34,23.55,39.17,0.0,70.09,0,0,0.0,0.0
2024-10-14T00:01:00.000+02:00,383.03,23.55,39.16,0.0,70.09,0,0,0.0,0.0
2024-10-14T00:02:00.000+02:00,382.72,23.55,39.14,0.0,70.09,0,0,0.0,0.0
2024-10-14T00:03:00.000+02:00,382.42,23.54,39.13,0.0,70.09,0,0,0.0,0.0
2024-10-14T00:04:00.000+02:00,382.11,23.54,39.12,0.0,70.09,0,0,0.0,0.0
2024-10-14T00:05:00.000+02:00,381.81,23.54,39.11,0.0,70.09,0,0,0.0,0.0
2024-10-14T00:06:00.000+02:00,381.51,23.53,39.09,0.0,70.09,0,0,0.0,0.0
2024-10-14T00:07:00.000+02:00,381.21,23.53,39.08,0.0,70.09,0,0,0.0,0.0
2024-10-14T00:08:00.000+02:00,380.91,23.53,39.07,0.0,70.09,0,0,0.0,0.0
2024-10-14T00:09:00.000+02:00,380.61,23.53,39.06,0.0,70.09,0,0,0.0,0.0
2024-10-14T00:10:00.000+02:00,380.32,23.52,39.05,0.0,70.09,0,0,0.0,0.0
2024-10-14T00:11:00.000+02:00,380.02,23.52,39.03,0.0,70.09,0,0,0.0,0.0
2024-10-14T00:12:00.000+02:00,379.73,23.52,39.02,0.0,70.09,0,0,0.0,0.0
2024-10-14T00:13:00.000+02:00,379.44,23.51,39.01,0.0,70.09,0,0,0.0,0.0
2024-10-14T00:14:00.000+02:00,379.15,23.51,39.0,0.0,70.09,0,0,0.0,0.0
2024-10-14T00:15:00.000+02:00,378.87,23.51,38.98,0.0,70.09,0,0,0.0,0.0
2024-10-14T00:16:00.000+02:00,378.58,23.51,38.97,0.0,70.09,0,0,0.0,0.0
2024-10-14T00:17:00.000+02:00,378.3,23.5,38.96,0.0,70.09,0,0,0.0,0.0
2024-10-14T00:18:00.000+02:00,378.02,23.5,38.95,0.0,70.09,0,0,0.0,0.0
2024-10-14T00:19:00.000+02:00,377.74,23.5,38.93,0.0,70.09,0,0,0.0,0.0
2024-10-14T00:20:00.000+02:00,377.46,23.5,38.92,0.0,70.09,0,0,0.0,0.0
2024-10-14T00:21:00.000+02:00,377.18,23.49,38.91,0.0,70.09,0,0,0.0,0.0
2024-10-14T00:22:00.000+02:00,376.9,23.49,38.9,0.0,70.09,0,0,0.0,0.0
2024-10-14T00:23:00.000+02:00,376.63,23.49,38.88,0.0,70.09,0,0,0.0,0.0
2024-10-14T00:24:00.000+02:00,376.36,23.49,38.87,0.0,70.09,0,0,0.0,0.0
2024-10-14T00:25:00.000+02:00,376.08,23.48,38.86,0.0,70.09,0,0,0.0,0.0
2024-10-14T00:26:00.000+02:00,375.81,23.48,38.85,0.0,70.09,0,0,0.0,0.0
2024-10-14T00:27:00.000+02:00,375.55,23.48,38.83,0.0,70.09,0,0,0.0,0.0
2024-10-14T00:28:00.000+02:00,375.28,23.47,38.82,0.0,70.09,0,0,0.0,0.0
2024-10-14T00:29:00.000+02:00,375.01,23.47,38.81,0.0,70.09,0,0,0.0,0.0
2024-10-14T00:30:00.000+02:00,374.75,23.47,38.8,0.0,70.09,0,0,0.0,0.0
2024-10-14T00:31:00.000+02:00,374.49,23.47,38.78,0.0,70.09,0,0,0.0,0.0
2024-10-14T00:32:00.000+02:00,374.22,23.46,38.77,0.0,70.09,0,0,0.0,0.0
2024-10-14T00:33:00.000+02:00,373.96,23.46,38.76,0.0,70.09,0,0,0.0,0.0
2024-10-14T00:34:00.000+02:00,373.71,23.46,38.75,0.0,70.09,0,0,0.0,0.0
2024-10-14T00:35:00.000+02:00,373.45,23.46,38.73,0.0,70.09,0,0,0.0,0.0
2024-10-14T00:36:00.000+02:00,373.19,23.45,38.72,0.0,70.09,0,0,0.0,0.0
2024-10-14T00:37:00.000+02:00,372.94,23.45,38.71,0.0,70.09,0,0,0.0,0.0
2024-10-14T00:38:00.000+02:00,372.69,23.45,38.7,0.0,70.09,0,0,0.0,0.0
2024-10-14T00:39:00.000+02:00,372.44,23.45,38.69,0.0,70.09,0,0,0.0,0.0
2024-10-14T00:40:00.000+02:00,372.19,23.44,38.67,0.0,70.09,0,0,0.0,0.0
2024-10-14T00:41:00.000+02:00,371.94,23.44,38.66,0.0,70.09,0,0,0.0,0.0
2024-10-14T00:42:00.000+02:00,371.69,23.44,38.65,0.0,70.09,0,0,0.0,0.0
2024-10-14T00:43:00.000+02:00,371.44,23.43,38.64,0.0,70.09,0,0,0.0,0.0
2024-10-14T00:44:00.000+02:00,371.2,23.43,38.62,0.0,70.09,0,0,0.0,0.0
2024-10-14T00:45:00.000+02:00,370.96,23.43,38.61,0.0,70.09,0,0,0.0,0.0
2024-10-14T00:46:00.000+02:00,370.71,23.43,38.6,0.0,70.09,0,0,0.0,0.0
2024-10-14T00:47:00.000+02:00,370.47,23.42,38.59,0.0,70.09,0,0,0.0,0.0
2024-10-14T00:48:00.000+02:00,370.23,23.42,38.58,0.0,70.09,0,0,0.0,0.0
2024-10-14T00:49:00.000+02:00,370.0,23.42,38.56,0.0,70.09,0,0,0.0,0.0
2024-10-14T00:50:00.000+02:00,369.76,23.42,38.55,0.0,70.09,0,0,0.0,0.0
2024-10-14T00:51:00.000+02:00,369.52,23.41,38.54,0.0,70.09,0,0,0.0,0.0
2024-10-14T00:52:00.000+02:00,369.29,23.41,38.53,0.0,70.09,0,0,0.0,0.0
2024-10-14T00:53:00.000+02:00,369.06,23.41,38.51,0.0,70.09,0,0,0.0,0.0
2024-10-14T00:54:00.000+02:00,368.83,23.41,38.5,0.0,70.09,0,0,0.0,0.0
2024-10-14T00:55:00.000+02:00,368.6,23.4,38.49,0.0,70.09,0,0,0.0,0.0
2024-10-14T00:56:00.000+02:00,368.37,23.4,38.48,0.0,70.09,0,0,0.0,0.0
2024-10-14T00:57:00.000+02:00,368.14,23.4,38.47,0.0,70.09,0,0,0.0,0.0
2024-10-14T00:58:00.000+02:00,367.91,23.39,38.45,0.0,70.09,0,0,0.0,0.0
2024-10-14T00:59:00.000+02:00,367.69,23.39,38.44,0.0,70.09,0,0,0.0,0.0
2024-10-14T01:00:00.000+02:00,367.46,23.39,38.43,0.0,70.09,0,0,0.0,0.0
2024-10-14T01:01:00.000+02:00,367.24,23.39,38.42,0.0,70.09,0,0,0.0,0.0
2024-10-14T01:02:00.000+02:00,367.02,23.38,38.41,0.0,70.09,0,0,0.0,0.0
2024-10-14T01:03:00.000+02:00,366.8,23.38,38.39,0.0,70.09,0,0,0.0,0.0
2024-10-14T01:04:00.000+02:00,366.58,23.38,38.38,0.0,70.09,0,0,0.0,0.0
2024-10-14T01:05:00.000+02:00,366.36,23.38,38.37,0.0,70.09,0,0,0.0,0.0
2024-10-14T01:06:00.000+02:00,366.15,23.37,38.36,0.0,70.09,0,0,0.0,0.0
2024-10-14T01:07:00.000+02:00,365.93,23.37,38.35,0.0,70.09,0,0,0.0,0.0
2024-10-14T01:08:00.000+02:00,365.72,23.37,38.33,0.0,70.09,0,0,0.0,0.0
2024-10-14T01:09:00.000+02:00,365.5,23.36,38.32,0.0,70.09,0,0,0.0,0.0
2024-10-14T01:10:00.000+02:00,365.29,23.36,38.31,0.0,70.09,0,0,0.0,0.0
2024-10-14T01:11:00.000+02:00,365.08,23.36,38.3,0.0,70.09,0,0,0.0,0.0
2024-10-14T01:12:00.000+02:00,364.87,23.36,38.29,0.0,70.09,0,0,0.0,0.0
2024-10-14T01:13:00.000+02:00,364.66,23.35,38.28,0.0,70.09,0,0,0.0,0.0
2024-10-14T01:14:00.000+02:00,364.46,23.35,38.26,0.0,70.09,0,0,0.0,0.0
2024-10-14T01:15:00.000+02:00,364.25,23.35,38.25,0.0,70.09,0,0,0.0,0.0
2024-10-14T01:16:00.000+02:00,364.04,23.34,38.24,0.0,70.09,0,0,0.0,0.0
2024-10-14T01:17:00.000+02:00,363.84,23.34,38.23,0.0,70.09,0,0,0.0,0.0
2024-10-14T01:18:00.000+02:00,363.64,23.34,38.22,0.0,70.09,0,0,0.0,0.0
2024-10-14T01:19:00.000+02:00,363.44,23.34,38.21,0.0,70.09,0,0,0.0,0.0
2024-10-14T01:20:00.000+02:00,363.24,23.33,38.19,0.0,70.09,0,0,0.0,0.0
2024-10-14T01:21:00.000+02:00,363.04,23.33,38.18,0.0,70.09,0,0,0.0,0.0
2024-10-14T01:22:00.000+02:00,362.84,23.33,38.17,0.0,70.09,0,0,0.0,0.0
2024-10-14T01:23:00.000+02:00,362.64,23.32,38.16,0.0,70.09,0,0,0.0,0.0
2024-10-14T01:24:00.000+02:00,362.44,23.32,38.15,0.0,70.09,0,0,0.0,0.0
2024-10-14T01:25:00.000+02:00,362.25,23.32,38.13,0.0,70.09,0,0,0.0,0.0
2024-10-14T01:26:00.000+02:00,362.05,23.32,38.12,0.0,70.09,0,0,0.0,0.0
2024-10-14T01:27:00.000+02:00,361.86,23.31,38.11,0.0,70.09,0,0,0.0,0.0
2024-10-14T01:28:00.000+02:00,361.67,23.31,38.1,0.0,70.09,0,0,0.0,0.0
2024-10-14T01:29:00.000+02:00,361.48,23.31,38.09,0.0,70.09,0,0,0.0,0.0
2024-10-14T01:30:00.000+02:00,361.29,23.3,38.08,0.0,70.09,0,0,0.0,0.0
2024-10-14T01:31:00.000+02:00,361.1,23.3,38.06,0.0,70.09,0,0,0.0,0.0
2024-10-14T01:32:00.000+02:00,360.91,23.3,38.05,0.0,70.09,0,0,0.0,0.0
2024-10-14T01:33:00.000+02:00,360.73,23.3,38.04,0.0,70.09,0,0,0.0,0.0
2024-10-14T01:34:00.000+02:00,360.54,23.29,38.03,0.0,70.09,0,0,0.0,0.0
2024-10-14T01:35:00.000+02:00,360.35,23.29,38.02,0.0,70.09,0,0,0.0,0.0
2024-10-14T01:36:00.000+02:00,360.17,23.29,38.01,0.0,70.09,0,0,0.0,0.0
2024-10-14T01:37:00.000+02:00,359.99,23.28,37.99,0.0,70.09,0,0,0.0,0.0
2024-10-14T01:38:00.000+02:00,359.81,23.28,37.98,0.0,70.09,0,0,0.0,0.0
2024-10-14T01:39:00.000+02:00,359.63,23.28,37.97,0.0,70.09,0,0,0.0,0.0
2024-10-14T01:40:00.000+02:00,359.45,23.27,37.96,0.0,70.09,0,0,0.0,0.0
2024-10-14T01:41:00.000+02:00,359.27,23.27,37.95,0.0,70.09,0,0,0.0,0.0
2024-10-14T01:42:00.000+02:00,359.09,23.27,37.93,0.0,70.09,0,0,0.0,0.0
2024-10-14T01:43:00.000+02:00,358.91,23.27,37.92,0.0,70.09,0,0,0.0,0.0
2024-10-14T01:44:00.000+02:00,358.74,23.26,37.91,0.0,70.09,0,0,0.0,0.0
2024-10-14T01:45:00.000+02:00,358.56,23.26,37.9,0.0,70.09,0,0,0.0,0.0
2024-10-14T01:46:00.000+02:00,358.39,23.26,37.89,0.0,70.09,0,0,0.0,0.0
2024-10-14T01:47:00.000+02:00,358.22,23.25,37.88,0.0,70.09,0,0,0.0,0.0
2024-10-14T01:48:00.000+02:00,358.04,23.25,37.86,0.0,70.09,0,0,0.0,0.0
2024-10-14T01:49:00.000+02:00,357.87,23.25,37.85,0.0,70.09,0,0,0.0,0.0
2024-10-14T01:50:00.000+02:00,357.7,23.24,37.84,0.0,70.09,0,0,0.0,0.0
2024-10-14T01:51:00.000+02:00,357.53,23.24,37.83,0.0,70.09,0,0,0.0,0.0
2024-10-14T01:52:00.000+02:00,357.37,23.24,37.82,0.0,70.09,0,0,0.0,0.0
2024-10-14T01:53:00.000+02:00,357.2,23.24,37.81,0.0,70.09,0,0,0.0,0.0
2024-10-14T01:54:00.000+02:00,357.03,23.23,37.79,0.0,70.09,0,0,0.0,0.0
2024-10-14T01:55:00.000+02:00,356.87,23.23,37.78,0.0,70.09,0,0,0.0,0.0
2024-10-14T01:56:00.000+02:00,356.7,23.23,37.77,0.0,70.09,0,0,0.0,0.0
2024-10-14T01:57:00.000+02:00,356.54,23.22,37.76,0.0,70.09,0,0,0.0,0.0
2024-10-14T01:58:00.000+02:00,356.38,23.22,37.75,0.0,70.09,0,0,0.0,0.0
2024-10-14T01:59:00.000+02:00,356.21,23.22,37.73,0.0,70.09,0,0,0.0,0.0
2024-10-14T02:00:00.000+02:00,356.05,23.21,37.72,0.0,70.09,0,0,0.0,0.0
2024-10-14T02:01:00.000+02:00,355.89,23.21,37.71,0.0,70.09,0,0,0.0,0.0
2024-10-14T02:02:00.000+02:00,355.73,23.21,37.7,0.0,70.09,0,0,0.0,0.0
2024-10-14T02:03:00.000+02:00,355.58,23.21,37.69,0.0,70.09,0,0,0.0,0.0
2024-10-14T02:04:00.000+02:00,355.42,23.2,37.68,0.0,70.09,0,0,0.0,0.0
2024-10-14T02:05:00.000+02:00,355.26,23.2,37.66,0.0,70.09,0,0,0.0,0.0
2024-10-14T02:06:00.000+02:00,355.11,23.2,37.65,0.0,70.09,0,0,0.0,0.0
2024-10-14T02:07:00.000+02:00,354.95,23.19,37.64,0.0,70.09,0,0,0.0,0.0
2024-10-14T02:08:00.000+02:00,354.8,23.19,37.63,0.0,70.09,0,0,0.0,0.0
2024-10-14T02:09:00.000+02:00,354.64,23.19,37.62,0.0,70.09,0,0,0.0,0.0
2024-10-14T02:10:00.000+02:00,354.49,23.19,37.61,0.0,70.09,0,0,0.0,0.0
2024-10-14T02:11:00.000+02:00,354.34,23.18,37.6,0.0,70.09,0,0,0.0,0.0
2024-10-14T02:12:00.000+02:00,354.19,23.18,37.59,0.0,70.09,0,0,0.0,0.0
2024-10-14T02:13:00.000+02:00,354.04,23.18,37.58,0.0,70.09,0,0,0.0,0.0
2024-10-14T02:14:00.000+02:00,353.89,23.18,37.57,0.0,70.09,0,0,0.0,0.0
2024-10-14T02:15:00.000+02:00,353.74,23.17,37.56,0.0,70.09,0,0,0.0,0.0
2024-10-14T02:16:00.000+02:00,353.59,23.17,37.55,0.0,70.09,0,0,0.0,0.0
2024-10-14T02:17:00.000+02:00,353.45,23.17,37.54,0.0,70.09,0,0,0.0,0.0
2024-10-14T02:18:00.000+02:00,353.3,23.17,37.53,0.0,70.09,0,0,0.0,0.0
2024-10-14T02:19:00.000+02:00,353.16,23.16,37.52,0.0,70.09,0,0,0.0,0.0
2024-10-14T02:20:00.000+02:00,353.01,23.16,37.51,0.0,70.09,0,0,0.0,0.0
2024-10-14T02:21:00.000+02:00,352.87,23.16,37.5,0.0,70.09,0,0,0.0,0.0
2024-10-14T02:22:00.000+02:00,352.73,23.16,37.49,0.0,70.09,0,0,0.0,0.0
2024-10-14T02:23:00.000+02:00,352.59,23.15,37.48,0.0,70.09,0,0,0.0,0.0
2024-10-14T02:24:00.000+02:00,352.44,23.15,37.47,0.0,70.09,0,0,0.0,0.0
2024-10-14T02:25:00.000+02:00,352.3,23.15,37.46,0.0,70.09,0,0,0.0,0.0
2024-10-14T02:26:00.000+02:00,352.16,23.15,37.45,0.0,70.09,0,0,0.0,0.0
2024-10-14T02:27:00.000+02:00,352.03,23.14,37.44,0.0,70.09,0,0,0.0,0.0
2024-10-14T02:28:00.000+02:00,351.89,23.14,37.44,0.0,70.09,0,0,0.0,0.0
2024-10-14T02:29:00.000+02:00,351.75,23.14,37.43,0.0,70.09,0,0,0.0,0.0
2024-10-14T02:30:00.000+02:00,351.61,23.14,37.42,0.0,70.09,0,0,0.0,0.0
2024-10-14T02:31:00.000+02:00,351.48,23.13,37.41,0.0,70.09,0,0,0.0,0.0
2024-10-14T02:32:00.000+02:00,351.34,23.13,37.4,0.0,70.09,0,0,0.0,0.0
2024-10-14T02:33:00.000+02:00,351.21,23.13,37.4,0.0,70.09,0,0,0.0,0.0
2024-10-14T02:34:00.000+02:00,351.08,23.13,37.39,0.0,70.09,0,0,0.0,0.0
2024-10-14T02:35:00.000+02:00,350.94,23.12,37.38,0.0,70.09,0,0,0.0,0.0
2024-10-14T02:36:00.000+02:00,350.81,23.12,37.38,0.0,70.09,0,0,0.0,0.0
2024-10-14T02:37:00.000+02:00,350.68,23.12,37.37,0.0,70.09,0,0,0.0,0.0
2024-10-14T02:38:00.000+02:00,350.55,23.12,37.36,0.0,70.09,0,0,0.0,0.0
2024-10-14T02:39:00.000+02:00,350.42,23.11,37.35,0.0,70.09,0,0,0.0,0.0
2024-10-14T02:40:00.000+02:00,350.29,23.11,37.35,0.0,70.09,0,0,0.0,0.0
2024-10-14T02:41:00.000+02:00,350.16,23.11,37.34,0.0,70.09,0,0,0.0,0.0
2024-10-14T02:42:00.000+02:00,350.04,23.11,37.34,0.0,70.09,0,0,0.0,0.0
2024-10-14T02:43:00.000+02:00,349.91,23.1,37.33,0.0,70.09,0,0,0.0,0.0
2024-10-14T02:44:00.000+02:00,349.78,23.1,37.32,0.0,70.09,0,0,0.0,0.0
2024-10-14T02:45:00.000+02:00,349.66,23.1,37.32,0.0,70.09,0,0,0.0,0.0
2024-10-14T02:46:00.000+02:00,349.53,23.1,37.31,0.0,70.09,0,0,0.0,0.0
2024-10-14T02:47:00.000+02:00,349.41,23.09,37.31,0.0,70.09,0,0,0.0,0.0
2024-10-14T02:48:00.000+02:00,349.28,23.09,37.3,0.0,70.09,0,0,0.0,0.0
2024-10-14T02:49:00.000+02:00,349.16,23.09,37.29,0.0,70.09,0,0,0.0,0.0
2024-10-14T02:50:00.000+02:00,349.04,23.09,37.29,0.0,70.09,0,0,0.0,0.0
2024-10-14T02:51:00.000+02:00,348.92,23.08,37.28,0.0,70.09,0,0,0.0,0.0
2024-10-14T02:52:00.000+02:00,348.8,23.08,37.28,0.0,70.09,0,0,0.0,0.0
2024-10-14T02:53:00.000+02:00,348.68,23.08,37.27,0.0,70.09,0,0,0.0,0.0
2024-10-14T02:54:00.000+02:00,348.56,23.08,37.27,0.0,70.09,0,0,0.0,0.0
2024-10-14T02:55:00.000+02:00,348.44,23.07,37.27,0.0,70.09,0,0,0.0,0.0
2024-10-14T02:56:00.000+02:00,348.32,23.07,37.26,0.0,70.09,0,0,0.0,0.0
2024-10-14T02:57:00.000+02:00,348.2,23.07,37.26,0.0,70.09,0,0,0.0,0.0
2024-10-14T02:58:00.000+02:00,348.09,23.07,37.25,0.0,70.09,0,0,0.0,0.0
2024-10-14T02:59:00.000+02:00,347.97,23.06,37.25,0.0,70.09,0,0,0.0,0.0
2024-10-14T03:00:00.000+02:00,347.85,23.06,37.24,0.0,70.09,0,0,0.0,0.0
2024-10-14T03:01:00.000+02:00,347.74,23.06,37.24,0.0,70.09,0,0,0.0,0.0
2024-10-14T03:02:00.000+02:00,347.62,23.06,37.24,0.0,70.09,0,0,0.0,0.0
2024-10-14T03:03:00.000+02:00,347.51,23.05,37.23,0.0,70.09,0,0,0.0,0.0
2024-10-14T03:04:00.000+02:00,347.4,23.05,37.23,0.0,70.09,0,0,0.0,0.0
2024-10-14T03:05:00.000+02:00,347.29,23.05,37.23,0.0,70.09,0,0,0.0,0.0
2024-10-14T03:06:00.000+02:00,347.17,23.05,37.22,0.0,70.09,0,0,0.0,0.0
2024-10-14T03:07:00.000+02:00,347.06,23.05,37.22,0.0,70.09,0,0,0.0,0.0
2024-10-14T03:08:00.000+02:00,346.95,23.04,37.22,0.0,70.09,0,0,0.0,0.0
2024-10-14T03:09:00.000+02:00,346.84,23.04,37.21,0.0,70.09,0,0,0.0,0.0
2024-10-14T03:10:00.000+02:00,346.73,23.04,37.21,0.0,70.09,0,0,0.0,0.0
2024-10-14T03:11:00.000+02:00,346.62,23.04,37.21,0.0,70.09,0,0,0.0,0.0
2024-10-14T03:12:00.000+02:00,346.52,23.03,37.21,0.0,70.09,0,0,0.0,0.0
2024-10-14T03:13:00.000+02:00,346.41,23.03,37.21,0.0,70.09,0,0,0.0,0.0
2024-10-14T03:14:00.000+02:00,346.3,23.03,37.2,0.0,70.09,0,0,0.0,0.0
2024-10-14T03:15:00.000+02:00,346.19,23.03,37.2,0.0,70.09,0,0,0.0,0.0
2024-10-14T03:16:00.000+02:00,346.09,23.02,37.2,0.0,70.09,0,0,0.0,0.0
2024-10-14T03:17:00.000+02:00,345.98,23.02,37.2,0.0,70.09,0,0,0.0,0.0
2024-10-14T03:18:00.000+02:00,345.88,23.02,37.2,0.0,70.09,0,0,0.0,0.0
2024-10-14T03:19:00.000+02:00,345.78,23.02,37.2,0.0,70.09,0,0,0.0,0.0
2024-10-14T03:20:00.000+02:00,345.67,23.01,37.19,0.0,70.09,0,0,0.0,0.0
2024-10-14T03:21:00.000+02:00,345.57,23.01,37.19,0.0,70.09,0,0,0.0,0.0
2024-10-14T03:22:00.000+02:00,345.47,23.01,37.19,0.0,70.09,0,0,0.0,0.0
2024-10-14T03:23:00.000+02:00,345.36,23.01,37.19,0.0,70.09,0,0,0.0,0.0
2024-10-14T03:24:00.000+02:00,345.26,23.0,37.19,0.0,70.09,0,0,0.0,0.0
2024-10-14T03:25:00.000+02:00,345.16,23.0,37.19,0.0,70.09,0,0,0.0,0.0
2024-10-14T03:26:00.000+02:00,345.06,23.0,37.19,0.0,70.09,0,0,0.0,0.0
2024-10-14T03:27:00.000+02:00,344.96,23.0,37.19,0.0,70.09,0,0,0.0,0.0
2024-10-14T03:28:00.000+02:00,344.86,23.0,37.19,0.0,70.09,0,0,0.0,0.0
2024-10-14T03:29:00.000+02:00,344.77,22.99,37.19,0.0,70.09,0,0,0.0,0.0
2024-10-14T03:30:00.000+02:00,344.67,22.99,37.19,0.0,70.09,0,0,0.0,0.0
2024-10-14T03:31:00.000+02:00,344.57,22.99,37.19,0.0,70.09,0,0,0.0,0.0
2024-10-14T03:32:00.000+02:00,344.47,22.99,37.19,0.0,70.09,0,0,0.0,0.0
2024-10-14T03:33:00.000+02:00,344.38,22.98,37.19,0.0,70.09,0,0,0.0,0.0
2024-10-14T03:34:00.000+02:00,344.28,22.98,37.19,0.0,70.09,0,0,0.0,0.0
2024-10-14T03:35:00.000+02:00,344.19,22.98,37.19,0.0,70.09,0,0,0.0,0.0
2024-10-14T03:36:00.000+02:00,344.09,22.98,37.19,0.0,70.09,0,0,0.0,0.0
2024-10-14T03:37:00.000+02:00,344.0,22.97,37.2,0.0,70.09,0,0,0.0,0.0
2024-10-14T03:38:00.000+02:00,343.9,22.97,37.2,0.0,70.09,0,0,0.0,0.0
2024-10-14T03:39:00.000+02:00,343.81,22.97,37.2,0.0,70.09,0,0,0.0,0.0
2024-10-14T03:40:00.000+02:00,343.72,22.97,37.2,0.0,70.09,0,0,0.0,0.0
2024-10-14T03:41:00.000+02:00,343.63,22.96,37.2,0.0,70.09,0,0,0.0,0.0
2024-10-14T03:42:00.000+02:00,343.53,22.96,37.2,0.0,70.09,0,0,0.0,0.0
2024-10-14T03:43:00.000+02:00,343.44,22.96,37.2,0.0,70.09,0,0,0.0,0.0
2024-10-14T03:44:00.000+02:00,343.35,22.96,37.21,0.0,70.09,0,0,0.0,0.0
2024-10-14T03:45:00.000+02:00,343.26,22.95,37.21,0.0,70.09,0,0,0.0,0.0
2024-10-14T03:46:00.000+02:00,343.17,22.95,37.21,0.0,70.09,0,0,0.0,0.0
2024-10-14T03:47:00.000+02:00,343.08,22.95,37.21,0.0,70.09,0,0,0.0,0.0
2024-10-14T03:48:00.000+02:00,342.99,22.95,37.21,0.0,70.09,0,0,0.0,0.0
2024-10-14T03:49:00.000+02:00,342.91,22.95,37.22,0.0,70.09,0,0,0.0,0.0
2024-10-14T03:50:00.000+02:00,342.82,22.94,37.22,0.0,70.09,0,0,0.0,0.0
2024-10-14T03:51:00.000+02:00,342.73,22.94,37.22,0.0,70.09,0,0,0.0,0.0
2024-10-14T03:52:00.000+02:00,342.64,22.94,37.22,0.0,70.09,0,0,0.0,0.0
2024-10-14T03:53:00.000+02:00,342.56,22.94,37.23,0.0,70.09,0,0,0.0,0.0
2024-10-14T03:54:00.000+02:00,342.47,22.93,37.23,0.0,70.09,0,0,0.0,0.0
2024-10-14T03:55:00.000+02:00,342.39,22.93,37.23,0.0,70.09,0,0,0.0,0.0
2024-10-14T03:56:00.000+02:00,342.3,22.93,37.24,0.0,70.09,0,0,0.0,0.0
2024-10-14T03:57:00.000+02:00,342.22,22.93,37.24,0.0,70.09,0,0,0.0,0.0
2024-10-14T03:58:00.000+02:00,342.13,22.92,37.24,0.0,70.09,0,0,0.0,0.0
2024-10-14T03:59:00.000+02:00,342.05,22.92,37.25,0.0,70.09,0,0,0.0,0.0
2024-10-14T04:00:00.000+02:00,341.97,22.92,37.25,0.0,70.09,0,0,0.0,0.0
2024-10-14T04:01:00.000+02:00,341.89,22.92,37.25,0.0,70.09,0,0,0.0,0.0
2024-10-14T04:02:00.000+02:00,341.8,22.92,37.26,0.0,70.09,0,0,0.0,0.0
2024-10-14T04:03:00.000+02:00,341.72,22.91,37.26,0.0,70.09,0,0,0.0,0.0
2024-10-14T04:04:00.000+02:00,341.64,22.91,37.27,0.0,70.09,0,0,0.0,0.0
2024-10-14T04:05:00.000+02:00,341.56,22.91,37.27,0.0,70.09,0,0,0.0,0.0
2024-10-14T04:06:00.000+02:00,341.48,22.91,37.28,0.0,70.09,0,0,0.0,0.0
2024-10-14T04:07:00.000+02:00,341.4,22.9,37.28,0.0,70.09,0,0,0.0,0.0
2024-10-14T04:08:00.000+02:00,341.32,22.9,37.29,0.0,70.09,0,0,0.0,0.0
2024-10-14T04:09:00.000+02:00,341.24,22.9,37.29,0.0,70.09,0,0,0.0,0.0
2024-10-14T04:10:00.000+02:00,341.16,22.89,37.3,0.0,70.09,0,0,0.0,0.0
2024-10-14T04:11:00.000+02:00,341.08,22.89,37.3,0.0,70.09,0,0,0.0,0.0
2024-10-14T04:12:00.000+02:00,341.01,22.89,37.31,0.0,70.09,0,0,0.0,0.0
2024-10-14T04:13:00.000+02:00,340.93,22.89,37.31,0.0,70.09,0,0,0.0,0.0
2024-10-14T04:14:00.000+02:00,340.85,22.88,37.32,0.0,70.09,0,0,0.0,0.0
2024-10-14T04:15:00.000+02:00,340.78,22.88,37.32,0.0,70.09,0,0,0.0,0.0
2024-10-14T04:16:00.000+02:00,340.7,22.88,37.33,0.0,70.09,0,0,0.0,0.0
2024-10-14T04:17:00.000+02:00,340.63,22.88,37.33,0.0,70.09,0,0,0.0,0.0
2024-10-14T04:18:00.000+02:00,340.55,22.87,37.34,0.0,70.09,0,0,0.0,0.0
2024-10-14T04:19:00.000+02:00,340.48,22.87,37.35,0.0,70.09,0,0,0.0,0.0
2024-10-14T04:20:00.000+02:00,340.4,22.87,37.35,0.0,70.09,0,0,0.0,0.0
2024-10-14T04:21:00.000+02:00,340.33,22.86,37.36,0.0,70.09,0,0,0.0,0.0
2024-10-14T04:22:00.000+02:00,340.25,22.86,37.37,0.0,70.09,0,0,0.0,0.0
2024-10-14T04:23:00.000+02:00,340.18,22.86,37.37,0.0,70.09,0,0,0.0,0.0
2024-10-14T04:24:00.000+02:00,340.11,22.86,37.38,0.0,70.09,0,0,0.0,0.0
2024-10-14T04:25:00.000+02:00,340.04,22.85,37.38,0.0,70.09,0,0,0.0,0.0
2024-10-14T04:26:00.000+02:00,339.96,22.85,37.39,0.0,70.09,0,0,0.0,0.0
2024-10-14T04:27:00.000+02:00,339.89,22.85,37.4,0.0,70.09,0,0,0.0,0.0
2024-10-14T04:28:00.000+02:00,339.82,22.85,37.41,0.0,70.09,0,0,0.0,0.0
2024-10-14T04:29:00.000+02:00,339.75,22.84,37.41,0.0,70.09,0,0,0.0,0.0
2024-10-14T04:30:00.000+02:00,339.68,22.84,37.42,0.0,70.09,0,0,0.0,0.0
2024-10-14T04:31:00.000+02:00,339.61,22.84,37.43,0.0,70.09,0,0,0.0,0.0
2024-10-14T04:32:00.000+02:00,339.54,22.83,37.43,0.0,70.09,0,0,0.0,0.0
2024-10-14T04:33:00.000+02:00,339.47,22.83,37.44,0.0,70.09,0,0,0.0,0.0
2024-10-14T04:34:00.000+02:00,339.4,22.83,37.45,0.0,70.09,0,0,0.0,0.0
2024-10-14T04:35:00.000+02:00,339.33,22.83,37.46,0.0,70.09,0,0,0.0,0.0
2024-10-14T04:36:00.000+02:00,339.27,22.82,37.46,0.0,70.09,0,0,0.0,0.0
2024-10-14T04:37:00.000+02:00,339.2,22.82,37.47,0.0,70.09,0,0,0.0,0.0
2024-10-14T04:38:00.000+02:00,339.13,22.82,37.48,0.0,70.09,0,0,0.0,0.0
2024-10-14T04:39:00.000+02:00,339.06,22.81,37.49,0.0,70.09,0,0,0.0,0.0
2024-10-14T04:40:00.000+02:00,339.0,22.81,37.49,0.0,70.09,0,0,0.0,0.0
2024-10-14T04:41:00.000+02:00,338.93,22.81,37.5,0.0,70.09,0,0,0.0,0.0
2024-10-14T04:42:00.000+02:00,338.87,22.8,37.51,0.0,70.09,0,0,0.0,0.0
2024-10-14T04:43:00.000+02:00,338.8,22.8,37.52,0.0,70.09,0,0,0.0,0.0
2024-10-14T04:44:00.000+02:00,338.74,22.8,37.53,0.0,70.09,0,0,0.0,0.0
2024-10-14T04:45:00.000+02:00,338.67,22.8,37.54,0.0,70.09,0,0,0.0,0.0
2024-10-14T04:46:00.000+02:00,338.61,22.79,37.54,0.0,70.09,0,0,0.0,0.0
2024-10-14T04:47:00.000+02:00,338.54,22.79,37.55,0.0,70.09,0,0,0.0,0.0
2024-10-14T04:48:00.000+02:00,338.48,22.79,37.56,0.0,70.09,0,0,0.0,0.0
2024-10-14T04:49:00.000+02:00,338.42,22.78,37.57,0.0,70.09,0,0,0.0,0.0
2024-10-14T04:50:00.000+02:00,338.35,22.78,37.58,0.0,70.09,0,0,0.0,0.0
2024-10-14T04:51:00.000+02:00,338.29,22.78,37.59,0.0,70.09,0,0,0.0,0.0
2024-10-14T04:52:00.000+02:00,338.23,22.78,37.6,0.0,70.09,0,0,0.0,0.0
2024-10-14T04:53:00.000+02:00,338.17,22.77,37.6,0.0,70.09,0,0,0.0,0.0
2024-10-14T04:54:00.000+02:00,338.1,22.77,37.61,0.0,70.09,0,0,0.0,0.0
2024-10-14T04:55:00.000+02:00,338.04,22.77,37.62,0.0,70.09,0,0,0.0,0.0
2024-10-14T04:56:00.000+02:00,337.98,22.76,37.63,0.0,70.09,0,0,0.0,0.0
2024-10-14T04:57:00.000+02:00,337.92,22.76,37.64,0.0,70.09,0,0,0.0,0.0
2024-10-14T04:58:00.000+02:00,337.86,22.76,37.65,0.0,70.09,0,0,0.0,0.0
2024-10-14T04:59:00.000+02:00,337.8,22.76,37.66,0.0,70.09,0,0,0.0,0.0
2024-10-14T05:00:00.000+02:00,337.74,22.75,37.67,0.0,70.09,0,0,0.0,0.0
2024-10-14T05:01:00.000+02:00,337.68,22.75,37.68,0.0,70.09,0,0,0.0,0.0
2024-10-14T05:02:00.000+02:00,337.62,22.75,37.69,0.0,70.09,0,0,0.0,0.0
2024-10-14T05:03:00.000+02:00,337.56,22.74,37.69,0.0,70.09,0,0,0.0,0.0
2024-10-14T05:04:00.000+02:00,337.51,22.74,37.7,0.0,70.09,0,0,0.0,0.0
2024-10-14T05:05:00.000+02:00,337.45,22.74,37.71,0.0,70.09,0,0,0.0,0.0
2024-10-14T05:06:00.000+02:00,337.39,22.74,37.72,0.0,70.09,0,0,0.0,0.0
2024-10-14T05:07:00.000+02:00,337.33,22.73,37.72,0.0,70.09,0,0,0.0,0.0
2024-10-14T05:08:00.000+02:00,337.28,22.73,37.73,0.0,70.09,0,0,0.0,0.0
2024-10-14T05:09:00.000+02:00,337.22,22.73,37.74,0.0,70.09,0,0,0.0,0.0
2024-10-14T05:10:00.000+02:00,337.16,22.73,37.74,0.0,70.09,0,0,0.0,0.0
2024-10-14T05:11:00.000+02:00,337.11,22.73,37.75,0.0,70.09,0,0,0.0,0.0
2024-10-14T05:12:00.000+02:00,337.05,22.72,37.76,0.0,70.09,0,0,0.0,0.0
2024-10-14T05:13:00.000+02:00,337.0,22.72,37.76,0.0,70.09,0,0,0.0,0.0
2024-10-14T05:14:00.000+02:00,336.94,22.72,37.77,0.0,70.09,0,0,0.0,0.0
2024-10-14T05:15:00.000+02:00,336.89,22.72,37.77,0.0,70.09,0,0,0.0,0.0
2024-10-14T05:16:00.000+02:00,336.83,22.72,37.78,0.0,70.09,0,0,0.0,0.0
2024-10-14T05:17:00.000+02:00,336.78,22.72,37.78,0.0,70.09,0,0,0.0,0.0
2024-10-14T05:18:00.000+02:00,336.72,22.71,37.79,0.0,70.09,0,0,0.0,0.0
2024-10-14T05:19:00.000+02:00,336.67,22.71,37.79,0.0,70.09,0,0,0.0,0.0
2024-10-14T05:20:00.000+02:00,336.62,22.71,37.8,0.0,70.09,0,0,0.0,0.0
2024-10-14T05:21:00.000+02:00,336.56,22.71,37.8,0.0,70.09,0,0,0.0,0.0
2024-10-14T05:22:00.000+02:00,336.51,22.71,37.81,0.0,70.09,0,0,0.0,0.0
2024-10-14T05:23:00.000+02:00,336.46,22.71,37.81,0.0,70.09,0,0,0.0,0.0
2024-10-14T05:24:00.000+02:00,336.41,22.71,37.81,0.0,70.09,0,0,0.0,0.0
2024-10-14T05:25:00.000+02:00,336.35,22.7,37.82,0.0,70.09,0,0,0.0,0.0
2024-10-14T05:26:00.000+02:00,336.3,22.7,37.82,0.0,70.09,0,0,0.0,0.0
2024-10-14T05:27:00.000+02:00,336.25,22.7,37.82,0.0,70.09,0,0,0.0,0.0
2024-10-14T05:28:00.000+02:00,336.2,22.7,37.83,0.0,70.09,0,0,0.0,0.0
2024-10-14T05:29:00.000+02:00,336.15,22.7,37.83,0.0,70.09,0,0,0.0,0.0
2024-10-14T05:30:00.000+02:00,336.1,22.7,37.84,0.0,70.09,0,0,0.0,0.0
2024-10-14T05:31:00.000+02:00,336.05,22.7,37.84,0.0,70.09,0,0,0.0,0.0
2024-10-14T05:32:00.000+02:00,336.0,22.7,37.84,0.0,70.09,0,0,0.0,0.0
2024-10-14T05:33:00.000+02:00,335.95,22.69,37.84,0.0,70.09,0,0,0.0,0.0
2024-10-14T05:34:00.000+02:00,335.9,22.69,37.85,0.0,70.09,0,0,0.0,0.0
2024-10-14T05:35:00.000+02:00,335.85,22.69,37.85,0.0,70.09,0,0,0.0,0.0
2024-10-14T05:36:00.000+02:00,335.8,22.69,37.85,0.0,70.09,0,0,0.0,0.0
2024-10-14T05:37:00.000+02:00,335.75,22.69,37.86,0.0,70.09,0,0,0.0,0.0
2024-10-14T05:38:00.000+02:00,335.71,22.69,37.86,0.0,70.09,0,0,0.0,0.0
2024-10-14T05:39:00.000+02:00,335.66,22.69,37.86,0.0,70.09,0,0,0.0,0.0
2024-10-14T05:40:00.000+02:00,335.61,22.69,37.86,0.0,70.09,0,0,0.0,0.0
2024-10-14T05:41:00.000+02:00,335.56,22.68,37.86,0.0,70.09,0,0,0.0,0.0
2024-10-14T05:42:00.000+02:00,335.52,22.68,37.87,0.0,70.09,0,0,0.0,0.0
2024-10-14T05:43:00.000+02:00,335.47,22.68,37.87,0.0,70.09,0,0,0.0,0.0
2024-10-14T05:44:00.000+02:00,335.42,22.68,37.87,0.0,70.09,0,0,0.0,0.0
2024-10-14T05:45:00.000+02:00,335.38,22.68,37.87,0.0,70.09,0,0,0.0,0.0
2024-10-14T05:46:00.000+02:00,335.33,22.68,37.87,0.0,70.09,0,0,0.0,0.0
2024-10-14T05:47:00.000+02:00,337.11,22.7,37.86,0.0,70.09,1,1,1.0,1.0
2024-10-14T05:48:00.000+02:00,340.04,22.73,37.84,0.0,70.09,1,1,1.0,
2024-10-14T05:49:00.000+02:00,343.36,22.76,37.82,0.0,70.09,1,1,1.0,
2024-10-14T05:50:00.000+02:00,346.71,22.79,37.8,0.0,70.09,1,1,1.0,
2024-10-14T05:51:00.000+02:00,350.0,22.82,37.79,0.0,70.09,1,1,1.0,
2024-10-14T05:52:00.000+02:00,353.23,22.84,37.79,0.0,70.09,1,1,1.0,
2024-10-14T05:53:00.000+02:00,356.43,22.86,37.79,0.0,70.09,1,1,1.0,
2024-10-14T05:54:00.000+02:00,359.61,22.88,37.8,0.0,70.09,1,1,1.0,
2024-10-14T05:55:00.000+02:00,362.78,22.9,37.8,0.0,70.09,1,1,1.0,
2024-10-14T05:56:00.000+02:00,365.92,22.92,37.81,0.0,70.09,1,1,1.0,
2024-10-14T05:57:00.000+02:00,369.05,22.94,37.82,0.0,70.09,1,1,1.0,
2024-10-14T05:58:00.000+02:00,372.17,22.95,37.84,0.0,70.09,1,1,1.0,
2024-10-14T05:59:00.000+02:00,375.26,22.97,37.85,0.0,70.09,1,1,1.0,
2024-10-14T06:00:00.000+02:00,378.34,22.98,37.87,0.0,70.09,1,1,1.0,
2024-10-14T06:01:00.000+02:00,381.4,22.99,37.89,0.0,70.09,1,1,1.0,
2024-10-14T06:02:00.000+02:00,384.45,23.0,37.91,0.0,70.09,1,1,1.0,
2024-10-14T06:03:00.000+02:00,387.48,23.02,37.93,0.0,70.09,1,1,1.0,
2024-10-14T06:04:00.000+02:00,390.49,23.03,37.95,0.0,70.09,1,1,1.0,
2024-10-14T06:05:00.000+02:00,393.48,23.04,37.98,0.0,70.09,1,1,1.0,
2024-10-14T06:06:00.000+02:00,396.46,23.04,38.01,0.0,70.09,1,1,1.0,
2024-10-14T06:07:00.000+02:00,399.42,23.05,38.03,0.0,70.09,1,1,1.0,
2024-10-14T06:08:00.000+02:00,402.37,23.06,38.06,0.0,70.09,1,1,1.0,
2024-10-14T06:09:00.000+02:00,405.3,23.07,38.09,0.0,70.09,1,1,1.0,
2024-10-14T06:10:00.000+02:00,408.21,23.07,38.12,0.0,70.09,1,1,1.0,
2024-10-14T06:11:00.000+02:00,411.11,23.08,38.16,0.0,70.09,1,1,1.0,
2024-10-14T06:12:00.000+02:00,413.99,23.08,38.19,0.0,70.09,1,1,1.0,
2024-10-14T06:13:00.000+02:00,416.85,23.09,38.22,0.0,70.09,1,1,1.0,
2024-10-14T06:14:00.000+02:00,419.7,23.09,38.26,0.0,70.09,1,1,1.0,
2024-10-14T06:15:00.000+02:00,422.54,23.1,38.29,0.0,70.09,1,1,1.0,
2024-10-14T06:16:00.000+02:00,425.35,23.1,38.32,0.0,70.09,1,1,1.0,
2024-10-14T06:17:00.000+02:00,428.16,23.11,38.36,0.0,70.09,1,1,1.0,
2024-10-14T06:18:00.000+02:00,430.94,23.11,38.39,0.0,70.09,1,1,1.0,
2024-10-14T06:19:00.000+02:00,433.71,23.11,38.43,0.0,70.09,1,1,1.0,
2024-10-14T06:20:00.000+02:00,436.47,23.12,38.47,0.0,70.09,1,1,1.0,
2024-10-14T06:21:00.000+02:00,439.21,23.12,38.5,0.0,70.09,1,1,1.0,
2024-10-14T06:22:00.000+02:00,441.94,23.12,38.54,0.0,70.09,1,1,1.0,
2024-10-14T06:23:00.000+02:00,444.65,23.12,38.57,0.0,70.09,1,1,1.0,
2024-10-14T06:24:00.000+02:00,447.34,23.13,38.61,0.0,70.09,1,1,1.0,
2024-10-14T06:25:00.000+02:00,450.02,23.13,38.65,0.0,70.09,1,1,1.0,
2024-10-14T06:26:00.000+02:00,452.69,23.13,38.68,0.0,70.09,1,1,1.0,
2024-10-14T06:27:00.000+02:00,455.34,23.13,38.72,0.0,70.09,1,1,1.0,
2024-10-14T06:28:00.000+02:00,457.98,23.13,38.75,0.0,70.09,1,1,1.0,
2024-10-14T06:29:00.000+02:00,460.6,23.13,38.79,0.0,70.09,1,1,1.0,
2024-10-14T06:30:00.000+02:00,463.21,23.14,38.83,0.0,70.09,1,1,1.0,
2024-10-14T06:31:00.000+02:00,465.8,23.14,38.86,0.0,70.09,1,1,1.0,
2024-10-14T06:32:00.000+02:00,468.38,23.14,38.9,0.0,70.09,1,1,1.0,
2024-10-14T06:33:00.000+02:00,470.94,23.14,38.93,0.0,70.09,1,1,1.0,
2024-10-14T06:34:00.000+02:00,473.49,23.14,38.97,0.0,70.09,1,1,1.0,
2024-10-14T06:35:00.000+02:00,476.03,23.14,39.0,0.0,70.09,1,1,1.0,
2024-10-14T06:36:00.000+02:00,478.55,23.14,39.04,0.0,70.09,1,1,1.0,
2024-10-14T06:37:00.000+02:00,481.06,23.15,39.06,0.0,70.09,1,1,1.0,
2024-10-14T06:38:00.000+02:00,483.56,23.15,39.09,0.0,70.09,1,1,1.0,
2024-10-14T06:39:00.000+02:00,486.04,23.16,39.12,0.0,70.09,1,1,1.0,
2024-10-14T06:40:00.000+02:00,488.5,23.16,39.14,0.0,70.09,1,1,1.0,
2024-10-14T06:41:00.000+02:00,490.96,23.2,39.09,0.0,70.09,1,1,1.0,
2024-10-14T06:42:00.000+02:00,493.4,23.25,38.99,0.0,70.09,1,1,1.0,
2024-10-14T06:43:00.000+02:00,495.82,23.32,38.88,0.0,70.09,1,1,1.0,
2024-10-14T06:44:00.000+02:00,498.24,23.38,38.76,0.0,70.09,1,1,1.0,
2024-10-14T06:45:00.000+02:00,500.64,23.45,38.65,0.0,70.09,1,1,1.0,
2024-10-14T06:46:00.000+02:00,503.02,23.51,38.55,0.0,70.09,1,1,1.0,
2024-10-14T06:47:00.000+02:00,505.39,23.56,38.45,0.0,70.09,1,1,1.0,
2024-10-14T06:48:00.000+02:00,507.75,23.62,38.36,0.0,70.09,1,1,1.0,
2024-10-14T06:49:00.000+02:00,510.1,23.67,38.27,0.0,70.09,1,1,1.0,
2024-10-14T06:50:00.000+02:00,512.43,23.73,38.18,0.0,70.09,1,1,1.0,
2024-10-14T06:51:00.000+02:00,514.75,23.78,38.1,0.0,70.09,1,1,1.0,
2024-10-14T06:52:00.000+02:00,517.06,23.83,38.02,0.0,70.09,1,1,1.0,
2024-10-14T06:53:00.000+02:00,517.53,23.86,37.96,0.0,70.09,0,1,0.0,
2024-10-14T06:54:00.000+02:00,516.83,23.87,37.9,0.0,70.09,0,1,0.0,
2024-10-14T06:55:00.000+02:00,515.73,23.89,37.84,0.0,70.09,0,1,0.0,
2024-10-14T06:56:00.000+02:00,514.59,23.91,37.78,0.0,70.09,0,1,0.0,
2024-10-14T06:57:00.000+02:00,513.5,23.93,37.72,0.0,70.09,0,1,0.0,
2024-10-14T06:58:00.000+02:00,512.45,23.95,37.65,0.0,70.09,0,1,0.0,
2024-10-14T06:59:00.000+02:00,513.25,23.99,37.57,0.0,70.09,1,1,1.0,
2024-10-14T07:00:00.000+02:00,515.21,24.04,37.48,0.0,70.09,1,1,1.0,
2024-10-14T07:01:00.000+02:00,517.56,24.09,37.39,0.0,70.09,1,1,1.0,
2024-10-14T07:02:00.000+02:00,519.95,24.15,37.31,0.0,70.09,1,1,1.0,
2024-10-14T07:03:00.000+02:00,522.28,24.2,37.23,0.0,70.09,1,1,1.0,
2024-10-14T07:04:00.000+02:00,524.56,24.25,37.15,0.0,70.09,1,1,1.0,
2024-10-14T07:05:00.000+02:00,526.81,24.3,37.08,0.0,70.09,1,1,1.0,
2024-10-14T07:06:00.000+02:00,529.05,24.35,37.01,0.0,70.09,1,1,1.0,
2024-10-14T07:07:00.000+02:00,531.27,24.39,36.94,0.0,70.09,1,1,1.0,
2024-10-14T07:08:00.000+02:00,533.48,24.44,36.88,0.0,70.09,1,1,1.0,
2024-10-14T07:09:00.000+02:00,535.68,24.48,36.82,0.0,70.09,1,1,1.0,
2024-10-14T07:10:00.000+02:00,537.87,24.52,36.76,0.0,70.09,1,1,1.0,
2024-10-14T07:11:00.000+02:00,540.05,24.56,36.71,0.0,70.09,1,1,1.0,
2024-10-14T07:12:00.000+02:00,542.21,24.6,36.66,0.0,70.09,1,1,1.0,
2024-10-14T07:13:00.000+02:00,544.36,24.64,36.61,0.0,70.09,1,1,1.0,
2024-10-14T07:14:00.000+02:00,546.5,24.67,36.57,0.0,70.09,1,1,1.0,
2024-10-14T07:15:00.000+02:00,548.63,24.71,36.53,0.0,70.09,1,1,1.0,
2024-10-14T07:16:00.000+02:00,550.74,24.74,36.49,0.0,70.09,1,1,1.0,
2024-10-14T07:17:00.000+02:00,552.85,24.78,36.45,0.0,70.09,1,1,1.0,
2024-10-14T07:18:00.000+02:00,554.94,24.81,36.41,0.0,70.09,1,1,1.0,
2024-10-14T07:19:00.000+02:00,557.02,24.84,36.38,0.0,70.09,1,1,1.0,
2024-10-14T07:20:00.000+02:00,559.09,24.87,36.35,0.0,70.09,1,1,1.0,
2024-10-14T07:21:00.000+02:00,561.15,24.9,36.31,0.0,70.09,1,1,1.0,
2024-10-14T07:22:00.000+02:00,563.19,24.93,36.28,0.0,70.09,1,1,1.0,
2024-10-14T07:23:00.000+02:00,565.23,24.96,36.25,0.0,70.09,1,1,1.0,
2024-10-14T07:24:00.000+02:00,567.25,24.99,36.22,0.0,70.09,1,1,1.0,
2024-10-14T07:25:00.000+02:00,569.26,25.02,36.19,0.0,70.09,1,1,1.0,
2024-10-14T07:26:00.000+02:00,571.26,25.04,36.19,0.0,70.09,1,1,1.0,
2024-10-14T07:27:00.000+02:00,573.25,25.04,36.21,0.0,70.09,1,1,1.0,
2024-10-14T07:28:00.000+02:00,575.23,25.05,36.23,0.0,70.09,1,1,1.0,
2024-10-14T07:29:00.000+02:00,577.19,25.05,36.26,0.0,70.09,1,1,1.0,
2024-10-14T07:30:00.000+02:00,579.15,25.06,36.27,0.0,70.09,1,1,1.0,
2024-10-14T07:31:00.000+02:00,581.09,25.07,36.29,0.0,70.09,1,1,1.0,
2024-10-14T07:32:00.000+02:00,583.03,25.08,36.3,0.0,70.09,1,1,1.0,
2024-10-14T07:33:00.000+02:00,584.95,25.09,36.31,0.0,70.09,1,1,1.0,
2024-10-14T07:34:00.000+02:00,586.86,25.1,36.33,0.0,70.09,1,1,1.0,
2024-10-14T07:35:00.000+02:00,588.76,25.11,36.33,0.0,70.09,1,1,1.0,
2024-10-14T07:36:00.000+02:00,590.66,25.12,36.34,0.0,70.09,1,1,1.0,
2024-10-14T07:37:00.000+02:00,592.54,25.13,36.35,0.0,70.09,1,1,1.0,
2024-10-14T07:38:00.000+02:00,594.41,25.14,36.35,0.0,70.09,1,1,1.0,
2024-10-14T07:39:00.000+02:00,596.27,25.15,36.36,0.0,70.09,1,1,1.0,
2024-10-14T07:40:00.000+02:00,598.12,25.16,36.37,0.0,70.09,1,1,1.0,
2024-10-14T07:41:00.000+02:00,599.96,25.17,36.37,0.0,70.09,1,1,1.0,
2024-10-14T07:42:00.000+02:00,601.78,25.19,36.37,0.0,70.09,1,1,1.0,
2024-10-14T07:43:00.000+02:00,603.6,25.2,36.38,0.0,70.09,1,1,1.0,
2024-10-14T07:44:00.000+02:00,605.41,25.21,36.38,0.0,70.09,1,1,1.0,
2024-10-14T07:45:00.000+02:00,607.21,25.23,36.38,0.0,70.09,1,1,1.0,
2024-10-14T07:46:00.000+02:00,609.0,25.24,36.38,0.0,70.09,1,1,1.0,
2024-10-14T07:47:00.000+02:00,610.78,25.25,36.37,0.0,70.09,1,1,1.0,
2024-10-14T07:48:00.000+02:00,612.55,25.27,36.37,0.0,70.09,1,1,1.0,
2024-10-14T07:49:00.000+02:00,614.3,25.28,36.37,0.0,70.09,1,1,1.0,
2024-10-14T07:50:00.000+02:00,616.05,25.3,36.37,0.0,70.09,1,1,1.0,
2024-10-14T07:51:00.000+02:00,617.79,25.31,36.36,0.0,70.09,1,1,1.0,
2024-10-14T07:52:00.000+02:00,619.52,25.33,36.36,0.0,70.09,1,1,1.0,
2024-10-14T07:53:00.000+02:00,621.24,25.35,36.35,0.0,70.09,1,1,1.0,
2024-10-14T07:54:00.000+02:00,622.95,25.36,36.34,0.0,70.09,1,1,1.0,
2024-10-14T07:55:00.000+02:00,624.65,25.38,36.34,0.0,70.09,1,1,1.0,
2024-10-14T07:56:00.000+02:00,626.34,25.39,36.33,0.0,70.09,1,1,1.0,
2024-10-14T07:57:00.000+02:00,628.02,25.41,36.32,0.0,70.09,1,1,1.0,
2024-10-14T07:58:00.000+02:00,629.7,25.43,36.32,0.0,70.09,1,1,1.0,
2024-10-14T07:59:00.000+02:00,631.36,25.44,36.31,0.0,70.09,1,1,1.0,
2024-10-14T08:00:00.000+02:00,633.01,25.46,36.3,0.0,70.09,1,1,1.0,
2024-10-14T08:01:00.000+02:00,634.66,25.47,36.29,0.0,70.09,1,1,1.0,
2024-10-14T08:02:00.000+02:00,636.29,25.49,36.28,0.0,70.09,1,1,1.0,
2024-10-14T08:03:00.000+02:00,637.92,25.51,36.27,0.0,70.09,1,1,1.0,
2024-10-14T08:04:00.000+02:00,639.53,25.53,36.26,0.0,70.09,1,1,1.0,
2024-10-14T08:05:00.000+02:00,641.14,25.54,36.25,0.0,70.09,1,1,1.0,1.0
2024-10-14T08:06:00.000+02:00,642.74,25.56,36.24,0.0,70.09,1,1,1.0,1.0
2024-10-14T08:07:00.000+02:00,644.33,25.58,36.23,0.0,70.09,1,1,1.0,1.0
2024-10-14T08:08:00.000+02:00,645.91,25.6,36.21,0.0,70.09,1,1,1.0,1.0
2024-10-14T08:09:00.000+02:00,647.49,25.62,36.2,0.0,70.09,1,1,1.0,1.0
2024-10-14T08:10:00.000+02:00,649.05,25.63,36.19,0.0,70.09,1,1,1.0,1.0
2024-10-14T08:11:00.000+02:00,650.61,25.65,36.17,0.0,70.09,1,1,1.0,1.0
2024-10-14T08:12:00.000+02:00,652.15,25.67,36.16,0.0,70.09,1,1,1.0,1.0
2024-10-14T08:13:00.000+02:00,653.69,25.69,36.14,0.0,70.09,1,1,1.0,1.0
2024-10-14T08:14:00.000+02:00,655.22,25.71,36.13,0.0,70.09,1,1,1.0,1.0
2024-10-14T08:15:00.000+02:00,656.74,25.73,36.11,0.0,70.09,1,1,1.0,1.0
2024-10-14T08:16:00.000+02:00,658.26,25.75,36.1,0.0,70.09,1,1,1.0,1.0
2024-10-14T08:17:00.000+02:00,659.76,25.77,36.08,0.0,70.09,1,1,1.0,1.0
2024-10-14T08:18:00.000+02:00,661.26,25.79,36.06,0.0,70.09,1,1,1.0,1.0
2024-10-14T08:19:00.000+02:00,662.75,25.8,36.04,0.0,70.09,1,1,1.0,1.0
2024-10-14T08:20:00.000+02:00,664.23,25.82,36.03,0.0,70.09,1,1,1.0,1.0
2024-10-14T08:21:00.000+02:00,665.7,25.84,36.01,0.0,70.09,1,1,1.0,1.0
2024-10-14T08:22:00.000+02:00,667.16,25.86,35.99,0.0,70.09,1,1,1.0,1.0
2024-10-14T08:23:00.000+02:00,668.62,25.88,35.97,0.0,70.09,1,1,1.0,1.0
2024-10-14T08:24:00.000+02:00,670.07,25.9,35.96,0.0,70.09,1,1,1.0,1.0
2024-10-14T08:25:00.000+02:00,671.51,25.92,35.94,0.0,70.09,1,1,1.0,1.0
2024-10-14T08:26:00.000+02:00,672.94,25.94,35.92,0.0,70.09,1,1,1.0,1.0
2024-10-14T08:27:00.000+02:00,674.37,25.96,35.9,0.0,70.09,1,1,1.0,1.0
2024-10-14T08:28:00.000+02:00,675.78,25.98,35.88,0.0,70.09,1,1,1.0,1.0
2024-10-14T08:29:00.000+02:00,677.19,26.0,35.86,0.0,70.09,1,1,1.0,1.0
2024-10-14T08:30:00.000+02:00,678.59,26.02,35.84,0.0,70.09,1,1,1.0,1.0
2024-10-14T08:31:00.000+02:00,679.98,26.04,35.82,0.0,70.09,1,1,1.0,1.0
2024-10-14T08:32:00.000+02:00,681.37,26.06,35.81,0.0,70.09,1,1,1.0,1.0
2024-10-14T08:33:00.000+02:00,682.75,26.08,35.79,0.0,70.09,1,1,1.0,1.0
2024-10-14T08:34:00.000+02:00,684.12,26.1,35.77,0.0,70.09,1,1,1.0,1.0
2024-10-14T08:35:00.000+02:00,685.48,26.12,35.75,0.0,70.09,1,1,1.0,1.0
2024-10-14T08:36:00.000+02:00,686.84,26.14,35.73,0.0,70.09,1,1,1.0,1.0
2024-10-14T08:37:00.000+02:00,688.18,26.16,35.71,0.0,70.09,1,1,1.0,1.0
2024-10-14T08:38:00.000+02:00,689.52,26.18,35.69,0.0,70.09,1,1,1.0,1.0
2024-10-14T08:39:00.000+02:00,690.86,26.19,35.68,0.0,70.09,1,1,1.0,1.0
2024-10-14T08:40:00.000+02:00,692.18,26.21,35.66,0.0,70.09,1,1,1.0,1.0
2024-10-14T08:41:00.000+02:00,693.5,26.23,35.64,0.0,70.09,1,1,1.0,1.0
2024-10-14T08:42:00.000+02:00,694.81,26.25,35.62,0.0,70.09,1,1,1.0,1.0
2024-10-14T08:43:00.000+02:00,696.12,26.27,35.61,0.0,70.09,1,1,1.0,1.0
2024-10-14T08:44:00.000+02:00,697.41,26.29,35.59,0.0,70.09,1,1,1.0,1.0
2024-10-14T08:45:00.000+02:00,698.7,26.3,35.57,0.0,70.09,1,1,1.0,1.0
2024-10-14T08:46:00.000+02:00,699.98,26.32,35.55,0.0,70.09,1,1,1.0,1.0
2024-10-14T08:47:00.000+02:00,701.26,26.34,35.54,0.0,70.09,1,1,1.0,1.0
2024-10-14T08:48:00.000+02:00,702.53,26.36,35.52,0.0,70.09,1,1,1.0,1.0
2024-10-14T08:49:00.000+02:00,703.79,26.38,35.5,0.0,70.09,1,1,1.0,1.0
2024-10-14T08:50:00.000+02:00,705.05,26.39,35.48,0.0,70.09,1,1,1.0,1.0
2024-10-14T08:51:00.000+02:00,706.29,26.41,35.47,0.0,70.09,1,1,1.0,1.0
2024-10-14T08:52:00.000+02:00,707.53,26.43,35.45,0.0,70.09,1,1,1.0,1.0
2024-10-14T08:53:00.000+02:00,708.77,26.45,35.43,0.0,70.09,1,1,1.0,1.0
2024-10-14T08:54:00.000+02:00,710.0,26.47,35.41,0.0,70.09,1,1,1.0,1.0
2024-10-14T08:55:00.000+02:00,711.22,26.48,35.39,0.0,70.09,1,1,1.0,1.0
2024-10-14T08:56:00.000+02:00,712.43,26.5,35.37,0.0,70.09,1,1,1.0,1.0
2024-10-14T08:57:00.000+02:00,713.64,26.52,35.36,0.0,70.09,1,1,1.0,1.0
2024-10-14T08:58:00.000+02:00,714.84,26.54,35.34,0.0,70.09,1,1,1.0,1.0
2024-10-14T08:59:00.000+02:00,716.03,26.56,35.32,0.0,70.09,1,1,1.0,1.0
2024-10-14T09:00:00.000+02:00,715.4,26.56,35.3,0.0,70.09,0,1,0.0,
2024-10-14T09:01:00.000+02:00,713.6,26.55,35.27,0.0,70.09,0,1,0.0,
2024-10-14T09:02:00.000+02:00,711.41,26.54,35.24,0.0,70.09,0,1,0.0,
2024-10-14T09:03:00.000+02:00,709.18,26.54,35.2,0.0,70.09,0,1,0.0,
2024-10-14T09:04:00.000+02:00,707.01,26.54,35.16,0.0,70.09,0,1,0.0,
2024-10-14T09:05:00.000+02:00,704.89,26.53,35.12,0.0,70.09,0,1,0.0,
2024-10-14T09:06:00.000+02:00,702.8,26.54,35.07,0.0,70.09,0,1,0.0,
2024-10-14T09:07:00.000+02:00,702.54,26.55,35.02,0.0,70.09,1,1,1.0,
2024-10-14T09:08:00.000+02:00,701.63,26.57,34.98,0.0,70.09,0,1,0.0,
2024-10-14T09:09:00.000+02:00,699.96,26.57,34.93,0.0,70.09,0,1,0.0,
2024-10-14T09:10:00.000+02:00,697.94,26.58,34.87,0.0,70.09,0,1,0.0,
2024-10-14T09:11:00.000+02:00,695.84,26.58,34.82,0.0,70.09,0,1,0.0,
2024-10-14T09:12:00.000+02:00,693.77,26.59,34.76,0.0,70.09,0,1,0.0,
2024-10-14T09:13:00.000+02:00,691.72,26.59,34.71,0.0,70.09,0,1,0.0,
2024-10-14T09:14:00.000+02:00,689.7,26.6,34.65,0.0,70.09,0,1,0.0,
2024-10-14T09:15:00.000+02:00,687.69,26.61,34.59,0.0,70.09,0,1,0.0,
2024-10-14T09:16:00.000+02:00,685.7,26.62,34.53,0.0,70.09,0,1,0.0,
2024-10-14T09:17:00.000+02:00,683.71,26.63,34.46,0.0,70.09,0,1,0.0,
2024-10-14T09:18:00.000+02:00,681.74,26.64,34.4,0.0,70.09,0,1,0.0,
2024-10-14T09:19:00.000+02:00,679.78,26.65,34.34,0.0,70.09,0,1,0.0,
2024-10-14T09:20:00.000+02:00,677.83,26.66,34.27,0.0,70.09,0,1,0.0,
2024-10-14T09:21:00.000+02:00,675.89,26.67,34.21,0.0,70.09,0,1,0.0,
2024-10-14T09:22:00.000+02:00,673.96,26.68,34.14,0.0,70.09,0,1,0.0,
2024-10-14T09:23:00.000+02:00,672.04,26.69,34.08,0.0,70.09,0,1,0.0,
2024-10-14T09:24:00.000+02:00,670.13,26.7,34.01,0.0,70.09,0,1,0.0,
2024-10-14T09:25:00.000+02:00,668.23,26.72,33.95,0.0,70.09,0,1,0.0,
2024-10-14T09:26:00.000+02:00,666.35,26.73,33.88,0.0,70.09,0,1,0.0,
2024-10-14T09:27:00.000+02:00,664.47,26.74,33.81,0.0,70.09,0,1,0.0,
2024-10-14T09:28:00.000+02:00,662.6,26.75,33.75,0.0,70.09,0,1,0.0,
2024-10-14T09:29:00.000+02:00,660.75,26.77,33.68,0.0,70.09,0,1,0.0,
2024-10-14T09:30:00.000+02:00,658.9,26.78,33.62,0.0,70.09,0,1,0.0,
2024-10-14T09:31:00.000+02:00,657.07,26.79,33.55,0.0,70.09,0,1,0.0,
2024-10-14T09:32:00.000+02:00,655.25,26.81,33.49,0.0,70.09,0,1,0.0,
2024-10-14T09:33:00.000+02:00,653.43,26.82,33.42,0.0,70.09,0,1,0.0,
2024-10-14T09:34:00.000+02:00,651.63,26.83,33.36,0.0,70.09,0,1,0.0,
2024-10-14T09:35:00.000+02:00,649.84,26.84,33.29,0.0,70.09,0,1,0.0,
2024-10-14T09:36:00.000+02:00,648.05,26.86,33.23,0.0,70.09,0,1,0.0,
2024-10-14T09:37:00.000+02:00,646.28,26.87,33.17,0.0,70.09,0,1,0.0,
2024-10-14T09:38:00.000+02:00,644.52,26.88,33.1,0.0,70.09,0,1,0.0,
2024-10-14T09:39:00.000+02:00,642.76,26.89,33.04,0.0,70.09,0,1,0.0,
2024-10-14T09:40:00.000+02:00,641.02,26.91,32.98,0.0,70.09,0,1,0.0,
2024-10-14T09:41:00.000+02:00,639.29,26.92,32.92,0.0,70.09,0,1,0.0,
2024-10-14T09:42:00.000+02:00,637.56,26.93,32.86,0.0,70.09,0,1,0.0,
2024-10-14T09:43:00.000+02:00,635.85,26.94,32.8,0.0,70.09,0,1,0.0,
2024-10-14T09:44:00.000+02:00,634.14,26.95,32.74,0.0,70.09,0,1,0.0,
2024-10-14T09:45:00.000+02:00,632.45,26.96,32.68,0.0,70.09,0,1,0.0,
2024-10-14T09:46:00.000+02:00,630.76,26.98,32.62,0.0,70.09,0,1,0.0,
2024-10-14T09:47:00.000+02:00,629.09,26.99,32.56,0.0,70.09,0,1,0.0,
2024-10-14T09:48:00.000+02:00,627.42,27.0,32.5,0.0,70.09,0,1,0.0,
2024-10-14T09:49:00.000+02:00,625.76,27.01,32.44,0.0,70.09,0,1,0.0,
2024-10-14T09:50:00.000+02:00,624.11,27.02,32.38,0.0,70.09,0,1,0.0,
2024-10-14T09:51:00.000+02:00,622.48,27.03,32.33,0.0,70.09,0,1,0.0,
2024-10-14T09:52:00.000+02:00,620.85,27.04,32.27,0.0,70.09,0,1,0.0,
2024-10-14T09:53:00.000+02:00,619.23,27.05,32.21,0.0,70.09,0,1,0.0,
2024-10-14T09:54:00.000+02:00,617.61,27.06,32.16,0.0,70.09,0,1,0.0,
2024-10-14T09:55:00.000+02:00,616.01,27.07,32.1,0.0,70.09,0,1,0.0,
2024-10-14T09:56:00.000+02:00,614.42,27.08,32.05,0.0,70.09,0,1,0.0,
2024-10-14T09:57:00.000+02:00,612.83,27.1,31.99,0.0,70.09,0,1,0.0,
2024-10-14T09:58:00.000+02:00,611.26,27.11,31.94,0.0,70.09,0,1,0.0,
2024-10-14T09:59:00.000+02:00,609.69,27.12,31.88,0.0,70.09,0,1,0.0,
2024-10-14T10:00:00.000+02:00,608.13,27.12,31.83,0.0,70.09,0,1,0.0,
2024-10-14T10:01:00.000+02:00,606.58,27.13,31.78,0.0,70.09,0,1,0.0,
2024-10-14T10:02:00.000+02:00,605.04,27.14,31.72,0.0,70.09,0,1,0.0,
2024-10-14T10:03:00.000+02:00,603.51,27.15,31.67,0.0,70.09,0,1,0.0,
2024-10-14T10:04:00.000+02:00,601.99,27.16,31.62,0.0,70.09,0,1,0.0,
2024-10-14T10:05:00.000+02:00,600.47,27.17,31.57,0.0,70.09,0,1,0.0,
2024-10-14T10:06:00.000+02:00,598.97,27.18,31.52,0.0,70.09,0,1,0.0,
2024-10-14T10:07:00.000+02:00,597.47,27.19,31.47,0.0,70.09,0,1,0.0,
2024-10-14T10:08:00.000+02:00,595.98,27.2,31.42,0.0,70.09,0,1,0.0,
2024-10-14T10:09:00.000+02:00,594.5,27.21,31.37,0.0,70.09,0,1,0.0,
2024-10-14T10:10:00.000+02:00,593.03,27.22,31.32,0.0,70.09,0,1,0.0,
2024-10-14T10:11:00.000+02:00,591.56,27.22,31.27,0.0,70.09,0,1,0.0,
2024-10-14T10:12:00.000+02:00,590.11,27.23,31.22,0.0,70.09,0,1,0.0,
2024-10-14T10:13:00.000+02:00,588.66,27.24,31.17,0.0,70.09,0,1,0.0,
2024-10-14T10:14:00.000+02:00,587.22,27.25,31.12,0.0,70.09,0,1,0.0,
2024-10-14T10:15:00.000+02:00,585.78,27.26,31.08,0.0,70.09,0,1,0.0,
2024-10-14T10:16:00.000+02:00,584.36,27.26,31.03,0.0,70.09,0,1,0.0,
2024-10-14T10:17:00.000+02:00,584.77,27.28,30.99,0.0,70.09,1,1,1.0,
2024-10-14T10:18:00.000+02:00,586.34,27.31,30.97,0.0,70.09,1,1,1.0,
2024-10-14T10:19:00.000+02:00,588.3,27.34,30.94,0.0,70.09,1,1,1.0,
2024-10-14T10:20:00.000+02:00,590.31,27.37,30.93,0.0,70.09,1,1,1.0,
2024-10-14T10:21:00.000+02:00,592.25,27.4,30.92,0.0,70.09,1,1,1.0,
2024-10-14T10:22:00.000+02:00,594.16,27.42,30.91,0.0,70.09,1,1,1.0,
2024-10-14T10:23:00.000+02:00,596.03,27.44,30.9,0.0,70.09,1,1,1.0,
2024-10-14T10:24:00.000+02:00,597.89,27.46,30.9,0.0,70.09,1,1,1.0,
2024-10-14T10:25:00.000+02:00,599.75,27.48,30.89,0.0,70.09,1,1,1.0,
2024-10-14T10:26:00.000+02:00,601.59,27.5,30.89,0.0,70.09,1,1,1.0,
2024-10-14T10:27:00.000+02:00,603.42,27.52,30.9,0.0,70.09,1,1,1.0,
2024-10-14T10:28:00.000+02:00,605.25,27.53,30.9,0.0,70.09,1,1,1.0,
2024-10-14T10:29:00.000+02:00,607.06,27.55,30.9,0.0,70.09,1,1,1.0,
2024-10-14T10:30:00.000+02:00,607.04,27.55,30.9,0.0,70.09,0,1,0.0,
2024-10-14T10:31:00.000+02:00,605.86,27.54,30.88,0.0,70.09,0,1,0.0,
2024-10-14T10:32:00.000+02:00,604.28,27.53,30.87,0.0,70.09,0,1,0.0,
2024-10-14T10:33:00.000+02:00,602.66,27.52,30.84,0.0,70.09,0,1,0.0,
2024-10-14T10:34:00.000+02:00,601.09,27.51,30.82,0.0,70.09,0,1,0.0,
2024-10-14T10:35:00.000+02:00,599.57,27.5,30.8,0.0,70.09,0,1,0.0,
2024-10-14T10:36:00.000+02:00,598.07,27.5,30.77,0.0,70.09,0,1,0.0,
2024-10-14T10:37:00.000+02:00,596.58,27.5,30.74,0.0,70.09,0,1,0.0,
2024-10-14T10:38:00.000+02:00,595.1,27.49,30.71,0.0,70.09,0,1,0.0,
2024-10-14T10:39:00.000+02:00,593.63,27.49,30.68,0.0,70.09,0,1,0.0,
2024-10-14T10:40:00.000+02:00,592.17,27.49,30.65,0.0,70.09,0,1,0.0,
2024-10-14T10:41:00.000+02:00,590.71,27.49,30.61,0.0,70.09,0,1,0.0,
2024-10-14T10:42:00.000+02:00,589.26,27.48,30.58,0.0,70.09,0,1,0.0,
2024-10-14T10:43:00.000+02:00,587.82,27.48,30.54,0.0,70.09,0,1,0.0,
2024-10-14T10:44:00.000+02:00,586.39,27.48,30.51,0.0,70.09,0,1,0.0,
2024-10-14T10:45:00.000+02:00,584.96,27.48,30.47,0.0,70.09,0,1,0.0,
2024-10-14T10:46:00.000+02:00,583.55,27.48,30.44,0.0,70.09,0,1,0.0,
2024-10-14T10:47:00.000+02:00,582.14,27.48,30.4,0.0,70.09,0,1,0.0,
2024-10-14T10:48:00.000+02:00,580.74,27.48,30.37,0.0,70.09,0,1,0.0,
2024-10-14T10:49:00.000+02:00,579.35,27.48,30.33,0.0,70.09,0,1,0.0,
2024-10-14T10:50:00.000+02:00,577.96,27.48,30.29,0.0,70.09,0,1,0.0,
2024-10-14T10:51:00.000+02:00,576.59,27.49,30.25,0.0,70.09,0,1,0.0,
2024-10-14T10:52:00.000+02:00,575.22,27.49,30.22,0.0,70.09,0,1,0.0,
2024-10-14T10:53:00.000+02:00,573.86,27.49,30.18,0.0,70.09,0,1,0.0,
2024-10-14T10:54:00.000+02:00,572.5,27.49,30.14,0.0,70.09,0,1,0.0,
2024-10-14T10:55:00.000+02:00,571.16,27.49,30.11,0.0,70.09,0,1,0.0,
2024-10-14T10:56:00.000+02:00,569.82,27.49,30.07,0.0,70.09,0,1,0.0,
2024-10-14T10:57:00.000+02:00,568.49,27.49,30.03,0.0,70.09,0,1,0.0,
2024-10-14T10:58:00.000+02:00,567.16,27.49,29.99,0.0,70.09,0,1,0.0,
2024-10-14T10:59:00.000+02:00,565.85,27.49,29.96,0.0,70.09,0,1,0.0,
2024-10-14T11:00:00.000+02:00,564.54,27.49,29.92,0.0,70.09,0,1,0.0,
2024-10-14T11:01:00.000+02:00,563.24,27.5,29.88,0.0,70.09,0,1,0.0,
2024-10-14T11:02:00.000+02:00,561.94,27.5,29.85,0.0,70.09,0,1,0.0,
2024-10-14T11:03:00.000+02:00,560.65,27.5,29.81,0.0,70.09,0,1,0.0,
2024-10-14T11:04:00.000+02:00,559.37,27.5,29.78,0.0,70.09,0,1,0.0,
2024-10-14T11:05:00.000+02:00,558.1,27.5,29.74,0.0,70.09,0,1,0.0,
2024-10-14T11:06:00.000+02:00,558.66,27.51,29.72,0.0,70.09,1,1,1.0,
2024-10-14T11:07:00.000+02:00,560.38,27.53,29.71,0.0,70.09,1,1,1.0,
2024-10-14T11:08:00.000+02:00,562.49,27.56,29.71,0.0,70.09,1,1,1.0,
2024-10-14T11:09:00.000+02:00,564.64,27.58,29.71,0.0,70.09,1,1,1.0,
2024-10-14T11:10:00.000+02:00,566.74,27.59,29.71,0.0,70.09,1,1,1.0,
2024-10-14T11:11:00.000+02:00,568.78,27.61,29.72,0.0,70.09,1,1,1.0,
2024-10-14T11:12:00.000+02:00,570.8,27.62,29.73,0.0,70.09,1,1,1.0,
2024-10-14T11:13:00.000+02:00,572.81,27.64,29.74,0.0,70.09,1,1,1.0,
2024-10-14T11:14:00.000+02:00,574.81,27.65,29.75,0.0,70.09,1,1,1.0,
2024-10-14T11:15:00.000+02:00,576.79,27.66,29.77,0.0,70.09,1,1,1.0,
2024-10-14T11:16:00.000+02:00,578.77,27.67,29.79,0.0,70.09,1,1,1.0,
2024-10-14T11:17:00.000+02:00,580.73,27.68,29.81,0.0,70.09,1,1,1.0,
2024-10-14T11:18:00.000+02:00,582.69,27.68,29.83,0.0,70.09,1,1,1.0,
2024-10-14T11:19:00.000+02:00,584.63,27.69,29.85,0.0,70.09,1,1,1.0,
2024-10-14T11:20:00.000+02:00,586.57,27.69,29.88,0.0,70.09,1,1,1.0,
2024-10-14T11:21:00.000+02:00,588.49,27.7,29.9,0.0,70.09,1,1,1.0,
2024-10-14T11:22:00.000+02:00,590.4,27.7,29.93,0.0,70.09,1,1,1.0,
2024-10-14T11:23:00.000+02:00,592.3,27.71,29.96,0.0,70.09,1,1,1.0,
2024-10-14T11:24:00.000+02:00,594.19,27.71,29.98,0.0,70.09,1,1,1.0,
2024-10-14T11:25:00.000+02:00,596.07,27.71,30.01,0.0,70.09,1,1,1.0,
2024-10-14T11:26:00.000+02:00,597.95,27.72,30.04,0.0,70.09,1,1,1.0,
2024-10-14T11:27:00.000+02:00,599.81,27.72,30.07,0.0,70.09,1,1,1.0,
2024-10-14T11:28:00.000+02:00,601.66,27.72,30.1,0.0,70.09,1,1,1.0,
2024-10-14T11:29:00.000+02:00,603.5,27.72,30.13,0.0,70.09,1,1,1.0,
2024-10-14T11:30:00.000+02:00,605.33,27.72,30.17,0.0,70.09,1,1,1.0,
2024-10-14T11:31:00.000+02:00,607.15,27.72,30.2,0.0,70.09,1,1,1.0,
2024-10-14T11:32:00.000+02:00,608.96,27.72,30.23,0.0,70.09,1,1,1.0,
2024-10-14T11:33:00.000+02:00,610.76,27.73,30.26,0.0,70.09,1,1,1.0,
2024-10-14T11:34:00.000+02:00,612.55,27.73,30.3,0.0,70.09,1,1,1.0,
2024-10-14T11:35:00.000+02:00,614.33,27.73,30.33,0.0,70.09,1,1,1.0,
2024-10-14T11:36:00.000+02:00,616.1,27.72,30.36,0.0,70.09,1,1,1.0,
2024-10-14T11:37:00.000+02:00,617.86,27.72,30.4,0.0,70.09,1,1,1.0,
2024-10-14T11:38:00.000+02:00,619.61,27.72,30.43,0.0,70.09,1,1,1.0,
2024-10-14T11:39:00.000+02:00,621.36,27.72,30.47,0.0,70.09,1,1,1.0,
2024-10-14T11:40:00.000+02:00,623.09,27.72,30.5,0.0,70.09,1,1,1.0,
2024-10-14T11:41:00.000+02:00,624.81,27.72,30.54,0.0,70.09,1,1,1.0,
2024-10-14T11:42:00.000+02:00,626.53,27.72,30.58,0.0,70.09,1,1,1.0,
2024-10-14T11:43:00.000+02:00,628.23,27.72,30.61,0.0,70.09,1,1,1.0,
2024-10-14T11:44:00.000+02:00,629.93,27.71,30.65,0.0,70.09,1,1,1.0,
2024-10-14T11:45:00.000+02:00,631.61,27.71,30.69,0.0,70.09,1,1,1.0,1.0
2024-10-14T11:46:00.000+02:00,633.29,27.71,30.72,0.0,70.09,1,1,1.0,1.0
2024-10-14T11:47:00.000+02:00,634.96,27.71,30.76,0.0,70.09,1,1,1.0,1.0
2024-10-14T11:48:00.000+02:00,636.62,27.7,30.8,0.0,70.09,1,1,1.0,1.0
2024-10-14T11:49:00.000+02:00,638.27,27.7,30.83,0.0,70.09,1,1,1.0,1.0
2024-10-14T11:50:00.000+02:00,639.91,27.7,30.87,0.0,70.09,1,1,1.0,1.0
2024-10-14T11:51:00.000+02:00,641.54,27.7,30.91,0.0,70.09,1,1,1.0,1.0
2024-10-14T11:52:00.000+02:00,643.16,27.69,30.95,0.0,70.09,1,1,1.0,1.0
2024-10-14T11:53:00.000+02:00,644.78,27.69,30.99,0.0,70.09,1,1,1.0,1.0
2024-10-14T11:54:00.000+02:00,646.38,27.69,31.02,0.0,70.09,1,1,1.0,1.0
2024-10-14T11:55:00.000+02:00,647.98,27.68,31.06,0.0,70.09,1,1,1.0,1.0
2024-10-14T11:56:00.000+02:00,649.57,27.68,31.1,0.0,70.09,1,1,1.0,1.0
2024-10-14T11:57:00.000+02:00,651.15,27.68,31.14,0.0,70.09,1,1,1.0,1.0
2024-10-14T11:58:00.000+02:00,652.72,27.67,31.18,0.0,70.09,1,1,1.0,1.0
2024-10-14T11:59:00.000+02:00,654.28,27.67,31.22,0.0,70.09,1,1,1.0,1.0
2024-10-14T12:00:00.000+02:00,655.83,27.66,31.26,0.0,70.09,1,1,1.0,1.0
2024-10-14T12:01:00.000+02:00,657.38,27.66,31.3,0.0,70.09,1,1,1.0,1.0
2024-10-14T12:02:00.000+02:00,658.92,27.66,31.34,0.0,70.09,1,1,1.0,1.0
2024-10-14T12:03:00.000+02:00,660.44,27.65,31.38,0.0,70.09,1,1,1.0,1.0
2024-10-14T12:04:00.000+02:00,661.96,27.65,31.42,0.0,70.09,1,1,1.0,1.0
2024-10-14T12:05:00.000+02:00,663.48,27.64,31.46,0.0,70.09,1,1,1.0,1.0
2024-10-14T12:06:00.000+02:00,664.98,27.64,31.5,0.0,70.09,1,1,1.0,1.0
2024-10-14T12:07:00.000+02:00,666.48,27.63,31.54,0.0,70.09,1,1,1.0,1.0
2024-10-14T12:08:00.000+02:00,667.96,27.63,31.58,0.0,70.09,1,1,1.0,1.0
2024-10-14T12:09:00.000+02:00,669.44,27.62,31.62,0.0,70.09,1,1,1.0,1.0
2024-10-14T12:10:00.000+02:00,670.92,27.62,31.66,0.0,70.09,1,1,1.0,1.0
2024-10-14T12:11:00.000+02:00,672.38,27.61,31.7,0.0,70.09,1,1,1.0,1.0
2024-10-14T12:12:00.000+02:00,673.83,27.61,31.74,0.0,70.09,1,1,1.0,1.0
2024-10-14T12:13:00.000+02:00,675.28,27.6,31.78,0.0,70.09,1,1,1.0,1.0
2024-10-14T12:14:00.000+02:00,676.72,27.6,31.82,0.0,70.09,1,1,1.0,1.0
2024-10-14T12:15:00.000+02:00,678.16,27.59,31.86,0.0,70.09,1,1,1.0,1.0
2024-10-14T12:16:00.000+02:00,679.58,27.58,31.9,0.0,70.09,1,1,1.0,1.0
2024-10-14T12:17:00.000+02:00,681.0,27.58,31.94,0.0,70.09,1,1,1.0,1.0
2024-10-14T12:18:00.000+02:00,682.41,27.57,31.98,0.0,70.09,1,1,1.0,1.0
2024-10-14T12:19:00.000+02:00,683.81,27.57,32.02,0.0,70.09,1,1,1.0,1.0
2024-10-14T12:20:00.000+02:00,685.2,27.56,32.07,0.0,70.09,1,1,1.0,1.0
2024-10-14T12:21:00.000+02:00,686.59,27.56,32.11,0.0,70.09,1,1,1.0,1.0
2024-10-14T12:22:00.000+02:00,687.97,27.55,32.15,0.0,70.09,1,1,1.0,1.0
2024-10-14T12:23:00.000+02:00,689.34,27.54,32.19,0.0,70.09,1,1,1.0,1.0
2024-10-14T12:24:00.000+02:00,690.7,27.54,32.23,0.0,70.09,1,1,1.0,1.0
2024-10-14T12:25:00.000+02:00,692.06,27.53,32.27,0.0,70.09,1,1,1.0,1.0
2024-10-14T12:26:00.000+02:00,693.41,27.52,32.31,0.0,70.09,1,1,1.0,1.0
2024-10-14T12:27:00.000+02:00,694.75,27.52,32.36,0.0,70.09,1,1,1.0,1.0
2024-10-14T12:28:00.000+02:00,696.08,27.51,32.4,0.0,70.09,1,1,1.0,1.0
2024-10-14T12:29:00.000+02:00,697.41,27.5,32.44,0.0,70.09,1,1,1.0,1.0
2024-10-14T12:30:00.000+02:00,698.73,27.49,32.48,0.0,70.09,1,1,1.0,1.0
2024-10-14T12:31:00.000+02:00,700.05,27.49,32.52,0.0,70.09,1,1,1.0,1.0
2024-10-14T12:32:00.000+02:00,701.35,27.48,32.57,0.0,70.09,1,1,1.0,1.0
2024-10-14T12:33:00.000+02:00,702.65,27.47,32.61,0.0,70.09,1,1,1.0,1.0
2024-10-14T12:34:00.000+02:00,703.94,27.46,32.65,0.0,70.09,1,1,1.0,1.0
2024-10-14T12:35:00.000+02:00,705.23,27.46,32.69,0.0,70.09,1,1,1.0,1.0
2024-10-14T12:36:00.000+02:00,706.51,27.45,32.74,0.0,70.09,1,1,1.0,1.0
2024-10-14T12:37:00.000+02:00,707.78,27.44,32.78,0.0,70.09,1,1,1.0,1.0
2024-10-14T12:38:00.000+02:00,709.04,27.44,32.82,0.0,70.09,1,1,1.0,1.0
2024-10-14T12:39:00.000+02:00,710.3,27.43,32.86,0.0,70.09,1,1,1.0,1.0
2024-10-14T12:40:00.000+02:00,711.55,27.42,32.9,0.0,70.09,1,1,1.0,1.0
2024-10-14T12:41:00.000+02:00,712.79,27.41,32.94,0.0,70.09,1,1,1.0,1.0
2024-10-14T12:42:00.000+02:00,714.03,27.41,32.98,0.0,70.09,1,1,1.0,1.0
2024-10-14T12:43:00.000+02:00,715.26,27.4,33.02,0.0,70.09,1,1,1.0,1.0
2024-10-14T12:44:00.000+02:00,716.49,27.39,33.06,0.0,70.09,1,1,1.0,1.0
2024-10-14T12:45:00.000+02:00,717.7,27.39,33.1,0.0,70.09,1,1,1.0,1.0
2024-10-14T12:46:00.000+02:00,718.92,27.38,33.14,0.0,70.09,1,1,1.0,1.0
2024-10-14T12:47:00.000+02:00,720.12,27.37,33.18,0.0,70.09,1,1,1.0,1.0
2024-10-14T12:48:00.000+02:00,721.32,27.37,33.22,0.0,70.09,1,1,1.0,1.0
2024-10-14T12:49:00.000+02:00,722.51,27.36,33.25,0.0,70.09,1,1,1.0,1.0
2024-10-14T12:50:00.000+02:00,723.7,27.36,33.29,0.0,70.09,1,1,1.0,1.0
2024-10-14T12:51:00.000+02:00,724.87,27.35,33.33,0.0,70.09,1,1,1.0,1.0
2024-10-14T12:52:00.000+02:00,724.22,27.33,33.35,0.0,70.09,0,1,0.0,
2024-10-14T12:53:00.000+02:00,722.41,27.31,33.37,0.0,70.09,0,1,0.0,
2024-10-14T12:54:00.000+02:00,720.21,27.28,33.39,0.0,70.09,0,1,0.0,
2024-10-14T12:55:00.000+02:00,717.96,27.25,33.4,0.0,70.09,0,1,0.0,
2024-10-14T12:56:00.000+02:00,715.78,27.23,33.4,0.0,70.09,0,1,0.0,
2024-10-14T12:57:00.000+02:00,713.64,27.2,33.41,0.0,70.09,0,1,0.0,
2024-10-14T12:58:00.000+02:00,711.53,27.18,33.41,0.0,70.09,0,1,0.0,
2024-10-14T12:59:00.000+02:00,709.43,27.16,33.41,0.0,70.09,0,1,0.0,
2024-10-14T13:00:00.000+02:00,707.35,27.14,33.41,0.0,70.09,0,1,0.0,
2024-10-14T13:01:00.000+02:00,705.28,27.13,33.41,0.0,70.09,0,1,0.0,
2024-10-14T13:02:00.000+02:00,705.04,27.12,33.41,0.0,70.09,1,1,1.0,
2024-10-14T13:03:00.000+02:00,705.96,27.13,33.42,0.0,70.09,1,1,1.0,
2024-10-14T13:04:00.000+02:00,707.29,27.14,33.43,0.0,70.09,1,1,1.0,
2024-10-14T13:05:00.000+02:00,708.66,27.15,33.44,0.0,70.09,1,1,1.0,
2024-10-14T13:06:00.000+02:00,709.97,27.16,33.45,0.0,70.09,1,1,1.0,
2024-10-14T13:07:00.000+02:00,711.25,27.16,33.47,0.0,70.09,1,1,1.0,
2024-10-14T13:08:00.000+02:00,712.5,27.17,33.48,0.0,70.09,1,1,1.0,
2024-10-14T13:09:00.000+02:00,713.74,27.17,33.5,0.0,70.09,1,1,1.0,
2024-10-14T13:10:00.000+02:00,714.97,27.18,33.52,0.0,70.09,1,1,1.0,
2024-10-14T13:11:00.000+02:00,718.02,27.2,33.55,0.0,70.09,1,1,2.0,
2024-10-14T13:12:00.000+02:00,722.22,27.22,33.58,0.0,70.09,1,1,2.0,
2024-10-14T13:13:00.000+02:00,726.8,27.25,33.62,0.0,70.09,1,1,2.0,
2024-10-14T13:14:00.000+02:00,731.41,27.28,33.67,0.0,70.09,1,1,2.0,
2024-10-14T13:15:00.000+02:00,735.95,27.3,33.72,0.0,70.09,1,1,2.0,
2024-10-14T13:16:00.000+02:00,738.6,27.3,33.76,0.0,70.09,1,1,1.0,
2024-10-14T13:17:00.000+02:00,740.06,27.3,33.81,0.0,70.09,1,1,1.0,
2024-10-14T13:18:00.000+02:00,741.1,27.29,33.85,0.0,70.09,1,1,1.0,
2024-10-14T13:19:00.000+02:00,742.09,27.29,33.88,0.0,70.09,1,1,1.0,
2024-10-14T13:20:00.000+02:00,743.11,27.28,33.92,0.0,70.09,1,1,1.0,
2024-10-14T13:21:00.000+02:00,744.17,27.27,33.96,0.0,70.09,1,1,1.0,
2024-10-14T13:22:00.000+02:00,745.24,27.27,33.99,0.0,70.09,1,1,1.0,
2024-10-14T13:23:00.000+02:00,746.31,27.26,34.03,0.0,70.09,1,1,1.0,
2024-10-14T13:24:00.000+02:00,747.37,27.26,34.06,0.0,70.09,1,1,1.0,
2024-10-14T13:25:00.000+02:00,748.42,27.26,34.1,0.0,70.09,1,1,1.0,
2024-10-14T13:26:00.000+02:00,749.47,27.25,34.13,0.0,70.09,1,1,1.0,
2024-10-14T13:27:00.000+02:00,752.34,27.26,34.17,0.0,70.09,1,1,2.0,
2024-10-14T13:28:00.000+02:00,756.35,27.28,34.22,0.0,70.09,1,1,2.0,
2024-10-14T13:29:00.000+02:00,760.74,27.3,34.27,0.0,70.09,1,1,2.0,
2024-10-14T13:30:00.000+02:00,765.17,27.32,34.33,0.0,70.09,1,1,2.0,
2024-10-14T13:31:00.000+02:00,769.52,27.34,34.39,0.0,70.09,1,1,2.0,
2024-10-14T13:32:00.000+02:00,773.81,27.35,34.45,0.0,70.09,1,1,2.0,
2024-10-14T13:33:00.000+02:00,778.06,27.36,34.51,0.0,70.09,1,1,2.0,
2024-10-14T13:34:00.000+02:00,782.29,27.37,34.58,0.0,70.09,1,1,2.0,
2024-10-14T13:35:00.000+02:00,786.5,27.38,34.65,0.0,70.09,1,1,2.0,
2024-10-14T13:36:00.000+02:00,790.68,27.39,34.72,0.0,70.09,1,1,2.0,
2024-10-14T13:37:00.000+02:00,794.84,27.4,34.79,0.0,70.09,1,1,2.0,
2024-10-14T13:38:00.000+02:00,798.98,27.41,34.87,0.0,70.09,1,1,2.0,
2024-10-14T13:39:00.000+02:00,803.09,27.41,34.94,0.0,70.09,1,1,2.0,
2024-10-14T13:40:00.000+02:00,807.19,27.42,35.02,0.0,70.09,1,1,2.0,
2024-10-14T13:41:00.000+02:00,811.26,27.42,35.1,0.0,70.09,1,1,2.0,2.0
2024-10-14T13:42:00.000+02:00,815.31,27.43,35.18,0.0,70.09,1,1,2.0,2.0
2024-10-14T13:43:00.000+02:00,819.33,27.43,35.25,0.0,70.09,1,1,2.0,2.0
2024-10-14T13:44:00.000+02:00,823.34,27.44,35.33,0.0,70.09,1,1,2.0,2.0
2024-10-14T13:45:00.000+02:00,827.32,27.44,35.41,0.0,70.09,1,1,2.0,2.0
2024-10-14T13:46:00.000+02:00,831.28,27.44,35.49,0.0,70.09,1,1,2.0,2.0
2024-10-14T13:47:00.000+02:00,835.22,27.45,35.57,0.0,70.09,1,1,2.0,2.0
2024-10-14T13:48:00.000+02:00,839.14,27.45,35.65,0.0,70.09,1,1,2.0,2.0
2024-10-14T13:49:00.000+02:00,843.03,27.45,35.73,0.0,70.09,1,1,2.0,2.0
2024-10-14T13:50:00.000+02:00,846.91,27.45,35.82,0.0,70.09,1,1,2.0,2.0
2024-10-14T13:51:00.000+02:00,850.76,27.45,35.9,0.0,70.09,1,1,2.0,2.0
2024-10-14T13:52:00.000+02:00,854.59,27.46,35.98,0.0,70.09,1,1,2.0,2.0
2024-10-14T13:53:00.000+02:00,858.41,27.46,36.06,0.0,70.09,1,1,2.0,2.0
2024-10-14T13:54:00.000+02:00,862.2,27.46,36.14,0.0,70.09,1,1,2.0,2.0
2024-10-14T13:55:00.000+02:00,865.97,27.46,36.22,0.0,70.09,1,1,2.0,2.0
2024-10-14T13:56:00.000+02:00,869.72,27.46,36.3,0.0,70.09,1,1,2.0,2.0
2024-10-14T13:57:00.000+02:00,873.45,27.46,36.38,0.0,70.09,1,1,2.0,2.0
2024-10-14T13:58:00.000+02:00,877.16,27.46,36.46,0.0,70.09,1,1,2.0,2.0
2024-10-14T13:59:00.000+02:00,880.84,27.46,36.54,0.0,70.09,1,1,2.0,2.0
2024-10-14T14:00:00.000+02:00,884.51,27.46,36.62,0.0,70.09,1,1,2.0,2.0
2024-10-14T14:01:00.000+02:00,888.16,27.46,36.7,0.0,70.09,1,1,2.0,2.0
2024-10-14T14:02:00.000+02:00,891.79,27.46,36.78,0.0,70.09,1,1,2.0,2.0
2024-10-14T14:03:00.000+02:00,893.58,27.45,36.85,0.0,70.09,1,1,1.0,1.0
2024-10-14T14:04:00.000+02:00,894.19,27.43,36.92,0.0,70.09,1,1,1.0,1.0
2024-10-14T14:05:00.000+02:00,894.39,27.41,36.98,0.0,70.09,1,1,1.0,1.0
2024-10-14T14:06:00.000+02:00,894.55,27.39,37.04,0.0,70.09,1,1,1.0,1.0
2024-10-14T14:07:00.000+02:00,894.74,27.37,37.09,0.0,70.09,1,1,1.0,1.0
2024-10-14T14:08:00.000+02:00,894.98,27.35,37.14,0.0,70.09,1,1,1.0,1.0
2024-10-14T14:09:00.000+02:00,895.22,27.34,37.18,0.0,70.09,1,1,1.0,1.0
2024-10-14T14:10:00.000+02:00,895.47,27.32,37.22,0.0,70.09,1,1,1.0,1.0
2024-10-14T14:11:00.000+02:00,895.72,27.31,37.26,0.0,70.09,1,1,1.0,1.0
2024-10-14T14:12:00.000+02:00,895.97,27.3,37.3,0.0,70.09,1,1,1.0,1.0
2024-10-14T14:13:00.000+02:00,896.21,27.29,37.34,0.0,70.09,1,1,1.0,1.0
2024-10-14T14:14:00.000+02:00,896.45,27.28,37.37,0.0,70.09,1,1,1.0,1.0
2024-10-14T14:15:00.000+02:00,896.69,27.27,37.4,0.0,70.09,1,1,1.0,1.0
2024-10-14T14:16:00.000+02:00,896.93,27.26,37.43,0.0,70.09,1,1,1.0,1.0
2024-10-14T14:17:00.000+02:00,897.17,27.26,37.46,0.0,70.09,1,1,1.0,1.0
2024-10-14T14:18:00.000+02:00,897.41,27.25,37.49,0.0,70.09,1,1,1.0,1.0
2024-10-14T14:19:00.000+02:00,897.64,27.24,37.52,0.0,70.09,1,1,1.0,1.0
2024-10-14T14:20:00.000+02:00,897.88,27.24,37.55,0.0,70.09,1,1,1.0,1.0
2024-10-14T14:21:00.000+02:00,898.11,27.23,37.57,0.0,70.09,1,1,1.0,1.0
2024-10-14T14:22:00.000+02:00,898.34,27.23,37.6,0.0,70.09,1,1,1.0,1.0
2024-10-14T14:23:00.000+02:00,898.57,27.22,37.62,0.0,70.09,1,1,1.0,1.0
2024-10-14T14:24:00.000+02:00,898.8,27.22,37.65,0.0,70.09,1,1,1.0,1.0
2024-10-14T14:25:00.000+02:00,899.03,27.21,37.67,0.0,70.09,1,1,1.0,1.0
2024-10-14T14:26:00.000+02:00,899.26,27.21,37.69,0.0,70.09,1,1,1.0,1.0
2024-10-14T14:27:00.000+02:00,899.49,27.2,37.71,0.0,70.09,1,1,1.0,1.0
2024-10-14T14:28:00.000+02:00,899.71,27.2,37.74,0.0,70.09,1,1,1.0,1.0
2024-10-14T14:29:00.000+02:00,899.94,27.2,37.76,0.0,70.09,1,1,1.0,1.0
2024-10-14T14:30:00.000+02:00,900.16,27.19,37.78,0.0,70.09,1,1,1.0,1.0
2024-10-14T14:31:00.000+02:00,900.38,27.19,37.8,0.0,70.09,1,1,1.0,1.0
2024-10-14T14:32:00.000+02:00,900.6,27.19,37.82,0.0,70.09,1,1,1.0,1.0
2024-10-14T14:33:00.000+02:00,900.82,27.19,37.84,0.0,70.09,1,1,1.0,1.0
2024-10-14T14:34:00.000+02:00,901.04,27.18,37.86,0.0,70.09,1,1,1.0,1.0
2024-10-14T14:35:00.000+02:00,901.26,27.18,37.89,0.0,70.09,1,1,1.0,1.0
2024-10-14T14:36:00.000+02:00,901.47,27.18,37.91,0.0,70.09,1,1,1.0,1.0
2024-10-14T14:37:00.000+02:00,901.69,27.17,37.93,0.0,70.09,1,1,1.0,1.0
2024-10-14T14:38:00.000+02:00,901.9,27.17,37.95,0.0,70.09,1,1,1.0,1.0
2024-10-14T14:39:00.000+02:00,902.11,27.17,37.97,0.0,70.09,1,1,1.0,1.0
2024-10-14T14:40:00.000+02:00,902.32,27.16,37.99,0.0,70.09,1,1,1.0,1.0
2024-10-14T14:41:00.000+02:00,902.53,27.16,38.01,0.0,70.09,1,1,1.0,1.0
2024-10-14T14:42:00.000+02:00,902.74,27.16,38.03,0.0,70.09,1,1,1.0,1.0
2024-10-14T14:43:00.000+02:00,902.95,27.16,38.06,0.0,70.09,1,1,1.0,1.0
2024-10-14T14:44:00.000+02:00,903.16,27.15,38.08,0.0,70.09,1,1,1.0,1.0
2024-10-14T14:45:00.000+02:00,903.36,27.15,38.1,0.0,70.09,1,1,1.0,1.0
2024-10-14T14:46:00.000+02:00,903.57,27.15,38.12,0.0,70.09,1,1,1.0,1.0
2024-10-14T14:47:00.000+02:00,903.77,27.15,38.14,0.0,70.09,1,1,1.0,1.0
2024-10-14T14:48:00.000+02:00,903.98,27.14,38.16,0.0,70.09,1,1,1.0,1.0
2024-10-14T14:49:00.000+02:00,904.18,27.14,38.18,0.0,70.09,1,1,1.0,1.0
2024-10-14T14:50:00.000+02:00,904.38,27.14,38.2,0.0,70.09,1,1,1.0,1.0
2024-10-14T14:51:00.000+02:00,904.58,27.14,38.22,0.0,70.09,1,1,1.0,1.0
2024-10-14T14:52:00.000+02:00,904.78,27.13,38.24,0.0,70.09,1,1,1.0,1.0
2024-10-14T14:53:00.000+02:00,904.97,27.13,38.26,0.0,70.09,1,1,1.0,1.0
2024-10-14T14:54:00.000+02:00,905.17,27.13,38.29,0.0,70.09,1,1,1.0,1.0
2024-10-14T14:55:00.000+02:00,905.37,27.13,38.31,0.0,70.09,1,1,1.0,1.0
2024-10-14T14:56:00.000+02:00,905.56,27.13,38.33,0.0,70.09,1,1,1.0,1.0
2024-10-14T14:57:00.000+02:00,905.75,27.12,38.35,0.0,70.09,1,1,1.0,1.0
2024-10-14T14:58:00.000+02:00,905.95,27.12,38.37,0.0,70.09,1,1,1.0,1.0
2024-10-14T14:59:00.000+02:00,906.14,27.12,38.39,0.0,70.09,1,1,1.0,1.0
2024-10-14T15:00:00.000+02:00,906.33,27.12,38.41,0.0,70.09,1,1,1.0,1.0
2024-10-14T15:01:00.000+02:00,906.52,27.11,38.43,0.0,70.09,1,1,1.0,1.0
2024-10-14T15:02:00.000+02:00,906.71,27.11,38.46,0.0,70.09,1,1,1.0,1.0
2024-10-14T15:03:00.000+02:00,906.89,27.11,38.48,0.0,70.09,1,1,1.0,1.0
2024-10-14T15:04:00.000+02:00,907.08,27.11,38.5,0.0,70.09,1,1,1.0,1.0
2024-10-14T15:05:00.000+02:00,907.27,27.11,38.52,0.0,70.09,1,1,1.0,1.0
2024-10-14T15:06:00.000+02:00,907.45,27.1,38.54,0.0,70.09,1,1,1.0,1.0
2024-10-14T15:07:00.000+02:00,907.63,27.1,38.56,0.0,70.09,1,1,1.0,1.0
2024-10-14T15:08:00.000+02:00,907.82,27.1,38.59,0.0,70.09,1,1,1.0,1.0
2024-10-14T15:09:00.000+02:00,908.0,27.1,38.61,0.0,70.09,1,1,1.0,1.0
2024-10-14T15:10:00.000+02:00,908.18,27.09,38.63,0.0,70.09,1,1,1.0,1.0
2024-10-14T15:11:00.000+02:00,908.36,27.09,38.65,0.0,70.09,1,1,1.0,1.0
2024-10-14T15:12:00.000+02:00,908.54,27.09,38.67,0.0,70.09,1,1,1.0,1.0
2024-10-14T15:13:00.000+02:00,908.72,27.09,38.69,0.0,70.09,1,1,1.0,1.0
2024-10-14T15:14:00.000+02:00,908.89,27.09,38.72,0.0,70.09,1,1,1.0,1.0
2024-10-14T15:15:00.000+02:00,907.24,27.07,38.74,0.0,70.09,0,1,0.0,
2024-10-14T15:16:00.000+02:00,904.44,27.04,38.75,0.0,70.09,0,1,0.0,
2024-10-14T15:17:00.000+02:00,901.25,27.02,38.76,0.0,70.09,0,1,0.0,
2024-10-14T15:18:00.000+02:00,898.03,26.99,38.77,0.0,70.09,0,1,0.0,
2024-10-14T15:19:00.000+02:00,894.87,26.97,38.77,0.0,70.09,0,1,0.0,
2024-10-14T15:20:00.000+02:00,891.76,26.95,38.77,0.0,70.09,0,1,0.0,
2024-10-14T15:21:00.000+02:00,888.69,26.93,38.76,0.0,70.09,0,1,0.0,
2024-10-14T15:22:00.000+02:00,885.63,26.92,38.75,0.0,70.09,0,1,0.0,
2024-10-14T15:23:00.000+02:00,884.42,26.91,38.75,0.0,70.09,1,1,1.0,
2024-10-14T15:24:00.000+02:00,884.37,26.92,38.74,0.0,70.09,1,1,1.0,
2024-10-14T15:25:00.000+02:00,884.73,26.93,38.74,0.0,70.09,1,1,1.0,
2024-10-14T15:26:00.000+02:00,885.14,26.94,38.74,0.0,70.09,1,1,1.0,
2024-10-14T15:27:00.000+02:00,885.5,26.95,38.74,0.0,70.09,1,1,1.0,
2024-10-14T15:28:00.000+02:00,885.82,26.96,38.74,0.0,70.09,1,1,1.0,
2024-10-14T15:29:00.000+02:00,886.12,26.96,38.75,0.0,70.09,1,1,1.0,
2024-10-14T15:30:00.000+02:00,886.42,26.97,38.76,0.0,70.09,1,1,1.0,
2024-10-14T15:31:00.000+02:00,886.72,26.97,38.77,0.0,70.09,1,1,1.0,
2024-10-14T15:32:00.000+02:00,887.02,26.98,38.78,0.0,70.09,1,1,1.0,
2024-10-14T15:33:00.000+02:00,887.32,26.98,38.79,0.0,70.09,1,1,1.0,
2024-10-14T15:34:00.000+02:00,887.61,26.98,38.81,0.0,70.09,1,1,1.0,
2024-10-14T15:35:00.000+02:00,887.91,26.99,38.82,0.0,70.09,1,1,1.0,
2024-10-14T15:36:00.000+02:00,888.2,26.99,38.84,0.0,70.09,1,1,1.0,
2024-10-14T15:37:00.000+02:00,888.49,26.99,38.86,0.0,70.09,1,1,1.0,
2024-10-14T15:38:00.000+02:00,888.78,26.99,38.88,0.0,70.09,1,1,1.0,
2024-10-14T15:39:00.000+02:00,889.06,26.99,38.89,0.0,70.09,1,1,1.0,
2024-10-14T15:40:00.000+02:00,889.35,26.99,38.91,0.0,70.09,1,1,1.0,
2024-10-14T15:41:00.000+02:00,889.63,26.99,38.93,0.0,70.09,1,1,1.0,
2024-10-14T15:42:00.000+02:00,889.92,26.99,38.96,0.0,70.09,1,1,1.0,
2024-10-14T15:43:00.000+02:00,890.2,26.99,38.98,0.0,70.09,1,1,1.0,
2024-10-14T15:44:00.000+02:00,890.48,26.99,39.0,0.0,70.09,1,1,1.0,
2024-10-14T15:45:00.000+02:00,890.76,26.99,39.02,0.0,70.09,1,1,1.0,
2024-10-14T15:46:00.000+02:00,891.03,26.99,39.04,0.0,70.09,1,1,1.0,
2024-10-14T15:47:00.000+02:00,891.31,26.99,39.07,0.0,70.09,1,1,1.0,
2024-10-14T15:48:00.000+02:00,891.58,26.99,39.09,0.0,70.09,1,1,1.0,
2024-10-14T15:49:00.000+02:00,891.85,26.99,39.11,0.0,70.09,1,1,1.0,
2024-10-14T15:50:00.000+02:00,892.13,26.99,39.14,0.0,70.09,1,1,1.0,
2024-10-14T15:51:00.000+02:00,892.39,26.99,39.16,0.0,70.09,1,1,1.0,
2024-10-14T15:52:00.000+02:00,892.66,26.99,39.19,0.0,70.09,1,1,1.0,
2024-10-14T15:53:00.000+02:00,892.93,26.98,39.21,0.0,70.09,1,1,1.0,
2024-10-14T15:54:00.000+02:00,893.19,26.98,39.23,0.0,70.09,1,1,1.0,
2024-10-14T15:55:00.000+02:00,893.46,26.98,39.26,0.0,70.09,1,1,1.0,
2024-10-14T15:56:00.000+02:00,893.72,26.98,39.28,0.0,70.09,1,1,1.0,
2024-10-14T15:57:00.000+02:00,893.98,26.98,39.31,0.0,70.09,1,1,1.0,
2024-10-14T15:58:00.000+02:00,894.24,26.98,39.34,0.0,70.09,1,1,1.0,
2024-10-14T15:59:00.000+02:00,894.5,26.98,39.36,0.0,70.09,1,1,1.0,
2024-10-14T16:00:00.000+02:00,894.75,26.97,39.39,0.0,70.09,1,1,1.0,
2024-10-14T16:01:00.000+02:00,895.01,26.97,39.41,0.0,70.09,1,1,1.0,
2024-10-14T16:02:00.000+02:00,895.26,26.97,39.44,0.0,70.09,1,1,1.0,1.0
2024-10-14T16:03:00.000+02:00,895.52,26.97,39.46,0.0,70.09,1,1,1.0,1.0
2024-10-14T16:04:00.000+02:00,895.77,26.97,39.49,0.0,70.09,1,1,1.0,1.0
2024-10-14T16:05:00.000+02:00,896.02,26.97,39.52,0.0,70.09,1,1,1.0,1.0
2024-10-14T16:06:00.000+02:00,896.27,26.96,39.54,0.0,70.09,1,1,1.0,1.0
2024-10-14T16:07:00.000+02:00,896.51,26.96,39.57,0.0,70.09,1,1,1.0,1.0
2024-10-14T16:08:00.000+02:00,896.76,26.96,39.6,0.0,70.09,1,1,1.0,1.0
2024-10-14T16:09:00.000+02:00,897.0,26.96,39.62,0.0,70.09,1,1,1.0,1.0
2024-10-14T16:10:00.000+02:00,897.25,26.96,39.65,0.0,70.09,1,1,1.0,1.0
2024-10-14T16:11:00.000+02:00,897.49,26.96,39.68,0.0,70.09,1,1,1.0,1.0
2024-10-14T16:12:00.000+02:00,897.73,26.95,39.7,0.0,70.09,1,1,1.0,1.0
2024-10-14T16:13:00.000+02:00,897.97,26.95,39.73,0.0,70.09,1,1,1.0,1.0
2024-10-14T16:14:00.000+02:00,898.21,26.95,39.76,0.0,70.09,1,1,1.0,1.0
2024-10-14T16:15:00.000+02:00,898.44,26.95,39.78,0.0,70.09,1,1,1.0,1.0
2024-10-14T16:16:00.000+02:00,898.68,26.95,39.81,0.0,70.09,1,1,1.0,1.0
2024-10-14T16:17:00.000+02:00,898.91,26.94,39.84,0.0,70.09,1,1,1.0,1.0
2024-10-14T16:18:00.000+02:00,899.15,26.94,39.87,0.0,70.09,1,1,1.0,1.0
2024-10-14T16:19:00.000+02:00,899.38,26.94,39.89,0.0,70.09,1,1,1.0,1.0
2024-10-14T16:20:00.000+02:00,899.61,26.94,39.92,0.0,70.09,1,1,1.0,1.0
2024-10-14T16:21:00.000+02:00,899.84,26.94,39.95,0.0,70.09,1,1,1.0,1.0
2024-10-14T16:22:00.000+02:00,900.07,26.93,39.98,0.0,70.09,1,1,1.0,1.0
2024-10-14T16:23:00.000+02:00,900.29,26.93,40.0,0.0,70.09,1,1,1.0,1.0
2024-10-14T16:24:00.000+02:00,900.52,26.93,40.03,0.0,70.09,1,1,1.0,1.0
2024-10-14T16:25:00.000+02:00,900.75,26.93,40.06,0.0,70.09,1,1,1.0,1.0
2024-10-14T16:26:00.000+02:00,900.97,26.92,40.09,0.0,70.09,1,1,1.0,1.0
2024-10-14T16:27:00.000+02:00,901.19,26.92,40.11,0.0,70.09,1,1,1.0,1.0
2024-10-14T16:28:00.000+02:00,901.41,26.92,40.14,0.0,70.09,1,1,1.0,1.0
2024-10-14T16:29:00.000+02:00,901.63,26.92,40.17,0.0,70.09,1,1,1.0,1.0
2024-10-14T16:30:00.000+02:00,901.85,26.92,40.2,0.0,70.09,1,1,1.0,1.0
2024-10-14T16:31:00.000+02:00,902.07,26.91,40.23,0.0,70.09,1,1,1.0,1.0
2024-10-14T16:32:00.000+02:00,902.28,26.91,40.26,0.0,70.09,1,1,1.0,1.0
2024-10-14T16:33:00.000+02:00,902.5,26.91,40.28,0.0,70.09,1,1,1.0,1.0
2024-10-14T16:34:00.000+02:00,902.71,26.91,40.31,0.0,70.09,1,1,1.0,1.0
2024-10-14T16:35:00.000+02:00,902.93,26.91,40.34,0.0,70.09,1,1,1.0,1.0
2024-10-14T16:36:00.000+02:00,903.14,26.9,40.37,0.0,70.09,1,1,1.0,1.0
2024-10-14T16:37:00.000+02:00,903.35,26.9,40.4,0.0,70.09,1,1,1.0,1.0
2024-10-14T16:38:00.000+02:00,903.56,26.9,40.42,0.0,70.09,1,1,1.0,1.0
2024-10-14T16:39:00.000+02:00,903.77,26.9,40.45,0.0,70.09,1,1,1.0,1.0
2024-10-14T16:40:00.000+02:00,903.98,26.9,40.48,0.0,70.09,1,1,1.0,1.0
2024-10-14T16:41:00.000+02:00,904.18,26.89,40.51,0.0,70.09,1,1,1.0,1.0
2024-10-14T16:42:00.000+02:00,904.39,26.89,40.54,0.0,70.09,1,1,1.0,1.0
2024-10-14T16:43:00.000+02:00,904.59,26.89,40.56,0.0,70.09,1,1,1.0,1.0
2024-10-14T16:44:00.000+02:00,904.79,26.89,40.59,0.0,70.09,1,1,1.0,1.0
2024-10-14T16:45:00.000+02:00,905.0,26.89,40.62,0.0,70.09,1,1,1.0,1.0
2024-10-14T16:46:00.000+02:00,905.2,26.88,40.65,0.0,70.09,1,1,1.0,1.0
2024-10-14T16:47:00.000+02:00,905.4,26.88,40.67,0.0,70.09,1,1,1.0,1.0
2024-10-14T16:48:00.000+02:00,905.6,26.88,40.7,0.0,70.09,1,1,1.0,1.0
2024-10-14T16:49:00.000+02:00,905.79,26.88,40.73,0.0,70.09,1,1,1.0,1.0
2024-10-14T16:50:00.000+02:00,905.99,26.88,40.76,0.0,70.09,1,1,1.0,1.0
2024-10-14T16:51:00.000+02:00,906.19,26.88,40.79,0.0,70.09,1,1,1.0,1.0
2024-10-14T16:52:00.000+02:00,906.38,26.87,40.81,0.0,70.09,1,1,1.0,
2024-10-14T16:53:00.000+02:00,906.57,26.87,40.84,0.0,70.09,1,1,1.0,
2024-10-14T16:54:00.000+02:00,906.77,26.87,40.87,0.0,70.09,1,1,1.0,
2024-10-14T16:55:00.000+02:00,906.96,26.87,40.9,0.0,70.09,1,1,1.0,
2024-10-14T16:56:00.000+02:00,907.15,26.87,40.92,0.0,70.09,1,1,1.0,
2024-10-14T16:57:00.000+02:00,907.34,26.87,40.95,0.0,70.09,1,1,1.0,
2024-10-14T16:58:00.000+02:00,907.53,26.86,40.98,0.0,70.09,1,1,1.0,
2024-10-14T16:59:00.000+02:00,907.71,26.86,41.01,0.0,70.09,1,1,1.0,
2024-10-14T17:00:00.000+02:00,907.9,26.86,41.04,0.0,70.09,1,1,1.0,
2024-10-14T17:01:00.000+02:00,908.09,26.86,41.06,0.0,70.09,1,1,1.0,
2024-10-14T17:02:00.000+02:00,908.27,26.86,41.09,0.0,70.09,1,1,1.0,
2024-10-14T17:03:00.000+02:00,908.45,26.86,41.12,0.0,70.09,1,1,1.0,
2024-10-14T17:04:00.000+02:00,908.63,26.85,41.15,0.0,70.09,1,1,1.0,
2024-10-14T17:05:00.000+02:00,908.81,26.85,41.17,0.0,70.09,1,1,1.0,
2024-10-14T17:06:00.000+02:00,908.99,26.85,41.2,0.0,70.09,1,1,1.0,
2024-10-14T17:07:00.000+02:00,909.17,26.85,41.23,0.0,70.09,1,1,1.0,
2024-10-14T17:08:00.000+02:00,909.35,26.85,41.25,0.0,70.09,1,1,1.0,
2024-10-14T17:09:00.000+02:00,909.52,26.84,41.28,0.0,70.09,1,1,1.0,
2024-10-14T17:10:00.000+02:00,907.88,26.83,41.31,0.0,70.09,0,1,0.0,
2024-10-14T17:11:00.000+02:00,905.07,26.8,41.33,0.0,70.09,0,1,0.0,
2024-10-14T17:12:00.000+02:00,901.88,26.77,41.35,0.0,70.09,0,1,0.0,
2024-10-14T17:13:00.000+02:00,898.65,26.75,41.36,0.0,70.09,0,1,0.0,
2024-10-14T17:14:00.000+02:00,895.49,26.73,41.37,0.0,70.09,0,1,0.0,
2024-10-14T17:15:00.000+02:00,892.38,26.71,41.38,0.0,70.09,0,1,0.0,
2024-10-14T17:16:00.000+02:00,889.3,26.69,41.38,0.0,70.09,0,1,0.0,
2024-10-14T17:17:00.000+02:00,886.25,26.67,41.38,0.0,70.09,0,1,0.0,
2024-10-14T17:18:00.000+02:00,883.21,26.65,41.38,0.0,70.09,0,1,0.0,
2024-10-14T17:19:00.000+02:00,880.18,26.64,41.37,0.0,70.09,0,1,0.0,
2024-10-14T17:20:00.000+02:00,877.17,26.62,41.36,0.0,70.09,0,1,0.0,
2024-10-14T17:21:00.000+02:00,874.18,26.61,41.35,0.0,70.09,0,1,0.0,
2024-10-14T17:22:00.000+02:00,871.2,26.6,41.34,0.0,70.09,0,1,0.0,
2024-10-14T17:23:00.000+02:00,868.24,26.58,41.32,0.0,70.09,0,1,0.0,
2024-10-14T17:24:00.000+02:00,865.29,26.57,41.31,0.0,70.09,0,1,0.0,
2024-10-14T17:25:00.000+02:00,862.37,26.56,41.29,0.0,70.09,0,1,0.0,
2024-10-14T17:26:00.000+02:00,859.45,26.55,41.27,0.0,70.09,0,1,0.0,
2024-10-14T17:27:00.000+02:00,856.56,26.54,41.25,0.0,70.09,0,1,0.0,
2024-10-14T17:28:00.000+02:00,853.67,26.53,41.23,0.0,70.09,0,1,0.0,
2024-10-14T17:29:00.000+02:00,850.81,26.52,41.21,0.0,70.09,0,1,0.0,
2024-10-14T17:30:00.000+02:00,847.96,26.51,41.19,0.0,70.09,0,1,0.0,
2024-10-14T17:31:00.000+02:00,845.12,26.5,41.17,0.0,70.09,0,1,0.0,
2024-10-14T17:32:00.000+02:00,842.3,26.49,41.14,0.0,70.09,0,1,0.0,
2024-10-14T17:33:00.000+02:00,839.5,26.49,41.12,0.0,70.09,0,1,0.0,
2024-10-14T17:34:00.000+02:00,836.71,26.48,41.09,0.0,70.09,0,1,0.0,
2024-10-14T17:35:00.000+02:00,833.94,26.47,41.07,0.0,70.09,0,1,0.0,
2024-10-14T17:36:00.000+02:00,831.18,26.46,41.04,0.0,70.09,0,1,0.0,
2024-10-14T17:37:00.000+02:00,828.43,26.46,41.02,0.0,70.09,0,1,0.0,
2024-10-14T17:38:00.000+02:00,825.7,26.45,40.99,0.0,70.09,0,1,0.0,
2024-10-14T17:39:00.000+02:00,822.99,26.44,40.96,0.0,70.09,0,1,0.0,
2024-10-14T17:40:00.000+02:00,820.29,26.44,40.93,0.0,70.09,0,1,0.0,
2024-10-14T17:41:00.000+02:00,817.61,26.43,40.9,0.0,70.09,0,1,0.0,
2024-10-14T17:42:00.000+02:00,814.94,26.43,40.88,0.0,70.09,0,1,0.0,
2024-10-14T17:43:00.000+02:00,812.28,26.42,40.85,0.0,70.09,0,1,0.0,
2024-10-14T17:44:00.000+02:00,809.64,26.41,40.82,0.0,70.09,0,1,0.0,
2024-10-14T17:45:00.000+02:00,807.01,26.41,40.79,0.0,70.09,0,1,0.0,
2024-10-14T17:46:00.000+02:00,804.4,26.4,40.76,0.0,70.09,0,1,0.0,
2024-10-14T17:47:00.000+02:00,801.8,26.4,40.73,0.0,70.09,0,1,0.0,
2024-10-14T17:48:00.000+02:00,799.21,26.39,40.7,0.0,70.09,0,1,0.0,
2024-10-14T17:49:00.000+02:00,796.64,26.39,40.67,0.0,70.09,0,1,0.0,
2024-10-14T17:50:00.000+02:00,794.09,26.38,40.64,0.0,70.09,0,0,0.0,0.0
2024-10-14T17:51:00.000+02:00,791.54,26.38,40.61,0.0,70.09,0,0,0.0,0.0
2024-10-14T17:52:00.000+02:00,789.01,26.37,40.57,0.0,70.09,0,0,0.0,0.0
2024-10-14T17:53:00.000+02:00,786.5,26.37,40.54,0.0,70.09,0,0,0.0,0.0
2024-10-14T17:54:00.000+02:00,784.0,26.36,40.51,0.0,70.09,0,0,0.0,0.0
2024-10-14T17:55:00.000+02:00,781.51,26.36,40.48,0.0,70.09,0,0,0.0,0.0
2024-10-14T17:56:00.000+02:00,779.03,26.35,40.45,0.0,70.09,0,0,0.0,0.0
2024-10-14T17:57:00.000+02:00,776.57,26.35,40.42,0.0,70.09,0,0,0.0,0.0
2024-10-14T17:58:00.000+02:00,774.12,26.34,40.38,0.0,70.09,0,0,0.0,0.0
2024-10-14T17:59:00.000+02:00,771.69,26.34,40.35,0.0,70.09,0,0,0.0,0.0
2024-10-14T18:00:00.000+02:00,769.27,26.33,40.32,0.0,70.09,0,0,0.0,0.0
2024-10-14T18:01:00.000+02:00,768.68,26.35,40.29,0.0,70.09,1,1,1.0,1.0
2024-10-14T18:02:00.000+02:00,769.26,26.37,40.25,0.0,70.09,1,1,1.0,
2024-10-14T18:03:00.000+02:00,770.25,26.39,40.22,0.0,70.09,1,1,1.0,
2024-10-14T18:04:00.000+02:00,771.27,26.41,40.2,0.0,70.09,1,1,1.0,
2024-10-14T18:05:00.000+02:00,772.25,26.43,40.18,0.0,70.09,1,1,1.0,
2024-10-14T18:06:00.000+02:00,773.18,26.44,40.16,0.0,70.09,1,1,1.0,
2024-10-14T18:07:00.000+02:00,774.1,26.46,40.14,0.0,70.09,1,1,1.0,
2024-10-14T18:08:00.000+02:00,775.0,26.47,40.13,0.0,70.09,1,1,1.0,
2024-10-14T18:09:00.000+02:00,775.9,26.48,40.12,0.0,70.09,1,1,1.0,
2024-10-14T18:10:00.000+02:00,776.8,26.5,40.12,0.0,70.09,1,1,1.0,
2024-10-14T18:11:00.000+02:00,777.69,26.51,40.12,0.0,70.09,1,1,1.0,
2024-10-14T18:12:00.000+02:00,778.58,26.51,40.12,0.0,70.09,1,1,1.0,
2024-10-14T18:13:00.000+02:00,779.46,26.52,40.12,0.0,70.09,1,1,1.0,
2024-10-14T18:14:00.000+02:00,780.34,26.53,40.12,0.0,70.09,1,1,1.0,
2024-10-14T18:15:00.000+02:00,781.21,26.54,40.12,0.0,70.09,1,1,1.0,
2024-10-14T18:16:00.000+02:00,782.08,26.54,40.13,0.0,70.09,1,1,1.0,
2024-10-14T18:17:00.000+02:00,782.94,26.55,40.14,0.0,70.09,1,1,1.0,
2024-10-14T18:18:00.000+02:00,783.8,26.55,40.15,0.0,70.09,1,1,1.0,
2024-10-14T18:19:00.000+02:00,784.65,26.55,40.16,0.0,70.09,1,1,1.0,
2024-10-14T18:20:00.000+02:00,785.5,26.56,40.17,0.0,70.09,1,1,1.0,
2024-10-14T18:21:00.000+02:00,786.34,26.56,40.18,0.0,70.09,1,1,1.0,
2024-10-14T18:22:00.000+02:00,787.18,26.56,40.19,0.0,70.09,1,1,1.0,
2024-10-14T18:23:00.000+02:00,788.01,26.56,40.21,0.0,70.09,1,1,1.0,
2024-10-14T18:24:00.000+02:00,788.84,26.57,40.22,0.0,70.09,1,1,1.0,
2024-10-14T18:25:00.000+02:00,789.66,26.57,40.23,0.0,70.09,1,1,1.0,
2024-10-14T18:26:00.000+02:00,790.48,26.57,40.25,0.0,70.09,1,1,1.0,
2024-10-14T18:27:00.000+02:00,791.29,26.57,40.26,0.0,70.09,1,1,1.0,
2024-10-14T18:28:00.000+02:00,792.1,26.57,40.28,0.0,70.09,1,1,1.0,
2024-10-14T18:29:00.000+02:00,792.91,26.57,40.3,0.0,70.09,1,1,1.0,
2024-10-14T18:30:00.000+02:00,793.71,26.57,40.31,0.0,70.09,1,1,1.0,
2024-10-14T18:31:00.000+02:00,794.5,26.57,40.33,0.0,70.09,1,1,1.0,
2024-10-14T18:32:00.000+02:00,795.29,26.57,40.35,0.0,70.09,1,1,1.0,
2024-10-14T18:33:00.000+02:00,796.08,26.57,40.36,0.0,70.09,1,1,1.0,
2024-10-14T18:34:00.000+02:00,796.86,26.57,40.38,0.0,70.09,1,1,1.0,
2024-10-14T18:35:00.000+02:00,797.64,26.57,40.4,0.0,70.09,1,1,1.0,
2024-10-14T18:36:00.000+02:00,798.41,26.57,40.41,0.0,70.09,1,1,1.0,
2024-10-14T18:37:00.000+02:00,799.18,26.56,40.43,0.0,70.09,1,1,1.0,
2024-10-14T18:38:00.000+02:00,799.95,26.56,40.45,0.0,70.09,1,1,1.0,
2024-10-14T18:39:00.000+02:00,800.71,26.56,40.46,0.0,70.09,1,1,1.0,
2024-10-14T18:40:00.000+02:00,801.46,26.56,40.48,0.0,70.09,1,1,1.0,
2024-10-14T18:41:00.000+02:00,802.21,26.56,40.5,0.0,70.09,1,1,1.0,
2024-10-14T18:42:00.000+02:00,802.96,26.56,40.52,0.0,70.09,1,1,1.0,
2024-10-14T18:43:00.000+02:00,803.7,26.56,40.53,0.0,70.09,1,1,1.0,
2024-10-14T18:44:00.000+02:00,804.44,26.56,40.55,0.0,70.09,1,1,1.0,
2024-10-14T18:45:00.000+02:00,805.18,26.55,40.57,0.0,70.09,1,1,1.0,
2024-10-14T18:46:00.000+02:00,805.91,26.55,40.58,0.0,70.09,1,1,1.0,
2024-10-14T18:47:00.000+02:00,806.63,26.55,40.6,0.0,70.09,1,1,1.0,
2024-10-14T18:48:00.000+02:00,807.36,26.55,40.62,0.0,70.09,1,1,1.0,
2024-10-14T18:49:00.000+02:00,808.07,26.55,40.63,0.0,70.09,1,1,1.0,
2024-10-14T18:50:00.000+02:00,808.79,26.55,40.65,0.0,70.09,1,1,1.0,
2024-10-14T18:51:00.000+02:00,809.5,26.54,40.67,0.0,70.09,1,1,1.0,
2024-10-14T18:52:00.000+02:00,810.2,26.54,40.68,0.0,70.09,1,1,1.0,
2024-10-14T18:53:00.000+02:00,810.91,26.54,40.7,0.0,70.09,1,1,1.0,
2024-10-14T18:54:00.000+02:00,811.6,26.54,40.71,0.0,70.09,1,1,1.0,
2024-10-14T18:55:00.000+02:00,812.3,26.54,40.73,0.0,70.09,1,1,1.0,
2024-10-14T18:56:00.000+02:00,812.99,26.53,40.74,0.0,70.09,1,1,1.0,
2024-10-14T18:57:00.000+02:00,813.67,26.53,40.76,0.0,70.09,1,1,1.0,
2024-10-14T18:58:00.000+02:00,814.35,26.53,40.77,0.0,70.09,1,1,1.0,
2024-10-14T18:59:00.000+02:00,815.03,26.53,40.79,0.0,70.09,1,1,1.0,
2024-10-14T19:00:00.000+02:00,815.71,26.53,40.8,0.0,70.09,1,1,1.0,
2024-10-14T19:01:00.000+02:00,816.38,26.52,40.82,0.0,70.09,1,1,1.0,
2024-10-14T19:02:00.000+02:00,817.04,26.52,40.83,0.0,70.09,1,1,1.0,
2024-10-14T19:03:00.000+02:00,817.71,26.52,40.85,0.0,70.09,1,1,1.0,
2024-10-14T19:04:00.000+02:00,818.36,26.52,40.86,0.0,70.09,1,1,1.0,
2024-10-14T19:05:00.000+02:00,819.02,26.52,40.88,0.0,70.09,1,1,1.0,
2024-10-14T19:06:00.000+02:00,819.67,26.51,40.89,0.0,70.09,1,1,1.0,
2024-10-14T19:07:00.000+02:00,820.32,26.51,40.9,0.0,70.09,1,1,1.0,
2024-10-14T19:08:00.000+02:00,820.96,26.51,40.92,0.0,70.09,1,1,1.0,
2024-10-14T19:09:00.000+02:00,819.78,26.49,40.93,0.0,70.09,0,1,0.0,
2024-10-14T19:10:00.000+02:00,817.44,26.47,40.95,0.0,70.09,0,1,0.0,
2024-10-14T19:11:00.000+02:00,814.71,26.44,40.95,0.0,70.09,0,1,0.0,
2024-10-14T19:12:00.000+02:00,811.94,26.41,40.96,0.0,70.09,0,1,0.0,
2024-10-14T19:13:00.000+02:00,809.23,26.39,40.96,0.0,70.09,0,1,0.0,
2024-10-14T19:14:00.000+02:00,806.58,26.37,40.96,0.0,70.09,0,1,0.0,
2024-10-14T19:15:00.000+02:00,803.95,26.35,40.95,0.0,70.09,0,1,0.0,
2024-10-14T19:16:00.000+02:00,801.34,26.33,40.94,0.0,70.09,0,1,0.0,
2024-10-14T19:17:00.000+02:00,798.75,26.31,40.93,0.0,70.09,0,1,0.0,
2024-10-14T19:18:00.000+02:00,796.17,26.29,40.91,0.0,70.09,0,1,0.0,
2024-10-14T19:19:00.000+02:00,793.6,26.28,40.9,0.0,70.09,0,1,0.0,
2024-10-14T19:20:00.000+02:00,791.05,26.26,40.88,0.0,70.09,0,1,0.0,
2024-10-14T19:21:00.000+02:00,788.51,26.25,40.86,0.0,70.09,0,1,0.0,
2024-10-14T19:22:00.000+02:00,785.98,26.24,40.83,0.0,70.09,0,1,0.0,
2024-10-14T19:23:00.000+02:00,783.47,26.22,40.81,0.0,70.09,0,1,0.0,
2024-10-14T19:24:00.000+02:00,780.97,26.21,40.78,0.0,70.09,0,1,0.0,
2024-10-14T19:25:00.000+02:00,778.48,26.2,40.76,0.0,70.09,0,1,0.0,
2024-10-14T19:26:00.000+02:00,777.84,26.21,40.72,0.0,70.09,1,1,1.0,
2024-10-14T19:27:00.000+02:00,778.35,26.22,40.69,0.0,70.09,1,1,1.0,
2024-10-14T19:28:00.000+02:00,779.28,26.24,40.66,0.0,70.09,1,1,1.0,
2024-10-14T19:29:00.000+02:00,780.24,26.25,40.64,0.0,70.09,1,1,1.0,
2024-10-14T19:30:00.000+02:00,781.16,26.27,40.61,0.0,70.09,1,1,1.0,
2024-10-14T19:31:00.000+02:00,782.03,26.28,40.59,0.0,70.09,1,1,1.0,
2024-10-14T19:32:00.000+02:00,782.88,26.29,40.58,0.0,70.09,1,1,1.0,
2024-10-14T19:33:00.000+02:00,783.73,26.3,40.56,0.0,70.09,1,1,1.0,
2024-10-14T19:34:00.000+02:00,784.57,26.31,40.55,0.0,70.09,1,1,1.0,
2024-10-14T19:35:00.000+02:00,785.41,26.32,40.54,0.0,70.09,1,1,1.0,
2024-10-14T19:36:00.000+02:00,786.24,26.32,40.53,0.0,70.09,1,1,1.0,
2024-10-14T19:37:00.000+02:00,787.07,26.33,40.52,0.0,70.09,1,1,1.0,
2024-10-14T19:38:00.000+02:00,787.89,26.34,40.52,0.0,70.09,1,1,1.0,
2024-10-14T19:39:00.000+02:00,788.71,26.34,40.52,0.0,70.09,1,1,1.0,
2024-10-14T19:40:00.000+02:00,789.53,26.35,40.51,0.0,70.09,1,1,1.0,
2024-10-14T19:41:00.000+02:00,790.34,26.35,40.51,0.0,70.09,1,1,1.0,
2024-10-14T19:42:00.000+02:00,791.14,26.35,40.51,0.0,70.09,1,1,1.0,
2024-10-14T19:43:00.000+02:00,791.94,26.36,40.51,0.0,70.09,1,1,1.0,
2024-10-14T19:44:00.000+02:00,792.74,26.36,40.51,0.0,70.09,1,1,1.0,
2024-10-14T19:45:00.000+02:00,793.53,26.36,40.52,0.0,70.09,1,1,1.0,
2024-10-14T19:46:00.000+02:00,794.32,26.36,40.52,0.0,70.09,1,1,1.0,
2024-10-14T19:47:00.000+02:00,795.1,26.36,40.52,0.0,70.09,1,1,1.0,
2024-10-14T19:48:00.000+02:00,795.88,26.37,40.53,0.0,70.09,1,1,1.0,
2024-10-14T19:49:00.000+02:00,796.65,26.37,40.53,0.0,70.09,1,1,1.0,
2024-10-14T19:50:00.000+02:00,797.42,26.37,40.54,0.0,70.09,1,1,1.0,
2024-10-14T19:51:00.000+02:00,798.18,26.37,40.54,0.0,70.09,1,1,1.0,
2024-10-14T19:52:00.000+02:00,798.95,26.37,40.55,0.0,70.09,1,1,1.0,
2024-10-14T19:53:00.000+02:00,799.7,26.37,40.55,0.0,70.09,1,1,1.0,
2024-10-14T19:54:00.000+02:00,800.45,26.37,40.56,0.0,70.09,1,1,1.0,
2024-10-14T19:55:00.000+02:00,801.2,26.37,40.57,0.0,70.09,1,1,1.0,
2024-10-14T19:56:00.000+02:00,801.94,26.37,40.57,0.0,70.09,1,1,1.0,
2024-10-14T19:57:00.000+02:00,802.68,26.37,40.58,0.0,70.09,1,1,1.0,
2024-10-14T19:58:00.000+02:00,803.42,26.37,40.59,0.0,70.09,1,1,1.0,
2024-10-14T19:59:00.000+02:00,804.15,26.37,40.6,0.0,70.09,1,1,1.0,
2024-10-14T20:00:00.000+02:00,804.87,26.37,40.6,0.0,70.09,1,1,1.0,
2024-10-14T20:01:00.000+02:00,805.6,26.36,40.61,0.0,70.09,1,1,1.0,
2024-10-14T20:02:00.000+02:00,806.31,26.36,40.62,0.0,70.09,1,1,1.0,
2024-10-14T20:03:00.000+02:00,807.03,26.36,40.63,0.0,70.09,1,1,1.0,
2024-10-14T20:04:00.000+02:00,807.74,26.36,40.64,0.0,70.09,1,1,1.0,
2024-10-14T20:05:00.000+02:00,808.45,26.36,40.65,0.0,70.09,1,1,1.0,
2024-10-14T20:06:00.000+02:00,809.15,26.36,40.65,0.0,70.09,1,1,1.0,
2024-10-14T20:07:00.000+02:00,809.85,26.36,40.66,0.0,70.09,1,1,1.0,
2024-10-14T20:08:00.000+02:00,810.54,26.36,40.67,0.0,70.09,1,1,1.0,
2024-10-14T20:09:00.000+02:00,811.23,26.36,40.68,0.0,70.09,1,1,1.0,
2024-10-14T20:10:00.000+02:00,811.92,26.35,40.69,0.0,70.09,1,1,1.0,
2024-10-14T20:11:00.000+02:00,812.6,26.35,40.7,0.0,70.09,1,1,1.0,
2024-10-14T20:12:00.000+02:00,813.28,26.35,40.71,0.0,70.09,1,1,1.0,
2024-10-14T20:13:00.000+02:00,813.96,26.35,40.72,0.0,70.09,1,1,1.0,
2024-10-14T20:14:00.000+02:00,814.63,26.35,40.73,0.0,70.09,1,1,1.0,
2024-10-14T20:15:00.000+02:00,815.3,26.35,40.74,0.0,70.09,1,1,1.0,
2024-10-14T20:16:00.000+02:00,815.96,26.35,40.75,0.0,70.09,1,1,1.0,
2024-10-14T20:17:00.000+02:00,816.62,26.34,40.76,0.0,70.09,1,1,1.0,
2024-10-14T20:18:00.000+02:00,817.28,26.34,40.77,0.0,70.09,1,1,1.0,
2024-10-14T20:19:00.000+02:00,817.93,26.34,40.78,0.0,70.09,1,1,1.0,
2024-10-14T20:20:00.000+02:00,818.58,26.34,40.79,0.0,70.09,1,1,1.0,
2024-10-14T20:21:00.000+02:00,819.23,26.34,40.8,0.0,70.09,1,1,1.0,
2024-10-14T20:22:00.000+02:00,819.87,26.34,40.81,0.0,70.09,1,1,1.0,
2024-10-14T20:23:00.000+02:00,820.51,26.33,40.82,0.0,70.09,1,1,1.0,
2024-10-14T20:24:00.000+02:00,821.14,26.33,40.83,0.0,70.09,1,1,1.0,
2024-10-14T20:25:00.000+02:00,821.78,26.33,40.85,0.0,70.09,1,1,1.0,
2024-10-14T20:26:00.000+02:00,822.4,26.33,40.86,0.0,70.09,1,1,1.0,
2024-10-14T20:27:00.000+02:00,823.03,26.33,40.87,0.0,70.09,1,1,1.0,
2024-10-14T20:28:00.000+02:00,823.65,26.33,40.88,0.0,70.09,1,1,1.0,
2024-10-14T20:29:00.000+02:00,824.27,26.32,40.89,0.0,70.09,1,1,1.0,
2024-10-14T20:30:00.000+02:00,824.88,26.32,40.9,0.0,70.09,1,1,1.0,
2024-10-14T20:31:00.000+02:00,825.49,26.32,40.91,0.0,70.09,1,1,1.0,
2024-10-14T20:32:00.000+02:00,826.1,26.32,40.93,0.0,70.09,1,1,1.0,
2024-10-14T20:33:00.000+02:00,824.88,26.3,40.94,0.0,70.09,0,1,0.0,
2024-10-14T20:34:00.000+02:00,822.5,26.28,40.95,0.0,70.09,0,1,0.0,
2024-10-14T20:35:00.000+02:00,819.74,26.25,40.96,0.0,70.09,0,1,0.0,
2024-10-14T20:36:00.000+02:00,816.93,26.22,40.97,0.0,70.09,0,1,0.0,
2024-10-14T20:37:00.000+02:00,814.19,26.2,40.97,0.0,70.09,0,1,0.0,
2024-10-14T20:38:00.000+02:00,811.5,26.18,40.97,0.0,70.09,0,1,0.0,
2024-10-14T20:39:00.000+02:00,808.84,26.15,40.96,0.0,70.09,0,1,0.0,
2024-10-14T20:40:00.000+02:00,806.2,26.14,40.96,0.0,70.09,0,1,0.0,
2024-10-14T20:41:00.000+02:00,803.57,26.12,40.95,0.0,70.09,0,1,0.0,
2024-10-14T20:42:00.000+02:00,800.96,26.1,40.93,0.0,70.09,0,1,0.0,
2024-10-14T20:43:00.000+02:00,798.36,26.08,40.92,0.0,70.09,0,1,0.0,
2024-10-14T20:44:00.000+02:00,795.77,26.07,40.9,0.0,70.09,0,1,0.0,
2024-10-14T20:45:00.000+02:00,793.2,26.06,40.88,0.0,70.09,0,1,0.0,
2024-10-14T20:46:00.000+02:00,790.64,26.04,40.86,0.0,70.09,0,1,0.0,
2024-10-14T20:47:00.000+02:00,789.92,26.05,40.84,0.0,70.09,1,1,1.0,
2024-10-14T20:48:00.000+02:00,790.37,26.06,40.81,0.0,70.09,1,1,1.0,
2024-10-14T20:49:00.000+02:00,789.39,26.06,40.79,0.0,70.09,0,1,0.0,
2024-10-14T20:50:00.000+02:00,787.31,26.05,40.77,0.0,70.09,0,1,0.0,
2024-10-14T20:51:00.000+02:00,784.79,26.03,40.75,0.0,70.09,0,1,0.0,
2024-10-14T20:52:00.000+02:00,782.2,26.02,40.73,0.0,70.09,0,1,0.0,
2024-10-14T20:53:00.000+02:00,779.65,26.01,40.71,0.0,70.09,0,1,0.0,
2024-10-14T20:54:00.000+02:00,777.15,26.0,40.69,0.0,70.09,0,1,0.0,
2024-10-14T20:55:00.000+02:00,774.67,25.98,40.67,0.0,70.09,0,1,0.0,
2024-10-14T20:56:00.000+02:00,774.04,25.99,40.64,0.0,70.09,1,1,1.0,
2024-10-14T20:57:00.000+02:00,774.58,26.01,40.61,0.0,70.09,1,1,1.0,
2024-10-14T20:58:00.000+02:00,775.52,26.02,40.58,0.0,70.09,1,1,1.0,
2024-10-14T20:59:00.000+02:00,776.5,26.04,40.56,0.0,70.09,1,1,1.0,
2024-10-14T21:00:00.000+02:00,777.43,26.05,40.54,0.0,70.09,1,1,1.0,
2024-10-14T21:01:00.000+02:00,778.32,26.07,40.52,0.0,70.09,1,1,1.0,
2024-10-14T21:02:00.000+02:00,779.18,26.08,40.51,0.0,70.09,1,1,1.0,
2024-10-14T21:03:00.000+02:00,780.04,26.09,40.5,0.0,70.09,1,1,1.0,
2024-10-14T21:04:00.000+02:00,780.9,26.1,40.49,0.0,70.09,1,1,1.0,
2024-10-14T21:05:00.000+02:00,781.75,26.11,40.48,0.0,70.09,1,1,1.0,
2024-10-14T21:06:00.000+02:00,782.6,26.12,40.48,0.0,70.09,1,1,1.0,
2024-10-14T21:07:00.000+02:00,783.44,26.12,40.48,0.0,70.09,1,1,1.0,
2024-10-14T21:08:00.000+02:00,784.28,26.13,40.48,0.0,70.09,1,1,1.0,
2024-10-14T21:09:00.000+02:00,785.12,26.13,40.48,0.0,70.09,1,1,1.0,
2024-10-14T21:10:00.000+02:00,785.95,26.14,40.48,0.0,70.09,1,1,1.0,
2024-10-14T21:11:00.000+02:00,786.77,26.14,40.48,0.0,70.09,1,1,1.0,
2024-10-14T21:12:00.000+02:00,787.59,26.15,40.49,0.0,70.09,1,1,1.0,
2024-10-14T21:13:00.000+02:00,788.41,26.15,40.5,0.0,70.09,1,1,1.0,
2024-10-14T21:14:00.000+02:00,789.22,26.15,40.5,0.0,70.09,1,1,1.0,
2024-10-14T21:15:00.000+02:00,790.02,26.16,40.51,0.0,70.09,1,1,1.0,
2024-10-14T21:16:00.000+02:00,790.82,26.16,40.52,0.0,70.09,1,1,1.0,
2024-10-14T21:17:00.000+02:00,791.62,26.16,40.53,0.0,70.09,1,1,1.0,
2024-10-14T21:18:00.000+02:00,792.41,26.16,40.54,0.0,70.09,1,1,1.0,
2024-10-14T21:19:00.000+02:00,793.2,26.16,40.55,0.0,70.09,1,1,1.0,
2024-10-14T21:20:00.000+02:00,793.99,26.17,40.57,0.0,70.09,1,1,1.0,
2024-10-14T21:21:00.000+02:00,794.77,26.17,40.58,0.0,70.09,1,1,1.0,
2024-10-14T21:22:00.000+02:00,795.54,26.17,40.59,0.0,70.09,1,1,1.0,
2024-10-14T21:23:00.000+02:00,794.49,26.15,40.61,0.0,70.09,0,1,0.0,
2024-10-14T21:24:00.000+02:00,792.28,26.13,40.62,0.0,70.09,0,1,0.0,
2024-10-14T21:25:00.000+02:00,789.67,26.1,40.64,0.0,70.09,0,1,0.0,
2024-10-14T21:26:00.000+02:00,787.04,26.08,40.65,0.0,70.09,0,1,0.0,
2024-10-14T21:27:00.000+02:00,784.46,26.05,40.65,0.0,70.09,0,1,0.0,
2024-10-14T21:28:00.000+02:00,781.93,26.03,40.66,0.0,70.09,0,1,0.0,
2024-10-14T21:29:00.000+02:00,779.43,26.01,40.65,0.0,70.09,0,1,0.0,
2024-10-14T21:30:00.000+02:00,776.95,26.0,40.65,0.0,70.09,0,1,0.0,
2024-10-14T21:31:00.000+02:00,774.48,25.98,40.64,0.0,70.09,0,1,0.0,
2024-10-14T21:32:00.000+02:00,772.02,25.96,40.64,0.0,70.09,0,1,0.0,
2024-10-14T21:33:00.000+02:00,769.58,25.95,40.63,0.0,70.09,0,1,0.0,
2024-10-14T21:34:00.000+02:00,767.15,25.93,40.61,0.0,70.09,0,1,0.0,
2024-10-14T21:35:00.000+02:00,766.55,25.94,40.6,0.0,70.09,1,1,1.0,
2024-10-14T21:36:00.000+02:00,767.13,25.95,40.58,0.0,70.09,1,1,1.0,
2024-10-14T21:37:00.000+02:00,768.1,25.96,40.56,0.0,70.09,1,1,1.0,
2024-10-14T21:38:00.000+02:00,769.12,25.98,40.54,0.0,70.09,1,1,1.0,
2024-10-14T21:39:00.000+02:00,770.09,25.99,40.53,0.0,70.09,1,1,1.0,
2024-10-14T21:40:00.000+02:00,771.02,26.0,40.52,0.0,70.09,1,1,1.0,
2024-10-14T21:41:00.000+02:00,771.92,26.01,40.52,0.0,70.09,1,1,1.0,
2024-10-14T21:42:00.000+02:00,772.82,26.02,40.51,0.0,70.09,1,1,1.0,
2024-10-14T21:43:00.000+02:00,773.71,26.03,40.51,0.0,70.09,1,1,1.0,
2024-10-14T21:44:00.000+02:00,774.6,26.04,40.51,0.0,70.09,1,1,1.0,
2024-10-14T21:45:00.000+02:00,775.49,26.04,40.51,0.0,70.09,1,1,1.0,
2024-10-14T21:46:00.000+02:00,776.37,26.05,40.52,0.0,70.09,1,1,1.0,
2024-10-14T21:47:00.000+02:00,777.25,26.05,40.52,0.0,70.09,1,1,1.0,
2024-10-14T21:48:00.000+02:00,778.12,26.06,40.53,0.0,70.09,1,1,1.0,
2024-10-14T21:49:00.000+02:00,778.98,26.06,40.54,0.0,70.09,1,1,1.0,
2024-10-14T21:50:00.000+02:00,779.84,26.07,40.55,0.0,70.09,1,1,1.0,
2024-10-14T21:51:00.000+02:00,780.7,26.07,40.56,0.0,70.09,1,1,1.0,
2024-10-14T21:52:00.000+02:00,781.55,26.07,40.57,0.0,70.09,1,1,1.0,
2024-10-14T21:53:00.000+02:00,782.4,26.07,40.58,0.0,70.09,1,1,1.0,
2024-10-14T21:54:00.000+02:00,783.24,26.08,40.6,0.0,70.09,1,1,1.0,
2024-10-14T21:55:00.000+02:00,784.07,26.08,40.61,0.0,70.09,1,1,1.0,
2024-10-14T21:56:00.000+02:00,784.91,26.08,40.62,0.0,70.09,1,1,1.0,
2024-10-14T21:57:00.000+02:00,785.73,26.08,40.64,0.0,70.09,1,1,1.0,
2024-10-14T21:58:00.000+02:00,786.56,26.08,40.65,0.0,70.09,1,1,1.0,
2024-10-14T21:59:00.000+02:00,787.37,26.08,40.67,0.0,70.09,1,1,1.0,
2024-10-14T22:00:00.000+02:00,788.19,26.08,40.69,0.0,70.09,1,1,1.0,
2024-10-14T22:01:00.000+02:00,789.0,26.08,40.7,0.0,70.09,1,1,1.0,
2024-10-14T22:02:00.000+02:00,789.8,26.08,40.72,0.0,70.09,1,1,1.0,
2024-10-14T22:03:00.000+02:00,790.6,26.08,40.74,0.0,70.09,1,1,1.0,
2024-10-14T22:04:00.000+02:00,789.57,26.07,40.76,0.0,70.09,0,1,0.0,
2024-10-14T22:05:00.000+02:00,787.39,26.04,40.78,0.0,70.09,0,1,0.0,
2024-10-14T22:06:00.000+02:00,784.81,26.02,40.8,0.0,70.09,0,1,0.0,
2024-10-14T22:07:00.000+02:00,782.19,25.99,40.82,0.0,70.09,0,1,0.0,
2024-10-14T22:08:00.000+02:00,779.64,25.97,40.83,0.0,70.09,0,1,0.0,
2024-10-14T22:09:00.000+02:00,777.13,25.95,40.83,0.0,70.09,0,1,0.0,
2024-10-14T22:10:00.000+02:00,774.66,25.93,40.84,0.0,70.09,0,1,0.0,
2024-10-14T22:11:00.000+02:00,772.2,25.91,40.84,0.0,70.09,0,1,0.0,
2024-10-14T22:12:00.000+02:00,769.76,25.89,40.84,0.0,70.09,0,1,0.0,
2024-10-14T22:13:00.000+02:00,767.32,25.87,40.83,0.0,70.09,0,1,0.0,
2024-10-14T22:14:00.000+02:00,764.9,25.86,40.83,0.0,70.09,0,1,0.0,
2024-10-14T22:15:00.000+02:00,762.5,25.84,40.82,0.0,70.09,0,1,0.0,
2024-10-14T22:16:00.000+02:00,760.1,25.83,40.81,0.0,70.09,0,1,0.0,
2024-10-14T22:17:00.000+02:00,757.72,25.82,40.8,0.0,70.09,0,1,0.0,
2024-10-14T22:18:00.000+02:00,755.36,25.81,40.79,0.0,70.09,0,1,0.0,
2024-10-14T22:19:00.000+02:00,753.0,25.79,40.77,0.0,70.09,0,1,0.0,
2024-10-14T22:20:00.000+02:00,750.66,25.78,40.76,0.0,70.09,0,1,0.0,
2024-10-14T22:21:00.000+02:00,748.33,25.77,40.75,0.0,70.09,0,1,0.0,
2024-10-14T22:22:00.000+02:00,746.02,25.76,40.73,0.0,70.09,0,1,0.0,
2024-10-14T22:23:00.000+02:00,743.71,25.75,40.71,0.0,70.09,0,1,0.0,
2024-10-14T22:24:00.000+02:00,741.42,25.74,40.7,0.0,70.09,0,1,0.0,
2024-10-14T22:25:00.000+02:00,739.15,25.73,40.68,0.0,70.09,0,1,0.0,
2024-10-14T22:26:00.000+02:00,736.88,25.72,40.66,0.0,70.09,0,1,0.0,
2024-10-14T22:27:00.000+02:00,734.63,25.72,40.64,0.0,70.09,0,1,0.0,
2024-10-14T22:28:00.000+02:00,732.39,25.71,40.62,0.0,70.09,0,1,0.0,
2024-10-14T22:29:00.000+02:00,730.16,25.7,40.6,0.0,70.09,0,1,0.0,
2024-10-14T22:30:00.000+02:00,727.95,25.69,40.58,0.0,70.09,0,1,0.0,
2024-10-14T22:31:00.000+02:00,725.75,25.69,40.56,0.0,70.09,0,1,0.0,
2024-10-14T22:32:00.000+02:00,723.56,25.68,40.54,0.0,70.09,0,1,0.0,
2024-10-14T22:33:00.000+02:00,721.38,25.67,40.52,0.0,70.09,0,1,0.0,
2024-10-14T22:34:00.000+02:00,719.21,25.67,40.5,0.0,70.09,0,1,0.0,
2024-10-14T22:35:00.000+02:00,717.06,25.66,40.48,0.0,70.09,0,1,0.0,
2024-10-14T22:36:00.000+02:00,714.91,25.65,40.45,0.0,70.09,0,1,0.0,
2024-10-14T22:37:00.000+02:00,712.78,25.65,40.43,0.0,70.09,0,1,0.0,
2024-10-14T22:38:00.000+02:00,710.66,25.64,40.41,0.0,70.09,0,1,0.0,
2024-10-14T22:39:00.000+02:00,708.55,25.64,40.39,0.0,70.09,0,1,0.0,
2024-10-14T22:40:00.000+02:00,706.46,25.63,40.36,0.0,70.09,0,1,0.0,
2024-10-14T22:41:00.000+02:00,704.37,25.63,40.34,0.0,70.09,0,1,0.0,
2024-10-14T22:42:00.000+02:00,702.3,25.62,40.32,0.0,70.09,0,1,0.0,
2024-10-14T22:43:00.000+02:00,700.24,25.62,40.3,0.0,70.09,0,1,0.0,
2024-10-14T22:44:00.000+02:00,698.19,25.61,40.27,0.0,70.09,0,0,0.0,0.0
2024-10-14T22:45:00.000+02:00,696.15,25.61,40.25,0.0,70.09,0,0,0.0,0.0
2024-10-14T22:46:00.000+02:00,694.12,25.61,40.23,0.0,70.09,0,0,0.0,0.0
2024-10-14T22:47:00.000+02:00,692.1,25.6,40.2,0.0,70.09,0,0,0.0,0.0
2024-10-14T22:48:00.000+02:00,690.1,25.6,40.18,0.0,70.09,0,0,0.0,0.0
2024-10-14T22:49:00.000+02:00,688.1,25.59,40.16,0.0,70.09,0,0,0.0,0.0
2024-10-14T22:50:00.000+02:00,686.12,25.59,40.14,0.0,70.09,0,0,0.0,0.0
2024-10-14T22:51:00.000+02:00,684.15,25.59,40.11,0.0,70.09,0,0,0.0,0.0
2024-10-14T22:52:00.000+02:00,682.18,25.58,40.09,0.0,70.09,0,0,0.0,0.0
2024-10-14T22:53:00.000+02:00,680.23,25.58,40.07,0.0,70.09,0,0,0.0,0.0
2024-10-14T22:54:00.000+02:00,678.29,25.57,40.05,0.0,70.09,0,0,0.0,0.0
2024-10-14T22:55:00.000+02:00,676.36,25.57,40.03,0.0,70.09,0,0,0.0,0.0
2024-10-14T22:56:00.000+02:00,674.44,25.57,40.0,0.0,70.09,0,0,0.0,0.0
2024-10-14T22:57:00.000+02:00,672.53,25.56,39.98,0.0,70.09,0,0,0.0,0.0
2024-10-14T22:58:00.000+02:00,670.63,25.56,39.96,0.0,70.09,0,0,0.0,0.0
2024-10-14T22:59:00.000+02:00,668.75,25.56,39.94,0.0,70.09,0,0,0.0,0.0
2024-10-14T23:00:00.000+02:00,666.87,25.55,39.92,0.0,70.09,0,0,0.0,0.0
2024-10-14T23:01:00.000+02:00,665.0,25.55,39.9,0.0,70.09,0,0,0.0,0.0
2024-10-14T23:02:00.000+02:00,663.14,25.55,39.88,0.0,70.09,0,0,0.0,0.0
2024-10-14T23:03:00.000+02:00,661.3,25.54,39.86,0.0,70.09,0,0,0.0,0.0
2024-10-14T23:04:00.000+02:00,659.46,25.54,39.84,0.0,70.09,0,0,0.0,0.0
2024-10-14T23:05:00.000+02:00,657.63,25.54,39.82,0.0,70.09,0,0,0.0,0.0
2024-10-14T23:06:00.000+02:00,655.82,25.53,39.8,0.0,70.09,0,0,0.0,0.0
2024-10-14T23:07:00.000+02:00,654.01,25.53,39.78,0.0,70.09,0,0,0.0,0.0
2024-10-14T23:08:00.000+02:00,652.21,25.53,39.76,0.0,70.09,0,0,0.0,0.0
2024-10-14T23:09:00.000+02:00,650.43,25.52,39.74,0.0,70.09,0,0,0.0,0.0
2024-10-14T23:10:00.000+02:00,648.65,25.52,39.72,0.0,70.09,0,0,0.0,0.0
2024-10-14T23:11:00.000+02:00,646.88,25.52,39.7,0.0,70.09,0,0,0.0,0.0
2024-10-14T23:12:00.000+02:00,645.13,25.51,39.68,0.0,70.09,0,0,0.0,0.0
2024-10-14T23:13:00.000+02:00,643.38,25.51,39.67,0.0,70.09,0,0,0.0,0.0
2024-10-14T23:14:00.000+02:00,641.64,25.51,39.65,0.0,70.09,0,0,0.0,0.0
2024-10-14T23:15:00.000+02:00,639.91,25.5,39.63,0.0,70.09,0,0,0.0,0.0
2024-10-14T23:16:00.000+02:00,638.19,25.5,39.61,0.0,70.09,0,0,0.0,0.0
2024-10-14T23:17:00.000+02:00,636.48,25.5,39.6,0.0,70.09,0,0,0.0,0.0
2024-10-14T23:18:00.000+02:00,634.78,25.49,39.58,0.0,70.09,0,0,0.0,0.0
2024-10-14T23:19:00.000+02:00,633.09,25.49,39.56,0.0,70.09,0,0,0.0,0.0
2024-10-14T23:20:00.000+02:00,631.41,25.49,39.55,0.0,70.09,0,0,0.0,0.0
2024-10-14T23:21:00.000+02:00,629.74,25.49,39.53,0.0,70.09,0,0,0.0,0.0
2024-10-14T23:22:00.000+02:00,628.07,25.48,39.52,0.0,70.09,0,0,0.0,0.0
2024-10-14T23:23:00.000+02:00,626.42,25.48,39.5,0.0,70.09,0,0,0.0,0.0
2024-10-14T23:24:00.000+02:00,624.77,25.48,39.48,0.0,70.09,0,0,0.0,0.0
2024-10-14T23:25:00.000+02:00,623.14,25.47,39.47,0.0,70.09,0,0,0.0,0.0
2024-10-14T23:26:00.000+02:00,621.51,25.47,39.46,0.0,70.09,0,0,0.0,0.0
2024-10-14T23:27:00.000+02:00,619.89,25.47,39.44,0.0,70.09,0,0,0.0,0.0
2024-10-14T23:28:00.000+02:00,618.28,25.47,39.43,0.0,70.09,0,0,0.0,0.0
2024-10-14T23:29:00.000+02:00,616.68,25.46,39.41,0.0,70.09,0,0,0.0,0.0
2024-10-14T23:30:00.000+02:00,615.09,25.46,39.4,0.0,70.09,0,0,0.0,0.0
2024-10-14T23:31:00.000+02:00,613.51,25.46,39.39,0.0,70.09,0,0,0.0,0.0
2024-10-14T23:32:00.000+02:00,611.94,25.45,39.37,0.0,70.09,0,0,0.0,0.0
2024-10-14T23:33:00.000+02:00,610.37,25.45,39.36,0.0,70.09,0,0,0.0,0.0
2024-10-14T23:34:00.000+02:00,608.81,25.45,39.35,0.0,70.09,0,0,0.0,0.0
2024-10-14T23:35:00.000+02:00,607.26,25.45,39.33,0.0,70.09,0,0,0.0,0.0
2024-10-14T23:36:00.000+02:00,605.72,25.44,39.32,0.0,70.09,0,0,0.0,0.0
2024-10-14T23:37:00.000+02:00,604.19,25.44,39.31,0.0,70.09,0,0,0.0,0.0
2024-10-14T23:38:00.000+02:00,602.67,25.44,39.3,0.0,70.09,0,0,0.0,0.0
2024-10-14T23:39:00.000+02:00,601.16,25.43,39.29,0.0,70.09,0,0,0.0,0.0
2024-10-14T23:40:00.000+02:00,599.65,25.43,39.28,0.0,70.09,0,0,0.0,0.0
2024-10-14T23:41:00.000+02:00,598.15,25.43,39.27,0.0,70.09,0,0,0.0,0.0
2024-10-14T23:42:00.000+02:00,596.66,25.43,39.26,0.0,70.09,0,0,0.0,0.0
2024-10-14T23:43:00.000+02:00,595.18,25.42,39.24,0.0,70.09,0,0,0.0,0.0
2024-10-14T23:44:00.000+02:00,593.71,25.42,39.23,0.0,70.09,0,0,0.0,0.0
2024-10-14T23:45:00.000+02:00,592.24,25.42,39.22,0.0,70.09,0,0,0.0,0.0
2024-10-14T23:46:00.000+02:00,590.78,25.41,39.21,0.0,70.09,0,0,0.0,0.0
2024-10-14T23:47:00.000+02:00,589.33,25.41,39.21,0.0,70.09,0,0,0.0,0.0
2024-10-14T23:48:00.000+02:00,587.89,25.41,39.2,0.0,70.09,0,0,0.0,0.0
2024-10-14T23:49:00.000+02:00,586.46,25.41,39.19,0.0,70.09,0,0,0.0,0.0
2024-10-14T23:50:00.000+02:00,585.03,25.4,39.18,0.0,70.09,0,0,0.0,0.0
2024-10-14T23:51:00.000+02:00,583.62,25.4,39.17,0.0,70.09,0,0,0.0,0.0
2024-10-14T23:52:00.000+02:00,582.21,25.4,39.16,0.0,70.09,0,0,0.0,0.0
2024-10-14T23:53:00.000+02:00,580.8,25.4,39.15,0.0,70.09,0,0,0.0,0.0
2024-10-14T23:54:00.000+02:00,579.41,25.39,39.15,0.0,70.09,0,0,0.0,0.0
2024-10-14T23:55:00.000+02:00,578.02,25.39,39.14,0.0,70.09,0,0,0.0,0.0
2024-10-14T23:56:00.000+02:00,576.64,25.39,39.13,0.0,70.09,0,0,0.0,0.0
2024-10-14T23:57:00.000+02:00,575.27,25.38,39.12,0.0,70.09,0,0,0.0,0.0
2024-10-14T23:58:00.000+02:00,573.91,25.38,39.12,0.0,70.09,0,0,0.0,0.0
2024-10-14T23:59:00.000+02:00,572.55,25.38,39.11,0.0,70.09,0,0,0.0,0.0
2024-10-15T00:00:00.000+02:00,571.2,25.38,39.1,0.0,70.09,0,0,0.0,0.0
2024-10-15T00:01:00.000+02:00,569.86,25.37,39.1,0.0,70.09,0,0,0.0,0.0
2024-10-15T00:02:00.000+02:00,568.53,25.37,39.09,0.0,70.09,0,0,0.0,0.0
2024-10-15T00:03:00.000+02:00,567.2,25.37,39.09,0.0,70.09,0,0,0.0,0.0
2024-10-15T00:04:00.000+02:00,565.88,25.37,39.08,0.0,70.09,0,0,0.0,0.0
2024-10-15T00:05:00.000+02:00,564.57,25.36,39.07,0.0,70.09,0,0,0.0,0.0
2024-10-15T00:06:00.000+02:00,563.26,25.36,39.07,0.0,70.09,0,0,0.0,0.0
2024-10-15T00:07:00.000+02:00,561.96,25.36,39.06,0.0,70.09,0,0,0.0,0.0
2024-10-15T00:08:00.000+02:00,560.67,25.35,39.06,0.0,70.09,0,0,0.0,0.0
2024-10-15T00:09:00.000+02:00,559.39,25.35,39.05,0.0,70.09,0,0,0.0,0.0
2024-10-15T00:10:00.000+02:00,558.11,25.35,39.05,0.0,70.09,0,0,0.0,0.0
2024-10-15T00:11:00.000+02:00,556.84,25.35,39.04,0.0,70.09,0,0,0.0,0.0
2024-10-15T00:12:00.000+02:00,555.58,25.34,39.04,0.0,70.09,0,0,0.0,0.0
2024-10-15T00:13:00.000+02:00,554.32,25.34,39.04,0.0,70.09,0,0,0.0,0.0
2024-10-15T00:14:00.000+02:00,553.07,25.34,39.03,0.0,70.09,0,0,0.0,0.0
2024-10-15T00:15:00.000+02:00,551.83,25.34,39.03,0.0,70.09,0,0,0.0,0.0
2024-10-15T00:16:00.000+02:00,550.59,25.33,39.02,0.0,70.09,0,0,0.0,0.0
2024-10-15T00:17:00.000+02:00,549.36,25.33,39.02,0.0,70.09,0,0,0.0,0.0
2024-10-15T00:18:00.000+02:00,548.14,25.33,39.02,0.0,70.09,0,0,0.0,0.0
2024-10-15T00:19:00.000+02:00,546.93,25.32,39.01,0.0,70.09,0,0,0.0,0.0
2024-10-15T00:20:00.000+02:00,545.72,25.32,39.01,0.0,70.09,0,0,0.0,0.0
2024-10-15T00:21:00.000+02:00,544.52,25.32,39.01,0.0,70.09,0,0,0.0,0.0
2024-10-15T00:22:00.000+02:00,543.32,25.32,39.01,0.0,70.09,0,0,0.0,0.0
2024-10-15T00:23:00.000+02:00,542.13,25.31,39.0,0.0,70.09,0,0,0.0,0.0
2024-10-15T00:24:00.000+02:00,540.95,25.31,39.0,0.0,70.09,0,0,0.0,0.0
2024-10-15T00:25:00.000+02:00,539.77,25.31,39.0,0.0,70.09,0,0,0.0,0.0
2024-10-15T00:26:00.000+02:00,538.6,25.31,39.0,0.0,70.09,0,0,0.0,0.0
2024-10-15T00:27:00.000+02:00,537.44,25.3,38.99,0.0,70.09,0,0,0.0,0.0
2024-10-15T00:28:00.000+02:00,536.28,25.3,38.99,0.0,70.09,0,0,0.0,0.0
2024-10-15T00:29:00.000+02:00,535.13,25.3,38.99,0.0,70.09,0,0,0.0,0.0
2024-10-15T00:30:00.000+02:00,533.99,25.29,38.99,0.0,70.09,0,0,0.0,0.0
2024-10-15T00:31:00.000+02:00,532.85,25.29,38.99,0.0,70.09,0,0,0.0,0.0
2024-10-15T00:32:00.000+02:00,531.72,25.29,38.99,0.0,70.09,0,0,0.0,0.0
2024-10-15T00:33:00.000+02:00,530.6,25.29,38.99,0.0,70.09,0,0,0.0,0.0
2024-10-15T00:34:00.000+02:00,529.48,25.28,38.98,0.0,70.09,0,0,0.0,0.0
2024-10-15T00:35:00.000+02:00,528.36,25.28,38.98,0.0,70.09,0,0,0.0,0.0
2024-10-15T00:36:00.000+02:00,527.26,25.28,38.98,0.0,70.09,0,0,0.0,0.0
2024-10-15T00:37:00.000+02:00,526.16,25.28,38.98,0.0,70.09,0,0,0.0,0.0
2024-10-15T00:38:00.000+02:00,525.06,25.27,38.98,0.0,70.09,0,0,0.0,0.0
2024-10-15T00:39:00.000+02:00,523.97,25.27,38.98,0.0,70.09,0,0,0.0,0.0
2024-10-15T00:40:00.000+02:00,522.89,25.27,38.98,0.0,70.09,0,0,0.0,0.0
2024-10-15T00:41:00.000+02:00,521.81,25.26,38.98,0.0,70.09,0,0,0.0,0.0
2024-10-15T00:42:00.000+02:00,520.74,25.26,38.98,0.0,70.09,0,0,0.0,0.0
2024-10-15T00:43:00.000+02:00,519.68,25.26,38.98,0.0,70.09,0,0,0.0,0.0
2024-10-15T00:44:00.000+02:00,518.62,25.26,38.98,0.0,70.09,0,0,0.0,0.0
2024-10-15T00:45:00.000+02:00,517.56,25.25,38.98,0.0,70.09,0,0,0.0,0.0
2024-10-15T00:46:00.000+02:00,516.52,25.25,38.98,0.0,70.09,0,0,0.0,0.0
2024-10-15T00:47:00.000+02:00,515.48,25.25,38.98,0.0,70.09,0,0,0.0,0.0
2024-10-15T00:48:00.000+02:00,514.44,25.25,38.99,0.0,70.09,0,0,0.0,0.0
2024-10-15T00:49:00.000+02:00,513.41,25.24,38.99,0.0,70.09,0,0,0.0,0.0
2024-10-15T00:50:00.000+02:00,512.38,25.24,38.99,0.0,70.09,0,0,0.0,0.0
2024-10-15T00:51:00.000+02:00,511.36,25.24,38.99,0.0,70.09,0,0,0.0,0.0
2024-10-15T00:52:00.000+02:00,510.35,25.23,38.99,0.0,70.09,0,0,0.0,0.0
2024-10-15T00:53:00.000+02:00,509.34,25.23,38.99,0.0,70.09,0,0,0.0,0.0
2024-10-15T00:54:00.000+02:00,508.34,25.23,38.99,0.0,70.09,0,0,0.0,0.0
2024-10-15T00:55:00.000+02:00,507.34,25.23,39.0,0.0,70.09,0,0,0.0,0.0
2024-10-15T00:56:00.000+02:00,506.35,25.22,39.0,0.0,70.09,0,0,0.0,0.0
2024-10-15T00:57:00.000+02:00,505.37,25.22,39.0,0.0,70.09,0,0,0.0,0.0
2024-10-15T00:58:00.000+02:00,504.39,25.22,39.0,0.0,70.09,0,0,0.0,0.0
2024-10-15T00:59:00.000+02:00,503.41,25.22,39.01,0.0,70.09,0,0,0.0,0.0
2024-10-15T01:00:00.000+02:00,502.44,25.21,39.01,0.0,70.09,0,0,0.0,0.0
2024-10-15T01:01:00.000+02:00,501.48,25.21,39.01,0.0,70.09,0,0,0.0,0.0
2024-10-15T01:02:00.000+02:00,500.52,25.21,39.01,0.0,70.09,0,0,0.0,0.0
2024-10-15T01:03:00.000+02:00,499.56,25.21,39.02,0.0,70.09,0,0,0.0,0.0
2024-10-15T01:04:00.000+02:00,498.61,25.2,39.02,0.0,70.09,0,0,0.0,0.0
2024-10-15T01:05:00.000+02:00,497.67,25.2,39.02,0.0,70.09,0,0,0.0,0.0
2024-10-15T01:06:00.000+02:00,496.73,25.2,39.03,0.0,70.09,0,0,0.0,0.0
2024-10-15T01:07:00.000+02:00,495.8,25.19,39.03,0.0,70.09,0,0,0.0,0.0
2024-10-15T01:08:00.000+02:00,494.87,25.19,39.03,0.0,70.09,0,0,0.0,0.0
2024-10-15T01:09:00.000+02:00,493.95,25.19,39.04,0.0,70.09,0,0,0.0,0.0
2024-10-15T01:10:00.000+02:00,493.03,25.19,39.04,0.0,70.09,0,0,0.0,0.0
2024-10-15T01:11:00.000+02:00,492.12,25.18,39.05,0.0,70.09,0,0,0.0,0.0
2024-10-15T01:12:00.000+02:00,491.21,25.18,39.05,0.0,70.09,0,0,0.0,0.0
2024-10-15T01:13:00.000+02:00,490.3,25.18,39.05,0.0,70.09,0,0,0.0,0.0
2024-10-15T01:14:00.000+02:00,489.41,25.18,39.06,0.0,70.09,0,0,0.0,0.0
2024-10-15T01:15:00.000+02:00,488.51,25.17,39.06,0.0,70.09,0,0,0.0,0.0
2024-10-15T01:16:00.000+02:00,487.62,25.17,39.07,0.0,70.09,0,0,0.0,0.0
2024-10-15T01:17:00.000+02:00,486.74,25.17,39.07,0.0,70.09,0,0,0.0,0.0
2024-10-15T01:18:00.000+02:00,485.86,25.17,39.08,0.0,70.09,0,0,0.0,0.0
2024-10-15T01:19:00.000+02:00,484.99,25.16,39.08,0.0,70.09,0,0,0.0,0.0
2024-10-15T01:20:00.000+02:00,484.12,25.16,39.09,0.0,70.09,0,0,0.0,0.0
2024-10-15T01:21:00.000+02:00,483.26,25.16,39.09,0.0,70.09,0,0,0.0,0.0
2024-10-15T01:22:00.000+02:00,482.4,25.15,39.1,0.0,70.09,0,0,0.0,0.0
2024-10-15T01:23:00.000+02:00,481.54,25.15,39.11,0.0,70.09,0,0,0.0,0.0
2024-10-15T01:24:00.000+02:00,480.69,25.15,39.11,0.0,70.09,0,0,0.0,0.0
2024-10-15T01:25:00.000+02:00,479.85,25.15,39.12,0.0,70.09,0,0,0.0,0.0
2024-10-15T01:26:00.000+02:00,479.01,25.14,39.12,0.0,70.09,0,0,0.0,0.0
2024-10-15T01:27:00.000+02:00,478.17,25.14,39.13,0.0,70.09,0,0,0.0,0.0
2024-10-15T01:28:00.000+02:00,477.34,25.14,39.14,0.0,70.09,0,0,0.0,0.0
2024-10-15T01:29:00.000+02:00,476.51,25.14,39.14,0.0,70.09,0,0,0.0,0.0
2024-10-15T01:30:00.000+02:00,475.69,25.13,39.15,0.0,70.09,0,0,0.0,0.0
2024-10-15T01:31:00.000+02:00,474.87,25.13,39.15,0.0,70.09,0,0,0.0,0.0
2024-10-15T01:32:00.000+02:00,474.06,25.13,39.16,0.0,70.09,0,0,0.0,0.0
2024-10-15T01:33:00.000+02:00,473.25,25.13,39.17,0.0,70.09,0,0,0.0,0.0
2024-10-15T01:34:00.000+02:00,472.44,25.12,39.17,0.0,70.09,0,0,0.0,0.0
2024-10-15T01:35:00.000+02:00,471.64,25.12,39.18,0.0,70.09,0,0,0.0,0.0
2024-10-15T01:36:00.000+02:00,470.85,25.12,39.19,0.0,70.09,0,0,0.0,0.0
2024-10-15T01:37:00.000+02:00,470.06,25.11,39.2,0.0,70.09,0,0,0.0,0.0
2024-10-15T01:38:00.000+02:00,469.27,25.11,39.2,0.0,70.09,0,0,0.0,0.0
2024-10-15T01:39:00.000+02:00,468.49,25.11,39.21,0.0,70.09,0,0,0.0,0.0
2024-10-15T01:40:00.000+02:00,467.71,25.11,39.22,0.0,70.09,0,0,0.0,0.0
2024-10-15T01:41:00.000+02:00,466.93,25.1,39.23,0.0,70.09,0,0,0.0,0.0
2024-10-15T01:42:00.000+02:00,466.16,25.1,39.23,0.0,70.09,0,0,0.0,0.0
2024-10-15T01:43:00.000+02:00,465.4,25.1,39.24,0.0,70.09,0,0,0.0,0.0
2024-10-15T01:44:00.000+02:00,464.64,25.1,39.25,0.0,70.09,0,0,0.0,0.0
2024-10-15T01:45:00.000+02:00,463.88,25.09,39.26,0.0,70.09,0,0,0.0,0.0
2024-10-15T01:46:00.000+02:00,463.12,25.09,39.27,0.0,70.09,0,0,0.0,0.0
2024-10-15T01:47:00.000+02:00,462.38,25.09,39.27,0.0,70.09,0,0,0.0,0.0
2024-10-15T01:48:00.000+02:00,461.63,25.09,39.28,0.0,70.09,0,0,0.0,0.0
2024-10-15T01:49:00.000+02:00,460.89,25.08,39.29,0.0,70.09,0,0,0.0,0.0
2024-10-15T01:50:00.000+02:00,460.15,25.08,39.3,0.0,70.09,0,0,0.0,0.0
2024-10-15T01:51:00.000+02:00,459.42,25.08,39.31,0.0,70.09,0,0,0.0,0.0
2024-10-15T01:52:00.000+02:00,458.69,25.08,39.32,0.0,70.09,0,0,0.0,0.0
2024-10-15T01:53:00.000+02:00,457.97,25.07,39.33,0.0,70.09,0,0,0.0,0.0
2024-10-15T01:54:00.000+02:00,457.25,25.07,39.33,0.0,70.09,0,0,0.0,0.0
2024-10-15T01:55:00.000+02:00,456.53,25.07,39.34,0.0,70.09,0,0,0.0,0.0
2024-10-15T01:56:00.000+02:00,455.82,25.07,39.35,0.0,70.09,0,0,0.0,0.0
2024-10-15T01:57:00.000+02:00,455.11,25.06,39.36,0.0,70.09,0,0,0.0,0.0
2024-10-15T01:58:00.000+02:00,454.4,25.06,39.37,0.0,70.09,0,0,0.0,0.0
2024-10-15T01:59:00.000+02:00,453.7,25.06,39.38,0.0,70.09,0,0,0.0,0.0
2024-10-15T02:00:00.000+02:00,453.0,25.05,39.39,0.0,70.09,0,0,0.0,0.0
2024-10-15T02:01:00.000+02:00,452.31,25.05,39.4,0.0,70.09,0,0,0.0,0.0
2024-10-15T02:02:00.000+02:00,451.62,25.05,39.41,0.0,70.09,0,0,0.0,0.0
2024-10-15T02:03:00.000+02:00,450.93,25.05,39.42,0.0,70.09,0,0,0.0,0.0
2024-10-15T02:04:00.000+02:00,450.25,25.04,39.43,0.0,70.09,0,0,0.0,0.0
2024-10-15T02:05:00.000+02:00,449.57,25.04,39.44,0.0,70.09,0,0,0.0,0.0
2024-10-15T02:06:00.000+02:00,448.9,25.04,39.45,0.0,70.09,0,0,0.0,0.0
2024-10-15T02:07:00.000+02:00,448.23,25.04,39.46,0.0,70.09,0,0,0.0,0.0
2024-10-15T02:08:00.000+02:00,447.56,25.03,39.46,0.0,70.09,0,0,0.0,0.0
2024-10-15T02:09:00.000+02:00,446.9,25.03,39.47,0.0,70.09,0,0,0.0,0.0
2024-10-15T02:10:00.000+02:00,446.24,25.03,39.48,0.0,70.09,0,0,0.0,0.0
2024-10-15T02:11:00.000+02:00,445.58,25.03,39.49,0.0,70.09,0,0,0.0,0.0
2024-10-15T02:12:00.000+02:00,444.93,25.02,39.5,0.0,70.09,0,0,0.0,0.0
2024-10-15T02:13:00.000+02:00,444.28,25.02,39.51,0.0,70.09,0,0,0.0,0.0
2024-10-15T02:14:00.000+02:00,443.63,25.02,39.52,0.0,70.09,0,0,0.0,0.0
2024-10-15T02:15:00.000+02:00,442.99,25.01,39.53,0.0,70.09,0,0,0.0,0.0
2024-10-15T02:16:00.000+02:00,442.35,25.01,39.54,0.0,70.09,0,0,0.0,0.0
2024-10-15T02:17:00.000+02:00,441.71,25.01,39.55,0.0,70.09,0,0,0.0,0.0
2024-10-15T02:18:00.000+02:00,441.08,25.01,39.56,0.0,70.09,0,0,0.0,0.0
2024-10-15T02:19:00.000+02:00,440.45,25.0,39.57,0.0,70.09,0,0,0.0,0.0
2024-10-15T02:20:00.000+02:00,439.83,25.0,39.57,0.0,70.09,0,0,0.0,0.0
2024-10-15T02:21:00.000+02:00,439.21,25.0,39.59,0.0,70.09,0,0,0.0,0.0
2024-10-15T02:22:00.000+02:00,438.59,24.99,39.6,0.0,70.09,0,0,0.0,0.0
2024-10-15T02:23:00.000+02:00,437.98,24.98,39.62,0.0,70.09,0,0,0.0,0.0
2024-10-15T02:24:00.000+02:00,437.36,24.98,39.64,0.0,70.09,0,0,0.0,0.0
2024-10-15T02:25:00.000+02:00,436.76,24.97,39.65,0.0,70.09,0,0,0.0,0.0
2024-10-15T02:26:00.000+02:00,436.15,24.97,39.67,0.0,70.09,0,0,0.0,0.0
2024-10-15T02:27:00.000+02:00,435.55,24.96,39.68,0.0,70.09,0,0,0.0,0.0
2024-10-15T02:28:00.000+02:00,434.95,24.96,39.7,0.0,70.09,0,0,0.0,0.0
2024-10-15T02:29:00.000+02:00,434.36,24.95,39.71,0.0,70.09,0,0,0.0,0.0
2024-10-15T02:30:00.000+02:00,433.77,24.95,39.72,0.0,70.09,0,0,0.0,0.0
2024-10-15T02:31:00.000+02:00,433.18,24.94,39.74,0.0,70.09,0,0,0.0,0.0
2024-10-15T02:32:00.000+02:00,432.59,24.94,39.75,0.0,70.09,0,0,0.0,0.0
2024-10-15T02:33:00.000+02:00,432.01,24.93,39.76,0.0,70.09,0,0,0.0,0.0
2024-10-15T02:34:00.000+02:00,431.43,24.93,39.77,0.0,70.09,0,0,0.0,0.0
2024-10-15T02:35:00.000+02:00,430.86,24.92,39.79,0.0,70.09,0,0,0.0,0.0
2024-10-15T02:36:00.000+02:00,430.29,24.92,39.8,0.0,70.09,0,0,0.0,0.0
2024-10-15T02:37:00.000+02:00,429.72,24.92,39.81,0.0,70.09,0,0,0.0,0.0
2024-10-15T02:38:00.000+02:00,429.15,24.91,39.82,0.0,70.09,0,0,0.0,0.0
2024-10-15T02:39:00.000+02:00,428.59,24.91,39.83,0.0,70.09,0,0,0.0,0.0
2024-10-15T02:40:00.000+02:00,428.03,24.9,39.85,0.0,70.09,0,0,0.0,0.0
2024-10-15T02:41:00.000+02:00,427.47,24.9,39.86,0.0,70.09,0,0,0.0,0.0
2024-10-15T02:42:00.000+02:00,426.92,24.89,39.87,0.0,70.09,0,0,0.0,0.0
2024-10-15T02:43:00.000+02:00,426.37,24.89,39.88,0.0,70.09,0,0,0.0,0.0
2024-10-15T02:44:00.000+02:00,425.82,24.89,39.89,0.0,70.09,0,0,0.0,0.0
2024-10-15T02:45:00.000+02:00,425.28,24.88,39.9,0.0,70.09,0,0,0.0,0.0
2024-10-15T02:46:00.000+02:00,424.73,24.88,39.91,0.0,70.09,0,0,0.0,0.0
2024-10-15T02:47:00.000+02:00,424.2,24.88,39.92,0.0,70.09,0,0,0.0,0.0
2024-10-15T02:48:00.000+02:00,423.66,24.87,39.93,0.0,70.09,0,0,0.0,0.0
2024-10-15T02:49:00.000+02:00,423.13,24.87,39.94,0.0,70.09,0,0,0.0,0.0
2024-10-15T02:50:00.000+02:00,422.6,24.86,39.95,0.0,70.09,0,0,0.0,0.0
2024-10-15T02:51:00.000+02:00,422.07,24.86,39.97,0.0,70.09,0,0,0.0,0.0
2024-10-15T02:52:00.000+02:00,421.55,24.86,39.98,0.0,70.09,0,0,0.0,0.0
2024-10-15T02:53:00.000+02:00,421.03,24.85,39.99,0.0,70.09,0,0,0.0,0.0
2024-10-15T02:54:00.000+02:00,420.51,24.85,40.0,0.0,70.09,0,0,0.0,0.0
2024-10-15T02:55:00.000+02:00,419.99,24.85,40.01,0.0,70.09,0,0,0.0,0.0
2024-10-15T02:56:00.000+02:00,419.48,24.84,40.02,0.0,70.09,0,0,0.0,0.0
2024-10-15T02:57:00.000+02:00,418.97,24.84,40.03,0.0,70.09,0,0,0.0,0.0
2024-10-15T02:58:00.000+02:00,418.46,24.83,40.04,0.0,70.09,0,0,0.0,0.0
2024-10-15T02:59:00.000+02:00,417.96,24.83,40.05,0.0,70.09,0,0,0.0,0.0
2024-10-15T03:00:00.000+02:00,417.46,24.83,40.06,0.0,70.09,0,0,0.0,0.0
2024-10-15T03:01:00.000+02:00,416.96,24.82,40.07,0.0,70.09,0,0,0.0,0.0
2024-10-15T03:02:00.000+02:00,416.46,24.82,40.08,0.0,70.09,0,0,0.0,0.0
2024-10-15T03:03:00.000+02:00,415.97,24.82,40.09,0.0,70.09,0,0,0.0,0.0
2024-10-15T03:04:00.000+02:00,415.48,24.81,40.09,0.0,70.09,0,0,0.0,0.0
2024-10-15T03:05:00.000+02:00,414.99,24.81,40.1,0.0,70.09,0,0,0.0,0.0
2024-10-15T03:06:00.000+02:00,414.51,24.81,40.11,0.0,70.09,0,0,0.0,0.0
2024-10-15T03:07:00.000+02:00,414.02,24.8,40.12,0.0,70.09,0,0,0.0,0.0
2024-10-15T03:08:00.000+02:00,413.54,24.8,40.13,0.0,70.09,0,0,0.0,0.0
2024-10-15T03:09:00.000+02:00,413.07,24.8,40.14,0.0,70.09,0,0,0.0,0.0
2024-10-15T03:10:00.000+02:00,412.59,24.79,40.15,0.0,70.09,0,0,0.0,0.0
2024-10-15T03:11:00.000+02:00,412.12,24.79,40.16,0.0,70.09,0,0,0.0,0.0
2024-10-15T03:12:00.000+02:00,411.65,24.79,40.17,0.0,70.09,0,0,0.0,0.0
2024-10-15T03:13:00.000+02:00,411.18,24.78,40.18,0.0,70.09,0,0,0.0,0.0
2024-10-15T03:14:00.000+02:00,410.72,24.78,40.18,0.0,70.09,0,0,0.0,0.0
2024-10-15T03:15:00.000+02:00,410.26,24.78,40.19,0.0,70.09,0,0,0.0,0.0
2024-10-15T03:16:00.000+02:00,409.8,24.77,40.2,0.0,70.09,0,0,0.0,0.0
2024-10-15T03:17:00.000+02:00,409.34,24.77,40.21,0.0,70.09,0,0,0.0,0.0
2024-10-15T03:18:00.000+02:00,408.89,24.77,40.22,0.0,70.09,0,0,0.0,0.0
2024-10-15T03:19:00.000+02:00,408.44,24.76,40.23,0.0,70.09,0,0,0.0,0.0
2024-10-15T03:20:00.000+02:00,407.99,24.76,40.23,0.0,70.09,0,0,0.0,0.0
2024-10-15T03:21:00.000+02:00,407.54,24.76,40.24,0.0,70.09,0,0,0.0,0.0
2024-10-15T03:22:00.000+02:00,407.1,24.75,40.25,0.0,70.09,0,0,0.0,0.0
2024-10-15T03:23:00.000+02:00,406.66,24.75,40.26,0.0,70.09,0,0,0.0,0.0
2024-10-15T03:24:00.000+02:00,406.22,24.75,40.27,0.0,70.09,0,0,0.0,0.0
2024-10-15T03:25:00.000+02:00,405.78,24.74,40.27,0.0,70.09,0,0,0.0,0.0
2024-10-15T03:26:00.000+02:00,405.34,24.74,40.28,0.0,70.09,0,0,0.0,0.0
2024-10-15T03:27:00.000+02:00,404.91,24.74,40.29,0.0,70.09,0,0,0.0,0.0
2024-10-15T03:28:00.000+02:00,404.48,24.73,40.3,0.0,70.09,0,0,0.0,0.0
2024-10-15T03:29:00.000+02:00,404.06,24.73,40.3,0.0,70.09,0,0,0.0,0.0
2024-10-15T03:30:00.000+02:00,403.63,24.73,40.31,0.0,70.09,0,0,0.0,0.0
2024-10-15T03:31:00.000+02:00,403.21,24.72,40.32,0.0,70.09,0,0,0.0,0.0
2024-10-15T03:32:00.000+02:00,402.79,24.72,40.33,0.0,70.09,0,0,0.0,0.0
2024-10-15T03:33:00.000+02:00,402.37,24.72,40.33,0.0,70.09,0,0,0.0,0.0
2024-10-15T03:34:00.000+02:00,401.95,24.72,40.34,0.0,70.09,0,0,0.0,0.0
2024-10-15T03:35:00.000+02:00,401.54,24.71,40.35,0.0,70.09,0,0,0.0,0.0
2024-10-15T03:36:00.000+02:00,401.13,24.71,40.36,0.0,70.09,0,0,0.0,0.0
2024-10-15T03:37:00.000+02:00,400.72,24.71,40.36,0.0,70.09,0,0,0.0,0.0
2024-10-15T03:38:00.000+02:00,400.31,24.7,40.37,0.0,70.09,0,0,0.0,0.0
2024-10-15T03:39:00.000+02:00,399.91,24.7,40.38,0.0,70.09,0,0,0.0,0.0
2024-10-15T03:40:00.000+02:00,399.51,24.7,40.38,0.0,70.09,0,0,0.0,0.0
2024-10-15T03:41:00.000+02:00,399.11,24.69,40.39,0.0,70.09,0,0,0.0,0.0
2024-10-15T03:42:00.000+02:00,398.71,24.69,40.4,0.0,70.09,0,0,0.0,0.0
2024-10-15T03:43:00.000+02:00,398.31,24.69,40.4,0.0,70.09,0,0,0.0,0.0
2024-10-15T03:44:00.000+02:00,397.92,24.68,40.41,0.0,70.09,0,0,0.0,0.0
2024-10-15T03:45:00.000+02:00,397.53,24.68,40.42,0.0,70.09,0,0,0.0,0.0
2024-10-15T03:46:00.000+02:00,397.14,24.68,40.43,0.0,70.09,0,0,0.0,0.0
2024-10-15T03:47:00.000+02:00,396.75,24.68,40.43,0.0,70.09,0,0,0.0,0.0
2024-10-15T03:48:00.000+02:00,396.37,24.67,40.44,0.0,70.09,0,0,0.0,0.0
2024-10-15T03:49:00.000+02:00,395.98,24.67,40.45,0.0,70.09,0,0,0.0,0.0
2024-10-15T03:50:00.000+02:00,395.6,24.67,40.45,0.0,70.09,0,0,0.0,0.0
2024-10-15T03:51:00.000+02:00,395.23,24.66,40.46,0.0,70.09,0,0,0.0,0.0
2024-10-15T03:52:00.000+02:00,394.85,24.66,40.47,0.0,70.09,0,0,0.0,0.0
2024-10-15T03:53:00.000+02:00,394.47,24.66,40.47,0.0,70.09,0,0,0.0,0.0
2024-10-15T03:54:00.000+02:00,394.1,24.65,40.48,0.0,70.09,0,0,0.0,0.0
2024-10-15T03:55:00.000+02:00,393.73,24.65,40.48,0.0,70.09,0,0,0.0,0.0
2024-10-15T03:56:00.000+02:00,393.36,24.65,40.49,0.0,70.09,0,0,0.0,0.0
2024-10-15T03:57:00.000+02:00,393.0,24.64,40.5,0.0,70.09,0,0,0.0,0.0
2024-10-15T03:58:00.000+02:00,392.63,24.64,40.5,0.0,70.09,0,0,0.0,0.0
2024-10-15T03:59:00.000+02:00,392.27,24.64,40.51,0.0,70.09,0,0,0.0,0.0
2024-10-15T04:00:00.000+02:00,391.91,24.64,40.52,0.0,70.09,0,0,0.0,0.0
2024-10-15T04:01:00.000+02:00,391.55,24.63,40.52,0.0,70.09,0,0,0.0,0.0
2024-10-15T04:02:00.000+02:00,391.2,24.63,40.53,0.0,70.09,0,0,0.0,0.0
2024-10-15T04:03:00.000+02:00,390.84,24.63,40.53,0.0,70.09,0,0,0.0,0.0
2024-10-15T04:04:00.000+02:00,390.49,24.62,40.54,0.0,70.09,0,0,0.0,0.0
2024-10-15T04:05:00.000+02:00,390.14,24.62,40.55,0.0,70.09,0,0,0.0,0.0
2024-10-15T04:06:00.000+02:00,389.79,24.62,40.55,0.0,70.09,0,0,0.0,0.0
2024-10-15T04:07:00.000+02:00,389.44,24.61,40.56,0.0,70.09,0,0,0.0,0.0
2024-10-15T04:08:00.000+02:00,389.1,24.61,40.56,0.0,70.09,0,0,0.0,0.0
2024-10-15T04:09:00.000+02:00,388.76,24.61,40.57,0.0,70.09,0,0,0.0,0.0
2024-10-15T04:10:00.000+02:00,388.42,24.61,40.58,0.0,70.09,0,0,0.0,0.0
2024-10-15T04:11:00.000+02:00,388.08,24.6,40.58,0.0,70.09,0,0,0.0,0.0
2024-10-15T04:12:00.000+02:00,387.74,24.6,40.59,0.0,70.09,0,0,0.0,0.0
2024-10-15T04:13:00.000+02:00,387.4,24.6,40.59,0.0,70.09,0,0,0.0,0.0
2024-10-15T04:14:00.000+02:00,387.07,24.59,40.6,0.0,70.09,0,0,0.0,0.0
2024-10-15T04:15:00.000+02:00,386.74,24.59,40.6,0.0,70.09,0,0,0.0,0.0
2024-10-15T04:16:00.000+02:00,386.41,24.59,40.61,0.0,70.09,0,0,0.0,0.0
2024-10-15T04:17:00.000+02:00,386.08,24.58,40.61,0.0,70.09,0,0,0.0,0.0
2024-10-15T04:18:00.000+02:00,385.75,24.58,40.62,0.0,70.09,0,0,0.0,0.0
2024-10-15T04:19:00.000+02:00,385.43,24.58,40.62,0.0,70.09,0,0,0.0,0.0
2024-10-15T04:20:00.000+02:00,385.11,24.58,40.63,0.0,70.09,0,0,0.0,0.0
2024-10-15T04:21:00.000+02:00,384.79,24.57,40.63,0.0,70.09,0,0,0.0,0.0
2024-10-15T04:22:00.000+02:00,384.47,24.57,40.64,0.0,70.09,0,0,0.0,0.0
2024-10-15T04:23:00.000+02:00,384.15,24.57,40.64,0.0,70.09,0,0,0.0,0.0
2024-10-15T04:24:00.000+02:00,383.83,24.56,40.65,0.0,70.09,0,0,0.0,0.0
2024-10-15T04:25:00.000+02:00,383.52,24.56,40.65,0.0,70.09,0,0,0.0,0.0
2024-10-15T04:26:00.000+02:00,383.21,24.56,40.66,0.0,70.09,0,0,0.0,0.0
2024-10-15T04:27:00.000+02:00,382.9,24.55,40.66,0.0,70.09,0,0,0.0,0.0
2024-10-15T04:28:00.000+02:00,382.59,24.55,40.67,0.0,70.09,0,0,0.0,0.0
2024-10-15T04:29:00.000+02:00,382.28,24.55,40.67,0.0,70.09,0,0,0.0,0.0
2024-10-15T04:30:00.000+02:00,381.98,24.55,40.67,0.0,70.09,0,0,0.0,0.0
2024-10-15T04:31:00.000+02:00,381.67,24.54,40.68,0.0,70.09,0,0,0.0,0.0
2024-10-15T04:32:00.000+02:00,381.37,24.54,40.68,0.0,70.09,0,0,0.0,0.0
2024-10-15T04:33:00.000+02:00,381.07,24.54,40.69,0.0,70.09,0,0,0.0,0.0
2024-10-15T04:34:00.000+02:00,380.77,24.53,40.69,0.0,70.09,0,0,0.0,0.0
2024-10-15T04:35:00.000+02:00,380.47,24.53,40.7,0.0,70.09,0,0,0.0,0.0
2024-10-15T04:36:00.000+02:00,380.18,24.53,40.7,0.0,70.09,0,0,0.0,0.0
2024-10-15T04:37:00.000+02:00,379.89,24.52,40.7,0.0,70.09,0,0,0.0,0.0
2024-10-15T04:38:00.000+02:00,379.59,24.52,40.71,0.0,70.09,0,0,0.0,0.0
2024-10-15T04:39:00.000+02:00,379.3,24.52,40.71,0.0,70.09,0,0,0.0,0.0
2024-10-15T04:40:00.000+02:00,379.01,24.52,40.72,0.0,70.09,0,0,0.0,0.0
2024-10-15T04:41:00.000+02:00,378.73,24.51,40.72,0.0,70.09,0,0,0.0,0.0
2024-10-15T04:42:00.000+02:00,378.44,24.51,40.72,0.0,70.09,0,0,0.0,0.0
2024-10-15T04:43:00.000+02:00,378.16,24.51,40.73,0.0,70.09,0,0,0.0,0.0
2024-10-15T04:44:00.000+02:00,377.87,24.5,40.73,0.0,70.09,0,0,0.0,0.0
2024-10-15T04:45:00.000+02:00,377.59,24.5,40.73,0.0,70.09,0,0,0.0,0.0
2024-10-15T04:46:00.000+02:00,377.31,24.5,40.74,0.0,70.09,0,0,0.0,0.0
2024-10-15T04:47:00.000+02:00,377.03,24.5,40.74,0.0,70.09,0,0,0.0,0.0
2024-10-15T04:48:00.000+02:00,376.76,24.49,40.74,0.0,70.09,0,0,0.0,0.0
2024-10-15T04:49:00.000+02:00,376.48,24.49,40.75,0.0,70.09,0,0,0.0,0.0
2024-10-15T04:50:00.000+02:00,376.21,24.49,40.75,0.0,70.09,0,0,0.0,0.0
2024-10-15T04:51:00.000+02:00,375.94,24.48,40.75,0.0,70.09,0,0,0.0,0.0
2024-10-15T04:52:00.000+02:00,375.67,24.48,40.76,0.0,70.09,0,0,0.0,0.0
2024-10-15T04:53:00.000+02:00,375.4,24.48,40.76,0.0,70.09,0,0,0.0,0.0
2024-10-15T04:54:00.000+02:00,375.13,24.47,40.77,0.0,70.09,0,0,0.0,0.0
2024-10-15T04:55:00.000+02:00,374.86,24.47,40.77,0.0,70.09,0,0,0.0,0.0
2024-10-15T04:56:00.000+02:00,374.6,24.47,40.77,0.0,70.09,0,0,0.0,0.0
2024-10-15T04:57:00.000+02:00,374.34,24.47,40.78,0.0,70.09,0,0,0.0,0.0
2024-10-15T04:58:00.000+02:00,374.07,24.46,40.78,0.0,70.09,0,0,0.0,0.0
2024-10-15T04:59:00.000+02:00,373.81,24.46,40.78,0.0,70.09,0,0,0.0,0.0
2024-10-15T05:00:00.000+02:00,373.56,24.46,40.79,0.0,70.09,0,0,0.0,0.0
2024-10-15T05:01:00.000+02:00,373.3,24.45,40.79,0.0,70.09,0,0,0.0,0.0
2024-10-15T05:02:00.000+02:00,373.04,24.45,40.79,0.0,70.09,0,0,0.0,0.0
2024-10-15T05:03:00.000+02:00,372.79,24.45,40.79,0.0,70.09,0,0,0.0,0.0
2024-10-15T05:04:00.000+02:00,372.53,24.44,40.8,0.0,70.09,0,0,0.0,0.0
2024-10-15T05:05:00.000+02:00,372.28,24.44,40.8,0.0,70.09,0,0,0.0,0.0
2024-10-15T05:06:00.000+02:00,372.03,24.44,40.8,0.0,70.09,0,0,0.0,0.0
2024-10-15T05:07:00.000+02:00,371.78,24.44,40.81,0.0,70.09,0,0,0.0,0.0
2024-10-15T05:08:00.000+02:00,371.54,24.43,40.81,0.0,70.09,0,0,0.0,0.0
2024-10-15T05:09:00.000+02:00,371.29,24.43,40.81,0.0,70.09,0,0,0.0,0.0
2024-10-15T05:10:00.000+02:00,371.05,24.43,40.81,0.0,70.09,0,0,0.0,0.0
2024-10-15T05:11:00.000+02:00,370.8,24.43,40.81,0.0,70.09,0,0,0.0,0.0
2024-10-15T05:12:00.000+02:00,370.56,24.42,40.82,0.0,70.09,0,0,0.0,0.0
2024-10-15T05:13:00.000+02:00,370.32,24.42,40.82,0.0,70.09,0,0,0.0,0.0
2024-10-15T05:14:00.000+02:00,370.08,24.42,40.82,0.0,70.09,0,0,0.0,0.0
2024-10-15T05:15:00.000+02:00,369.84,24.42,40.82,0.0,70.09,0,0,0.0,0.0
2024-10-15T05:16:00.000+02:00,369.6,24.41,40.83,0.0,70.09,0,0,0.0,0.0
2024-10-15T05:17:00.000+02:00,369.37,24.41,40.83,0.0,70.09,0,0,0.0,0.0
2024-10-15T05:18:00.000+02:00,369.13,24.41,40.83,0.0,70.09,0,0,0.0,0.0
2024-10-15T05:19:00.000+02:00,368.9,24.41,40.83,0.0,70.09,0,0,0.0,0.0
2024-10-15T05:20:00.000+02:00,368.67,24.4,40.83,0.0,70.09,0,0,0.0,0.0
2024-10-15T05:21:00.000+02:00,368.44,24.4,40.84,0.0,70.09,0,0,0.0,0.0
2024-10-15T05:22:00.000+02:00,368.21,24.4,40.84,0.0,70.09,0,0,0.0,0.0
2024-10-15T05:23:00.000+02:00,367.98,24.4,40.84,0.0,70.09,0,0,0.0,0.0
2024-10-15T05:24:00.000+02:00,367.76,24.39,40.84,0.0,70.09,0,0,0.0,0.0
2024-10-15T05:25:00.000+02:00,367.53,24.39,40.84,0.0,70.09,0,0,0.0,0.0
2024-10-15T05:26:00.000+02:00,367.31,24.39,40.85,0.0,70.09,0,0,0.0,0.0
2024-10-15T05:27:00.000+02:00,367.08,24.39,40.85,0.0,70.09,0,0,0.0,0.0
2024-10-15T05:28:00.000+02:00,366.86,24.39,40.85,0.0,70.09,0,0,0.0,0.0
2024-10-15T05:29:00.000+02:00,366.64,24.38,40.85,0.0,70.09,0,0,0.0,0.0
2024-10-15T05:30:00.000+02:00,366.42,24.38,40.85,0.0,70.09,0,0,0.0,0.0
2024-10-15T05:31:00.000+02:00,366.21,24.38,40.86,0.0,70.09,0,0,0.0,0.0
2024-10-15T05:32:00.000+02:00,365.99,24.38,40.86,0.0,70.09,0,0,0.0,0.0
2024-10-15T05:33:00.000+02:00,365.77,24.37,40.86,0.0,70.09,0,0,0.0,0.0
2024-10-15T05:34:00.000+02:00,365.56,24.37,40.86,0.0,70.09,0,0,0.0,0.0
2024-10-15T05:35:00.000+02:00,365.35,24.37,40.86,0.0,70.09,0,0,0.0,0.0
2024-10-15T05:36:00.000+02:00,365.13,24.37,40.86,0.0,70.09,0,0,0.0,0.0
2024-10-15T05:37:00.000+02:00,364.92,24.37,40.87,0.0,70.09,0,0,0.0,0.0
2024-10-15T05:38:00.000+02:00,364.71,24.36,40.87,0.0,70.09,0,0,0.0,0.0
2024-10-15T05:39:00.000+02:00,364.51,24.36,40.87,0.0,70.09,0,0,0.0,0.0
2024-10-15T05:40:00.000+02:00,364.3,24.36,40.87,0.0,70.09,0,0,0.0,0.0
2024-10-15T05:41:00.000+02:00,364.09,24.36,40.87,0.0,70.09,0,0,0.0,0.0
2024-10-15T05:42:00.000+02:00,363.89,24.36,40.88,0.0,70.09,0,0,0.0,0.0
2024-10-15T05:43:00.000+02:00,363.68,24.35,40.88,0.0,70.09,0,0,0.0,0.0
2024-10-15T05:44:00.000+02:00,363.48,24.35,40.88,0.0,70.09,0,0,0.0,0.0
2024-10-15T05:45:00.000+02:00,363.28,24.35,40.88,0.0,70.09,0,0,0.0,0.0
2024-10-15T05:46:00.000+02:00,363.08,24.35,40.88,0.0,70.09,0,0,0.0,0.0
2024-10-15T05:47:00.000+02:00,362.88,24.35,40.89,0.0,70.09,0,0,0.0,0.0
2024-10-15T05:48:00.000+02:00,362.68,24.34,40.89,0.0,70.09,0,0,0.0,0.0
2024-10-15T05:49:00.000+02:00,362.48,24.34,40.89,0.0,70.09,0,0,0.0,0.0
2024-10-15T05:50:00.000+02:00,362.29,24.34,40.89,0.0,70.09,0,0,0.0,0.0
2024-10-15T05:51:00.000+02:00,362.09,24.34,40.89,0.0,70.09,0,0,0.0,0.0
2024-10-15T05:52:00.000+02:00,361.9,24.34,40.9,0.0,70.09,0,0,0.0,0.0
2024-10-15T05:53:00.000+02:00,361.71,24.33,40.9,0.0,70.09,0,0,0.0,0.0
2024-10-15T05:54:00.000+02:00,361.51,24.33,40.9,0.0,70.09,0,0,0.0,0.0
2024-10-15T05:55:00.000+02:00,361.32,24.33,40.9,0.0,70.09,0,0,0.0,0.0
2024-10-15T05:56:00.000+02:00,361.13,24.33,40.9,0.0,70.09,0,0,0.0,0.0
2024-10-15T05:57:00.000+02:00,360.94,24.32,40.91,0.0,70.09,0,0,0.0,0.0
2024-10-15T05:58:00.000+02:00,360.76,24.32,40.91,0.0,70.09,0,0,0.0,0.0
2024-10-15T05:59:00.000+02:00,360.57,24.32,40.91,0.0,70.09,0,0,0.0,0.0
2024-10-15T06:00:00.000+02:00,360.38,24.32,40.91,0.0,70.09,0,0,0.0,0.0
2024-10-15T06:01:00.000+02:00,360.2,24.32,40.91,0.0,70.09,0,0,0.0,0.0
2024-10-15T06:02:00.000+02:00,360.02,24.31,40.92,0.0,70.09,0,0,0.0,0.0
2024-10-15T06:03:00.000+02:00,359.83,24.31,40.92,0.0,70.09,0,0,0.0,0.0
2024-10-15T06:04:00.000+02:00,359.65,24.31,40.92,0.0,70.09,0,0,0.0,0.0
2024-10-15T06:05:00.000+02:00,359.47,24.31,40.92,0.0,70.09,0,0,0.0,0.0
2024-10-15T06:06:00.000+02:00,359.29,24.31,40.93,0.0,70.09,0,0,0.0,0.0
2024-10-15T06:07:00.000+02:00,359.11,24.3,40.93,0.0,70.09,0,0,0.0,0.0
2024-10-15T06:08:00.000+02:00,358.94,24.3,40.93,0.0,70.09,0,0,0.0,0.0
2024-10-15T06:09:00.000+02:00,358.76,24.3,40.93,0.0,70.09,0,0,0.0,0.0
2024-10-15T06:10:00.000+02:00,358.59,24.3,40.94,0.0,70.09,0,0,0.0,0.0
2024-10-15T06:11:00.000+02:00,358.41,24.29,40.94,0.0,70.09,0,0,0.0,0.0
2024-10-15T06:12:00.000+02:00,358.24,24.29,40.94,0.0,70.09,0,0,0.0,0.0
2024-10-15T06:13:00.000+02:00,358.06,24.29,40.94,0.0,70.09,0,0,0.0,0.0
2024-10-15T06:14:00.000+02:00,357.89,24.29,40.95,0.0,70.09,0,0,0.0,0.0
2024-10-15T06:15:00.000+02:00,357.72,24.29,40.95,0.0,70.09,0,0,0.0,0.0
2024-10-15T06:16:00.000+02:00,357.55,24.28,40.95,0.0,70.09,0,0,0.0,0.0
2024-10-15T06:17:00.000+02:00,357.38,24.28,40.95,0.0,70.09,0,0,0.0,0.0
2024-10-15T06:18:00.000+02:00,357.22,24.28,40.96,0.0,70.09,0,0,0.0,0.0
2024-10-15T06:19:00.000+02:00,357.05,24.28,40.96,0.0,70.09,0,0,0.0,0.0
2024-10-15T06:20:00.000+02:00,356.88,24.28,40.96,0.0,70.09,0,0,0.0,0.0
2024-10-15T06:21:00.000+02:00,356.72,24.27,40.96,0.0,70.09,0,0,0.0,0.0
2024-10-15T06:22:00.000+02:00,356.55,24.27,40.97,0.0,70.09,0,0,0.0,0.0
2024-10-15T06:23:00.000+02:00,356.39,24.27,40.97,0.0,70.09,0,0,0.0,0.0
2024-10-15T06:24:00.000+02:00,356.23,24.27,40.97,0.0,70.09,0,0,0.0,0.0
2024-10-15T06:25:00.000+02:00,356.07,24.26,40.97,0.0,70.09,0,0,0.0,0.0
2024-10-15T06:26:00.000+02:00,355.91,24.26,40.98,0.0,70.09,0,0,0.0,0.0
2024-10-15T06:27:00.000+02:00,355.75,24.26,40.98,0.0,70.09,0,0,0.0,0.0
2024-10-15T06:28:00.000+02:00,355.59,24.26,40.98,0.0,70.09,0,0,0.0,0.0
2024-10-15T06:29:00.000+02:00,355.43,24.26,40.98,0.0,70.09,0,0,0.0,0.0
2024-10-15T06:30:00.000+02:00,355.27,24.25,40.99,0.0,70.09,0,0,0.0,0.0
2024-10-15T06:31:00.000+02:00,355.12,24.25,40.99,0.0,70.09,0,0,0.0,0.0
2024-10-15T06:32:00.000+02:00,354.96,24.25,40.99,0.0,70.09,0,0,0.0,0.0
2024-10-15T06:33:00.000+02:00,354.81,24.25,40.99,0.0,70.09,0,0,0.0,0.0
2024-10-15T06:34:00.000+02:00,354.65,24.25,41.0,0.0,70.09,0,0,0.0,0.0
2024-10-15T06:35:00.000+02:00,354.5,24.24,41.0,0.0,70.09,0,0,0.0,0.0
2024-10-15T06:36:00.000+02:00,354.35,24.24,41.0,0.0,70.09,0,0,0.0,0.0
2024-10-15T06:37:00.000+02:00,354.2,24.24,41.0,0.0,70.09,0,0,0.0,0.0
2024-10-15T06:38:00.000+02:00,354.05,24.24,41.0,0.0,70.09,0,0,0.0,0.0
2024-10-15T06:39:00.000+02:00,353.9,24.24,41.0,0.0,70.09,0,0,0.0,0.0
2024-10-15T06:40:00.000+02:00,353.75,24.24,41.0,0.0,70.09,0,0,0.0,0.0
2024-10-15T06:41:00.000+02:00,353.6,24.27,40.91,0.0,70.09,0,0,0.0,0.0
2024-10-15T06:42:00.000+02:00,353.45,24.33,40.77,0.0,70.09,0,0,0.0,0.0
2024-10-15T06:43:00.000+02:00,353.31,24.39,40.62,0.0,70.09,0,0,0.0,0.0
2024-10-15T06:44:00.000+02:00,353.16,24.45,40.48,0.0,70.09,0,0,0.0,0.0
2024-10-15T06:45:00.000+02:00,353.02,24.5,40.34,0.0,70.09,0,0,0.0,0.0
2024-10-15T06:46:00.000+02:00,352.87,24.55,40.22,0.0,70.09,0,0,0.0,0.0
2024-10-15T06:47:00.000+02:00,352.73,24.6,40.1,0.0,70.09,0,0,0.0,0.0
2024-10-15T06:48:00.000+02:00,352.59,24.64,40.0,0.0,70.09,0,0,0.0,0.0
2024-10-15T06:49:00.000+02:00,352.45,24.69,39.9,0.0,70.09,0,0,0.0,0.0
2024-10-15T06:50:00.000+02:00,352.31,24.72,39.8,0.0,70.09,0,0,0.0,0.0
2024-10-15T06:51:00.000+02:00,352.17,24.76,39.71,0.0,70.09,0,0,0.0,0.0
2024-10-15T06:52:00.000+02:00,352.03,24.8,39.63,0.0,70.09,0,0,0.0,0.0
2024-10-15T06:53:00.000+02:00,351.89,24.83,39.55,0.0,70.09,0,0,0.0,0.0
2024-10-15T06:54:00.000+02:00,351.75,24.86,39.48,0.0,70.09,0,0,0.0,0.0
2024-10-15T06:55:00.000+02:00,351.61,24.89,39.41,0.0,70.09,0,0,0.0,0.0
2024-10-15T06:56:00.000+02:00,351.48,24.92,39.34,0.0,70.09,0,0,0.0,0.0
2024-10-15T06:57:00.000+02:00,351.34,24.94,39.27,0.0,70.09,0,0,0.0,0.0
2024-10-15T06:58:00.000+02:00,351.21,24.97,39.21,0.0,70.09,0,0,0.0,0.0
2024-10-15T06:59:00.000+02:00,351.07,24.99,39.15,0.0,70.09,0,0,0.0,0.0
2024-10-15T07:00:00.000+02:00,350.94,25.02,39.1,0.0,70.09,0,0,0.0,0.0
2024-10-15T07:01:00.000+02:00,350.81,25.03,39.06,0.0,70.09,0,0,0.0,0.0
2024-10-15T07:02:00.000+02:00,350.68,25.04,39.04,0.0,70.09,0,0,0.0,0.0
2024-10-15T07:03:00.000+02:00,350.54,25.04,39.03,0.0,70.09,0,0,0.0,0.0
2024-10-15T07:04:00.000+02:00,350.41,25.05,39.01,0.0,70.09,0,0,0.0,0.0
2024-10-15T07:05:00.000+02:00,350.28,25.06,38.98,0.0,70.09,0,0,0.0,0.0
2024-10-15T07:06:00.000+02:00,350.16,25.07,38.95,0.0,70.09,0,0,0.0,0.0
2024-10-15T07:07:00.000+02:00,350.03,25.08,38.92,0.0,70.09,0,0,0.0,0.0
2024-10-15T07:08:00.000+02:00,349.9,25.1,38.89,0.0,70.09,0,0,0.0,0.0
2024-10-15T07:09:00.000+02:00,349.77,25.11,38.87,0.0,70.09,0,0,0.0,0.0
2024-10-15T07:10:00.000+02:00,349.65,25.12,38.84,0.0,70.09,0,0,0.0,0.0
2024-10-15T07:11:00.000+02:00,349.52,25.13,38.81,0.0,70.09,0,0,0.0,0.0
2024-10-15T07:12:00.000+02:00,349.4,25.14,38.79,0.0,70.09,0,0,0.0,0.0
2024-10-15T07:13:00.000+02:00,349.27,25.15,38.77,0.0,70.09,0,0,0.0,0.0
2024-10-15T07:14:00.000+02:00,349.15,25.15,38.75,0.0,70.09,0,0,0.0,0.0
2024-10-15T07:15:00.000+02:00,349.03,25.16,38.73,0.0,70.09,0,0,0.0,0.0
2024-10-15T07:16:00.000+02:00,348.9,25.17,38.71,0.0,70.09,0,0,0.0,0.0
2024-10-15T07:17:00.000+02:00,348.78,25.17,38.7,0.0,70.09,0,0,0.0,0.0
2024-10-15T07:18:00.000+02:00,348.66,25.18,38.68,0.0,70.09,0,0,0.0,0.0
2024-10-15T07:19:00.000+02:00,348.54,25.19,38.67,0.0,70.09,0,0,0.0,0.0
2024-10-15T07:20:00.000+02:00,348.42,25.19,38.65,0.0,70.09,0,0,0.0,0.0
2024-10-15T07:21:00.000+02:00,348.3,25.2,38.64,0.0,70.09,0,0,0.0,0.0
2024-10-15T07:22:00.000+02:00,348.19,25.2,38.63,0.0,70.09,0,0,0.0,0.0
2024-10-15T07:23:00.000+02:00,348.07,25.2,38.62,0.0,70.09,0,0,0.0,0.0
2024-10-15T07:24:00.000+02:00,347.95,25.21,38.6,0.0,70.09,0,0,0.0,0.0
2024-10-15T07:25:00.000+02:00,347.84,25.21,38.59,0.0,70.09,0,0,0.0,0.0
2024-10-15T07:26:00.000+02:00,347.72,25.22,38.58,0.0,70.09,0,0,0.0,0.0
2024-10-15T07:27:00.000+02:00,347.61,25.22,38.57,0.0,70.09,0,0,0.0,0.0
2024-10-15T07:28:00.000+02:00,347.49,25.22,38.56,0.0,70.09,0,0,0.0,0.0
2024-10-15T07:29:00.000+02:00,347.38,25.23,38.55,0.0,70.09,0,0,0.0,0.0
2024-10-15T07:30:00.000+02:00,347.26,25.23,38.54,0.0,70.09,0,0,0.0,0.0
2024-10-15T07:31:00.000+02:00,347.15,25.24,38.53,0.0,70.09,0,0,0.0,0.0
2024-10-15T07:32:00.000+02:00,347.04,25.24,38.52,0.0,70.09,0,0,0.0,0.0
2024-10-15T07:33:00.000+02:00,346.93,25.24,38.51,0.0,70.09,0,0,0.0,0.0
2024-10-15T07:34:00.000+02:00,346.82,25.25,38.5,0.0,70.09,0,0,0.0,0.0
2024-10-15T07:35:00.000+02:00,346.71,25.25,38.49,0.0,70.09,0,0,0.0,0.0
2024-10-15T07:36:00.000+02:00,346.6,25.26,38.48,0.0,70.09,0,0,0.0,0.0
2024-10-15T07:37:00.000+02:00,346.49,25.26,38.47,0.0,70.09,0,0,0.0,0.0
2024-10-15T07:38:00.000+02:00,346.38,25.26,38.45,0.0,70.09,0,0,0.0,0.0
2024-10-15T07:39:00.000+02:00,346.28,25.27,38.44,0.0,70.09,0,0,0.0,0.0
2024-10-15T07:40:00.000+02:00,346.17,25.27,38.43,0.0,70.09,0,0,0.0,0.0
2024-10-15T07:41:00.000+02:00,346.06,25.28,38.42,0.0,70.09,0,0,0.0,0.0
2024-10-15T07:42:00.000+02:00,345.96,25.28,38.41,0.0,70.09,0,0,0.0,0.0
2024-10-15T07:43:00.000+02:00,345.85,25.29,38.4,0.0,70.09,0,0,0.0,0.0
2024-10-15T07:44:00.000+02:00,345.75,25.29,38.38,0.0,70.09,0,0,0.0,0.0
2024-10-15T07:45:00.000+02:00,345.64,25.29,38.37,0.0,70.09,0,0,0.0,0.0
2024-10-15T07:46:00.000+02:00,345.54,25.3,38.36,0.0,70.09,0,0,0.0,0.0
2024-10-15T07:47:00.000+02:00,345.44,25.3,38.35,0.0,70.09,0,0,0.0,0.0
2024-10-15T07:48:00.000+02:00,345.34,25.31,38.34,0.0,70.09,0,0,0.0,0.0
2024-10-15T07:49:00.000+02:00,345.23,25.31,38.32,0.0,70.09,0,0,0.0,0.0
2024-10-15T07:50:00.000+02:00,345.13,25.32,38.31,0.0,70.09,0,0,0.0,0.0
2024-10-15T07:51:00.000+02:00,345.03,25.32,38.3,0.0,70.09,0,0,0.0,0.0
2024-10-15T07:52:00.000+02:00,344.93,25.33,38.28,0.0,70.09,0,0,0.0,0.0
2024-10-15T07:53:00.000+02:00,344.83,25.33,38.27,0.0,70.09,0,0,0.0,0.0
2024-10-15T07:54:00.000+02:00,344.73,25.34,38.26,0.0,70.09,0,0,0.0,0.0
2024-10-15T07:55:00.000+02:00,344.64,25.34,38.24,0.0,70.09,0,0,0.0,0.0
2024-10-15T07:56:00.000+02:00,344.54,25.35,38.23,0.0,70.09,0,0,0.0,0.0
2024-10-15T07:57:00.000+02:00,344.44,25.36,38.22,0.0,70.09,0,0,0.0,0.0
2024-10-15T07:58:00.000+02:00,344.34,25.36,38.2,0.0,70.09,0,0,0.0,0.0
2024-10-15T07:59:00.000+02:00,344.25,25.37,38.19,0.0,70.09,0,0,0.0,0.0
2024-10-15T08:00:00.000+02:00,344.15,25.37,38.17,0.0,70.09,0,0,0.0,0.0
2024-10-15T08:01:00.000+02:00,344.06,25.38,38.16,0.0,70.09,0,0,0.0,0.0
2024-10-15T08:02:00.000+02:00,343.96,25.38,38.14,0.0,70.09,0,0,0.0,0.0
2024-10-15T08:03:00.000+02:00,343.87,25.39,38.13,0.0,70.09,0,0,0.0,0.0
2024-10-15T08:04:00.000+02:00,343.77,25.4,38.11,0.0,70.09,0,0,0.0,0.0
2024-10-15T08:05:00.000+02:00,343.68,25.4,38.1,0.0,70.09,0,0,0.0,0.0
2024-10-15T08:06:00.000+02:00,343.59,25.41,38.08,0.0,70.09,0,0,0.0,0.0
2024-10-15T08:07:00.000+02:00,343.5,25.42,38.06,0.0,70.09,0,0,0.0,0.0
2024-10-15T08:08:00.000+02:00,343.41,25.42,38.04,0.0,70.09,0,0,0.0,0.0
2024-10-15T08:09:00.000+02:00,343.31,25.43,38.03,0.0,70.09,0,0,0.0,0.0
2024-10-15T08:10:00.000+02:00,343.22,25.44,38.01,0.0,70.09,0,0,0.0,0.0
2024-10-15T08:11:00.000+02:00,343.13,25.44,37.99,0.0,70.09,0,0,0.0,0.0
2024-10-15T08:12:00.000+02:00,343.04,25.45,37.97,0.0,70.09,0,0,0.0,0.0
2024-10-15T08:13:00.000+02:00,342.96,25.46,37.95,0.0,70.09,0,0,0.0,0.0
2024-10-15T08:14:00.000+02:00,342.87,25.47,37.92,0.0,70.09,0,0,0.0,0.0
2024-10-15T08:15:00.000+02:00,342.78,25.48,37.9,0.0,70.09,0,0,0.0,0.0
2024-10-15T08:16:00.000+02:00,342.69,25.49,37.88,0.0,70.09,0,0,0.0,0.0
2024-10-15T08:17:00.000+02:00,342.6,25.5,37.85,0.0,70.09,0,0,0.0,0.0
2024-10-15T08:18:00.000+02:00,342.52,25.51,37.83,0.0,70.09,0,0,0.0,0.0
2024-10-15T08:19:00.000+02:00,342.43,25.51,37.81,0.0,70.09,0,0,0.0,0.0
2024-10-15T08:20:00.000+02:00,342.35,25.52,37.78,0.0,70.09,0,0,0.0,0.0
2024-10-15T08:21:00.000+02:00,342.26,25.53,37.76,0.0,70.09,0,0,0.0,0.0
2024-10-15T08:22:00.000+02:00,342.18,25.54,37.73,0.0,70.09,0,0,0.0,0.0
2024-10-15T08:23:00.000+02:00,342.09,25.55,37.71,0.0,70.09,0,0,0.0,0.0
2024-10-15T08:24:00.000+02:00,342.01,25.56,37.68,0.0,70.09,0,0,0.0,0.0
2024-10-15T08:25:00.000+02:00,341.93,25.57,37.66,0.0,70.09,0,0,0.0,0.0
2024-10-15T08:26:00.000+02:00,341.84,25.58,37.64,0.0,70.09,0,0,0.0,0.0
2024-10-15T08:27:00.000+02:00,341.76,25.59,37.61,0.0,70.09,0,0,0.0,0.0
2024-10-15T08:28:00.000+02:00,341.68,25.6,37.58,0.0,70.09,0,0,0.0,0.0
2024-10-15T08:29:00.000+02:00,341.6,25.61,37.56,0.0,70.09,0,0,0.0,0.0
2024-10-15T08:30:00.000+02:00,341.52,25.62,37.53,0.0,70.09,0,0,0.0,0.0
2024-10-15T08:31:00.000+02:00,341.44,25.63,37.51,0.0,70.09,0,0,0.0,0.0
2024-10-15T08:32:00.000+02:00,341.36,25.63,37.48,0.0,70.09,0,0,0.0,0.0
2024-10-15T08:33:00.000+02:00,341.28,25.64,37.46,0.0,70.09,0,0,0.0,0.0
2024-10-15T08:34:00.000+02:00,341.2,25.65,37.44,0.0,70.09,0,0,0.0,0.0
2024-10-15T08:35:00.000+02:00,341.12,25.66,37.41,0.0,70.09,0,0,0.0,0.0
2024-10-15T08:36:00.000+02:00,341.04,25.67,37.39,0.0,70.09,0,0,0.0,0.0
2024-10-15T08:37:00.000+02:00,340.96,25.68,37.37,0.0,70.09,0,0,0.0,0.0
2024-10-15T08:38:00.000+02:00,340.89,25.68,37.34,0.0,70.09,0,0,0.0,0.0
2024-10-15T08:39:00.000+02:00,340.81,25.69,37.32,0.0,70.09,0,0,0.0,0.0
2024-10-15T08:40:00.000+02:00,340.73,25.7,37.3,0.0,70.09,0,0,0.0,0.0
2024-10-15T08:41:00.000+02:00,340.66,25.71,37.28,0.0,70.09,0,0,0.0,0.0
2024-10-15T08:42:00.000+02:00,340.58,25.71,37.26,0.0,70.09,0,0,0.0,0.0
2024-10-15T08:43:00.000+02:00,340.5,25.72,37.24,0.0,70.09,0,0,0.0,0.0
2024-10-15T08:44:00.000+02:00,340.43,25.73,37.22,0.0,70.09,0,0,0.0,0.0
2024-10-15T08:45:00.000+02:00,340.36,25.73,37.19,0.0,70.09,0,0,0.0,0.0
2024-10-15T08:46:00.000+02:00,340.28,25.74,37.17,0.0,70.09,0,0,0.0,0.0
2024-10-15T08:47:00.000+02:00,340.21,25.75,37.15,0.0,70.09,0,0,0.0,0.0
2024-10-15T08:48:00.000+02:00,340.13,25.75,37.13,0.0,70.09,0,0,0.0,0.0
2024-10-15T08:49:00.000+02:00,340.06,25.76,37.11,0.0,70.09,0,0,0.0,0.0
2024-10-15T08:50:00.000+02:00,339.99,25.76,37.09,0.0,70.09,0,0,0.0,0.0
2024-10-15T08:51:00.000+02:00,339.92,25.77,37.07,0.0,70.09,0,0,0.0,0.0
2024-10-15T08:52:00.000+02:00,339.85,25.78,37.06,0.0,70.09,0,0,0.0,0.0
2024-10-15T08:53:00.000+02:00,339.77,25.78,37.04,0.0,70.09,0,0,0.0,0.0
2024-10-15T08:54:00.000+02:00,339.7,25.79,37.02,0.0,70.09,0,0,0.0,0.0
2024-10-15T08:55:00.000+02:00,339.63,25.79,37.0,0.0,70.09,0,0,0.0,0.0
2024-10-15T08:56:00.000+02:00,339.56,25.8,36.98,0.0,70.09,0,0,0.0,0.0
2024-10-15T08:57:00.000+02:00,339.49,25.8,36.96,0.0,70.09,0,0,0.0,0.0
2024-10-15T08:58:00.000+02:00,339.42,25.81,36.94,0.0,70.09,0,0,0.0,0.0
2024-10-15T08:59:00.000+02:00,339.36,25.81,36.92,0.0,70.09,0,0,0.0,0.0
2024-10-15T09:00:00.000+02:00,339.29,25.82,36.9,0.0,70.09,0,0,0.0,0.0
2024-10-15T09:01:00.000+02:00,339.22,25.82,36.88,0.0,70.09,0,0,0.0,0.0
2024-10-15T09:02:00.000+02:00,339.15,25.83,36.86,0.0,70.09,0,0,0.0,0.0
2024-10-15T09:03:00.000+02:00,339.08,25.83,36.85,0.0,70.09,0,0,0.0,0.0
2024-10-15T09:04:00.000+02:00,339.02,25.84,36.83,0.0,70.09,0,0,0.0,0.0
2024-10-15T09:05:00.000+02:00,338.95,25.84,36.81,0.0,70.09,0,0,0.0,0.0
2024-10-15T09:06:00.000+02:00,338.88,25.85,36.79,0.0,70.09,0,0,0.0,0.0
2024-10-15T09:07:00.000+02:00,338.82,25.85,36.77,0.0,70.09,0,0,0.0,0.0
2024-10-15T09:08:00.000+02:00,338.75,25.86,36.75,0.0,70.09,0,0,0.0,0.0
2024-10-15T09:09:00.000+02:00,338.69,25.86,36.74,0.0,70.09,0,0,0.0,0.0
2024-10-15T09:10:00.000+02:00,338.62,25.87,36.72,0.0,70.09,0,0,0.0,0.0
2024-10-15T09:11:00.000+02:00,338.56,25.87,36.7,0.0,70.09,0,0,0.0,0.0
2024-10-15T09:12:00.000+02:00,338.49,25.88,36.68,0.0,70.09,0,0,0.0,0.0
2024-10-15T09:13:00.000+02:00,338.43,25.88,36.66,0.0,70.09,0,0,0.0,0.0
2024-10-15T09:14:00.000+02:00,338.37,25.89,36.64,0.0,70.09,0,0,0.0,0.0
2024-10-15T09:15:00.000+02:00,338.3,25.89,36.63,0.0,70.09,0,0,0.0,0.0
2024-10-15T09:16:00.000+02:00,338.24,25.89,36.61,0.0,70.09,0,0,0.0,0.0
2024-10-15T09:17:00.000+02:00,338.18,25.9,36.59,0.0,70.09,0,0,0.0,0.0
2024-10-15T09:18:00.000+02:00,338.12,25.9,36.57,0.0,70.09,0,0,0.0,0.0
2024-10-15T09:19:00.000+02:00,338.06,25.91,36.56,0.0,70.09,0,0,0.0,0.0
2024-10-15T09:20:00.000+02:00,337.99,25.91,36.54,0.0,70.09,0,0,0.0,0.0
2024-10-15T09:21:00.000+02:00,337.93,25.91,36.52,0.0,70.09,0,0,0.0,0.0
2024-10-15T09:22:00.000+02:00,337.87,25.92,36.5,0.0,70.09,0,0,0.0,0.0
2024-10-15T09:23:00.000+02:00,337.81,25.92,36.48,0.0,70.09,0,0,0.0,0.0
2024-10-15T09:24:00.000+02:00,337.75,25.93,36.47,0.0,70.09,0,0,0.0,0.0
2024-10-15T09:25:00.000+02:00,337.69,25.93,36.45,0.0,70.09,0,0,0.0,0.0
2024-10-15T09:26:00.000+02:00,337.63,25.93,36.43,0.0,70.09,0,0,0.0,0.0
2024-10-15T09:27:00.000+02:00,337.57,25.94,36.41,0.0,70.09,0,0,0.0,0.0
2024-10-15T09:28:00.000+02:00,337.52,25.94,36.4,0.0,70.09,0,0,0.0,0.0
2024-10-15T09:29:00.000+02:00,337.46,25.95,36.38,0.0,70.09,0,0,0.0,0.0
2024-10-15T09:30:00.000+02:00,337.4,25.95,36.36,0.0,70.09,0,0,0.0,0.0
2024-10-15T09:31:00.000+02:00,337.34,25.95,36.34,0.0,70.09,0,0,0.0,0.0
2024-10-15T09:32:00.000+02:00,337.28,25.96,36.32,0.0,70.09,0,0,0.0,0.0
2024-10-15T09:33:00.000+02:00,337.23,25.96,36.31,0.0,70.09,0,0,0.0,0.0
2024-10-15T09:34:00.000+02:00,337.17,25.96,36.29,0.0,70.09,0,0,0.0,0.0
2024-10-15T09:35:00.000+02:00,337.11,25.97,36.27,0.0,70.09,0,0,0.0,0.0
2024-10-15T09:36:00.000+02:00,337.06,25.97,36.25,0.0,70.09,0,0,0.0,0.0
2024-10-15T09:37:00.000+02:00,337.0,25.98,36.23,0.0,70.09,0,0,0.0,0.0
2024-10-15T09:38:00.000+02:00,336.95,25.98,36.21,0.0,70.09,0,0,0.0,0.0
2024-10-15T09:39:00.000+02:00,336.89,25.98,36.2,0.0,70.09,0,0,0.0,0.0
2024-10-15T09:40:00.000+02:00,336.84,25.99,36.18,0.0,70.09,0,0,0.0,0.0
2024-10-15T09:41:00.000+02:00,336.78,25.99,36.16,0.0,70.09,0,0,0.0,0.0
2024-10-15T09:42:00.000+02:00,336.73,26.0,36.14,0.0,70.09,0,0,0.0,0.0
2024-10-15T09:43:00.000+02:00,336.67,26.0,36.12,0.0,70.09,0,0,0.0,0.0
2024-10-15T09:44:00.000+02:00,336.62,26.0,36.1,0.0,70.09,0,0,0.0,0.0
2024-10-15T09:45:00.000+02:00,336.57,26.01,36.08,0.0,70.09,0,0,0.0,0.0
2024-10-15T09:46:00.000+02:00,336.51,26.01,36.06,0.0,70.09,0,0,0.0,0.0
2024-10-15T09:47:00.000+02:00,336.46,26.02,36.04,0.0,70.09,0,0,0.0,0.0
2024-10-15T09:48:00.000+02:00,336.41,26.02,36.02,0.0,70.09,0,0,0.0,0.0
2024-10-15T09:49:00.000+02:00,336.36,26.02,36.0,0.0,70.09,0,0,0.0,0.0
2024-10-15T09:50:00.000+02:00,336.31,26.03,35.98,0.0,70.09,0,0,0.0,0.0
2024-10-15T09:51:00.000+02:00,336.25,26.03,35.96,0.0,70.09,0,0,0.0,0.0
2024-10-15T09:52:00.000+02:00,336.2,26.04,35.94,0.0,70.09,0,0,0.0,0.0
2024-10-15T09:53:00.000+02:00,337.98,26.06,35.93,0.0,70.09,1,1,1.0,1.0
2024-10-15T09:54:00.000+02:00,340.9,26.08,35.91,0.0,70.09,1,1,1.0,
2024-10-15T09:55:00.000+02:00,344.22,26.12,35.9,0.0,70.09,1,1,1.0,
2024-10-15T09:56:00.000+02:00,347.56,26.14,35.89,0.0,70.09,1,1,1.0,
2024-10-15T09:57:00.000+02:00,350.85,26.17,35.88,0.0,70.09,1,1,1.0,
2024-10-15T09:58:00.000+02:00,354.07,26.2,35.88,0.0,70.09,1,1,1.0,
2024-10-15T09:59:00.000+02:00,357.27,26.22,35.88,0.0,70.09,1,1,1.0,
2024-10-15T10:00:00.000+02:00,360.44,26.24,35.89,0.0,70.09,1,1,1.0,
2024-10-15T10:01:00.000+02:00,363.6,26.26,35.89,0.0,70.09,1,1,1.0,
2024-10-15T10:02:00.000+02:00,366.74,26.28,35.9,0.0,70.09,1,1,1.0,
2024-10-15T10:03:00.000+02:00,369.87,26.3,35.91,0.0,70.09,1,1,1.0,
2024-10-15T10:04:00.000+02:00,372.98,26.32,35.92,0.0,70.09,1,1,1.0,
2024-10-15T10:05:00.000+02:00,376.07,26.34,35.93,0.0,70.09,1,1,1.0,
2024-10-15T10:06:00.000+02:00,379.14,26.35,35.95,0.0,70.09,1,1,1.0,
2024-10-15T10:07:00.000+02:00,382.19,26.37,35.96,0.0,70.09,1,1,1.0,
2024-10-15T10:08:00.000+02:00,385.23,26.38,35.98,0.0,70.09,1,1,1.0,
2024-10-15T10:09:00.000+02:00,388.25,26.4,36.0,0.0,70.09,1,1,1.0,
2024-10-15T10:10:00.000+02:00,391.26,26.41,36.01,0.0,70.09,1,1,1.0,
2024-10-15T10:11:00.000+02:00,394.25,26.42,36.03,0.0,70.09,1,1,1.0,
2024-10-15T10:12:00.000+02:00,397.22,26.43,36.05,0.0,70.09,1,1,1.0,
2024-10-15T10:13:00.000+02:00,400.17,26.45,36.08,0.0,70.09,1,1,1.0,
2024-10-15T10:14:00.000+02:00,403.11,26.46,36.1,0.0,70.09,1,1,1.0,
2024-10-15T10:15:00.000+02:00,406.04,26.47,36.12,0.0,70.09,1,1,1.0,
2024-10-15T10:16:00.000+02:00,408.94,26.48,36.14,0.0,70.09,1,1,1.0,
2024-10-15T10:17:00.000+02:00,411.83,26.49,36.17,0.0,70.09,1,1,1.0,
2024-10-15T10:18:00.000+02:00,414.71,26.5,36.19,0.0,70.09,1,1,1.0,
2024-10-15T10:19:00.000+02:00,417.57,26.51,36.22,0.0,70.09,1,1,1.0,
2024-10-15T10:20:00.000+02:00,420.41,26.51,36.24,0.0,70.09,1,1,1.0,
2024-10-15T10:21:00.000+02:00,423.23,26.52,36.27,0.0,70.09,1,1,1.0,
2024-10-15T10:22:00.000+02:00,426.05,26.53,36.29,0.0,70.09,1,1,1.0,
2024-10-15T10:23:00.000+02:00,428.84,26.54,36.31,0.0,70.09,1,1,1.0,
2024-10-15T10:24:00.000+02:00,431.62,26.55,36.33,0.0,70.09,1,1,1.0,
2024-10-15T10:25:00.000+02:00,434.38,26.56,36.36,0.0,70.09,1,1,1.0,
2024-10-15T10:26:00.000+02:00,437.13,26.57,36.38,0.0,70.09,1,1,1.0,
2024-10-15T10:27:00.000+02:00,439.87,26.58,36.4,0.0,70.09,1,1,1.0,
2024-10-15T10:28:00.000+02:00,442.59,26.59,36.42,0.0,70.09,1,1,1.0,
2024-10-15T10:29:00.000+02:00,445.29,26.59,36.45,0.0,70.09,1,1,1.0,
2024-10-15T10:30:00.000+02:00,447.98,26.6,36.47,0.0,70.09,1,1,1.0,
2024-10-15T10:31:00.000+02:00,450.65,26.61,36.5,0.0,70.09,1,1,1.0,
2024-10-15T10:32:00.000+02:00,453.31,26.62,36.52,0.0,70.09,1,1,1.0,
2024-10-15T10:33:00.000+02:00,455.95,26.62,36.54,0.0,70.09,1,1,1.0,
2024-10-15T10:34:00.000+02:00,458.58,26.63,36.57,0.0,70.09,1,1,1.0,
2024-10-15T10:35:00.000+02:00,461.2,26.64,36.59,0.0,70.09,1,1,1.0,
2024-10-15T10:36:00.000+02:00,463.8,26.65,36.62,0.0,70.09,1,1,1.0,
2024-10-15T10:37:00.000+02:00,466.38,26.65,36.64,0.0,70.09,1,1,1.0,
2024-10-15T10:38:00.000+02:00,468.96,26.66,36.66,0.0,70.09,1,1,1.0,
2024-10-15T10:39:00.000+02:00,471.51,26.67,36.69,0.0,70.09,1,1,1.0,
2024-10-15T10:40:00.000+02:00,474.06,26.67,36.71,0.0,70.09,1,1,1.0,
2024-10-15T10:41:00.000+02:00,476.58,26.68,36.73,0.0,70.09,1,1,1.0,
2024-10-15T10:42:00.000+02:00,479.1,26.69,36.76,0.0,70.09,1,1,1.0,
2024-10-15T10:43:00.000+02:00,481.6,26.69,36.78,0.0,70.09,1,1,1.0,
2024-10-15T10:44:00.000+02:00,484.09,26.7,36.8,0.0,70.09,1,1,1.0,
2024-10-15T10:45:00.000+02:00,486.56,26.7,36.82,0.0,70.09,1,1,1.0,
2024-10-15T10:46:00.000+02:00,489.02,26.71,36.85,0.0,70.09,1,1,1.0,
2024-10-15T10:47:00.000+02:00,491.46,26.72,36.87,0.0,70.09,1,1,1.0,
2024-10-15T10:48:00.000+02:00,493.9,26.72,36.89,0.0,70.09,1,1,1.0,
2024-10-15T10:49:00.000+02:00,496.32,26.73,36.91,0.0,70.09,1,1,1.0,
2024-10-15T10:50:00.000+02:00,498.72,26.73,36.94,0.0,70.09,1,1,1.0,
2024-10-15T10:51:00.000+02:00,501.11,26.74,36.96,0.0,70.09,1,1,1.0,
2024-10-15T10:52:00.000+02:00,503.49,26.74,36.98,0.0,70.09,1,1,1.0,
2024-10-15T10:53:00.000+02:00,505.86,26.75,37.0,0.0,70.09,1,1,1.0,
2024-10-15T10:54:00.000+02:00,508.21,26.76,37.02,0.0,70.09,1,1,1.0,
2024-10-15T10:55:00.000+02:00,510.55,26.76,37.05,0.0,70.09,1,1,1.0,
2024-10-15T10:56:00.000+02:00,512.87,26.77,37.07,0.0,70.09,1,1,1.0,
2024-10-15T10:57:00.000+02:00,515.19,26.77,37.09,0.0,70.09,1,1,1.0,
2024-10-15T10:58:00.000+02:00,517.49,26.78,37.11,0.0,70.09,1,1,1.0,
2024-10-15T10:59:00.000+02:00,519.77,26.78,37.13,0.0,70.09,1,1,1.0,
2024-10-15T11:00:00.000+02:00,522.05,26.79,37.15,0.0,70.09,1,1,1.0,
2024-10-15T11:01:00.000+02:00,524.31,26.79,37.17,0.0,70.09,1,1,1.0,
2024-10-15T11:02:00.000+02:00,526.56,26.8,37.19,0.0,70.09,1,1,1.0,
2024-10-15T11:03:00.000+02:00,528.8,26.8,37.21,0.0,70.09,1,1,1.0,
2024-10-15T11:04:00.000+02:00,531.02,26.81,37.23,0.0,70.09,1,1,1.0,
2024-10-15T11:05:00.000+02:00,533.24,26.81,37.25,0.0,70.09,1,1,1.0,
2024-10-15T11:06:00.000+02:00,535.44,26.82,37.28,0.0,70.09,1,1,1.0,
2024-10-15T11:07:00.000+02:00,537.63,26.82,37.3,0.0,70.09,1,1,1.0,
2024-10-15T11:08:00.000+02:00,539.8,26.83,37.32,0.0,70.09,1,1,1.0,
2024-10-15T11:09:00.000+02:00,541.97,26.83,37.34,0.0,70.09,1,1,1.0,
2024-10-15T11:10:00.000+02:00,544.12,26.83,37.36,0.0,70.09,1,1,1.0,
2024-10-15T11:11:00.000+02:00,546.26,26.84,37.38,0.0,70.09,1,1,1.0,
2024-10-15T11:12:00.000+02:00,548.39,26.84,37.4,0.0,70.09,1,1,1.0,
2024-10-15T11:13:00.000+02:00,550.5,26.85,37.42,0.0,70.09,1,1,1.0,
2024-10-15T11:14:00.000+02:00,552.61,26.85,37.45,0.0,70.09,1,1,1.0,
2024-10-15T11:15:00.000+02:00,554.7,26.86,37.47,0.0,70.09,1,1,1.0,
2024-10-15T11:16:00.000+02:00,556.78,26.86,37.49,0.0,70.09,1,1,1.0,
2024-10-15T11:17:00.000+02:00,558.85,26.86,37.51,0.0,70.09,1,1,1.0,
2024-10-15T11:18:00.000+02:00,560.91,26.87,37.53,0.0,70.09,1,1,1.0,
2024-10-15T11:19:00.000+02:00,562.96,26.87,37.56,0.0,70.09,1,1,1.0,
2024-10-15T11:20:00.000+02:00,564.99,26.88,37.58,0.0,70.09,1,1,1.0,
2024-10-15T11:21:00.000+02:00,567.02,26.88,37.6,0.0,70.09,1,1,1.0,
2024-10-15T11:22:00.000+02:00,569.03,26.88,37.62,0.0,70.09,1,1,1.0,
2024-10-15T11:23:00.000+02:00,571.03,26.89,37.65,0.0,70.09,1,1,1.0,
2024-10-15T11:24:00.000+02:00,573.02,26.89,37.67,0.0,70.09,1,1,1.0,
2024-10-15T11:25:00.000+02:00,575.0,26.9,37.69,0.0,70.09,1,1,1.0,
2024-10-15T11:26:00.000+02:00,576.97,26.9,37.72,0.0,70.09,1,1,1.0,
2024-10-15T11:27:00.000+02:00,578.93,26.9,37.74,0.0,70.09,1,1,1.0,
2024-10-15T11:28:00.000+02:00,580.88,26.91,37.76,0.0,70.09,1,1,1.0,
2024-10-15T11:29:00.000+02:00,582.82,26.91,37.78,0.0,70.09,1,1,1.0,
2024-10-15T11:30:00.000+02:00,582.92,26.9,37.8,0.0,70.09,0,1,0.0,
2024-10-15T11:31:00.000+02:00,581.86,26.88,37.82,0.0,70.09,0,1,0.0,
2024-10-15T11:32:00.000+02:00,580.4,26.86,37.83,0.0,70.09,0,1,0.0,
2024-10-15T11:33:00.000+02:00,578.9,26.84,37.84,0.0,70.09,0,1,0.0,
2024-10-15T11:34:00.000+02:00,577.45,26.82,37.85,0.0,70.09,0,1,0.0,
2024-10-15T11:35:00.000+02:00,576.04,26.8,37.85,0.0,70.09,0,1,0.0,
2024-10-15T11:36:00.000+02:00,574.66,26.78,37.85,0.0,70.09,0,1,0.0,
2024-10-15T11:37:00.000+02:00,573.29,26.77,37.85,0.0,70.09,0,1,0.0,
2024-10-15T11:38:00.000+02:00,573.75,26.77,37.85,0.0,70.09,1,1,1.0,
2024-10-15T11:39:00.000+02:00,575.37,26.78,37.85,0.0,70.09,1,1,1.0,
2024-10-15T11:40:00.000+02:00,577.39,26.8,37.86,0.0,70.09,1,1,1.0,
2024-10-15T11:41:00.000+02:00,579.44,26.81,37.86,0.0,70.09,1,1,1.0,
2024-10-15T11:42:00.000+02:00,581.44,26.82,37.87,0.0,70.09,1,1,1.0,
2024-10-15T11:43:00.000+02:00,583.39,26.83,37.88,0.0,70.09,1,1,1.0,
2024-10-15T11:44:00.000+02:00,585.32,26.84,37.9,0.0,70.09,1,1,1.0,
2024-10-15T11:45:00.000+02:00,587.23,26.85,37.91,0.0,70.09,1,1,1.0,
2024-10-15T11:46:00.000+02:00,589.13,26.86,37.93,0.0,70.09,1,1,1.0,
2024-10-15T11:47:00.000+02:00,591.02,26.86,37.94,0.0,70.09,1,1,1.0,
2024-10-15T11:48:00.000+02:00,592.9,26.87,37.96,0.0,70.09,1,1,1.0,
2024-10-15T11:49:00.000+02:00,594.78,26.87,37.98,0.0,70.09,1,1,1.0,
2024-10-15T11:50:00.000+02:00,596.64,26.88,38.0,0.0,70.09,1,1,1.0,
2024-10-15T11:51:00.000+02:00,598.49,26.88,38.02,0.0,70.09,1,1,1.0,
2024-10-15T11:52:00.000+02:00,600.33,26.89,38.05,0.0,70.09,1,1,1.0,
2024-10-15T11:53:00.000+02:00,602.16,26.89,38.07,0.0,70.09,1,1,1.0,
2024-10-15T11:54:00.000+02:00,603.98,26.9,38.1,0.0,70.09,1,1,1.0,
2024-10-15T11:55:00.000+02:00,605.79,26.9,38.12,0.0,70.09,1,1,1.0,
2024-10-15T11:56:00.000+02:00,605.77,26.89,38.15,0.0,70.09,0,1,0.0,
2024-10-15T11:57:00.000+02:00,604.58,26.87,38.17,0.0,70.09,0,1,0.0,
2024-10-15T11:58:00.000+02:00,603.0,26.84,38.19,0.0,70.09,0,1,0.0,
2024-10-15T11:59:00.000+02:00,601.37,26.82,38.2,0.0,70.09,0,1,0.0,
2024-10-15T12:00:00.000+02:00,599.8,26.8,38.21,0.0,70.09,0,1,0.0,
2024-10-15T12:01:00.000+02:00,600.1,26.8,38.22,0.0,70.09,1,1,1.0,
2024-10-15T12:02:00.000+02:00,601.57,26.8,38.24,0.0,70.09,1,1,1.0,
2024-10-15T12:03:00.000+02:00,605.27,26.83,38.25,0.0,70.09,1,1,2.0,
2024-10-15T12:04:00.000+02:00,610.16,26.86,38.28,0.0,70.09,1,1,2.0,
2024-10-15T12:05:00.000+02:00,615.38,26.89,38.3,0.0,70.09,1,1,2.0,
2024-10-15T12:06:00.000+02:00,620.59,26.92,38.34,0.0,70.09,1,1,2.0,
2024-10-15T12:07:00.000+02:00,625.71,26.95,38.38,0.0,70.09,1,1,2.0,
2024-10-15T12:08:00.000+02:00,630.76,26.97,38.43,0.0,70.09,1,1,2.0,
2024-10-15T12:09:00.000+02:00,635.76,26.99,38.48,0.0,70.09,1,1,2.0,
2024-10-15T12:10:00.000+02:00,640.74,27.01,38.53,0.0,70.09,1,1,2.0,
2024-10-15T12:11:00.000+02:00,645.69,27.03,38.59,0.0,70.09,1,1,2.0,
2024-10-15T12:12:00.000+02:00,650.61,27.04,38.65,0.0,70.09,1,1,2.0,
2024-10-15T12:13:00.000+02:00,655.51,27.06,38.71,0.0,70.09,1,1,2.0,
2024-10-15T12:14:00.000+02:00,660.38,27.07,38.78,0.0,70.09,1,1,2.0,
2024-10-15T12:15:00.000+02:00,665.22,27.09,38.85,0.0,70.09,1,1,2.0,
2024-10-15T12:16:00.000+02:00,670.04,27.1,38.92,0.0,70.09,1,1,2.0,
2024-10-15T12:17:00.000+02:00,674.83,27.11,38.99,0.0,70.09,1,1,2.0,
2024-10-15T12:18:00.000+02:00,679.59,27.12,39.07,0.0,70.09,1,1,2.0,
2024-10-15T12:19:00.000+02:00,684.33,27.12,39.14,0.0,70.09,1,1,2.0,
2024-10-15T12:20:00.000+02:00,689.04,27.13,39.22,0.0,70.09,1,1,2.0,
2024-10-15T12:21:00.000+02:00,693.72,27.14,39.3,0.0,70.09,1,1,2.0,
2024-10-15T12:22:00.000+02:00,698.38,27.14,39.38,0.0,70.09,1,1,2.0,
2024-10-15T12:23:00.000+02:00,703.01,27.15,39.47,0.0,70.09,1,1,2.0,
2024-10-15T12:24:00.000+02:00,707.62,27.15,39.55,0.0,70.09,1,1,2.0,
2024-10-15T12:25:00.000+02:00,712.2,27.16,39.64,0.0,70.09,1,1,2.0,
2024-10-15T12:26:00.000+02:00,716.76,27.16,39.72,0.0,70.09,1,1,2.0,
2024-10-15T12:27:00.000+02:00,721.29,27.16,39.81,0.0,70.09,1,1,2.0,
2024-10-15T12:28:00.000+02:00,725.8,27.17,39.9,0.0,70.09,1,1,2.0,
2024-10-15T12:29:00.000+02:00,730.28,27.17,39.99,0.0,70.09,1,1,2.0,
2024-10-15T12:30:00.000+02:00,734.73,27.17,40.08,0.0,70.09,1,1,2.0,
2024-10-15T12:31:00.000+02:00,739.16,27.17,40.17,0.0,70.09,1,1,2.0,
2024-10-15T12:32:00.000+02:00,743.57,27.17,40.26,0.0,70.09,1,1,2.0,
2024-10-15T12:33:00.000+02:00,747.95,27.17,40.35,0.0,70.09,1,1,2.0,
2024-10-15T12:34:00.000+02:00,752.31,27.17,40.44,0.0,70.09,1,1,2.0,
2024-10-15T12:35:00.000+02:00,756.65,27.17,40.53,0.0,70.09,1,1,2.0,
2024-10-15T12:36:00.000+02:00,760.96,27.17,40.62,0.0,70.09,1,1,2.0,
2024-10-15T12:37:00.000+02:00,765.24,27.17,40.71,0.0,70.09,1,1,2.0,
2024-10-15T12:38:00.000+02:00,769.51,27.17,40.8,0.0,70.09,1,1,2.0,
2024-10-15T12:39:00.000+02:00,773.75,27.17,40.89,0.0,70.09,1,1,2.0,
2024-10-15T12:40:00.000+02:00,777.96,27.17,40.98,0.0,70.09,1,1,2.0,
2024-10-15T12:41:00.000+02:00,782.16,27.17,41.08,0.0,70.09,1,1,2.0,
2024-10-15T12:42:00.000+02:00,786.32,27.17,41.17,0.0,70.09,1,1,2.0,
2024-10-15T12:43:00.000+02:00,790.47,27.17,41.26,0.0,70.09,1,1,2.0,
2024-10-15T12:44:00.000+02:00,794.59,27.17,41.35,0.0,70.09,1,1,2.0,
2024-10-15T12:45:00.000+02:00,798.7,27.17,41.44,0.0,70.09,1,1,2.0,
2024-10-15T12:46:00.000+02:00,802.77,27.16,41.53,0.0,70.09,1,1,2.0,
2024-10-15T12:47:00.000+02:00,806.83,27.16,41.62,0.0,70.09,1,1,2.0,
2024-10-15T12:48:00.000+02:00,810.86,27.16,41.71,0.0,70.09,1,1,2.0,
2024-10-15T12:49:00.000+02:00,814.87,27.16,41.8,0.0,70.09,1,1,2.0,
2024-10-15T12:50:00.000+02:00,818.86,27.16,41.88,0.0,70.09,1,1,2.0,
2024-10-15T12:51:00.000+02:00,822.83,27.16,41.97,0.0,70.09,1,1,2.0,
2024-10-15T12:52:00.000+02:00,826.78,27.16,42.06,0.0,70.09,1,1,2.0,
2024-10-15T12:53:00.000+02:00,830.7,27.16,42.15,0.0,70.09,1,1,2.0,
2024-10-15T12:54:00.000+02:00,832.78,27.15,42.23,0.0,70.09,1,1,1.0,
2024-10-15T12:55:00.000+02:00,833.68,27.12,42.32,0.0,70.09,1,1,1.0,
2024-10-15T12:56:00.000+02:00,834.17,27.1,42.39,0.0,70.09,1,1,1.0,
2024-10-15T12:57:00.000+02:00,834.62,27.08,42.47,0.0,70.09,1,1,1.0,
2024-10-15T12:58:00.000+02:00,835.1,27.06,42.54,0.0,70.09,1,1,1.0,
2024-10-15T12:59:00.000+02:00,835.62,27.04,42.6,0.0,70.09,1,1,1.0,
2024-10-15T13:00:00.000+02:00,836.15,27.02,42.66,0.0,70.09,1,1,1.0,
2024-10-15T13:01:00.000+02:00,836.68,27.01,42.72,0.0,70.09,1,1,1.0,
2024-10-15T13:02:00.000+02:00,837.21,26.99,42.77,0.0,70.09,1,1,1.0,
2024-10-15T13:03:00.000+02:00,837.74,26.98,42.82,0.0,70.09,1,1,1.0,
2024-10-15T13:04:00.000+02:00,838.26,26.97,42.87,0.0,70.09,1,1,1.0,
2024-10-15T13:05:00.000+02:00,838.77,26.96,42.92,0.0,70.09,1,1,1.0,
2024-10-15T13:06:00.000+02:00,839.29,26.95,42.96,0.0,70.09,1,1,1.0,
2024-10-15T13:07:00.000+02:00,839.8,26.94,43.01,0.0,70.09,1,1,1.0,
2024-10-15T13:08:00.000+02:00,840.31,26.93,43.05,0.0,70.09,1,1,1.0,
2024-10-15T13:09:00.000+02:00,840.82,26.92,43.09,0.0,70.09,1,1,1.0,
2024-10-15T13:10:00.000+02:00,841.33,26.91,43.12,0.0,70.09,1,1,1.0,
2024-10-15T13:11:00.000+02:00,841.83,26.91,43.16,0.0,70.09,1,1,1.0,
2024-10-15T13:12:00.000+02:00,842.33,26.9,43.2,0.0,70.09,1,1,1.0,
2024-10-15T13:13:00.000+02:00,842.83,26.89,43.23,0.0,70.09,1,1,1.0,
2024-10-15T13:14:00.000+02:00,843.32,26.89,43.27,0.0,70.09,1,1,1.0,
2024-10-15T13:15:00.000+02:00,843.82,26.88,43.3,0.0,70.09,1,1,1.0,
2024-10-15T13:16:00.000+02:00,844.31,26.88,43.33,0.0,70.09,1,1,1.0,
2024-10-15T13:17:00.000+02:00,844.79,26.87,43.36,0.0,70.09,1,1,1.0,
2024-10-15T13:18:00.000+02:00,845.28,26.87,43.39,0.0,70.09,1,1,1.0,
2024-10-15T13:19:00.000+02:00,845.76,26.86,43.42,0.0,70.09,1,1,1.0,
2024-10-15T13:20:00.000+02:00,846.24,26.86,43.45,0.0,70.09,1,1,1.0,
2024-10-15T13:21:00.000+02:00,844.89,26.84,43.48,0.0,70.09,0,1,0.0,
2024-10-15T13:22:00.000+02:00,842.39,26.81,43.51,0.0,70.09,0,1,0.0,
2024-10-15T13:23:00.000+02:00,841.32,26.8,43.53,0.0,70.09,1,1,1.0,
2024-10-15T13:24:00.000+02:00,841.37,26.8,43.55,0.0,70.09,1,1,1.0,
2024-10-15T13:25:00.000+02:00,841.87,26.8,43.57,0.0,70.09,1,1,1.0,
2024-10-15T13:26:00.000+02:00,842.46,26.8,43.59,0.0,70.09,1,1,1.0,
2024-10-15T13:27:00.000+02:00,843.01,26.8,43.61,0.0,70.09,1,1,1.0,
2024-10-15T13:28:00.000+02:00,843.52,26.8,43.63,0.0,70.09,1,1,1.0,
2024-10-15T13:29:00.000+02:00,844.02,26.8,43.65,0.0,70.09,1,1,1.0,
2024-10-15T13:30:00.000+02:00,844.51,26.8,43.67,0.0,70.09,1,1,1.0,
2024-10-15T13:31:00.000+02:00,845.0,26.8,43.69,0.0,70.09,1,1,1.0,
2024-10-15T13:32:00.000+02:00,845.48,26.8,43.71,0.0,70.09,1,1,1.0,
2024-10-15T13:33:00.000+02:00,845.97,26.8,43.73,0.0,70.09,1,1,1.0,
2024-10-15T13:34:00.000+02:00,846.45,26.8,43.75,0.0,70.09,1,1,1.0,
2024-10-15T13:35:00.000+02:00,846.93,26.8,43.77,0.0,70.09,1,1,1.0,
2024-10-15T13:36:00.000+02:00,847.4,26.8,43.79,0.0,70.09,1,1,1.0,
2024-10-15T13:37:00.000+02:00,847.88,26.8,43.81,0.0,70.09,1,1,1.0,
2024-10-15T13:38:00.000+02:00,848.35,26.8,43.83,0.0,70.09,1,1,1.0,
2024-10-15T13:39:00.000+02:00,850.64,26.81,43.85,0.0,70.09,1,1,2.0,
2024-10-15T13:40:00.000+02:00,854.08,26.84,43.87,0.0,70.09,1,1,2.0,
2024-10-15T13:41:00.000+02:00,857.91,26.86,43.89,0.0,70.09,1,1,2.0,
2024-10-15T13:42:00.000+02:00,861.77,26.89,43.91,0.0,70.09,1,1,2.0,
2024-10-15T13:43:00.000+02:00,865.56,26.91,43.95,0.0,70.09,1,1,2.0,
2024-10-15T13:44:00.000+02:00,869.29,26.93,43.98,0.0,70.09,1,1,2.0,
2024-10-15T13:45:00.000+02:00,872.99,26.94,44.02,0.0,70.09,1,1,2.0,
2024-10-15T13:46:00.000+02:00,876.66,26.96,44.07,0.0,70.09,1,1,2.0,
2024-10-15T13:47:00.000+02:00,880.32,26.97,44.11,0.0,70.09,1,1,2.0,
2024-10-15T13:48:00.000+02:00,883.95,26.99,44.16,0.0,70.09,1,1,2.0,
2024-10-15T13:49:00.000+02:00,887.57,27.0,44.22,0.0,70.09,1,1,2.0,
2024-10-15T13:50:00.000+02:00,891.17,27.01,44.27,0.0,70.09,1,1,2.0,
2024-10-15T13:51:00.000+02:00,894.74,27.02,44.33,0.0,70.09,1,1,2.0,
2024-10-15T13:52:00.000+02:00,898.3,27.03,44.39,0.0,70.09,1,1,2.0,
2024-10-15T13:53:00.000+02:00,901.83,27.03,44.45,0.0,70.09,1,1,2.0,
2024-10-15T13:54:00.000+02:00,905.35,27.04,44.52,0.0,70.09,1,1,2.0,
2024-10-15T13:55:00.000+02:00,908.85,27.05,44.58,0.0,70.09,1,1,2.0,
2024-10-15T13:56:00.000+02:00,912.33,27.05,44.65,0.0,70.09,1,1,2.0,
2024-10-15T13:57:00.000+02:00,915.78,27.06,44.72,0.0,70.09,1,1,2.0,
2024-10-15T13:58:00.000+02:00,919.22,27.06,44.78,0.0,70.09,1,1,2.0,
2024-10-15T13:59:00.000+02:00,922.64,27.07,44.85,0.0,70.09,1,1,2.0,
2024-10-15T14:00:00.000+02:00,926.05,27.07,44.92,0.0,70.09,1,1,2.0,
2024-10-15T14:01:00.000+02:00,929.43,27.08,44.99,0.0,70.09,1,1,2.0,
2024-10-15T14:02:00.000+02:00,932.79,27.08,45.07,0.0,70.09,1,1,2.0,2.0
2024-10-15T14:03:00.000+02:00,936.14,27.08,45.14,0.0,70.09,1,1,2.0,2.0
2024-10-15T14:04:00.000+02:00,939.47,27.09,45.21,0.0,70.09,1,1,2.0,2.0
2024-10-15T14:05:00.000+02:00,942.77,27.09,45.28,0.0,70.09,1,1,2.0,2.0
2024-10-15T14:06:00.000+02:00,946.06,27.09,45.36,0.0,70.09,1,1,2.0,2.0
2024-10-15T14:07:00.000+02:00,949.33,27.09,45.43,0.0,70.09,1,1,2.0,2.0
2024-10-15T14:08:00.000+02:00,952.59,27.09,45.51,0.0,70.09,1,1,2.0,2.0
2024-10-15T14:09:00.000+02:00,955.82,27.09,45.58,0.0,70.09,1,1,2.0,2.0
2024-10-15T14:10:00.000+02:00,959.04,27.09,45.65,0.0,70.09,1,1,2.0,2.0
2024-10-15T14:11:00.000+02:00,962.24,27.1,45.73,0.0,70.09,1,1,2.0,2.0
2024-10-15T14:12:00.000+02:00,965.42,27.1,45.8,0.0,70.09,1,1,2.0,2.0
2024-10-15T14:13:00.000+02:00,968.58,27.1,45.88,0.0,70.09,1,1,2.0,2.0
2024-10-15T14:14:00.000+02:00,971.73,27.1,45.95,0.0,70.09,1,1,2.0,2.0
2024-10-15T14:15:00.000+02:00,974.85,27.1,46.02,0.0,70.09,1,1,2.0,2.0
2024-10-15T14:16:00.000+02:00,977.96,27.1,46.1,0.0,70.09,1,1,2.0,2.0
2024-10-15T14:17:00.000+02:00,981.06,27.1,46.17,0.0,70.09,1,1,2.0,2.0
2024-10-15T14:18:00.000+02:00,984.13,27.1,46.24,0.0,70.09,1,1,2.0,2.0
2024-10-15T14:19:00.000+02:00,987.19,27.1,46.32,0.0,70.09,1,1,2.0,2.0
2024-10-15T14:20:00.000+02:00,990.23,27.1,46.39,0.0,70.09,1,1,2.0,2.0
2024-10-15T14:21:00.000+02:00,993.26,27.09,46.46,0.0,70.09,1,1,2.0,2.0
2024-10-15T14:22:00.000+02:00,996.26,27.09,46.53,0.0,70.09,1,1,2.0,2.0
2024-10-15T14:23:00.000+02:00,999.26,27.09,46.61,0.0,70.09,1,1,2.0,2.0
2024-10-15T14:24:00.000+02:00,1002.23,27.09,46.68,0.0,70.09,1,1,2.0,2.0
2024-10-15T14:25:00.000+02:00,1005.19,27.09,46.75,0.0,70.09,1,1,2.0,2.0
2024-10-15T14:26:00.000+02:00,1008.13,27.09,46.82,0.0,70.09,1,1,2.0,2.0
2024-10-15T14:27:00.000+02:00,1011.05,27.09,46.89,0.0,70.09,1,1,2.0,2.0
2024-10-15T14:28:00.000+02:00,1013.96,27.09,46.96,0.0,70.09,1,1,2.0,2.0
2024-10-15T14:29:00.000+02:00,1016.85,27.09,47.03,0.0,70.09,1,1,2.0,2.0
2024-10-15T14:30:00.000+02:00,1019.73,27.09,47.1,0.0,70.09,1,1,2.0,2.0
2024-10-15T14:31:00.000+02:00,1022.58,27.09,47.17,0.0,70.09,1,1,2.0,2.0
2024-10-15T14:32:00.000+02:00,1025.43,27.09,47.24,0.0,70.09,1,1,2.0,2.0
2024-10-15T14:33:00.000+02:00,1028.26,27.08,47.31,0.0,70.09,1,1,2.0,2.0
2024-10-15T14:34:00.000+02:00,1031.07,27.08,47.38,0.0,70.09,1,1,2.0,2.0
2024-10-15T14:35:00.000+02:00,1033.86,27.08,47.44,0.0,70.09,1,1,2.0,2.0
2024-10-15T14:36:00.000+02:00,1036.64,27.08,47.51,0.0,70.09,1,1,2.0,2.0
2024-10-15T14:37:00.000+02:00,1039.41,27.08,47.58,0.0,70.09,1,1,2.0,2.0
2024-10-15T14:38:00.000+02:00,1042.16,27.08,47.64,0.0,70.09,1,1,2.0,2.0
2024-10-15T14:39:00.000+02:00,1044.89,27.08,47.71,0.0,70.09,1,1,2.0,2.0
2024-10-15T14:40:00.000+02:00,1047.61,27.07,47.78,0.0,70.09,1,1,2.0,2.0
2024-10-15T14:41:00.000+02:00,1050.31,27.07,47.84,0.0,70.09,1,1,2.0,2.0
2024-10-15T14:42:00.000+02:00,1053.0,27.07,47.91,0.0,70.09,1,1,2.0,2.0
2024-10-15T14:43:00.000+02:00,1055.67,27.07,47.97,0.0,70.09,1,1,2.0,2.0
2024-10-15T14:44:00.000+02:00,1058.33,27.07,48.04,0.0,70.09,1,1,2.0,2.0
2024-10-15T14:45:00.000+02:00,1060.97,27.07,48.1,0.0,70.09,1,1,2.0,2.0
2024-10-15T14:46:00.000+02:00,1063.6,27.07,48.17,0.0,70.09,1,1,2.0,2.0
2024-10-15T14:47:00.000+02:00,1066.22,27.06,48.23,0.0,70.09,1,1,2.0,2.0
2024-10-15T14:48:00.000+02:00,1068.81,27.06,48.3,0.0,70.09,1,1,2.0,2.0
2024-10-15T14:49:00.000+02:00,1071.4,27.06,48.36,0.0,70.09,1,1,2.0,2.0
2024-10-15T14:50:00.000+02:00,1073.97,27.06,48.42,0.0,70.09,1,1,2.0,2.0
2024-10-15T14:51:00.000+02:00,1076.52,27.06,48.48,0.0,70.09,1,1,2.0,2.0
2024-10-15T14:52:00.000+02:00,1079.06,27.06,48.55,0.0,70.09,1,1,2.0,2.0
2024-10-15T14:53:00.000+02:00,1081.59,27.05,48.61,0.0,70.09,1,1,2.0,2.0
2024-10-15T14:54:00.000+02:00,1082.28,27.04,48.67,0.0,70.09,1,1,1.0,1.0
2024-10-15T14:55:00.000+02:00,1081.8,27.01,48.74,0.0,70.09,1,1,1.0,1.0
2024-10-15T14:56:00.000+02:00,1080.92,26.99,48.8,0.0,70.09,1,1,1.0,1.0
2024-10-15T14:57:00.000+02:00,1080.0,26.96,48.86,0.0,70.09,1,1,1.0,1.0
2024-10-15T14:58:00.000+02:00,1079.12,26.94,48.91,0.0,70.09,1,1,1.0,1.0
2024-10-15T14:59:00.000+02:00,1080.11,26.94,48.95,0.0,70.09,1,1,2.0,2.0
2024-10-15T15:00:00.000+02:00,1082.28,26.94,48.98,0.0,70.09,1,1,2.0,2.0
2024-10-15T15:01:00.000+02:00,1084.84,26.95,49.02,0.0,70.09,1,1,2.0,2.0
2024-10-15T15:02:00.000+02:00,1087.43,26.96,49.05,0.0,70.09,1,1,2.0,2.0
2024-10-15T15:03:00.000+02:00,1089.96,26.96,49.09,0.0,70.09,1,1,2.0,2.0
2024-10-15T15:04:00.000+02:00,1092.45,26.97,49.13,0.0,70.09,1,1,2.0,2.0
2024-10-15T15:05:00.000+02:00,1094.9,26.97,49.17,0.0,70.09,1,1,2.0,2.0
2024-10-15T15:06:00.000+02:00,1097.33,26.97,49.21,0.0,70.09,1,1,2.0,2.0
2024-10-15T15:07:00.000+02:00,1099.76,26.98,49.26,0.0,70.09,1,1,2.0,2.0
2024-10-15T15:08:00.000+02:00,1102.17,26.98,49.3,0.0,70.09,1,1,2.0,2.0
2024-10-15T15:09:00.000+02:00,1104.56,26.98,49.35,0.0,70.09,1,1,2.0,2.0
2024-10-15T15:10:00.000+02:00,1106.95,26.98,49.4,0.0,70.09,1,1,2.0,2.0
2024-10-15T15:11:00.000+02:00,1109.32,26.98,49.45,0.0,70.09,1,1,2.0,2.0
2024-10-15T15:12:00.000+02:00,1111.68,26.98,49.49,0.0,70.09,1,1,2.0,2.0
2024-10-15T15:13:00.000+02:00,1114.02,26.98,49.54,0.0,70.09,1,1,2.0,2.0
2024-10-15T15:14:00.000+02:00,1116.35,26.98,49.59,0.0,70.09,1,1,2.0,2.0
2024-10-15T15:15:00.000+02:00,1118.67,26.98,49.64,0.0,70.09,1,1,2.0,2.0
2024-10-15T15:16:00.000+02:00,1120.97,26.98,49.69,0.0,70.09,1,1,2.0,2.0
2024-10-15T15:17:00.000+02:00,1123.26,26.98,49.74,0.0,70.09,1,1,2.0,2.0
2024-10-15T15:18:00.000+02:00,1125.54,26.98,49.79,0.0,70.09,1,1,2.0,2.0
2024-10-15T15:19:00.000+02:00,1127.81,26.98,49.84,0.0,70.09,1,1,2.0,2.0
2024-10-15T15:20:00.000+02:00,1130.06,26.98,49.89,0.0,70.09,1,1,2.0,2.0
2024-10-15T15:21:00.000+02:00,1132.3,26.98,49.94,0.0,70.09,1,1,2.0,2.0
2024-10-15T15:22:00.000+02:00,1134.53,26.98,49.99,0.0,70.09,1,1,2.0,2.0
2024-10-15T15:23:00.000+02:00,1136.75,26.98,50.04,0.0,70.09,1,1,2.0,2.0
2024-10-15T15:24:00.000+02:00,1138.95,26.98,50.09,0.0,70.09,1,1,2.0,2.0
2024-10-15T15:25:00.000+02:00,1141.14,26.97,50.14,0.0,70.09,1,1,2.0,2.0
2024-10-15T15:26:00.000+02:00,1143.32,26.97,50.19,0.0,70.09,1,1,2.0,2.0
2024-10-15T15:27:00.000+02:00,1145.48,26.97,50.24,0.0,70.09,1,1,2.0,2.0
2024-10-15T15:28:00.000+02:00,1147.64,26.97,50.29,0.0,70.09,1,1,2.0,2.0
2024-10-15T15:29:00.000+02:00,1149.78,26.97,50.34,0.0,70.09,1,1,2.0,2.0
2024-10-15T15:30:00.000+02:00,1151.91,26.96,50.39,0.0,70.09,1,1,2.0,2.0
2024-10-15T15:31:00.000+02:00,1154.03,26.96,50.44,0.0,70.09,1,1,2.0,2.0
2024-10-15T15:32:00.000+02:00,1156.13,26.96,50.49,0.0,70.09,1,1,2.0,2.0
2024-10-15T15:33:00.000+02:00,1158.23,26.96,50.53,0.0,70.09,1,1,2.0,2.0
2024-10-15T15:34:00.000+02:00,1160.31,26.96,50.58,0.0,70.09,1,1,2.0,2.0
2024-10-15T15:35:00.000+02:00,1162.38,26.96,50.63,0.0,70.09,1,1,2.0,2.0
2024-10-15T15:36:00.000+02:00,1164.44,26.95,50.68,0.0,70.09,1,1,2.0,2.0
2024-10-15T15:37:00.000+02:00,1166.49,26.95,50.72,0.0,70.09,1,1,2.0,2.0
2024-10-15T15:38:00.000+02:00,1168.52,26.95,50.77,0.0,70.09,1,1,2.0,2.0
2024-10-15T15:39:00.000+02:00,1170.55,26.95,50.82,0.0,70.09,1,1,2.0,2.0
2024-10-15T15:40:00.000+02:00,1172.56,26.94,50.86,0.0,70.09,1,1,2.0,2.0
2024-10-15T15:41:00.000+02:00,1174.56,26.94,50.91,0.0,70.09,1,1,2.0,2.0
2024-10-15T15:42:00.000+02:00,1176.55,26.94,50.96,0.0,70.09,1,1,2.0,2.0
2024-10-15T15:43:00.000+02:00,1178.53,26.94,51.0,0.0,70.09,1,1,2.0,2.0
2024-10-15T15:44:00.000+02:00,1180.5,26.94,51.05,0.0,70.09,1,1,2.0,2.0
2024-10-15T15:45:00.000+02:00,1182.46,26.93,51.09,0.0,70.09,1,1,2.0,2.0
2024-10-15T15:46:00.000+02:00,1184.4,26.93,51.14,0.0,70.09,1,1,2.0,2.0
2024-10-15T15:47:00.000+02:00,1186.34,26.93,51.18,0.0,70.09,1,1,2.0,2.0
2024-10-15T15:48:00.000+02:00,1188.26,26.93,51.22,0.0,70.09,1,1,2.0,2.0
2024-10-15T15:49:00.000+02:00,1190.18,26.92,51.27,0.0,70.09,1,1,2.0,2.0
2024-10-15T15:50:00.000+02:00,1192.08,26.92,51.31,0.0,70.09,1,1,2.0,2.0
2024-10-15T15:51:00.000+02:00,1193.97,26.92,51.35,0.0,70.09,1,1,2.0,2.0
2024-10-15T15:52:00.000+02:00,1195.85,26.92,51.4,0.0,70.09,1,1,2.0,2.0
2024-10-15T15:53:00.000+02:00,1197.72,26.92,51.44,0.0,70.09,1,1,2.0,2.0
2024-10-15T15:54:00.000+02:00,1199.58,26.91,51.48,0.0,70.09,1,1,2.0,2.0
2024-10-15T15:55:00.000+02:00,1201.43,26.91,51.52,0.0,70.09,1,1,2.0,2.0
2024-10-15T15:56:00.000+02:00,1203.27,26.91,51.56,0.0,70.09,1,1,2.0,2.0
2024-10-15T15:57:00.000+02:00,1205.1,26.91,51.6,0.0,70.09,1,1,2.0,2.0
2024-10-15T15:58:00.000+02:00,1206.92,26.9,51.65,0.0,70.09,1,1,2.0,2.0
2024-10-15T15:59:00.000+02:00,1208.73,26.9,51.69,0.0,70.09,1,1,2.0,2.0
2024-10-15T16:00:00.000+02:00,1210.53,26.9,51.73,0.0,70.09,1,1,2.0,2.0
2024-10-15T16:01:00.000+02:00,1212.32,26.9,51.77,0.0,70.09,1,1,2.0,2.0
2024-10-15T16:02:00.000+02:00,1214.1,26.89,51.81,0.0,70.09,1,1,2.0,2.0
2024-10-15T16:03:00.000+02:00,1215.86,26.89,51.85,0.0,70.09,1,1,2.0,2.0
2024-10-15T16:04:00.000+02:00,1217.62,26.89,51.89,0.0,70.09,1,1,2.0,2.0
2024-10-15T16:05:00.000+02:00,1219.37,26.89,51.92,0.0,70.09,1,1,2.0,2.0
2024-10-15T16:06:00.000+02:00,1221.11,26.89,51.96,0.0,70.09,1,1,2.0,2.0
2024-10-15T16:07:00.000+02:00,1222.84,26.88,52.0,0.0,70.09,1,1,2.0,2.0
2024-10-15T16:08:00.000+02:00,1222.73,26.87,52.05,0.0,70.09,1,1,1.0,1.0
2024-10-15T16:09:00.000+02:00,1221.47,26.84,52.1,0.0,70.09,1,1,1.0,1.0
2024-10-15T16:10:00.000+02:00,1219.8,26.81,52.15,0.0,70.09,1,1,1.0,1.0
2024-10-15T16:11:00.000+02:00,1218.1,26.79,52.19,0.0,70.09,1,1,1.0,1.0
2024-10-15T16:12:00.000+02:00,1216.45,26.77,52.22,0.0,70.09,1,1,1.0,1.0
2024-10-15T16:13:00.000+02:00,1214.84,26.74,52.25,0.0,70.09,1,1,1.0,1.0
2024-10-15T16:14:00.000+02:00,1213.26,26.73,52.27,0.0,70.09,1,1,1.0,1.0
2024-10-15T16:15:00.000+02:00,1211.69,26.71,52.29,0.0,70.09,1,1,1.0,1.0
2024-10-15T16:16:00.000+02:00,1210.13,26.69,52.31,0.0,70.09,1,1,1.0,1.0
2024-10-15T16:17:00.000+02:00,1208.58,26.68,52.32,0.0,70.09,1,1,1.0,1.0
2024-10-15T16:18:00.000+02:00,1207.04,26.66,52.33,0.0,70.09,1,1,1.0,1.0
2024-10-15T16:19:00.000+02:00,1205.5,26.65,52.34,0.0,70.09,1,1,1.0,1.0
2024-10-15T16:20:00.000+02:00,1203.97,26.63,52.34,0.0,70.09,1,1,1.0,1.0
2024-10-15T16:21:00.000+02:00,1202.46,26.62,52.35,0.0,70.09,1,1,1.0,1.0
2024-10-15T16:22:00.000+02:00,1200.95,26.61,52.35,0.0,70.09,1,1,1.0,1.0
2024-10-15T16:23:00.000+02:00,1199.45,26.6,52.34,0.0,70.09,1,1,1.0,1.0
2024-10-15T16:24:00.000+02:00,1197.95,26.59,52.34,0.0,70.09,1,1,1.0,1.0
2024-10-15T16:25:00.000+02:00,1196.47,26.58,52.34,0.0,70.09,1,1,1.0,1.0
2024-10-15T16:26:00.000+02:00,1194.99,26.57,52.33,0.0,70.09,1,1,1.0,1.0
2024-10-15T16:27:00.000+02:00,1193.52,26.56,52.32,0.0,70.09,1,1,1.0,1.0
2024-10-15T16:28:00.000+02:00,1192.06,26.55,52.32,0.0,70.09,1,1,1.0,1.0
2024-10-15T16:29:00.000+02:00,1190.61,26.54,52.31,0.0,70.09,1,1,1.0,1.0
2024-10-15T16:30:00.000+02:00,1189.17,26.54,52.3,0.0,70.09,1,1,1.0,1.0
2024-10-15T16:31:00.000+02:00,1187.73,26.53,52.29,0.0,70.09,1,1,1.0,1.0
2024-10-15T16:32:00.000+02:00,1186.31,26.52,52.28,0.0,70.09,1,1,1.0,1.0
2024-10-15T16:33:00.000+02:00,1184.89,26.51,52.26,0.0,70.09,1,1,1.0,1.0
2024-10-15T16:34:00.000+02:00,1183.48,26.51,52.25,0.0,70.09,1,1,1.0,1.0
2024-10-15T16:35:00.000+02:00,1182.07,26.5,52.24,0.0,70.09,1,1,1.0,1.0
2024-10-15T16:36:00.000+02:00,1180.68,26.49,52.22,0.0,70.09,1,1,1.0,1.0
2024-10-15T16:37:00.000+02:00,1179.29,26.49,52.21,0.0,70.09,1,1,1.0,1.0
2024-10-15T16:38:00.000+02:00,1177.91,26.48,52.19,0.0,70.09,1,1,1.0,1.0
2024-10-15T16:39:00.000+02:00,1176.54,26.48,52.17,0.0,70.09,1,1,1.0,1.0
2024-10-15T16:40:00.000+02:00,1175.17,26.47,52.16,0.0,70.09,1,1,1.0,1.0
2024-10-15T16:41:00.000+02:00,1173.81,26.46,52.14,0.0,70.09,1,1,1.0,1.0
2024-10-15T16:42:00.000+02:00,1172.46,26.46,52.12,0.0,70.09,1,1,1.0,1.0
2024-10-15T16:43:00.000+02:00,1171.12,26.45,52.1,0.0,70.09,1,1,1.0,1.0
2024-10-15T16:44:00.000+02:00,1169.79,26.45,52.09,0.0,70.09,1,1,1.0,1.0
2024-10-15T16:45:00.000+02:00,1168.46,26.44,52.07,0.0,70.09,1,1,1.0,1.0
2024-10-15T16:46:00.000+02:00,1167.14,26.44,52.05,0.0,70.09,1,1,1.0,1.0
2024-10-15T16:47:00.000+02:00,1165.83,26.43,52.03,0.0,70.09,1,1,1.0,1.0
2024-10-15T16:48:00.000+02:00,1164.52,26.43,52.01,0.0,70.09,1,1,1.0,1.0
2024-10-15T16:49:00.000+02:00,1163.22,26.42,51.99,0.0,70.09,1,1,1.0,1.0
2024-10-15T16:50:00.000+02:00,1161.93,26.42,51.97,0.0,70.09,1,1,1.0,1.0
2024-10-15T16:51:00.000+02:00,1160.65,26.42,51.95,0.0,70.09,1,1,1.0,1.0
2024-10-15T16:52:00.000+02:00,1159.37,26.41,51.93,0.0,70.09,1,1,1.0,1.0
2024-10-15T16:53:00.000+02:00,1158.1,26.41,51.91,0.0,70.09,1,1,1.0,1.0
2024-10-15T16:54:00.000+02:00,1156.84,26.4,51.89,0.0,70.09,1,1,1.0,1.0
2024-10-15T16:55:00.000+02:00,1155.58,26.4,51.87,0.0,70.09,1,1,1.0,1.0
2024-10-15T16:56:00.000+02:00,1154.33,26.39,51.85,0.0,70.09,1,1,1.0,1.0
2024-10-15T16:57:00.000+02:00,1153.09,26.39,51.83,0.0,70.09,1,1,1.0,1.0
2024-10-15T16:58:00.000+02:00,1151.86,26.39,51.8,0.0,70.09,1,1,1.0,1.0
2024-10-15T16:59:00.000+02:00,1150.63,26.38,51.78,0.0,70.09,1,1,1.0,1.0
2024-10-15T17:00:00.000+02:00,1149.41,26.38,51.76,0.0,70.09,1,1,1.0,1.0
2024-10-15T17:01:00.000+02:00,1148.19,26.37,51.74,0.0,70.09,1,1,1.0,1.0
2024-10-15T17:02:00.000+02:00,1146.98,26.37,51.72,0.0,70.09,1,1,1.0,1.0
2024-10-15T17:03:00.000+02:00,1145.78,26.37,51.7,0.0,70.09,1,1,1.0,1.0
2024-10-15T17:04:00.000+02:00,1144.59,26.36,51.68,0.0,70.09,1,1,1.0,1.0
2024-10-15T17:05:00.000+02:00,1145.22,26.38,51.64,0.0,70.09,1,1,2.0,2.0
2024-10-15T17:06:00.000+02:00,1147.02,26.4,51.61,0.0,70.09,1,1,2.0,2.0
2024-10-15T17:07:00.000+02:00,1149.21,26.42,51.57,0.0,70.09,1,1,2.0,2.0
2024-10-15T17:08:00.000+02:00,1151.43,26.44,51.54,0.0,70.09,1,1,2.0,2.0
2024-10-15T17:09:00.000+02:00,1153.6,26.46,51.51,0.0,70.09,1,1,2.0,2.0
2024-10-15T17:10:00.000+02:00,1155.72,26.48,51.5,0.0,70.09,1,1,2.0,2.0
2024-10-15T17:11:00.000+02:00,1157.82,26.49,51.48,0.0,70.09,1,1,2.0,2.0
2024-10-15T17:12:00.000+02:00,1159.89,26.5,51.47,0.0,70.09,1,1,2.0,2.0
2024-10-15T17:13:00.000+02:00,1161.96,26.52,51.47,0.0,70.09,1,1,2.0,2.0
2024-10-15T17:14:00.000+02:00,1164.02,26.53,51.47,0.0,70.09,1,1,2.0,2.0
2024-10-15T17:15:00.000+02:00,1166.06,26.54,51.47,0.0,70.09,1,1,2.0,2.0
2024-10-15T17:16:00.000+02:00,1168.09,26.55,51.48,0.0,70.09,1,1,2.0,2.0
2024-10-15T17:17:00.000+02:00,1170.11,26.55,51.48,0.0,70.09,1,1,2.0,2.0
2024-10-15T17:18:00.000+02:00,1172.12,26.56,51.5,0.0,70.09,1,1,2.0,2.0
2024-10-15T17:19:00.000+02:00,1174.12,26.57,51.51,0.0,70.09,1,1,2.0,2.0
2024-10-15T17:20:00.000+02:00,1176.11,26.57,51.52,0.0,70.09,1,1,2.0,2.0
2024-10-15T17:21:00.000+02:00,1178.08,26.58,51.54,0.0,70.09,1,1,2.0,2.0
2024-10-15T17:22:00.000+02:00,1180.05,26.58,51.56,0.0,70.09,1,1,2.0,2.0
2024-10-15T17:23:00.000+02:00,1182.0,26.59,51.58,0.0,70.09,1,1,2.0,2.0
2024-10-15T17:24:00.000+02:00,1183.94,26.59,51.6,0.0,70.09,1,1,2.0,2.0
2024-10-15T17:25:00.000+02:00,1185.87,26.59,51.63,0.0,70.09,1,1,2.0,2.0
2024-10-15T17:26:00.000+02:00,1187.79,26.59,51.65,0.0,70.09,1,1,2.0,2.0
2024-10-15T17:27:00.000+02:00,1189.7,26.6,51.68,0.0,70.09,1,1,2.0,2.0
2024-10-15T17:28:00.000+02:00,1191.6,26.6,51.7,0.0,70.09,1,1,2.0,2.0
2024-10-15T17:29:00.000+02:00,1193.49,26.6,51.73,0.0,70.09,1,1,2.0,2.0
2024-10-15T17:30:00.000+02:00,1195.36,26.6,51.76,0.0,70.09,1,1,2.0,2.0
2024-10-15T17:31:00.000+02:00,1197.23,26.6,51.79,0.0,70.09,1,1,2.0,2.0
2024-10-15T17:32:00.000+02:00,1199.08,26.6,51.82,0.0,70.09,1,1,2.0,2.0
2024-10-15T17:33:00.000+02:00,1200.93,26.6,51.85,0.0,70.09,1,1,2.0,2.0
2024-10-15T17:34:00.000+02:00,1202.76,26.6,51.88,0.0,70.09,1,1,2.0,2.0
2024-10-15T17:35:00.000+02:00,1204.59,26.6,51.91,0.0,70.09,1,1,2.0,2.0
2024-10-15T17:36:00.000+02:00,1206.4,26.6,51.94,0.0,70.09,1,1,2.0,2.0
2024-10-15T17:37:00.000+02:00,1208.2,26.6,51.97,0.0,70.09,1,1,2.0,2.0
2024-10-15T17:38:00.000+02:00,1210.0,26.6,52.0,0.0,70.09,1,1,2.0,2.0
2024-10-15T17:39:00.000+02:00,1211.78,26.6,52.03,0.0,70.09,1,1,2.0,2.0
2024-10-15T17:40:00.000+02:00,1213.55,26.6,52.07,0.0,70.09,1,1,2.0,2.0
2024-10-15T17:41:00.000+02:00,1215.32,26.6,52.1,0.0,70.09,1,1,2.0,2.0
2024-10-15T17:42:00.000+02:00,1217.07,26.6,52.13,0.0,70.09,1,1,2.0,2.0
2024-10-15T17:43:00.000+02:00,1218.81,26.6,52.16,0.0,70.09,1,1,2.0,2.0
2024-10-15T17:44:00.000+02:00,1220.54,26.6,52.19,0.0,70.09,1,1,2.0,2.0
2024-10-15T17:45:00.000+02:00,1222.27,26.6,52.23,0.0,70.09,1,1,2.0,2.0
2024-10-15T17:46:00.000+02:00,1223.98,26.59,52.26,0.0,70.09,1,1,2.0,2.0
2024-10-15T17:47:00.000+02:00,1225.68,26.59,52.29,0.0,70.09,1,1,2.0,2.0
2024-10-15T17:48:00.000+02:00,1227.38,26.59,52.32,0.0,70.09,1,1,2.0,2.0
2024-10-15T17:49:00.000+02:00,1229.06,26.59,52.35,0.0,70.09,1,1,2.0,2.0
2024-10-15T17:50:00.000+02:00,1230.74,26.59,52.39,0.0,70.09,1,1,2.0,2.0
2024-10-15T17:51:00.000+02:00,1232.4,26.59,52.42,0.0,70.09,1,1,2.0,2.0
2024-10-15T17:52:00.000+02:00,1234.06,26.59,52.45,0.0,70.09,1,1,2.0,2.0
2024-10-15T17:53:00.000+02:00,1235.71,26.59,52.48,0.0,70.09,1,1,2.0,2.0
2024-10-15T17:54:00.000+02:00,1237.34,26.59,52.52,0.0,70.09,1,1,2.0,2.0
2024-10-15T17:55:00.000+02:00,1238.97,26.58,52.55,0.0,70.09,1,1,2.0,2.0
2024-10-15T17:56:00.000+02:00,1240.59,26.58,52.58,0.0,70.09,1,1,2.0,2.0
2024-10-15T17:57:00.000+02:00,1242.2,26.58,52.61,0.0,70.09,1,1,2.0,2.0
2024-10-15T17:58:00.000+02:00,1243.8,26.58,52.64,0.0,70.09,1,1,2.0,2.0
2024-10-15T17:59:00.000+02:00,1245.39,26.58,52.68,0.0,70.09,1,1,2.0,2.0
2024-10-15T18:00:00.000+02:00,1246.97,26.58,52.71,0.0,70.09,1,1,2.0,2.0
2024-10-15T18:01:00.000+02:00,1248.54,26.58,52.74,0.0,70.09,1,1,2.0,2.0
2024-10-15T18:02:00.000+02:00,1250.11,26.57,52.77,0.0,70.09,1,1,2.0,2.0
2024-10-15T18:03:00.000+02:00,1251.66,26.57,52.8,0.0,70.09,1,1,2.0,2.0
2024-10-15T18:04:00.000+02:00,1253.21,26.57,52.83,0.0,70.09,1,1,2.0,2.0
2024-10-15T18:05:00.000+02:00,1254.75,26.57,52.87,0.0,70.09,1,1,2.0,2.0
2024-10-15T18:06:00.000+02:00,1256.28,26.57,52.9,0.0,70.09,1,1,2.0,2.0
2024-10-15T18:07:00.000+02:00,1257.8,26.57,52.93,0.0,70.09,1,1,2.0,2.0
2024-10-15T18:08:00.000+02:00,1259.31,26.56,52.96,0.0,70.09,1,1,2.0,2.0
2024-10-15T18:09:00.000+02:00,1260.81,26.56,52.99,0.0,70.09,1,1,2.0,2.0
2024-10-15T18:10:00.000+02:00,1262.31,26.56,53.02,0.0,70.09,1,1,2.0,2.0
2024-10-15T18:11:00.000+02:00,1263.79,26.56,53.05,0.0,70.09,1,1,2.0,2.0
2024-10-15T18:12:00.000+02:00,1265.27,26.56,53.08,0.0,70.09,1,1,2.0,2.0
2024-10-15T18:13:00.000+02:00,1266.74,26.56,53.11,0.0,70.09,1,1,2.0,2.0
2024-10-15T18:14:00.000+02:00,1268.2,26.56,53.14,0.0,70.09,1,1,2.0,2.0
2024-10-15T18:15:00.000+02:00,1269.65,26.55,53.17,0.0,70.09,1,1,2.0,
2024-10-15T18:16:00.000+02:00,1271.1,26.55,53.2,0.0,70.09,1,1,2.0,
2024-10-15T18:17:00.000+02:00,1272.54,26.55,53.23,0.0,70.09,1,1,2.0,
2024-10-15T18:18:00.000+02:00,1273.96,26.55,53.26,0.0,70.09,1,1,2.0,
2024-10-15T18:19:00.000+02:00,1275.38,26.55,53.29,0.0,70.09,1,1,2.0,
2024-10-15T18:20:00.000+02:00,1276.8,26.55,53.32,0.0,70.09,1,1,2.0,
2024-10-15T18:21:00.000+02:00,1278.2,26.55,53.35,0.0,70.09,1,1,2.0,
2024-10-15T18:22:00.000+02:00,1279.6,26.54,53.38,0.0,70.09,1,1,2.0,
2024-10-15T18:23:00.000+02:00,1280.98,26.54,53.41,0.0,70.09,1,1,2.0,
2024-10-15T18:24:00.000+02:00,1282.36,26.54,53.44,0.0,70.09,1,1,2.0,
2024-10-15T18:25:00.000+02:00,1283.74,26.54,53.47,0.0,70.09,1,1,2.0,
2024-10-15T18:26:00.000+02:00,1285.1,26.54,53.5,0.0,70.09,1,1,2.0,
2024-10-15T18:27:00.000+02:00,1286.46,26.54,53.53,0.0,70.09,1,1,2.0,
2024-10-15T18:28:00.000+02:00,1287.81,26.54,53.56,0.0,70.09,1,1,2.0,
2024-10-15T18:29:00.000+02:00,1289.15,26.53,53.58,0.0,70.09,1,1,2.0,
2024-10-15T18:30:00.000+02:00,1290.48,26.53,53.61,0.0,70.09,1,1,2.0,
2024-10-15T18:31:00.000+02:00,1291.81,26.53,53.64,0.0,70.09,1,1,2.0,
2024-10-15T18:32:00.000+02:00,1293.13,26.53,53.67,0.0,70.09,1,1,2.0,
2024-10-15T18:33:00.000+02:00,1294.44,26.53,53.7,0.0,70.09,1,1,2.0,
2024-10-15T18:34:00.000+02:00,1295.74,26.53,53.73,0.0,70.09,1,1,2.0,
2024-10-15T18:35:00.000+02:00,1297.04,26.52,53.76,0.0,70.09,1,1,2.0,
2024-10-15T18:36:00.000+02:00,1298.33,26.52,53.78,0.0,70.09,1,1,2.0,
2024-10-15T18:37:00.000+02:00,1299.61,26.52,53.81,0.0,70.09,1,1,2.0,
2024-10-15T18:38:00.000+02:00,1300.88,26.52,53.84,0.0,70.09,1,1,2.0,
2024-10-15T18:39:00.000+02:00,1300.33,26.5,53.88,0.0,70.09,1,1,1.0,
2024-10-15T18:40:00.000+02:00,1298.61,26.48,53.93,0.0,70.09,1,1,1.0,
2024-10-15T18:41:00.000+02:00,1296.5,26.45,53.97,0.0,70.09,1,1,1.0,
2024-10-15T18:42:00.000+02:00,1296.18,26.44,53.99,0.0,70.09,1,1,2.0,
2024-10-15T18:43:00.000+02:00,1297.06,26.44,54.0,0.0,70.09,1,1,2.0,
2024-10-15T18:44:00.000+02:00,1298.38,26.45,54.01,0.0,70.09,1,1,2.0,
2024-10-15T18:45:00.000+02:00,1299.76,26.45,54.02,0.0,70.09,1,1,2.0,
2024-10-15T18:46:00.000+02:00,1301.09,26.46,54.03,0.0,70.09,1,1,2.0,
2024-10-15T18:47:00.000+02:00,1302.37,26.46,54.05,0.0,70.09,1,1,2.0,
2024-10-15T18:48:00.000+02:00,1303.63,26.46,54.06,0.0,70.09,1,1,2.0,
2024-10-15T18:49:00.000+02:00,1304.88,26.46,54.08,0.0,70.09,1,1,2.0,
2024-10-15T18:50:00.000+02:00,1306.12,26.47,54.09,0.0,70.09,1,1,2.0,
2024-10-15T18:51:00.000+02:00,1307.36,26.47,54.11,0.0,70.09,1,1,2.0,
2024-10-15T18:52:00.000+02:00,1308.59,26.47,54.13,0.0,70.09,1,1,2.0,
2024-10-15T18:53:00.000+02:00,1309.81,26.47,54.15,0.0,70.09,1,1,2.0,
2024-10-15T18:54:00.000+02:00,1311.03,26.47,54.17,0.0,70.09,1,1,2.0,
2024-10-15T18:55:00.000+02:00,1312.24,26.47,54.19,0.0,70.09,1,1,2.0,
2024-10-15T18:56:00.000+02:00,1313.44,26.47,54.21,0.0,70.09,1,1,2.0,
2024-10-15T18:57:00.000+02:00,1312.81,26.46,54.25,0.0,70.09,1,1,1.0,
2024-10-15T18:58:00.000+02:00,1311.02,26.43,54.29,0.0,70.09,1,1,1.0,
2024-10-15T18:59:00.000+02:00,1308.84,26.41,54.33,0.0,70.09,1,1,1.0,
2024-10-15T19:00:00.000+02:00,1306.62,26.38,54.36,0.0,70.09,1,1,1.0,
2024-10-15T19:01:00.000+02:00,1304.46,26.36,54.39,0.0,70.09,1,1,1.0,
2024-10-15T19:02:00.000+02:00,1302.34,26.34,54.41,0.0,70.09,1,1,1.0,
2024-10-15T19:03:00.000+02:00,1300.26,26.32,54.43,0.0,70.09,1,1,1.0,
2024-10-15T19:04:00.000+02:00,1298.18,26.3,54.44,0.0,70.09,1,1,1.0,
2024-10-15T19:05:00.000+02:00,1296.12,26.29,54.46,0.0,70.09,1,1,1.0,
2024-10-15T19:06:00.000+02:00,1294.07,26.27,54.46,0.0,70.09,1,1,1.0,
2024-10-15T19:07:00.000+02:00,1292.04,26.26,54.47,0.0,70.09,1,1,1.0,
2024-10-15T19:08:00.000+02:00,1290.01,26.25,54.47,0.0,70.09,1,1,1.0,
2024-10-15T19:09:00.000+02:00,1287.99,26.23,54.47,0.0,70.09,1,1,1.0,
2024-10-15T19:10:00.000+02:00,1285.99,26.22,54.47,0.0,70.09,1,1,1.0,
2024-10-15T19:11:00.000+02:00,1283.99,26.21,54.46,0.0,70.09,1,1,1.0,
2024-10-15T19:12:00.000+02:00,1282.01,26.2,54.46,0.0,70.09,1,1,1.0,
2024-10-15T19:13:00.000+02:00,1280.04,26.19,54.45,0.0,70.09,1,1,1.0,
2024-10-15T19:14:00.000+02:00,1278.08,26.18,54.44,0.0,70.09,1,1,1.0,
2024-10-15T19:15:00.000+02:00,1276.13,26.17,54.43,0.0,70.09,1,1,1.0,
2024-10-15T19:16:00.000+02:00,1274.19,26.16,54.42,0.0,70.09,1,1,1.0,
2024-10-15T19:17:00.000+02:00,1272.27,26.15,54.41,0.0,70.09,1,1,1.0,
2024-10-15T19:18:00.000+02:00,1270.35,26.14,54.39,0.0,70.09,1,1,1.0,
2024-10-15T19:19:00.000+02:00,1268.44,26.14,54.38,0.0,70.09,1,1,1.0,
2024-10-15T19:20:00.000+02:00,1266.55,26.13,54.36,0.0,70.09,1,1,1.0,
2024-10-15T19:21:00.000+02:00,1264.66,26.12,54.35,0.0,70.09,1,1,1.0,
2024-10-15T19:22:00.000+02:00,1262.79,26.12,54.33,0.0,70.09,1,1,1.0,
2024-10-15T19:23:00.000+02:00,1259.1,26.09,54.33,0.0,70.09,0,1,0.0,
2024-10-15T19:24:00.000+02:00,1254.27,26.06,54.33,0.0,70.09,0,1,0.0,
2024-10-15T19:25:00.000+02:00,1249.07,26.03,54.34,0.0,70.09,0,1,0.0,
2024-10-15T19:26:00.000+02:00,1243.84,26.0,54.34,0.0,70.09,0,1,0.0,
2024-10-15T19:27:00.000+02:00,1238.69,25.97,54.33,0.0,70.09,0,1,0.0,
2024-10-15T19:28:00.000+02:00,1233.6,25.94,54.32,0.0,70.09,0,1,0.0,
2024-10-15T19:29:00.000+02:00,1228.55,25.92,54.3,0.0,70.09,0,1,0.0,
2024-10-15T19:30:00.000+02:00,1225.37,25.91,54.26,0.0,70.09,1,1,1.0,
2024-10-15T19:31:00.000+02:00,1223.36,25.91,54.21,0.0,70.09,1,1,1.0,
2024-10-15T19:32:00.000+02:00,1221.77,25.92,54.16,0.0,70.09,1,1,1.0,
2024-10-15T19:33:00.000+02:00,1220.23,25.92,54.11,0.0,70.09,1,1,1.0,
2024-10-15T19:34:00.000+02:00,1218.66,25.93,54.06,0.0,70.09,1,1,1.0,
2024-10-15T19:35:00.000+02:00,1217.06,25.93,54.01,0.0,70.09,1,1,1.0,
2024-10-15T19:36:00.000+02:00,1215.45,25.93,53.97,0.0,70.09,1,1,1.0,
2024-10-15T19:37:00.000+02:00,1213.85,25.93,53.93,0.0,70.09,1,1,1.0,
2024-10-15T19:38:00.000+02:00,1212.26,25.94,53.89,0.0,70.09,1,1,1.0,
2024-10-15T19:39:00.000+02:00,1210.68,25.94,53.85,0.0,70.09,1,1,1.0,
2024-10-15T19:40:00.000+02:00,1207.28,25.92,53.83,0.0,70.09,0,1,0.0,
2024-10-15T19:41:00.000+02:00,1202.75,25.9,53.81,0.0,70.09,0,1,0.0,
2024-10-15T19:42:00.000+02:00,1197.83,25.87,53.8,0.0,70.09,0,1,0.0,
2024-10-15T19:43:00.000+02:00,1192.89,25.85,53.78,0.0,70.09,0,1,0.0,
2024-10-15T19:44:00.000+02:00,1189.84,25.84,53.75,0.0,70.09,1,1,1.0,
2024-10-15T19:45:00.000+02:00,1188.01,25.84,53.7,0.0,70.09,1,1,1.0,
2024-10-15T19:46:00.000+02:00,1186.62,25.85,53.64,0.0,70.09,1,1,1.0,
2024-10-15T19:47:00.000+02:00,1185.28,25.86,53.59,0.0,70.09,1,1,1.0,
2024-10-15T19:48:00.000+02:00,1183.9,25.86,53.54,0.0,70.09,1,1,1.0,
2024-10-15T19:49:00.000+02:00,1182.5,25.87,53.5,0.0,70.09,1,1,1.0,
2024-10-15T19:50:00.000+02:00,1181.08,25.87,53.45,0.0,70.09,1,1,1.0,
2024-10-15T19:51:00.000+02:00,1179.67,25.88,53.41,0.0,70.09,1,1,1.0,
2024-10-15T19:52:00.000+02:00,1178.27,25.88,53.37,0.0,70.09,1,1,1.0,
2024-10-15T19:53:00.000+02:00,1176.88,25.88,53.33,0.0,70.09,1,1,1.0,
2024-10-15T19:54:00.000+02:00,1175.5,25.88,53.3,0.0,70.09,1,1,1.0,
2024-10-15T19:55:00.000+02:00,1174.12,25.88,53.26,0.0,70.09,1,1,1.0,
2024-10-15T19:56:00.000+02:00,1172.75,25.89,53.23,0.0,70.09,1,1,1.0,
2024-10-15T19:57:00.000+02:00,1171.39,25.89,53.2,0.0,70.09,1,1,1.0,
2024-10-15T19:58:00.000+02:00,1170.04,25.89,53.16,0.0,70.09,1,1,1.0,
2024-10-15T19:59:00.000+02:00,1168.69,25.89,53.13,0.0,70.09,1,1,1.0,
2024-10-15T20:00:00.000+02:00,1167.35,25.89,53.1,0.0,70.09,1,1,1.0,
2024-10-15T20:01:00.000+02:00,1166.02,25.89,53.08,0.0,70.09,1,1,1.0,
2024-10-15T20:02:00.000+02:00,1164.7,25.89,53.05,0.0,70.09,1,1,1.0,
2024-10-15T20:03:00.000+02:00,1163.38,25.89,53.02,0.0,70.09,1,1,1.0,
2024-10-15T20:04:00.000+02:00,1162.07,25.89,52.99,0.0,70.09,1,1,1.0,
2024-10-15T20:05:00.000+02:00,1160.77,25.89,52.97,0.0,70.09,1,1,1.0,
2024-10-15T20:06:00.000+02:00,1159.47,25.89,52.94,0.0,70.09,1,1,1.0,
2024-10-15T20:07:00.000+02:00,1158.18,25.89,52.91,0.0,70.09,1,1,1.0,
2024-10-15T20:08:00.000+02:00,1156.9,25.88,52.89,0.0,70.09,1,1,1.0,
2024-10-15T20:09:00.000+02:00,1155.62,25.88,52.86,0.0,70.09,1,1,1.0,
2024-10-15T20:10:00.000+02:00,1154.36,25.88,52.84,0.0,70.09,1,1,1.0,
2024-10-15T20:11:00.000+02:00,1153.09,25.88,52.82,0.0,70.09,1,1,1.0,
2024-10-15T20:12:00.000+02:00,1151.84,25.88,52.79,0.0,70.09,1,1,1.0,
2024-10-15T20:13:00.000+02:00,1150.59,25.88,52.77,0.0,70.09,1,1,1.0,
2024-10-15T20:14:00.000+02:00,1149.35,25.88,52.75,0.0,70.09,1,1,1.0,
2024-10-15T20:15:00.000+02:00,1148.12,25.87,52.72,0.0,70.09,1,1,1.0,
2024-10-15T20:16:00.000+02:00,1146.89,25.87,52.7,0.0,70.09,1,1,1.0,
2024-10-15T20:17:00.000+02:00,1145.67,25.87,52.68,0.0,70.09,1,1,1.0,
2024-10-15T20:18:00.000+02:00,1144.46,25.87,52.66,0.0,70.09,1,1,1.0,
2024-10-15T20:19:00.000+02:00,1143.25,25.87,52.63,0.0,70.09,1,1,1.0,
2024-10-15T20:20:00.000+02:00,1142.05,25.86,52.61,0.0,70.09,1,1,1.0,
2024-10-15T20:21:00.000+02:00,1140.85,25.86,52.59,0.0,70.09,1,1,1.0,
2024-10-15T20:22:00.000+02:00,1139.66,25.86,52.57,0.0,70.09,1,1,1.0,
2024-10-15T20:23:00.000+02:00,1138.48,25.86,52.55,0.0,70.09,1,1,1.0,
2024-10-15T20:24:00.000+02:00,1137.31,25.86,52.53,0.0,70.09,1,1,1.0,
2024-10-15T20:25:00.000+02:00,1136.14,25.85,52.51,0.0,70.09,1,1,1.0,
2024-10-15T20:26:00.000+02:00,1134.98,25.85,52.49,0.0,70.09,1,1,1.0,
2024-10-15T20:27:00.000+02:00,1133.82,25.85,52.47,0.0,70.09,1,1,1.0,
2024-10-15T20:28:00.000+02:00,1132.67,25.85,52.45,0.0,70.09,1,1,1.0,
2024-10-15T20:29:00.000+02:00,1131.53,25.84,52.43,0.0,70.09,1,1,1.0,
2024-10-15T20:30:00.000+02:00,1130.39,25.84,52.41,0.0,70.09,1,1,1.0,
2024-10-15T20:31:00.000+02:00,1129.26,25.84,52.39,0.0,70.09,1,1,1.0,
2024-10-15T20:32:00.000+02:00,1128.13,25.84,52.37,0.0,70.09,1,1,1.0,
2024-10-15T20:33:00.000+02:00,1127.02,25.83,52.35,0.0,70.09,1,1,1.0,
2024-10-15T20:34:00.000+02:00,1125.9,25.83,52.33,0.0,70.09,1,1,1.0,
2024-10-15T20:35:00.000+02:00,1124.8,25.83,52.31,0.0,70.09,1,1,1.0,
2024-10-15T20:36:00.000+02:00,1123.7,25.82,52.29,0.0,70.09,1,1,1.0,
2024-10-15T20:37:00.000+02:00,1122.6,25.82,52.27,0.0,70.09,1,1,1.0,
2024-10-15T20:38:00.000+02:00,1121.51,25.82,52.25,0.0,70.09,1,1,1.0,
2024-10-15T20:39:00.000+02:00,1120.43,25.82,52.24,0.0,70.09,1,1,1.0,
2024-10-15T20:40:00.000+02:00,1119.35,25.81,52.22,0.0,70.09,1,1,1.0,
2024-10-15T20:41:00.000+02:00,1118.28,25.81,52.2,0.0,70.09,1,1,1.0,
2024-10-15T20:42:00.000+02:00,1117.22,25.81,52.18,0.0,70.09,1,1,1.0,
2024-10-15T20:43:00.000+02:00,1116.16,25.81,52.16,0.0,70.09,1,1,1.0,
2024-10-15T20:44:00.000+02:00,1115.1,25.8,52.14,0.0,70.09,1,1,1.0,
2024-10-15T20:45:00.000+02:00,1114.06,25.8,52.12,0.0,70.09,1,1,1.0,
2024-10-15T20:46:00.000+02:00,1113.01,25.8,52.11,0.0,70.09,1,1,1.0,
2024-10-15T20:47:00.000+02:00,1111.98,25.79,52.09,0.0,70.09,1,1,1.0,
2024-10-15T20:48:00.000+02:00,1110.95,25.79,52.07,0.0,70.09,1,1,1.0,
2024-10-15T20:49:00.000+02:00,1109.92,25.79,52.05,0.0,70.09,1,1,1.0,
2024-10-15T20:50:00.000+02:00,1108.9,25.79,52.03,0.0,70.09,1,1,1.0,
2024-10-15T20:51:00.000+02:00,1107.89,25.78,52.01,0.0,70.09,1,1,1.0,
2024-10-15T20:52:00.000+02:00,1106.88,25.78,52.0,0.0,70.09,1,1,1.0,
2024-10-15T20:53:00.000+02:00,1105.87,25.78,51.98,0.0,70.09,1,1,1.0,
2024-10-15T20:54:00.000+02:00,1104.88,25.77,51.96,0.0,70.09,1,1,1.0,
2024-10-15T20:55:00.000+02:00,1103.88,25.77,51.94,0.0,70.09,1,1,1.0,
2024-10-15T20:56:00.000+02:00,1102.9,25.77,51.92,0.0,70.09,1,1,1.0,
2024-10-15T20:57:00.000+02:00,1101.91,25.76,51.91,0.0,70.09,1,1,1.0,
2024-10-15T20:58:00.000+02:00,1100.94,25.76,51.89,0.0,70.09,1,1,1.0,
2024-10-15T20:59:00.000+02:00,1099.97,25.76,51.87,0.0,70.09,1,1,1.0,
2024-10-15T21:00:00.000+02:00,1099.0,25.76,51.85,0.0,70.09,1,1,1.0,
2024-10-15T21:01:00.000+02:00,1098.04,25.75,51.84,0.0,70.09,1,1,1.0,
2024-10-15T21:02:00.000+02:00,1097.09,25.75,51.82,0.0,70.09,1,1,1.0,
2024-10-15T21:03:00.000+02:00,1096.13,25.75,51.8,0.0,70.09,1,1,1.0,
2024-10-15T21:04:00.000+02:00,1095.19,25.74,51.78,0.0,70.09,1,1,1.0,
2024-10-15T21:05:00.000+02:00,1094.25,25.74,51.77,0.0,70.09,1,1,1.0,
2024-10-15T21:06:00.000+02:00,1093.31,25.74,51.75,0.0,70.09,1,1,1.0,
2024-10-15T21:07:00.000+02:00,1092.38,25.73,51.73,0.0,70.09,1,1,1.0,
2024-10-15T21:08:00.000+02:00,1091.46,25.73,51.71,0.0,70.09,1,1,1.0,
2024-10-15T21:09:00.000+02:00,1090.54,25.73,51.7,0.0,70.09,1,1,1.0,
2024-10-15T21:10:00.000+02:00,1089.63,25.72,51.68,0.0,70.09,1,1,1.0,
2024-10-15T21:11:00.000+02:00,1088.71,25.72,51.66,0.0,70.09,1,1,1.0,
2024-10-15T21:12:00.000+02:00,1087.81,25.72,51.64,0.0,70.09,1,1,1.0,
2024-10-15T21:13:00.000+02:00,1086.91,25.72,51.63,0.0,70.09,1,1,1.0,
2024-10-15T21:14:00.000+02:00,1086.01,25.71,51.61,0.0,70.09,1,1,1.0,
2024-10-15T21:15:00.000+02:00,1085.12,25.71,51.59,0.0,70.09,1,1,1.0,
2024-10-15T21:16:00.000+02:00,1084.24,25.71,51.58,0.0,70.09,1,1,1.0,
2024-10-15T21:17:00.000+02:00,1083.36,25.7,51.56,0.0,70.09,1,1,1.0,
2024-10-15T21:18:00.000+02:00,1082.48,25.7,51.54,0.0,70.09,1,1,1.0,
2024-10-15T21:19:00.000+02:00,1081.61,25.7,51.53,0.0,70.09,1,1,1.0,
2024-10-15T21:20:00.000+02:00,1080.74,25.69,51.51,0.0,70.09,1,1,1.0,
2024-10-15T21:21:00.000+02:00,1079.88,25.69,51.49,0.0,70.09,1,1,1.0,
2024-10-15T21:22:00.000+02:00,1079.02,25.69,51.47,0.0,70.09,1,1,1.0,
2024-10-15T21:23:00.000+02:00,1078.17,25.68,51.46,0.0,70.09,1,1,1.0,
2024-10-15T21:24:00.000+02:00,1077.32,25.68,51.44,0.0,70.09,1,1,1.0,
2024-10-15T21:25:00.000+02:00,1076.48,25.68,51.42,0.0,70.09,1,1,1.0,
2024-10-15T21:26:00.000+02:00,1075.64,25.67,51.41,0.0,70.09,1,1,1.0,
2024-10-15T21:27:00.000+02:00,1074.8,25.67,51.39,0.0,70.09,1,1,1.0,
2024-10-15T21:28:00.000+02:00,1073.97,25.67,51.37,0.0,70.09,1,1,1.0,
2024-10-15T21:29:00.000+02:00,1073.15,25.66,51.36,0.0,70.09,1,1,1.0,
2024-10-15T21:30:00.000+02:00,1072.33,25.66,51.34,0.0,70.09,1,1,1.0,
2024-10-15T21:31:00.000+02:00,1071.51,25.66,51.32,0.0,70.09,1,1,1.0,
2024-10-15T21:32:00.000+02:00,1070.7,25.65,51.31,0.0,70.09,1,1,1.0,
2024-10-15T21:33:00.000+02:00,1069.89,25.65,51.29,0.0,70.09,1,1,1.0,
2024-10-15T21:34:00.000+02:00,1069.09,25.65,51.27,0.0,70.09,1,1,1.0,
2024-10-15T21:35:00.000+02:00,1068.29,25.64,51.25,0.0,70.09,1,1,1.0,
2024-10-15T21:36:00.000+02:00,1067.49,25.64,51.24,0.0,70.09,1,1,1.0,
2024-10-15T21:37:00.000+02:00,1066.7,25.64,51.22,0.0,70.09,1,1,1.0,
2024-10-15T21:38:00.000+02:00,1065.91,25.63,51.2,0.0,70.09,1,1,1.0,
2024-10-15T21:39:00.000+02:00,1065.13,25.63,51.19,0.0,70.09,1,1,1.0,
2024-10-15T21:40:00.000+02:00,1064.35,25.63,51.17,0.0,70.09,1,1,1.0,
2024-10-15T21:41:00.000+02:00,1063.58,25.62,51.15,0.0,70.09,1,1,1.0,
2024-10-15T21:42:00.000+02:00,1062.81,25.62,51.14,0.0,70.09,1,1,1.0,
2024-10-15T21:43:00.000+02:00,1062.04,25.62,51.12,0.0,70.09,1,1,1.0,
2024-10-15T21:44:00.000+02:00,1061.28,25.61,51.1,0.0,70.09,1,1,1.0,
2024-10-15T21:45:00.000+02:00,1060.52,25.61,51.09,0.0,70.09,1,1,1.0,
2024-10-15T21:46:00.000+02:00,1059.77,25.61,51.07,0.0,70.09,1,1,1.0,
2024-10-15T21:47:00.000+02:00,1059.02,25.6,51.05,0.0,70.09,1,1,1.0,
2024-10-15T21:48:00.000+02:00,1058.28,25.6,51.03,0.0,70.09,1,1,1.0,
2024-10-15T21:49:00.000+02:00,1057.53,25.6,51.02,0.0,70.09,1,1,1.0,
2024-10-15T21:50:00.000+02:00,1056.8,25.59,51.0,0.0,70.09,1,1,1.0,
2024-10-15T21:51:00.000+02:00,1056.06,25.59,50.98,0.0,70.09,1,1,1.0,
2024-10-15T21:52:00.000+02:00,1055.33,25.59,50.97,0.0,70.09,1,1,1.0,
2024-10-15T21:53:00.000+02:00,1054.61,25.58,50.95,0.0,70.09,1,1,1.0,
2024-10-15T21:54:00.000+02:00,1053.89,25.58,50.93,0.0,70.09,1,1,1.0,
2024-10-15T21:55:00.000+02:00,1053.17,25.58,50.92,0.0,70.09,1,1,1.0,
2024-10-15T21:56:00.000+02:00,1052.46,25.57,50.9,0.0,70.09,1,1,1.0,
2024-10-15T21:57:00.000+02:00,1051.75,25.57,50.88,0.0,70.09,1,1,1.0,
2024-10-15T21:58:00.000+02:00,1051.04,25.57,50.86,0.0,70.09,1,1,1.0,
2024-10-15T21:59:00.000+02:00,1050.34,25.56,50.85,0.0,70.09,1,1,1.0,
2024-10-15T22:00:00.000+02:00,1049.64,25.56,50.83,0.0,70.09,1,1,1.0,
2024-10-15T22:01:00.000+02:00,1048.94,25.56,50.81,0.0,70.09,1,1,1.0,
2024-10-15T22:02:00.000+02:00,1046.43,25.54,50.81,0.0,70.09,0,1,0.0,
2024-10-15T22:03:00.000+02:00,1042.77,25.51,50.82,0.0,70.09,0,1,0.0,
2024-10-15T22:04:00.000+02:00,1038.72,25.48,50.82,0.0,70.09,0,1,0.0,
2024-10-15T22:05:00.000+02:00,1034.64,25.45,50.82,0.0,70.09,0,1,0.0,
2024-10-15T22:06:00.000+02:00,1030.63,25.42,50.81,0.0,70.09,0,1,0.0,
2024-10-15T22:07:00.000+02:00,1026.69,25.4,50.8,0.0,70.09,0,1,0.0,
2024-10-15T22:08:00.000+02:00,1022.78,25.37,50.78,0.0,70.09,0,1,0.0,
2024-10-15T22:09:00.000+02:00,1018.89,25.35,50.76,0.0,70.09,0,1,0.0,
2024-10-15T22:10:00.000+02:00,1015.03,25.33,50.73,0.0,70.09,0,1,0.0,
2024-10-15T22:11:00.000+02:00,1011.18,25.31,50.7,0.0,70.09,0,1,0.0,
2024-10-15T22:12:00.000+02:00,1007.36,25.3,50.66,0.0,70.09,0,1,0.0,
2024-10-15T22:13:00.000+02:00,1003.56,25.28,50.63,0.0,70.09,0,1,0.0,
2024-10-15T22:14:00.000+02:00,999.78,25.27,50.58,0.0,70.09,0,1,0.0,
2024-10-15T22:15:00.000+02:00,996.02,25.25,50.54,0.0,70.09,0,1,0.0,
2024-10-15T22:16:00.000+02:00,992.28,25.24,50.49,0.0,70.09,0,1,0.0,
2024-10-15T22:17:00.000+02:00,988.57,25.23,50.45,0.0,70.09,0,1,0.0,
2024-10-15T22:18:00.000+02:00,984.87,25.21,50.4,0.0,70.09,0,1,0.0,
2024-10-15T22:19:00.000+02:00,981.19,25.2,50.34,0.0,70.09,0,1,0.0,
2024-10-15T22:20:00.000+02:00,977.54,25.19,50.29,0.0,70.09,0,1,0.0,
2024-10-15T22:21:00.000+02:00,973.91,25.18,50.24,0.0,70.09,0,1,0.0,
2024-10-15T22:22:00.000+02:00,970.29,25.17,50.18,0.0,70.09,0,1,0.0,
2024-10-15T22:23:00.000+02:00,966.7,25.16,50.12,0.0,70.09,0,1,0.0,
2024-10-15T22:24:00.000+02:00,963.12,25.16,50.07,0.0,70.09,0,1,0.0,
2024-10-15T22:25:00.000+02:00,959.57,25.15,50.01,0.0,70.09,0,1,0.0,
2024-10-15T22:26:00.000+02:00,956.04,25.14,49.95,0.0,70.09,0,1,0.0,
2024-10-15T22:27:00.000+02:00,952.52,25.13,49.89,0.0,70.09,0,1,0.0,
2024-10-15T22:28:00.000+02:00,949.03,25.12,49.83,0.0,70.09,0,1,0.0,
2024-10-15T22:29:00.000+02:00,945.55,25.12,49.77,0.0,70.09,0,1,0.0,
2024-10-15T22:30:00.000+02:00,942.1,25.11,49.71,0.0,70.09,0,1,0.0,
2024-10-15T22:31:00.000+02:00,938.66,25.1,49.64,0.0,70.09,0,1,0.0,
2024-10-15T22:32:00.000+02:00,935.25,25.1,49.58,0.0,70.09,0,1,0.0,
2024-10-15T22:33:00.000+02:00,931.85,25.09,49.52,0.0,70.09,0,1,0.0,
2024-10-15T22:34:00.000+02:00,928.47,25.08,49.46,0.0,70.09,0,1,0.0,
2024-10-15T22:35:00.000+02:00,925.11,25.08,49.39,0.0,70.09,0,1,0.0,
2024-10-15T22:36:00.000+02:00,921.77,25.07,49.33,0.0,70.09,0,1,0.0,
2024-10-15T22:37:00.000+02:00,918.44,25.07,49.27,0.0,70.09,0,1,0.0,
2024-10-15T22:38:00.000+02:00,915.14,25.06,49.2,0.0,70.09,0,1,0.0,
2024-10-15T22:39:00.000+02:00,911.85,25.06,49.14,0.0,70.09,0,1,0.0,
2024-10-15T22:40:00.000+02:00,908.59,25.05,49.08,0.0,70.09,0,1,0.0,
2024-10-15T22:41:00.000+02:00,905.34,25.05,49.02,0.0,70.09,0,1,0.0,
2024-10-15T22:42:00.000+02:00,902.11,25.04,48.95,0.0,70.09,0,0,0.0,0.0
2024-10-15T22:43:00.000+02:00,898.89,25.04,48.89,0.0,70.09,0,0,0.0,0.0
2024-10-15T22:44:00.000+02:00,895.7,25.03,48.83,0.0,70.09,0,0,0.0,0.0
2024-10-15T22:45:00.000+02:00,892.52,25.02,48.76,0.0,70.09,0,0,0.0,0.0
2024-10-15T22:46:00.000+02:00,889.36,25.02,48.7,0.0,70.09,0,0,0.0,0.0
2024-10-15T22:47:00.000+02:00,886.22,25.02,48.64,0.0,70.09,0,0,0.0,0.0
2024-10-15T22:48:00.000+02:00,883.09,25.01,48.57,0.0,70.09,0,0,0.0,0.0
2024-10-15T22:49:00.000+02:00,879.99,25.01,48.51,0.0,70.09,0,0,0.0,0.0
2024-10-15T22:50:00.000+02:00,876.9,25.0,48.45,0.0,70.09,0,0,0.0,0.0
2024-10-15T22:51:00.000+02:00,873.82,25.0,48.39,0.0,70.09,0,0,0.0,0.0
2024-10-15T22:52:00.000+02:00,870.77,24.99,48.33,0.0,70.09,0,0,0.0,0.0
2024-10-15T22:53:00.000+02:00,867.73,24.98,48.28,0.0,70.09,0,0,0.0,0.0
2024-10-15T22:54:00.000+02:00,864.71,24.97,48.23,0.0,70.09,0,0,0.0,0.0
2024-10-15T22:55:00.000+02:00,861.71,24.96,48.17,0.0,70.09,0,0,0.0,0.0
2024-10-15T22:56:00.000+02:00,858.72,24.96,48.12,0.0,70.09,0,0,0.0,0.0
2024-10-15T22:57:00.000+02:00,855.75,24.95,48.07,0.0,70.09,0,0,0.0,0.0
2024-10-15T22:58:00.000+02:00,852.79,24.94,48.01,0.0,70.09,0,0,0.0,0.0
2024-10-15T22:59:00.000+02:00,849.85,24.94,47.96,0.0,70.09,0,0,0.0,0.0
2024-10-15T23:00:00.000+02:00,846.93,24.93,47.9,0.0,70.09,0,0,0.0,0.0
2024-10-15T23:01:00.000+02:00,844.03,24.92,47.85,0.0,70.09,0,0,0.0,0.0
2024-10-15T23:02:00.000+02:00,841.14,24.92,47.79,0.0,70.09,0,0,0.0,0.0
2024-10-15T23:03:00.000+02:00,838.26,24.91,47.74,0.0,70.09,0,0,0.0,0.0
2024-10-15T23:04:00.000+02:00,835.41,24.9,47.68,0.0,70.09,0,0,0.0,0.0
2024-10-15T23:05:00.000+02:00,832.57,24.9,47.63,0.0,70.09,0,0,0.0,0.0
2024-10-15T23:06:00.000+02:00,829.74,24.89,47.57,0.0,70.09,0,0,0.0,0.0
2024-10-15T23:07:00.000+02:00,826.93,24.89,47.52,0.0,70.09,0,0,0.0,0.0
2024-10-15T23:08:00.000+02:00,824.14,24.88,47.46,0.0,70.09,0,0,0.0,0.0
2024-10-15T23:09:00.000+02:00,821.36,24.88,47.4,0.0,70.09,0,0,0.0,0.0
2024-10-15T23:10:00.000+02:00,818.6,24.87,47.35,0.0,70.09,0,0,0.0,0.0
2024-10-15T23:11:00.000+02:00,815.85,24.87,47.29,0.0,70.09,0,0,0.0,0.0
2024-10-15T23:12:00.000+02:00,813.12,24.86,47.24,0.0,70.09,0,0,0.0,0.0
2024-10-15T23:13:00.000+02:00,810.4,24.85,47.18,0.0,70.09,0,0,0.0,0.0
2024-10-15T23:14:00.000+02:00,807.7,24.85,47.12,0.0,70.09,0,0,0.0,0.0
2024-10-15T23:15:00.000+02:00,805.01,24.84,47.07,0.0,70.09,0,0,0.0,0.0
2024-10-15T23:16:00.000+02:00,802.34,24.84,47.01,0.0,70.09,0,0,0.0,0.0
2024-10-15T23:17:00.000+02:00,799.69,24.83,46.96,0.0,70.09,0,0,0.0,0.0
2024-10-15T23:18:00.000+02:00,797.04,24.83,46.9,0.0,70.09,0,0,0.0,0.0
2024-10-15T23:19:00.000+02:00,794.42,24.83,46.85,0.0,70.09,0,0,0.0,0.0
2024-10-15T23:20:00.000+02:00,791.8,24.82,46.79,0.0,70.09,0,0,0.0,0.0
2024-10-15T23:21:00.000+02:00,789.21,24.82,46.74,0.0,70.09,0,0,0.0,0.0
2024-10-15T23:22:00.000+02:00,786.62,24.81,46.68,0.0,70.09,0,0,0.0,0.0
2024-10-15T23:23:00.000+02:00,784.05,24.81,46.63,0.0,70.09,0,0,0.0,0.0
2024-10-15T23:24:00.000+02:00,781.5,24.8,46.57,0.0,70.09,0,0,0.0,0.0
2024-10-15T23:25:00.000+02:00,778.96,24.8,46.52,0.0,70.09,0,0,0.0,0.0
2024-10-15T23:26:00.000+02:00,776.43,24.79,46.46,0.0,70.09,0,0,0.0,0.0
2024-10-15T23:27:00.000+02:00,773.92,24.79,46.41,0.0,70.09,0,0,0.0,0.0
2024-10-15T23:28:00.000+02:00,771.42,24.78,46.36,0.0,70.09,0,0,0.0,0.0
2024-10-15T23:29:00.000+02:00,768.94,24.78,46.3,0.0,70.09,0,0,0.0,0.0
2024-10-15T23:30:00.000+02:00,766.47,24.77,46.25,0.0,70.09,0,0,0.0,0.0
2024-10-15T23:31:00.000+02:00,764.01,24.77,46.2,0.0,70.09,0,0,0.0,0.0
2024-10-15T23:32:00.000+02:00,761.57,24.76,46.14,0.0,70.09,0,0,0.0,0.0
2024-10-15T23:33:00.000+02:00,759.14,24.76,46.09,0.0,70.09,0,0,0.0,0.0
2024-10-15T23:34:00.000+02:00,756.72,24.76,46.04,0.0,70.09,0,0,0.0,0.0
2024-10-15T23:35:00.000+02:00,754.32,24.75,45.98,0.0,70.09,0,0,0.0,0.0
2024-10-15T23:36:00.000+02:00,751.93,24.75,45.93,0.0,70.09,0,0,0.0,0.0
2024-10-15T23:37:00.000+02:00,749.56,24.74,45.88,0.0,70.09,0,0,0.0,0.0
2024-10-15T23:38:00.000+02:00,747.19,24.74,45.83,0.0,70.09,0,0,0.0,0.0
2024-10-15T23:39:00.000+02:00,744.84,24.73,45.78,0.0,70.09,0,0,0.0,0.0
2024-10-15T23:40:00.000+02:00,742.51,24.73,45.72,0.0,70.09,0,0,0.0,0.0
2024-10-15T23:41:00.000+02:00,740.18,24.73,45.67,0.0,70.09,0,0,0.0,0.0
2024-10-15T23:42:00.000+02:00,737.87,24.72,45.62,0.0,70.09,0,0,0.0,0.0
2024-10-15T23:43:00.000+02:00,735.58,24.72,45.57,0.0,70.09,0,0,0.0,0.0
2024-10-15T23:44:00.000+02:00,733.29,24.71,45.52,0.0,70.09,0,0,0.0,0.0
2024-10-15T23:45:00.000+02:00,731.02,24.71,45.47,0.0,70.09,0,0,0.0,0.0
2024-10-15T23:46:00.000+02:00,728.76,24.7,45.42,0.0,70.09,0,0,0.0,0.0
2024-10-15T23:47:00.000+02:00,726.52,24.7,45.37,0.0,70.09,0,0,0.0,0.0
2024-10-15T23:48:00.000+02:00,724.28,24.7,45.32,0.0,70.09,0,0,0.0,0.0
2024-10-15T23:49:00.000+02:00,722.06,24.69,45.27,0.0,70.09,0,0,0.0,0.0
2024-10-15T23:50:00.000+02:00,719.85,24.69,45.22,0.0,70.09,0,0,0.0,0.0
2024-10-15T23:51:00.000+02:00,717.65,24.68,45.17,0.0,70.09,0,0,0.0,0.0
2024-10-15T23:52:00.000+02:00,715.47,24.68,45.12,0.0,70.09,0,0,0.0,0.0
2024-10-15T23:53:00.000+02:00,713.3,24.67,45.07,0.0,70.09,0,0,0.0,0.0
2024-10-15T23:54:00.000+02:00,711.14,24.67,45.02,0.0,70.09,0,0,0.0,0.0
2024-10-15T23:55:00.000+02:00,708.99,24.67,44.97,0.0,70.09,0,0,0.0,0.0
2024-10-15T23:56:00.000+02:00,706.85,24.66,44.92,0.0,70.09,0,0,0.0,0.0
2024-10-15T23:57:00.000+02:00,704.73,24.66,44.87,0.0,70.09,0,0,0.0,0.0
2024-10-15T23:58:00.000+02:00,702.62,24.65,44.83,0.0,70.09,0,0,0.0,0.0
2024-10-15T23:59:00.000+02:00,700.51,24.65,44.78,0.0,70.09,0,0,0.0,0.0
2024-10-16T00:00:00.000+02:00,698.43,24.64,44.73,0.0,70.09,0,0,0.0,0.0
2024-10-16T00:01:00.000+02:00,696.35,24.64,44.68,0.0,70.09,0,0,0.0,0.0
2024-10-16T00:02:00.000+02:00,694.28,24.64,44.63,0.0,70.09,0,0,0.0,0.0
2024-10-16T00:03:00.000+02:00,692.23,24.63,44.59,0.0,70.09,0,0,0.0,0.0
2024-10-16T00:04:00.000+02:00,690.18,24.63,44.54,0.0,70.09,0,0,0.0,0.0
2024-10-16T00:05:00.000+02:00,688.15,24.62,44.49,0.0,70.09,0,0,0.0,0.0
2024-10-16T00:06:00.000+02:00,686.13,24.62,44.45,0.0,70.09,0,0,0.0,0.0
2024-10-16T00:07:00.000+02:00,684.12,24.62,44.4,0.0,70.09,0,0,0.0,0.0
2024-10-16T00:08:00.000+02:00,682.13,24.61,44.35,0.0,70.09,0,0,0.0,0.0
2024-10-16T00:09:00.000+02:00,680.14,24.61,44.31,0.0,70.09,0,0,0.0,0.0
2024-10-16T00:10:00.000+02:00,678.16,24.6,44.26,0.0,70.09,0,0,0.0,0.0
2024-10-16T00:11:00.000+02:00,676.2,24.6,44.22,0.0,70.09,0,0,0.0,0.0
2024-10-16T00:12:00.000+02:00,674.25,24.59,44.17,0.0,70.09,0,0,0.0,0.0
2024-10-16T00:13:00.000+02:00,672.3,24.59,44.12,0.0,70.09,0,0,0.0,0.0
2024-10-16T00:14:00.000+02:00,670.37,24.59,44.08,0.0,70.09,0,0,0.0,0.0
2024-10-16T00:15:00.000+02:00,668.45,24.58,44.03,0.0,70.09,0,0,0.0,0.0
2024-10-16T00:16:00.000+02:00,666.54,24.58,43.99,0.0,70.09,0,0,0.0,0.0
2024-10-16T00:17:00.000+02:00,664.64,24.57,43.94,0.0,70.09,0,0,0.0,0.0
2024-10-16T00:18:00.000+02:00,662.75,24.57,43.9,0.0,70.09,0,0,0.0,0.0
2024-10-16T00:19:00.000+02:00,660.87,24.56,43.86,0.0,70.09,0,0,0.0,0.0
2024-10-16T00:20:00.000+02:00,659.0,24.56,43.81,0.0,70.09,0,0,0.0,0.0
2024-10-16T00:21:00.000+02:00,657.14,24.55,43.77,0.0,70.09,0,0,0.0,0.0
2024-10-16T00:22:00.000+02:00,655.3,24.55,43.72,0.0,70.09,0,0,0.0,0.0
2024-10-16T00:23:00.000+02:00,653.46,24.55,43.68,0.0,70.09,0,0,0.0,0.0
2024-10-16T00:24:00.000+02:00,651.63,24.54,43.64,0.0,70.09,0,0,0.0,0.0
2024-10-16T00:25:00.000+02:00,649.82,24.54,43.59,0.0,70.09,0,0,0.0,0.0
2024-10-16T00:26:00.000+02:00,648.01,24.53,43.55,0.0,70.09,0,0,0.0,0.0
2024-10-16T00:27:00.000+02:00,646.21,24.53,43.51,0.0,70.09,0,0,0.0,0.0
2024-10-16T00:28:00.000+02:00,644.42,24.52,43.46,0.0,70.09,0,0,0.0,0.0
2024-10-16T00:29:00.000+02:00,642.65,24.52,43.42,0.0,70.09,0,0,0.0,0.0
2024-10-16T00:30:00.000+02:00,640.88,24.52,43.38,0.0,70.09,0,0,0.0,0.0
2024-10-16T00:31:00.000+02:00,639.12,24.51,43.34,0.0,70.09,0,0,0.0,0.0
2024-10-16T00:32:00.000+02:00,637.38,24.51,43.29,0.0,70.09,0,0,0.0,0.0
2024-10-16T00:33:00.000+02:00,635.64,24.5,43.25,0.0,70.09,0,0,0.0,0.0
2024-10-16T00:34:00.000+02:00,633.91,24.5,43.21,0.0,70.09,0,0,0.0,0.0
2024-10-16T00:35:00.000+02:00,632.19,24.49,43.17,0.0,70.09,0,0,0.0,0.0
2024-10-16T00:36:00.000+02:00,630.48,24.49,43.12,0.0,70.09,0,0,0.0,0.0
2024-10-16T00:37:00.000+02:00,628.79,24.49,43.08,0.0,70.09,0,0,0.0,0.0
2024-10-16T00:38:00.000+02:00,627.1,24.48,43.04,0.0,70.09,0,0,0.0,0.0
2024-10-16T00:39:00.000+02:00,625.42,24.48,43.0,0.0,70.09,0,0,0.0,0.0
2024-10-16T00:40:00.000+02:00,623.74,24.47,42.96,0.0,70.09,0,0,0.0,0.0
2024-10-16T00:41:00.000+02:00,622.08,24.47,42.92,0.0,70.09,0,0,0.0,0.0
2024-10-16T00:42:00.000+02:00,620.43,24.46,42.88,0.0,70.09,0,0,0.0,0.0
2024-10-16T00:43:00.000+02:00,618.79,24.46,42.84,0.0,70.09,0,0,0.0,0.0
2024-10-16T00:44:00.000+02:00,617.15,24.46,42.79,0.0,70.09,0,0,0.0,0.0
2024-10-16T00:45:00.000+02:00,615.53,24.45,42.75,0.0,70.09,0,0,0.0,0.0
2024-10-16T00:46:00.000+02:00,613.91,24.45,42.71,0.0,70.09,0,0,0.0,0.0
2024-10-16T00:47:00.000+02:00,612.31,24.44,42.67,0.0,70.09,0,0,0.0,0.0
2024-10-16T00:48:00.000+02:00,610.71,24.44,42.63,0.0,70.09,0,0,0.0,0.0
2024-10-16T00:49:00.000+02:00,609.12,24.43,42.59,0.0,70.09,0,0,0.0,0.0
2024-10-16T00:50:00.000+02:00,607.54,24.43,42.55,0.0,70.09,0,0,0.0,0.0
2024-10-16T00:51:00.000+02:00,605.97,24.43,42.51,0.0,70.09,0,0,0.0,0.0
2024-10-16T00:52:00.000+02:00,604.41,24.42,42.47,0.0,70.09,0,0,0.0,0.0
2024-10-16T00:53:00.000+02:00,602.85,24.42,42.43,0.0,70.09,0,0,0.0,0.0
2024-10-16T00:54:00.000+02:00,601.31,24.41,42.4,0.0,70.09,0,0,0.0,0.0
2024-10-16T00:55:00.000+02:00,599.77,24.41,42.36,0.0,70.09,0,0,0.0,0.0
2024-10-16T00:56:00.000+02:00,598.24,24.4,42.32,0.0,70.09,0,0,0.0,0.0
2024-10-16T00:57:00.000+02:00,596.72,24.4,42.28,0.0,70.09,0,0,0.0,0.0
2024-10-16T00:58:00.000+02:00,595.21,24.4,42.24,0.0,70.09,0,0,0.0,0.0
2024-10-16T00:59:00.000+02:00,593.71,24.39,42.2,0.0,70.09,0,0,0.0,0.0
2024-10-16T01:00:00.000+02:00,592.21,24.39,42.16,0.0,70.09,0,0,0.0,0.0
2024-10-16T01:01:00.000+02:00,590.73,24.38,42.12,0.0,70.09,0,0,0.0,0.0
2024-10-16T01:02:00.000+02:00,589.25,24.38,42.08,0.0,70.09,0,0,0.0,0.0
2024-10-16T01:03:00.000+02:00,587.78,24.37,42.05,0.0,70.09,0,0,0.0,0.0
2024-10-16T01:04:00.000+02:00,586.32,24.37,42.01,0.0,70.09,0,0,0.0,0.0
2024-10-16T01:05:00.000+02:00,584.87,24.37,41.97,0.0,70.09,0,0,0.0,0.0
2024-10-16T01:06:00.000+02:00,583.42,24.36,41.93,0.0,70.09,0,0,0.0,0.0
2024-10-16T01:07:00.000+02:00,581.99,24.36,41.89,0.0,70.09,0,0,0.0,0.0
2024-10-16T01:08:00.000+02:00,580.56,24.35,41.86,0.0,70.09,0,0,0.0,0.0
2024-10-16T01:09:00.000+02:00,579.14,24.35,41.82,0.0,70.09,0,0,0.0,0.0
2024-10-16T01:10:00.000+02:00,577.72,24.34,41.78,0.0,70.09,0,0,0.0,0.0
2024-10-16T01:11:00.000+02:00,576.32,24.34,41.74,0.0,70.09,0,0,0.0,0.0
2024-10-16T01:12:00.000+02:00,574.92,24.34,41.71,0.0,70.09,0,0,0.0,0.0
2024-10-16T01:13:00.000+02:00,573.53,24.33,41.67,0.0,70.09,0,0,0.0,0.0
2024-10-16T01:14:00.000+02:00,572.15,24.33,41.63,0.0,70.09,0,0,0.0,0.0
2024-10-16T01:15:00.000+02:00,570.78,24.32,41.6,0.0,70.09,0,0,0.0,0.0
2024-10-16T01:16:00.000+02:00,569.41,24.32,41.56,0.0,70.09,0,0,0.0,0.0
2024-10-16T01:17:00.000+02:00,568.05,24.32,41.52,0.0,70.09,0,0,0.0,0.0
2024-10-16T01:18:00.000+02:00,566.7,24.31,41.49,0.0,70.09,0,0,0.0,0.0
2024-10-16T01:19:00.000+02:00,565.36,24.31,41.45,0.0,70.09,0,0,0.0,0.0
2024-10-16T01:20:00.000+02:00,564.02,24.3,41.42,0.0,70.09,0,0,0.0,0.0
2024-10-16T01:21:00.000+02:00,562.69,24.3,41.38,0.0,70.09,0,0,0.0,0.0
2024-10-16T01:22:00.000+02:00,561.37,24.29,41.34,0.0,70.09,0,0,0.0,0.0
2024-10-16T01:23:00.000+02:00,560.06,24.29,41.31,0.0,70.09,0,0,0.0,0.0
2024-10-16T01:24:00.000+02:00,558.75,24.29,41.27,0.0,70.09,0,0,0.0,0.0
2024-10-16T01:25:00.000+02:00,557.45,24.28,41.24,0.0,70.09,0,0,0.0,0.0
2024-10-16T01:26:00.000+02:00,556.16,24.28,41.2,0.0,70.09,0,0,0.0,0.0
2024-10-16T01:27:00.000+02:00,554.87,24.27,41.17,0.0,70.09,0,0,0.0,0.0
2024-10-16T01:28:00.000+02:00,553.6,24.27,41.13,0.0,70.09,0,0,0.0,0.0
2024-10-16T01:29:00.000+02:00,552.33,24.27,41.1,0.0,70.09,0,0,0.0,0.0
2024-10-16T01:30:00.000+02:00,551.06,24.26,41.06,0.0,70.09,0,0,0.0,0.0
2024-10-16T01:31:00.000+02:00,549.81,24.26,41.03,0.0,70.09,0,0,0.0,0.0
2024-10-16T01:32:00.000+02:00,548.56,24.25,40.99,0.0,70.09,0,0,0.0,0.0
2024-10-16T01:33:00.000+02:00,547.31,24.25,40.96,0.0,70.09,0,0,0.0,0.0
2024-10-16T01:34:00.000+02:00,546.08,24.24,40.92,0.0,70.09,0,0,0.0,0.0
2024-10-16T01:35:00.000+02:00,544.85,24.24,40.89,0.0,70.09,0,0,0.0,0.0
2024-10-16T01:36:00.000+02:00,543.63,24.24,40.85,0.0,70.09,0,0,0.0,0.0
2024-10-16T01:37:00.000+02:00,542.41,24.23,40.82,0.0,70.09,0,0,0.0,0.0
2024-10-16T01:38:00.000+02:00,541.21,24.23,40.79,0.0,70.09,0,0,0.0,0.0
2024-10-16T01:39:00.000+02:00,540.01,24.22,40.75,0.0,70.09,0,0,0.0,0.0
2024-10-16T01:40:00.000+02:00,538.81,24.22,40.72,0.0,70.09,0,0,0.0,0.0
2024-10-16T01:41:00.000+02:00,537.62,24.22,40.69,0.0,70.09,0,0,0.0,0.0
2024-10-16T01:42:00.000+02:00,536.44,24.21,40.65,0.0,70.09,0,0,0.0,0.0
2024-10-16T01:43:00.000+02:00,535.27,24.21,40.62,0.0,70.09,0,0,0.0,0.0
2024-10-16T01:44:00.000+02:00,534.1,24.2,40.59,0.0,70.09,0,0,0.0,0.0
2024-10-16T01:45:00.000+02:00,532.94,24.2,40.55,0.0,70.09,0,0,0.0,0.0
2024-10-16T01:46:00.000+02:00,531.78,24.19,40.52,0.0,70.09,0,0,0.0,0.0
2024-10-16T01:47:00.000+02:00,530.63,24.19,40.49,0.0,70.09,0,0,0.0,0.0
2024-10-16T01:48:00.000+02:00,529.49,24.19,40.45,0.0,70.09,0,0,0.0,0.0
2024-10-16T01:49:00.000+02:00,528.36,24.18,40.42,0.0,70.09,0,0,0.0,0.0
2024-10-16T01:50:00.000+02:00,527.23,24.18,40.39,0.0,70.09,0,0,0.0,0.0
2024-10-16T01:51:00.000+02:00,526.1,24.17,40.36,0.0,70.09,0,0,0.0,0.0
2024-10-16T01:52:00.000+02:00,524.99,24.17,40.33,0.0,70.09,0,0,0.0,0.0
2024-10-16T01:53:00.000+02:00,523.88,24.17,40.29,0.0,70.09,0,0,0.0,0.0
2024-10-16T01:54:00.000+02:00,522.77,24.16,40.26,0.0,70.09,0,0,0.0,0.0
2024-10-16T01:55:00.000+02:00,521.67,24.16,40.23,0.0,70.09,0,0,0.0,0.0
2024-10-16T01:56:00.000+02:00,520.58,24.15,40.2,0.0,70.09,0,0,0.0,0.0
2024-10-16T01:57:00.000+02:00,519.49,24.15,40.17,0.0,70.09,0,0,0.0,0.0
2024-10-16T01:58:00.000+02:00,518.41,24.14,40.13,0.0,70.09,0,0,0.0,0.0
2024-10-16T01:59:00.000+02:00,517.34,24.14,40.1,0.0,70.09,0,0,0.0,0.0
2024-10-16T02:00:00.000+02:00,516.27,24.14,40.07,0.0,70.09,0,0,0.0,0.0
2024-10-16T02:01:00.000+02:00,515.21,24.13,40.04,0.0,70.09,0,0,0.0,0.0
2024-10-16T02:02:00.000+02:00,514.15,24.13,40.01,0.0,70.09,0,0,0.0,0.0
2024-10-16T02:03:00.000+02:00,513.1,24.12,39.98,0.0,70.09,0,0,0.0,0.0
2024-10-16T02:04:00.000+02:00,512.06,24.12,39.95,0.0,70.09,0,0,0.0,0.0
2024-10-16T02:05:00.000+02:00,511.02,24.12,39.91,0.0,70.09,0,0,0.0,0.0
2024-10-16T02:06:00.000+02:00,509.99,24.11,39.88,0.0,70.09,0,0,0.0,0.0
2024-10-16T02:07:00.000+02:00,508.96,24.11,39.85,0.0,70.09,0,0,0.0,0.0
2024-10-16T02:08:00.000+02:00,507.94,24.1,39.82,0.0,70.09,0,0,0.0,0.0
2024-10-16T02:09:00.000+02:00,506.93,24.1,39.79,0.0,70.09,0,0,0.0,0.0
2024-10-16T02:10:00.000+02:00,505.92,24.1,39.76,0.0,70.09,0,0,0.0,0.0
2024-10-16T02:11:00.000+02:00,504.91,24.09,39.73,0.0,70.09,0,0,0.0,0.0
2024-10-16T02:12:00.000+02:00,503.91,24.09,39.69,0.0,70.09,0,0,0.0,0.0
2024-10-16T02:13:00.000+02:00,502.92,24.08,39.66,0.0,70.09,0,0,0.0,0.0
2024-10-16T02:14:00.000+02:00,501.93,24.08,39.63,0.0,70.09,0,0,0.0,0.0
2024-10-16T02:15:00.000+02:00,500.95,24.08,39.6,0.0,70.09,0,0,0.0,0.0
2024-10-16T02:16:00.000+02:00,499.97,24.07,39.57,0.0,70.09,0,0,0.0,0.0
2024-10-16T02:17:00.000+02:00,499.0,24.07,39.54,0.0,70.09,0,0,0.0,0.0
2024-10-16T02:18:00.000+02:00,498.04,24.06,39.51,0.0,70.09,0,0,0.0,0.0
2024-10-16T02:19:00.000+02:00,497.08,24.06,39.48,0.0,70.09,0,0,0.0,0.0
2024-10-16T02:20:00.000+02:00,496.12,24.05,39.45,0.0,70.09,0,0,0.0,0.0
2024-10-16T02:21:00.000+02:00,495.17,24.05,39.41,0.0,70.09,0,0,0.0,0.0
2024-10-16T02:22:00.000+02:00,494.23,24.05,39.38,0.0,70.09,0,0,0.0,0.0
2024-10-16T02:23:00.000+02:00,493.29,24.04,39.35,0.0,70.09,0,0,0.0,0.0
2024-10-16T02:24:00.000+02:00,492.36,24.04,39.32,0.0,70.09,0,0,0.0,0.0
2024-10-16T02:25:00.000+02:00,491.43,24.03,39.29,0.0,70.09,0,0,0.0,0.0
2024-10-16T02:26:00.000+02:00,490.5,24.03,39.26,0.0,70.09,0,0,0.0,0.0
2024-10-16T02:27:00.000+02:00,489.59,24.03,39.23,0.0,70.09,0,0,0.0,0.0
2024-10-16T02:28:00.000+02:00,488.67,24.02,39.2,0.0,70.09,0,0,0.0,0.0
2024-10-16T02:29:00.000+02:00,487.77,24.02,39.17,0.0,70.09,0,0,0.0,0.0
2024-10-16T02:30:00.000+02:00,486.86,24.01,39.14,0.0,70.09,0,0,0.0,0.0
2024-10-16T02:31:00.000+02:00,485.97,24.01,39.11,0.0,70.09,0,0,0.0,0.0
2024-10-16T02:32:00.000+02:00,485.07,24.01,39.08,0.0,70.09,0,0,0.0,0.0
2024-10-16T02:33:00.000+02:00,484.19,24.0,39.04,0.0,70.09,0,0,0.0,0.0
2024-10-16T02:34:00.000+02:00,483.3,24.0,39.01,0.0,70.09,0,0,0.0,0.0
2024-10-16T02:35:00.000+02:00,482.42,23.99,38.98,0.0,70.09,0,0,0.0,0.0
2024-10-16T02:36:00.000+02:00,481.55,23.99,38.95,0.0,70.09,0,0,0.0,0.0
2024-10-16T02:37:00.000+02:00,480.68,23.99,38.92,0.0,70.09,0,0,0.0,0.0
2024-10-16T02:38:00.000+02:00,479.82,23.98,38.89,0.0,70.09,0,0,0.0,0.0
2024-10-16T02:39:00.000+02:00,478.96,23.98,38.86,0.0,70.09,0,0,0.0,0.0
2024-10-16T02:40:00.000+02:00,478.11,23.97,38.83,0.0,70.09,0,0,0.0,0.0
2024-10-16T02:41:00.000+02:00,477.26,23.97,38.8,0.0,70.09,0,0,0.0,0.0
2024-10-16T02:42:00.000+02:00,476.42,23.97,38.77,0.0,70.09,0,0,0.0,0.0
2024-10-16T02:43:00.000+02:00,475.58,23.96,38.74,0.0,70.09,0,0,0.0,0.0
2024-10-16T02:44:00.000+02:00,474.74,23.96,38.71,0.0,70.09,0,0,0.0,0.0
2024-10-16T02:45:00.000+02:00,473.91,23.95,38.68,0.0,70.09,0,0,0.0,0.0
2024-10-16T02:46:00.000+02:00,473.09,23.95,38.65,0.0,70.09,0,0,0.0,0.0
2024-10-16T02:47:00.000+02:00,472.27,23.95,38.62,0.0,70.09,0,0,0.0,0.0
2024-10-16T02:48:00.000+02:00,471.45,23.94,38.59,0.0,70.09,0,0,0.0,0.0
2024-10-16T02:49:00.000+02:00,470.64,23.94,38.56,0.0,70.09,0,0,0.0,0.0
2024-10-16T02:50:00.000+02:00,469.83,23.93,38.53,0.0,70.09,0,0,0.0,0.0
2024-10-16T02:51:00.000+02:00,469.03,23.93,38.5,0.0,70.09,0,0,0.0,0.0
2024-10-16T02:52:00.000+02:00,468.23,23.93,38.47,0.0,70.09,0,0,0.0,0.0
2024-10-16T02:53:00.000+02:00,467.44,23.92,38.44,0.0,70.09,0,0,0.0,0.0
2024-10-16T02:54:00.000+02:00,466.65,23.92,38.41,0.0,70.09,0,0,0.0,0.0
2024-10-16T02:55:00.000+02:00,465.86,23.91,38.38,0.0,70.09,0,0,0.0,0.0
2024-10-16T02:56:00.000+02:00,465.08,23.91,38.35,0.0,70.09,0,0,0.0,0.0
2024-10-16T02:57:00.000+02:00,464.31,23.91,38.32,0.0,70.09,0,0,0.0,0.0
2024-10-16T02:58:00.000+02:00,463.54,23.9,38.29,0.0,70.09,0,0,0.0,0.0
2024-10-16T02:59:00.000+02:00,462.77,23.9,38.26,0.0,70.09,0,0,0.0,0.0
2024-10-16T03:00:00.000+02:00,462.01,23.89,38.23,0.0,70.09,0,0,0.0,0.0
2024-10-16T03:01:00.000+02:00,461.25,23.89,38.2,0.0,70.09,0,0,0.0,0.0
2024-10-16T03:02:00.000+02:00,460.49,23.88,38.17,0.0,70.09,0,0,0.0,0.0
2024-10-16T03:03:00.000+02:00,459.74,23.88,38.14,0.0,70.09,0,0,0.0,0.0
2024-10-16T03:04:00.000+02:00,459.0,23.88,38.11,0.0,70.09,0,0,0.0,0.0
2024-10-16T03:05:00.000+02:00,458.26,23.87,38.08,0.0,70.09,0,0,0.0,0.0
2024-10-16T03:06:00.000+02:00,457.52,23.87,38.05,0.0,70.09,0,0,0.0,0.0
2024-10-16T03:07:00.000+02:00,456.78,23.86,38.02,0.0,70.09,0,0,0.0,0.0
2024-10-16T03:08:00.000+02:00,456.05,23.86,37.99,0.0,70.09,0,0,0.0,0.0
2024-10-16T03:09:00.000+02:00,455.33,23.86,37.96,0.0,70.09,0,0,0.0,0.0
2024-10-16T03:10:00.000+02:00,454.61,23.85,37.93,0.0,70.09,0,0,0.0,0.0
2024-10-16T03:11:00.000+02:00,453.89,23.85,37.91,0.0,70.09,0,0,0.0,0.0
2024-10-16T03:12:00.000+02:00,453.18,23.84,37.88,0.0,70.09,0,0,0.0,0.0
2024-10-16T03:13:00.000+02:00,452.47,23.84,37.85,0.0,70.09,0,0,0.0,0.0
2024-10-16T03:14:00.000+02:00,451.76,23.84,37.82,0.0,70.09,0,0,0.0,0.0
2024-10-16T03:15:00.000+02:00,451.06,23.83,37.79,0.0,70.09,0,0,0.0,0.0
2024-10-16T03:16:00.000+02:00,450.36,23.83,37.76,0.0,70.09,0,0,0.0,0.0
2024-10-16T03:17:00.000+02:00,449.67,23.82,37.73,0.0,70.09,0,0,0.0,0.0
2024-10-16T03:18:00.000+02:00,448.98,23.82,37.7,0.0,70.09,0,0,0.0,0.0
2024-10-16T03:19:00.000+02:00,448.29,23.81,37.67,0.0,70.09,0,0,0.0,0.0
2024-10-16T03:20:00.000+02:00,447.61,23.81,37.65,0.0,70.09,0,0,0.0,0.0
2024-10-16T03:21:00.000+02:00,446.93,23.81,37.62,0.0,70.09,0,0,0.0,0.0
2024-10-16T03:22:00.000+02:00,446.26,23.8,37.59,0.0,70.09,0,0,0.0,0.0
2024-10-16T03:23:00.000+02:00,445.59,23.8,37.56,0.0,70.09,0,0,0.0,0.0
2024-10-16T03:24:00.000+02:00,444.92,23.79,37.53,0.0,70.09,0,0,0.0,0.0
2024-10-16T03:25:00.000+02:00,444.26,23.79,37.5,0.0,70.09,0,0,0.0,0.0
2024-10-16T03:26:00.000+02:00,443.6,23.78,37.48,0.0,70.09,0,0,0.0,0.0
2024-10-16T03:27:00.000+02:00,442.94,23.78,37.45,0.0,70.09,0,0,0.0,0.0
2024-10-16T03:28:00.000+02:00,442.29,23.78,37.42,0.0,70.09,0,0,0.0,0.0
2024-10-16T03:29:00.000+02:00,441.64,23.77,37.39,0.0,70.09,0,0,0.0,0.0
2024-10-16T03:30:00.000+02:00,441.0,23.77,37.36,0.0,70.09,0,0,0.0,0.0
2024-10-16T03:31:00.000+02:00,440.36,23.76,37.34,0.0,70.09,0,0,0.0,0.0
2024-10-16T03:32:00.000+02:00,439.72,23.76,37.31,0.0,70.09,0,0,0.0,0.0
2024-10-16T03:33:00.000+02:00,439.09,23.75,37.28,0.0,70.09,0,0,0.0,0.0
2024-10-16T03:34:00.000+02:00,438.46,23.75,37.25,0.0,70.09,0,0,0.0,0.0
2024-10-16T03:35:00.000+02:00,437.83,23.75,37.22,0.0,70.09,0,0,0.0,0.0
2024-10-16T03:36:00.000+02:00,437.2,23.74,37.2,0.0,70.09,0,0,0.0,0.0
2024-10-16T03:37:00.000+02:00,436.58,23.74,37.17,0.0,70.09,0,0,0.0,0.0
2024-10-16T03:38:00.000+02:00,435.97,23.73,37.14,0.0,70.09,0,0,0.0,0.0
2024-10-16T03:39:00.000+02:00,435.36,23.73,37.11,0.0,70.09,0,0,0.0,0.0
2024-10-16T03:40:00.000+02:00,434.75,23.72,37.08,0.0,70.09,0,0,0.0,0.0
2024-10-16T03:41:00.000+02:00,434.14,23.72,37.06,0.0,70.09,0,0,0.0,0.0
2024-10-16T03:42:00.000+02:00,433.54,23.72,37.03,0.0,70.09,0,0,0.0,0.0
2024-10-16T03:43:00.000+02:00,432.94,23.71,37.0,0.0,70.09,0,0,0.0,0.0
2024-10-16T03:44:00.000+02:00,432.34,23.71,36.97,0.0,70.09,0,0,0.0,0.0
2024-10-16T03:45:00.000+02:00,431.75,23.7,36.95,0.0,70.09,0,0,0.0,0.0
2024-10-16T03:46:00.000+02:00,431.16,23.7,36.92,0.0,70.09,0,0,0.0,0.0
2024-10-16T03:47:00.000+02:00,430.57,23.7,36.89,0.0,70.09,0,0,0.0,0.0
2024-10-16T03:48:00.000+02:00,429.99,23.69,36.86,0.0,70.09,0,0,0.0,0.0
2024-10-16T03:49:00.000+02:00,429.41,23.69,36.83,0.0,70.09,0,0,0.0,0.0
2024-10-16T03:50:00.000+02:00,428.83,23.68,36.81,0.0,70.09,0,0,0.0,0.0
2024-10-16T03:51:00.000+02:00,428.26,23.68,36.78,0.0,70.09,0,0,0.0,0.0
2024-10-16T03:52:00.000+02:00,427.69,23.67,36.75,0.0,70.09,0,0,0.0,0.0
2024-10-16T03:53:00.000+02:00,427.12,23.67,36.72,0.0,70.09,0,0,0.0,0.0
2024-10-16T03:54:00.000+02:00,426.56,23.67,36.7,0.0,70.09,0,0,0.0,0.0
2024-10-16T03:55:00.000+02:00,426.0,23.66,36.67,0.0,70.09,0,0,0.0,0.0
2024-10-16T03:56:00.000+02:00,425.44,23.66,36.64,0.0,70.09,0,0,0.0,0.0
2024-10-16T03:57:00.000+02:00,424.89,23.65,36.62,0.0,70.09,0,0,0.0,0.0
2024-10-16T03:58:00.000+02:00,424.34,23.65,36.59,0.0,70.09,0,0,0.0,0.0
2024-10-16T03:59:00.000+02:00,423.79,23.64,36.56,0.0,70.09,0,0,0.0,0.0
2024-10-16T04:00:00.000+02:00,423.24,23.64,36.53,0.0,70.09,0,0,0.0,0.0
2024-10-16T04:01:00.000+02:00,422.7,23.64,36.51,0.0,70.09,0,0,0.0,0.0
2024-10-16T04:02:00.000+02:00,422.16,23.63,36.48,0.0,70.09,0,0,0.0,0.0
2024-10-16T04:03:00.000+02:00,421.63,23.63,36.45,0.0,70.09,0,0,0.0,0.0
2024-10-16T04:04:00.000+02:00,421.1,23.62,36.42,0.0,70.09,0,0,0.0,0.0
2024-10-16T04:05:00.000+02:00,420.57,23.62,36.4,0.0,70.09,0,0,0.0,0.0
2024-10-16T04:06:00.000+02:00,420.04,23.61,36.37,0.0,70.09,0,0,0.0,0.0
2024-10-16T04:07:00.000+02:00,419.52,23.61,36.34,0.0,70.09,0,0,0.0,0.0
2024-10-16T04:08:00.000+02:00,418.99,23.61,36.32,0.0,70.09,0,0,0.0,0.0
2024-10-16T04:09:00.000+02:00,418.48,23.6,36.29,0.0,70.09,0,0,0.0,0.0
2024-10-16T04:10:00.000+02:00,417.96,23.6,36.26,0.0,70.09,0,0,0.0,0.0
2024-10-16T04:11:00.000+02:00,417.45,23.59,36.24,0.0,70.09,0,0,0.0,0.0
2024-10-16T04:12:00.000+02:00,416.94,23.59,36.21,0.0,70.09,0,0,0.0,0.0
2024-10-16T04:13:00.000+02:00,416.43,23.59,36.18,0.0,70.09,0,0,0.0,0.0
2024-10-16T04:14:00.000+02:00,415.93,23.58,36.15,0.0,70.09,0,0,0.0,0.0
2024-10-16T04:15:00.000+02:00,415.43,23.58,36.13,0.0,70.09,0,0,0.0,0.0
2024-10-16T04:16:00.000+02:00,414.93,23.57,36.1,0.0,70.09,0,0,0.0,0.0
2024-10-16T04:17:00.000+02:00,414.44,23.57,36.07,0.0,70.09,0,0,0.0,0.0
2024-10-16T04:18:00.000+02:00,413.94,23.57,36.05,0.0,70.09,0,0,0.0,0.0
2024-10-16T04:19:00.000+02:00,413.45,23.56,36.02,0.0,70.09,0,0,0.0,0.0
2024-10-16T04:20:00.000+02:00,412.97,23.56,35.99,0.0,70.09,0,0,0.0,0.0
2024-10-16T04:21:00.000+02:00,412.48,23.55,35.97,0.0,70.09,0,0,0.0,0.0
2024-10-16T04:22:00.000+02:00,412.0,23.55,35.94,0.0,70.09,0,0,0.0,0.0
2024-10-16T04:23:00.000+02:00,411.52,23.55,35.91,0.0,70.09,0,0,0.0,0.0
2024-10-16T04:24:00.000+02:00,411.05,23.54,35.89,0.0,70.09,0,0,0.0,0.0
2024-10-16T04:25:00.000+02:00,410.57,23.54,35.86,0.0,70.09,0,0,0.0,0.0
2024-10-16T04:26:00.000+02:00,410.1,23.53,35.83,0.0,70.09,0,0,0.0,0.0
2024-10-16T04:27:00.000+02:00,409.63,23.53,35.81,0.0,70.09,0,0,0.0,0.0
2024-10-16T04:28:00.000+02:00,409.17,23.53,35.78,0.0,70.09,0,0,0.0,0.0
2024-10-16T04:29:00.000+02:00,408.7,23.52,35.76,0.0,70.09,0,0,0.0,0.0
2024-10-16T04:30:00.000+02:00,408.24,23.52,35.73,0.0,70.09,0,0,0.0,0.0
2024-10-16T04:31:00.000+02:00,407.79,23.51,35.7,0.0,70.09,0,0,0.0,0.0
2024-10-16T04:32:00.000+02:00,407.33,23.51,35.68,0.0,70.09,0,0,0.0,0.0
2024-10-16T04:33:00.000+02:00,406.88,23.51,35.65,0.0,70.09,0,0,0.0,0.0
2024-10-16T04:34:00.000+02:00,406.43,23.5,35.63,0.0,70.09,0,0,0.0,0.0
2024-10-16T04:35:00.000+02:00,405.98,23.5,35.6,0.0,70.09,0,0,0.0,0.0
2024-10-16T04:36:00.000+02:00,405.54,23.49,35.57,0.0,70.09,0,0,0.0,0.0
2024-10-16T04:37:00.000+02:00,405.09,23.49,35.55,0.0,70.09,0,0,0.0,0.0
2024-10-16T04:38:00.000+02:00,404.65,23.49,35.52,0.0,70.09,0,0,0.0,0.0
2024-10-16T04:39:00.000+02:00,404.22,23.48,35.5,0.0,70.09,0,0,0.0,0.0
2024-10-16T04:40:00.000+02:00,403.78,23.48,35.47,0.0,70.09,0,0,0.0,0.0
2024-10-16T04:41:00.000+02:00,403.35,23.47,35.45,0.0,70.09,0,0,0.0,0.0
2024-10-16T04:42:00.000+02:00,402.92,23.47,35.42,0.0,70.09,0,0,0.0,0.0
2024-10-16T04:43:00.000+02:00,402.49,23.46,35.4,0.0,70.09,0,0,0.0,0.0
2024-10-16T04:44:00.000+02:00,402.06,23.46,35.37,0.0,70.09,0,0,0.0,0.0
2024-10-16T04:45:00.000+02:00,401.64,23.46,35.34,0.0,70.09,0,0,0.0,0.0
2024-10-16T04:46:00.000+02:00,401.22,23.45,35.32,0.0,70.09,0,0,0.0,0.0
2024-10-16T04:47:00.000+02:00,400.8,23.45,35.29,0.0,70.09,0,0,0.0,0.0
2024-10-16T04:48:00.000+02:00,400.39,23.44,35.27,0.0,70.09,0,0,0.0,0.0
2024-10-16T04:49:00.000+02:00,399.97,23.44,35.24,0.0,70.09,0,0,0.0,0.0
2024-10-16T04:50:00.000+02:00,399.56,23.44,35.22,0.0,70.09,0,0,0.0,0.0
2024-10-16T04:51:00.000+02:00,399.15,23.43,35.19,0.0,70.09,0,0,0.0,0.0
2024-10-16T04:52:00.000+02:00,398.75,23.43,35.17,0.0,70.09,0,0,0.0,0.0
2024-10-16T04:53:00.000+02:00,398.34,23.42,35.14,0.0,70.09,0,0,0.0,0.0
2024-10-16T04:54:00.000+02:00,397.94,23.42,35.12,0.0,70.09,0,0,0.0,0.0
2024-10-16T04:55:00.000+02:00,397.54,23.42,35.09,0.0,70.09,0,0,0.0,0.0
2024-10-16T04:56:00.000+02:00,397.14,23.41,35.07,0.0,70.09,0,0,0.0,0.0
2024-10-16T04:57:00.000+02:00,396.75,23.41,35.04,0.0,70.09,0,0,0.0,0.0
2024-10-16T04:58:00.000+02:00,396.35,23.4,35.02,0.0,70.09,0,0,0.0,0.0
2024-10-16T04:59:00.000+02:00,395.96,23.4,34.99,0.0,70.09,0,0,0.0,0.0
2024-10-16T05:00:00.000+02:00,395.57,23.39,34.97,0.0,70.09,0,0,0.0,0.0
2024-10-16T05:01:00.000+02:00,395.19,23.39,34.94,0.0,70.09,0,0,0.0,0.0
2024-10-16T05:02:00.000+02:00,394.8,23.39,34.92,0.0,70.09,0,0,0.0,0.0
2024-10-16T05:03:00.000+02:00,394.42,23.38,34.9,0.0,70.09,0,0,0.0,0.0
2024-10-16T05:04:00.000+02:00,394.04,23.38,34.87,0.0,70.09,0,0,0.0,0.0
2024-10-16T05:05:00.000+02:00,393.66,23.38,34.85,0.0,70.09,0,0,0.0,0.0
2024-10-16T05:06:00.000+02:00,393.29,23.37,34.82,0.0,70.09,0,0,0.0,0.0
2024-10-16T05:07:00.000+02:00,392.91,23.37,34.8,0.0,70.09,0,0,0.0,0.0
2024-10-16T05:08:00.000+02:00,392.54,23.37,34.77,0.0,70.09,0,0,0.0,0.0
2024-10-16T05:09:00.000+02:00,392.17,23.36,34.75,0.0,70.09,0,0,0.0,0.0
2024-10-16T05:10:00.000+02:00,391.8,23.36,34.72,0.0,70.09,0,0,0.0,0.0
2024-10-16T05:11:00.000+02:00,391.44,23.36,34.7,0.0,70.09,0,0,0.0,0.0
2024-10-16T05:12:00.000+02:00,391.08,23.35,34.68,0.0,70.09,0,0,0.0,0.0
2024-10-16T05:13:00.000+02:00,390.72,23.35,34.65,0.0,70.09,0,0,0.0,0.0
2024-10-16T05:14:00.000+02:00,390.36,23.35,34.63,0.0,70.09,0,0,0.0,0.0
2024-10-16T05:15:00.000+02:00,390.0,23.34,34.61,0.0,70.09,0,0,0.0,0.0
2024-10-16T05:16:00.000+02:00,389.64,23.34,34.58,0.0,70.09,0,0,0.0,0.0
2024-10-16T05:17:00.000+02:00,389.29,23.34,34.56,0.0,70.09,0,0,0.0,0.0
2024-10-16T05:18:00.000+02:00,388.94,23.33,34.54,0.0,70.09,0,0,0.0,0.0
2024-10-16T05:19:00.000+02:00,388.59,23.33,34.51,0.0,70.09,0,0,0.0,0.0
2024-10-16T05:20:00.000+02:00,388.24,23.33,34.49,0.0,70.09,0,0,0.0,0.0
2024-10-16T05:21:00.000+02:00,387.9,23.33,34.47,0.0,70.09,0,0,0.0,0.0
2024-10-16T05:22:00.000+02:00,387.56,23.32,34.45,0.0,70.09,0,0,0.0,0.0
2024-10-16T05:23:00.000+02:00,387.22,23.32,34.43,0.0,70.09,0,0,0.0,0.0
2024-10-16T05:24:00.000+02:00,386.88,23.32,34.4,0.0,70.09,0,0,0.0,0.0
2024-10-16T05:25:00.000+02:00,386.54,23.32,34.38,0.0,70.09,0,0,0.0,0.0
2024-10-16T05:26:00.000+02:00,386.2,23.31,34.36,0.0,70.09,0,0,0.0,0.0
2024-10-16T05:27:00.000+02:00,385.87,23.31,34.34,0.0,70.09,0,0,0.0,0.0
2024-10-16T05:28:00.000+02:00,385.54,23.31,34.32,0.0,70.09,0,0,0.0,0.0
2024-10-16T05:29:00.000+02:00,385.21,23.3,34.3,0.0,70.09,0,0,0.0,0.0
2024-10-16T05:30:00.000+02:00,384.88,23.3,34.28,0.0,70.09,0,0,0.0,0.0
2024-10-16T05:31:00.000+02:00,384.56,23.3,34.26,0.0,70.09,0,0,0.0,0.0
2024-10-16T05:32:00.000+02:00,384.23,23.3,34.24,0.0,70.09,0,0,0.0,0.0
2024-10-16T05:33:00.000+02:00,383.91,23.29,34.22,0.0,70.09,0,0,0.0,0.0
2024-10-16T05:34:00.000+02:00,383.59,23.29,34.2,0.0,70.09,0,0,0.0,0.0
2024-10-16T05:35:00.000+02:00,383.27,23.29,34.18,0.0,70.09,0,0,0.0,0.0
2024-10-16T05:36:00.000+02:00,382.95,23.29,34.16,0.0,70.09,0,0,0.0,0.0
2024-10-16T05:37:00.000+02:00,382.64,23.28,34.14,0.0,70.09,0,0,0.0,0.0
2024-10-16T05:38:00.000+02:00,382.33,23.28,34.12,0.0,70.09,0,0,0.0,0.0
2024-10-16T05:39:00.000+02:00,382.01,23.28,34.1,0.0,70.09,0,0,0.0,0.0
2024-10-16T05:40:00.000+02:00,381.71,23.28,34.08,0.0,70.09,0,0,0.0,0.0
2024-10-16T05:41:00.000+02:00,381.4,23.27,34.06,0.0,70.09,0,0,0.0,0.0
2024-10-16T05:42:00.000+02:00,381.09,23.27,34.05,0.0,70.09,0,0,0.0,0.0
2024-10-16T05:43:00.000+02:00,380.79,23.27,34.03,0.0,70.09,0,0,0.0,0.0
2024-10-16T05:44:00.000+02:00,380.48,23.26,34.01,0.0,70.09,0,0,0.0,0.0
2024-10-16T05:45:00.000+02:00,380.18,23.26,33.99,0.0,70.09,0,0,0.0,0.0
2024-10-16T05:46:00.000+02:00,379.88,23.26,33.97,0.0,70.09,0,0,0.0,0.0
2024-10-16T05:47:00.000+02:00,379.59,23.26,33.96,0.0,70.09,0,0,0.0,0.0
2024-10-16T05:48:00.000+02:00,379.29,23.25,33.94,0.0,70.09,0,0,0.0,0.0
2024-10-16T05:49:00.000+02:00,379.0,23.25,33.92,0.0,70.09,0,0,0.0,0.0
2024-10-16T05:50:00.000+02:00,378.7,23.25,33.91,0.0,70.09,0,0,0.0,0.0
2024-10-16T05:51:00.000+02:00,380.24,23.27,33.88,0.0,70.09,1,1,1.0,1.0
2024-10-16T05:52:00.000+02:00,382.92,23.29,33.85,0.0,70.09,1,1,1.0,1.0
2024-10-16T05:53:00.000+02:00,386.0,23.32,33.83,0.0,70.09,1,1,1.0,1.0
2024-10-16T05:54:00.000+02:00,389.11,23.35,33.81,0.0,70.09,1,1,1.0,1.0
2024-10-16T05:55:00.000+02:00,392.16,23.37,33.8,0.0,70.09,1,1,1.0,1.0
2024-10-16T05:56:00.000+02:00,395.15,23.39,33.8,0.0,70.09,1,1,1.0,1.0
2024-10-16T05:57:00.000+02:00,398.11,23.41,33.79,0.0,70.09,1,1,1.0,1.0
2024-10-16T05:58:00.000+02:00,401.06,23.42,33.8,0.0,70.09,1,1,1.0,1.0
2024-10-16T05:59:00.000+02:00,403.98,23.43,33.8,0.0,70.09,1,1,1.0,1.0
2024-10-16T06:00:00.000+02:00,406.89,23.45,33.81,0.0,70.09,1,1,1.0,1.0
2024-10-16T06:01:00.000+02:00,409.79,23.46,33.82,0.0,70.09,1,1,1.0,1.0
2024-10-16T06:02:00.000+02:00,412.67,23.47,33.84,0.0,70.09,1,1,1.0,1.0
2024-10-16T06:03:00.000+02:00,415.53,23.48,33.85,0.0,70.09,1,1,1.0,1.0
2024-10-16T06:04:00.000+02:00,418.38,23.48,33.87,0.0,70.09,1,1,1.0,1.0
2024-10-16T06:05:00.000+02:00,421.21,23.49,33.89,0.0,70.09,1,1,1.0,1.0
2024-10-16T06:06:00.000+02:00,424.02,23.5,33.91,0.0,70.09,1,1,1.0,1.0
2024-10-16T06:07:00.000+02:00,426.82,23.5,33.93,0.0,70.09,1,1,1.0,1.0
2024-10-16T06:08:00.000+02:00,429.6,23.51,33.96,0.0,70.09,1,1,1.0,1.0
2024-10-16T06:09:00.000+02:00,432.37,23.51,33.98,0.0,70.09,1,1,1.0,1.0
2024-10-16T06:10:00.000+02:00,435.12,23.51,34.0,0.0,70.09,1,1,1.0,1.0
2024-10-16T06:11:00.000+02:00,437.86,23.52,34.03,0.0,70.09,1,1,1.0,1.0
2024-10-16T06:12:00.000+02:00,440.58,23.52,34.06,0.0,70.09,1,1,1.0,1.0
2024-10-16T06:13:00.000+02:00,443.28,23.52,34.08,0.0,70.09,1,1,1.0,1.0
2024-10-16T06:14:00.000+02:00,447.8,23.54,34.1,0.0,70.09,1,1,2.0,2.0
2024-10-16T06:15:00.000+02:00,453.45,23.58,34.12,0.0,70.09,1,1,2.0,2.0
2024-10-16T06:16:00.000+02:00,459.47,23.61,34.14,0.0,70.09,1,1,2.0,2.0
2024-10-16T06:17:00.000+02:00,465.51,23.64,34.17,0.0,70.09,1,1,2.0,2.0
2024-10-16T06:18:00.000+02:00,471.48,23.67,34.2,0.0,70.09,1,1,2.0,2.0
2024-10-16T06:19:00.000+02:00,477.37,23.69,34.24,0.0,70.09,1,1,2.0,2.0
2024-10-16T06:20:00.000+02:00,483.21,23.71,34.28,0.0,70.09,1,1,2.0,2.0
2024-10-16T06:21:00.000+02:00,489.02,23.73,34.33,0.0,70.09,1,1,2.0,2.0
2024-10-16T06:22:00.000+02:00,494.79,23.75,34.37,0.0,70.09,1,1,2.0,2.0
2024-10-16T06:23:00.000+02:00,500.54,23.77,34.42,0.0,70.09,1,1,2.0,2.0
2024-10-16T06:24:00.000+02:00,506.25,23.78,34.48,0.0,70.09,1,1,2.0,2.0
2024-10-16T06:25:00.000+02:00,511.93,23.8,34.53,0.0,70.09,1,1,2.0,2.0
2024-10-16T06:26:00.000+02:00,517.58,23.81,34.59,0.0,70.09,1,1,2.0,2.0
2024-10-16T06:27:00.000+02:00,523.19,23.82,34.65,0.0,70.09,1,1,2.0,2.0
2024-10-16T06:28:00.000+02:00,528.77,23.84,34.71,0.0,70.09,1,1,2.0,2.0
2024-10-16T06:29:00.000+02:00,534.33,23.85,34.77,0.0,70.09,1,1,2.0,2.0
2024-10-16T06:30:00.000+02:00,539.85,23.86,34.83,0.0,70.09,1,1,2.0,2.0
2024-10-16T06:31:00.000+02:00,545.34,23.87,34.9,0.0,70.09,1,1,2.0,2.0
2024-10-16T06:32:00.000+02:00,550.8,23.87,34.96,0.0,70.09,1,1,2.0,2.0
2024-10-16T06:33:00.000+02:00,556.23,23.88,35.03,0.0,70.09,1,1,2.0,2.0
2024-10-16T06:34:00.000+02:00,561.62,23.89,35.09,0.0,70.09,1,1,2.0,2.0
2024-10-16T06:35:00.000+02:00,566.99,23.9,35.16,0.0,70.09,1,1,2.0,2.0
2024-10-16T06:36:00.000+02:00,572.33,23.9,35.23,0.0,70.09,1,1,2.0,2.0
2024-10-16T06:37:00.000+02:00,577.63,23.91,35.3,0.0,70.09,1,1,2.0,2.0
2024-10-16T06:38:00.000+02:00,582.91,23.92,35.37,0.0,70.09,1,1,2.0,2.0
2024-10-16T06:39:00.000+02:00,588.16,23.92,35.43,0.0,70.09,1,1,2.0,2.0
2024-10-16T06:40:00.000+02:00,593.37,23.93,35.5,0.0,70.09,1,1,2.0,2.0
2024-10-16T06:41:00.000+02:00,598.56,23.95,35.54,0.0,70.09,1,1,2.0,2.0
2024-10-16T06:42:00.000+02:00,596.93,23.54,36.35,0.38,70.09,1,1,2.0,2.0
2024-10-16T06:43:00.000+02:00,591.25,22.91,37.58,0.38,70.09,1,1,2.0,2.0
2024-10-16T06:44:00.000+02:00,584.55,22.3,38.79,0.38,70.09,1,1,2.0,2.0
2024-10-16T06:45:00.000+02:00,578.23,21.79,39.78,0.38,70.09,1,1,2.0,2.0
2024-10-16T06:46:00.000+02:00,572.59,21.41,40.52,0.38,70.09,1,1,2.0,2.0
2024-10-16T06:47:00.000+02:00,567.57,21.13,41.03,0.38,70.09,1,1,2.0,2.0
2024-10-16T06:48:00.000+02:00,563.03,20.91,41.39,0.38,70.09,1,1,2.0,2.0
2024-10-16T06:49:00.000+02:00,558.9,20.75,41.62,0.38,70.09,1,1,2.0,2.0
2024-10-16T06:50:00.000+02:00,555.12,20.63,41.76,0.38,70.09,1,1,2.0,2.0
2024-10-16T06:51:00.000+02:00,551.69,20.54,41.83,0.38,70.09,1,1,2.0,2.0
2024-10-16T06:52:00.000+02:00,548.57,20.48,41.85,0.38,70.09,1,1,2.0,2.0
2024-10-16T06:53:00.000+02:00,545.75,20.43,41.83,0.38,70.09,1,1,2.0,2.0
2024-10-16T06:54:00.000+02:00,543.21,20.4,41.77,0.38,70.09,1,1,2.0,2.0
2024-10-16T06:55:00.000+02:00,540.94,20.39,41.68,0.38,70.09,1,1,2.0,2.0
2024-10-16T06:56:00.000+02:00,538.93,20.38,41.58,0.38,70.09,1,1,2.0,2.0
2024-10-16T06:57:00.000+02:00,537.15,20.39,41.47,0.38,70.09,1,1,2.0,2.0
2024-10-16T06:58:00.000+02:00,535.59,20.4,41.35,0.38,70.09,1,1,2.0,2.0
2024-10-16T06:59:00.000+02:00,534.25,20.41,41.22,0.38,70.09,1,1,2.0,2.0
2024-10-16T07:00:00.000+02:00,533.11,20.43,41.08,0.38,70.09,1,1,2.0,2.0
2024-10-16T07:01:00.000+02:00,532.12,20.91,39.83,0.38,70.09,1,1,2.0,2.0
2024-10-16T07:02:00.000+02:00,534.72,21.39,38.66,0.0,70.09,1,1,2.0,2.0
2024-10-16T07:03:00.000+02:00,539.57,21.77,37.85,0.0,70.09,1,1,2.0,2.0
2024-10-16T07:04:00.000+02:00,545.17,22.05,37.29,0.0,70.09,1,1,2.0,2.0
2024-10-16T07:05:00.000+02:00,550.83,22.26,36.87,0.0,70.09,1,1,2.0,2.0
2024-10-16T07:06:00.000+02:00,556.36,22.45,36.55,0.0,70.09,1,1,2.0,2.0
2024-10-16T07:07:00.000+02:00,561.8,22.61,36.27,0.0,70.09,1,1,2.0,2.0
2024-10-16T07:08:00.000+02:00,567.17,22.75,36.04,0.0,70.09,1,1,2.0,2.0
2024-10-16T07:09:00.000+02:00,572.51,22.88,35.85,0.0,70.09,1,1,2.0,2.0
2024-10-16T07:10:00.000+02:00,577.82,22.99,35.69,0.0,70.09,1,1,2.0,2.0
2024-10-16T07:11:00.000+02:00,583.1,23.09,35.56,0.0,70.09,1,1,2.0,2.0
2024-10-16T07:12:00.000+02:00,588.35,23.18,35.45,0.0,70.09,1,1,2.0,2.0
2024-10-16T07:13:00.000+02:00,593.57,23.26,35.37,0.0,70.09,1,1,2.0,2.0
2024-10-16T07:14:00.000+02:00,598.76,23.33,35.31,0.0,70.09,1,1,2.0,2.0
2024-10-16T07:15:00.000+02:00,603.93,23.39,35.26,0.0,70.09,1,1,2.0,2.0
2024-10-16T07:16:00.000+02:00,609.06,23.45,35.22,0.0,70.09,1,1,2.0,2.0
2024-10-16T07:17:00.000+02:00,614.16,23.5,35.19,0.0,70.09,1,1,2.0,2.0
2024-10-16T07:18:00.000+02:00,619.24,23.55,35.18,0.0,70.09,1,1,2.0,2.0
2024-10-16T07:19:00.000+02:00,624.29,23.59,35.17,0.0,70.09,1,1,2.0,2.0
2024-10-16T07:20:00.000+02:00,629.3,23.63,35.17,0.0,70.09,1,1,2.0,2.0
2024-10-16T07:21:00.000+02:00,634.29,23.67,35.18,0.0,70.09,1,1,2.0,2.0
2024-10-16T07:22:00.000+02:00,639.25,23.7,35.2,0.0,70.09,1,1,2.0,2.0
2024-10-16T07:23:00.000+02:00,644.19,23.74,35.21,0.0,70.09,1,1,2.0,2.0
2024-10-16T07:24:00.000+02:00,649.09,23.77,35.24,0.0,70.09,1,1,2.0,2.0
2024-10-16T07:25:00.000+02:00,653.97,23.79,35.26,0.0,70.09,1,1,2.0,2.0
2024-10-16T07:26:00.000+02:00,658.82,23.82,35.3,0.0,70.09,1,1,2.0,2.0
2024-10-16T07:27:00.000+02:00,663.64,23.84,35.33,0.0,70.09,1,1,2.0,2.0
2024-10-16T07:28:00.000+02:00,668.43,23.87,35.37,0.0,70.09,1,1,2.0,2.0
2024-10-16T07:29:00.000+02:00,673.2,23.89,35.41,0.0,70.09,1,1,2.0,2.0
2024-10-16T07:30:00.000+02:00,677.94,23.91,35.45,0.0,70.09,1,1,2.0,2.0
2024-10-16T07:31:00.000+02:00,682.66,23.92,35.5,0.0,70.09,1,1,2.0,2.0
2024-10-16T07:32:00.000+02:00,687.34,23.94,35.54,0.0,70.09,1,1,2.0,2.0
2024-10-16T07:33:00.000+02:00,692.0,23.96,35.59,0.0,70.09,1,1,2.0,2.0
2024-10-16T07:34:00.000+02:00,696.64,23.97,35.65,0.0,70.09,1,1,2.0,2.0
2024-10-16T07:35:00.000+02:00,701.25,23.99,35.7,0.0,70.09,1,1,2.0,2.0
2024-10-16T07:36:00.000+02:00,705.83,24.0,35.75,0.0,70.09,1,1,2.0,2.0
2024-10-16T07:37:00.000+02:00,710.39,24.01,35.81,0.0,70.09,1,1,2.0,2.0
2024-10-16T07:38:00.000+02:00,714.92,24.03,35.87,0.0,70.09,1,1,2.0,2.0
2024-10-16T07:39:00.000+02:00,719.42,24.04,35.93,0.0,70.09,1,1,2.0,2.0
2024-10-16T07:40:00.000+02:00,723.9,24.05,35.99,0.0,70.09,1,1,2.0,2.0
2024-10-16T07:41:00.000+02:00,728.36,24.06,36.05,0.0,70.09,1,1,2.0,2.0
2024-10-16T07:42:00.000+02:00,732.78,24.07,36.11,0.0,70.09,1,1,2.0,2.0
2024-10-16T07:43:00.000+02:00,737.19,24.08,36.17,0.0,70.09,1,1,2.0,2.0
2024-10-16T07:44:00.000+02:00,741.57,24.09,36.23,0.0,70.09,1,1,2.0,2.0
2024-10-16T07:45:00.000+02:00,745.92,24.09,36.3,0.0,70.09,1,1,2.0,2.0
2024-10-16T07:46:00.000+02:00,750.25,24.1,36.36,0.0,70.09,1,1,2.0,2.0
2024-10-16T07:47:00.000+02:00,754.56,24.11,36.42,0.0,70.09,1,1,2.0,2.0
2024-10-16T07:48:00.000+02:00,758.84,24.12,36.49,0.0,70.09,1,1,2.0,2.0
2024-10-16T07:49:00.000+02:00,763.1,24.12,36.55,0.0,70.09,1,1,2.0,2.0
2024-10-16T07:50:00.000+02:00,767.33,24.13,36.62,0.0,70.09,1,1,2.0,2.0
2024-10-16T07:51:00.000+02:00,771.54,24.14,36.68,0.0,70.09,1,1,2.0,2.0
2024-10-16T07:52:00.000+02:00,775.72,24.14,36.75,0.0,70.09,1,1,2.0,2.0
2024-10-16T07:53:00.000+02:00,779.89,24.15,36.82,0.0,70.09,1,1,2.0,2.0
2024-10-16T07:54:00.000+02:00,784.02,24.15,36.88,0.0,70.09,1,1,2.0,2.0
2024-10-16T07:55:00.000+02:00,788.14,24.16,36.95,0.0,70.09,1,1,2.0,2.0
2024-10-16T07:56:00.000+02:00,792.23,24.17,37.01,0.0,70.09,1,1,2.0,2.0
2024-10-16T07:57:00.000+02:00,796.3,24.17,37.08,0.0,70.09,1,1,2.0,2.0
2024-10-16T07:58:00.000+02:00,800.34,24.18,37.14,0.0,70.09,1,1,2.0,2.0
2024-10-16T07:59:00.000+02:00,804.37,24.18,37.21,0.0,70.09,1,1,2.0,2.0
2024-10-16T08:00:00.000+02:00,808.37,24.19,37.28,0.0,70.09,1,1,2.0,2.0
2024-10-16T08:01:00.000+02:00,812.35,24.19,37.34,0.0,70.09,1,1,2.0,2.0
2024-10-16T08:02:00.000+02:00,816.3,24.2,37.41,0.0,70.09,1,1,2.0,2.0
2024-10-16T08:03:00.000+02:00,820.23,24.2,37.47,0.0,70.09,1,1,2.0,2.0
2024-10-16T08:04:00.000+02:00,824.14,24.21,37.54,0.0,70.09,1,1,2.0,2.0
2024-10-16T08:05:00.000+02:00,828.03,24.21,37.6,0.0,70.09,1,1,2.0,2.0
2024-10-16T08:06:00.000+02:00,831.9,24.22,37.66,0.0,70.09,1,1,2.0,2.0
2024-10-16T08:07:00.000+02:00,835.75,24.22,37.73,0.0,70.09,1,1,2.0,2.0
2024-10-16T08:08:00.000+02:00,839.57,24.23,37.79,0.0,70.09,1,1,2.0,2.0
2024-10-16T08:09:00.000+02:00,843.37,24.23,37.86,0.0,70.09,1,1,2.0,2.0
2024-10-16T08:10:00.000+02:00,847.15,24.24,37.92,0.0,70.09,1,1,2.0,2.0
2024-10-16T08:11:00.000+02:00,850.91,24.24,37.98,0.0,70.09,1,1,2.0,2.0
2024-10-16T08:12:00.000+02:00,854.65,24.25,38.05,0.0,70.09,1,1,2.0,2.0
2024-10-16T08:13:00.000+02:00,858.37,24.25,38.11,0.0,70.09,1,1,2.0,2.0
2024-10-16T08:14:00.000+02:00,862.07,24.26,38.17,0.0,70.09,1,1,2.0,2.0
2024-10-16T08:15:00.000+02:00,865.74,24.26,38.23,0.0,70.09,1,1,2.0,2.0
2024-10-16T08:16:00.000+02:00,869.4,24.27,38.3,0.0,70.09,1,1,2.0,2.0
2024-10-16T08:17:00.000+02:00,873.03,24.27,38.36,0.0,70.09,1,1,2.0,2.0
2024-10-16T08:18:00.000+02:00,876.65,24.28,38.42,0.0,70.09,1,1,2.0,2.0
2024-10-16T08:19:00.000+02:00,880.24,24.28,38.48,0.0,70.09,1,1,2.0,2.0
2024-10-16T08:20:00.000+02:00,883.81,24.29,38.54,0.0,70.09,1,1,2.0,2.0
2024-10-16T08:21:00.000+02:00,887.37,24.29,38.6,0.0,70.09,1,1,2.0,2.0
2024-10-16T08:22:00.000+02:00,890.9,24.3,38.66,0.0,70.09,1,1,2.0,2.0
2024-10-16T08:23:00.000+02:00,894.42,24.3,38.72,0.0,70.09,1,1,2.0,2.0
2024-10-16T08:24:00.000+02:00,897.91,24.31,38.78,0.0,70.09,1,1,2.0,2.0
2024-10-16T08:25:00.000+02:00,901.39,24.31,38.84,0.0,70.09,1,1,2.0,2.0
2024-10-16T08:26:00.000+02:00,904.84,24.32,38.9,0.0,70.09,1,1,2.0,2.0
2024-10-16T08:27:00.000+02:00,908.28,24.32,38.96,0.0,70.09,1,1,2.0,2.0
2024-10-16T08:28:00.000+02:00,911.69,24.33,39.02,0.0,70.09,1,1,2.0,2.0
2024-10-16T08:29:00.000+02:00,915.09,24.33,39.08,0.0,70.09,1,1,2.0,2.0
2024-10-16T08:30:00.000+02:00,918.47,24.34,39.14,0.0,70.09,1,1,2.0,2.0
2024-10-16T08:31:00.000+02:00,921.83,24.34,39.2,0.0,70.09,1,1,2.0,2.0
2024-10-16T08:32:00.000+02:00,925.17,24.35,39.25,0.0,70.09,1,1,2.0,2.0
2024-10-16T08:33:00.000+02:00,928.49,24.35,39.31,0.0,70.09,1,1,2.0,2.0
2024-10-16T08:34:00.000+02:00,931.8,24.36,39.36,0.0,70.09,1,1,2.0,2.0
2024-10-16T08:35:00.000+02:00,935.08,24.37,39.42,0.0,70.09,1,1,2.0,2.0
2024-10-16T08:36:00.000+02:00,938.35,24.37,39.47,0.0,70.09,1,1,2.0,2.0
2024-10-16T08:37:00.000+02:00,941.6,24.38,39.52,0.0,70.09,1,1,2.0,2.0
2024-10-16T08:38:00.000+02:00,944.82,24.39,39.58,0.0,70.09,1,1,2.0,2.0
2024-10-16T08:39:00.000+02:00,948.04,24.39,39.63,0.0,70.09,1,1,2.0,2.0
2024-10-16T08:40:00.000+02:00,951.23,24.4,39.68,0.0,70.09,1,1,2.0,2.0
2024-10-16T08:41:00.000+02:00,954.41,24.41,39.73,0.0,70.09,1,1,2.0,2.0
2024-10-16T08:42:00.000+02:00,957.56,24.42,39.78,0.0,70.09,1,1,2.0,2.0
2024-10-16T08:43:00.000+02:00,960.7,24.43,39.82,0.0,70.09,1,1,2.0,2.0
2024-10-16T08:44:00.000+02:00,963.83,24.43,39.87,0.0,70.09,1,1,2.0,2.0
2024-10-16T08:45:00.000+02:00,966.93,24.44,39.92,0.0,70.09,1,1,2.0,2.0
2024-10-16T08:46:00.000+02:00,970.02,24.45,39.97,0.0,70.09,1,1,2.0,2.0
2024-10-16T08:47:00.000+02:00,973.09,24.46,40.01,0.0,70.09,1,1,2.0,2.0
2024-10-16T08:48:00.000+02:00,976.14,24.47,40.05,0.0,70.09,1,1,2.0,2.0
2024-10-16T08:49:00.000+02:00,979.18,24.49,40.08,0.0,70.09,1,1,2.0,2.0
2024-10-16T08:50:00.000+02:00,982.2,24.5,40.12,0.0,70.09,1,1,2.0,2.0
2024-10-16T08:51:00.000+02:00,985.2,24.51,40.16,0.0,70.09,1,1,2.0,2.0
2024-10-16T08:52:00.000+02:00,988.18,24.52,40.19,0.0,70.09,1,1,2.0,2.0
2024-10-16T08:53:00.000+02:00,991.15,24.54,40.23,0.0,70.09,1,1,2.0,2.0
2024-10-16T08:54:00.000+02:00,994.1,24.55,40.27,0.0,70.09,1,1,2.0,2.0
2024-10-16T08:55:00.000+02:00,997.04,24.56,40.3,0.0,70.09,1,1,2.0,2.0
2024-10-16T08:56:00.000+02:00,999.96,24.57,40.34,0.0,70.09,1,1,2.0,2.0
2024-10-16T08:57:00.000+02:00,1002.86,24.58,40.38,0.0,70.09,1,1,2.0,2.0
2024-10-16T08:58:00.000+02:00,1005.74,24.6,40.42,0.0,70.09,1,1,2.0,2.0
2024-10-16T08:59:00.000+02:00,1008.61,24.61,40.45,0.0,70.09,1,1,2.0,2.0
2024-10-16T09:00:00.000+02:00,1011.46,24.62,40.49,0.0,70.09,1,1,2.0,2.0
2024-10-16T09:01:00.000+02:00,1014.3,24.63,40.52,0.0,70.09,1,1,2.0,2.0
2024-10-16T09:02:00.000+02:00,1017.12,24.65,40.56,0.0,70.09,1,1,2.0,2.0
2024-10-16T09:03:00.000+02:00,1019.93,24.66,40.6,0.0,70.09,1,1,2.0,2.0
2024-10-16T09:04:00.000+02:00,1022.72,24.67,40.63,0.0,70.09,1,1,2.0,2.0
2024-10-16T09:05:00.000+02:00,1025.49,24.68,40.67,0.0,70.09,1,1,2.0,2.0
2024-10-16T09:06:00.000+02:00,1028.25,24.69,40.71,0.0,70.09,1,1,2.0,2.0
2024-10-16T09:07:00.000+02:00,1029.17,24.69,40.75,0.0,70.09,1,1,1.0,1.0
2024-10-16T09:08:00.000+02:00,1028.92,24.67,40.8,0.0,70.09,1,1,1.0,1.0
2024-10-16T09:09:00.000+02:00,1028.27,24.65,40.85,0.0,70.09,1,1,1.0,1.0
2024-10-16T09:10:00.000+02:00,1027.57,24.64,40.89,0.0,70.09,1,1,1.0,1.0
2024-10-16T09:11:00.000+02:00,1026.92,24.63,40.93,0.0,70.09,1,1,1.0,1.0
2024-10-16T09:12:00.000+02:00,1026.31,24.61,40.96,0.0,70.09,1,1,1.0,1.0
2024-10-16T09:13:00.000+02:00,1025.72,24.6,40.99,0.0,70.09,1,1,1.0,1.0
2024-10-16T09:14:00.000+02:00,1025.14,24.6,41.02,0.0,70.09,1,1,1.0,1.0
2024-10-16T09:15:00.000+02:00,1024.56,24.59,41.04,0.0,70.09,1,1,1.0,1.0
2024-10-16T09:16:00.000+02:00,1023.99,24.58,41.07,0.0,70.09,1,1,1.0,1.0
2024-10-16T09:17:00.000+02:00,1023.41,24.58,41.08,0.0,70.09,1,1,1.0,1.0
2024-10-16T09:18:00.000+02:00,1022.84,24.58,41.1,0.0,70.09,1,1,1.0,1.0
2024-10-16T09:19:00.000+02:00,1022.28,24.57,41.11,0.0,70.09,1,1,1.0,1.0
2024-10-16T09:20:00.000+02:00,1021.71,24.57,41.12,0.0,70.09,1,1,1.0,1.0
2024-10-16T09:21:00.000+02:00,1022.98,24.59,41.12,0.0,70.09,1,1,2.0,2.0
2024-10-16T09:22:00.000+02:00,1025.4,24.62,41.11,0.0,70.09,1,1,2.0,2.0
2024-10-16T09:23:00.000+02:00,1028.21,24.65,41.1,0.0,70.09,1,1,2.0,2.0
2024-10-16T09:24:00.000+02:00,1031.05,24.68,41.1,0.0,70.09,1,1,2.0,2.0
2024-10-16T09:25:00.000+02:00,1033.84,24.71,41.09,0.0,70.09,1,1,2.0,2.0
2024-10-16T09:26:00.000+02:00,1036.57,24.73,41.09,0.0,70.09,1,1,2.0,2.0
2024-10-16T09:27:00.000+02:00,1039.27,24.76,41.1,0.0,70.09,1,1,2.0,2.0
2024-10-16T09:28:00.000+02:00,1041.95,24.79,41.1,0.0,70.09,1,1,2.0,2.0
2024-10-16T09:29:00.000+02:00,1044.62,24.81,41.11,0.0,70.09,1,1,2.0,2.0
2024-10-16T09:30:00.000+02:00,1047.27,24.83,41.12,0.0,70.09,1,1,2.0,2.0
2024-10-16T09:31:00.000+02:00,1049.91,24.85,41.13,0.0,70.09,1,1,2.0,2.0
2024-10-16T09:32:00.000+02:00,1052.54,24.88,41.15,0.0,70.09,1,1,2.0,2.0
2024-10-16T09:33:00.000+02:00,1055.15,24.9,41.17,0.0,70.09,1,1,2.0,2.0
2024-10-16T09:34:00.000+02:00,1057.74,24.92,41.19,0.0,70.09,1,1,2.0,2.0
2024-10-16T09:35:00.000+02:00,1060.32,24.93,41.21,0.0,70.09,1,1,2.0,2.0
2024-10-16T09:36:00.000+02:00,1062.89,24.95,41.23,0.0,70.09,1,1,2.0,2.0
2024-10-16T09:37:00.000+02:00,1065.44,24.97,41.26,0.0,70.09,1,1,2.0,2.0
2024-10-16T09:38:00.000+02:00,1067.98,24.98,41.29,0.0,70.09,1,1,2.0,2.0
2024-10-16T09:39:00.000+02:00,1070.5,25.0,41.31,0.0,70.09,1,1,2.0,2.0
2024-10-16T09:40:00.000+02:00,1073.01,25.01,41.35,0.0,70.09,1,1,2.0,2.0
2024-10-16T09:41:00.000+02:00,1075.5,25.02,41.39,0.0,70.09,1,1,2.0,2.0
2024-10-16T09:42:00.000+02:00,1077.98,25.03,41.44,0.0,70.09,1,1,2.0,2.0
2024-10-16T09:43:00.000+02:00,1080.45,25.04,41.49,0.0,70.09,1,1,2.0,2.0
2024-10-16T09:44:00.000+02:00,1082.9,25.04,41.55,0.0,70.09,1,1,2.0,2.0
2024-10-16T09:45:00.000+02:00,1085.34,25.05,41.6,0.0,70.09,1,1,2.0,2.0
2024-10-16T09:46:00.000+02:00,1087.77,25.05,41.66,0.0,70.09,1,1,2.0,2.0
2024-10-16T09:47:00.000+02:00,1090.18,25.06,41.71,0.0,70.09,1,1,2.0,2.0
2024-10-16T09:48:00.000+02:00,1092.58,25.06,41.77,0.0,70.09,1,1,2.0,2.0
2024-10-16T09:49:00.000+02:00,1094.96,25.07,41.82,0.0,70.09,1,1,2.0,2.0
2024-10-16T09:50:00.000+02:00,1097.34,25.07,41.87,0.0,70.09,1,1,2.0,2.0
2024-10-16T09:51:00.000+02:00,1099.7,25.08,41.93,0.0,70.09,1,1,2.0,2.0
2024-10-16T09:52:00.000+02:00,1102.04,25.08,41.98,0.0,70.09,1,1,2.0,2.0
2024-10-16T09:53:00.000+02:00,1104.37,25.09,42.03,0.0,70.09,1,1,2.0,2.0
2024-10-16T09:54:00.000+02:00,1106.69,25.09,42.08,0.0,70.09,1,1,2.0,2.0
2024-10-16T09:55:00.000+02:00,1109.0,25.1,42.14,0.0,70.09,1,1,2.0,2.0
2024-10-16T09:56:00.000+02:00,1111.3,25.1,42.19,0.0,70.09,1,1,2.0,2.0
2024-10-16T09:57:00.000+02:00,1113.58,25.11,42.24,0.0,70.09,1,1,2.0,2.0
2024-10-16T09:58:00.000+02:00,1115.85,25.11,42.3,0.0,70.09,1,1,2.0,2.0
2024-10-16T09:59:00.000+02:00,1118.1,25.12,42.35,0.0,70.09,1,1,2.0,2.0
2024-10-16T10:00:00.000+02:00,1120.35,25.12,42.4,0.0,70.09,1,1,2.0,2.0
2024-10-16T10:01:00.000+02:00,1122.58,25.13,42.45,0.0,70.09,1,1,2.0,2.0
2024-10-16T10:02:00.000+02:00,1124.8,25.13,42.5,0.0,70.09,1,1,2.0,2.0
2024-10-16T10:03:00.000+02:00,1127.0,25.14,42.56,0.0,70.09,1,1,2.0,2.0
2024-10-16T10:04:00.000+02:00,1129.2,25.14,42.61,0.0,70.09,1,1,2.0,2.0
2024-10-16T10:05:00.000+02:00,1131.38,25.15,42.66,0.0,70.09,1,1,2.0,2.0
2024-10-16T10:06:00.000+02:00,1133.55,25.15,42.71,0.0,70.09,1,1,2.0,2.0
2024-10-16T10:07:00.000+02:00,1135.71,25.16,42.76,0.0,70.09,1,1,2.0,2.0
2024-10-16T10:08:00.000+02:00,1136.03,25.14,42.82,0.0,70.09,1,1,1.0,1.0
2024-10-16T10:09:00.000+02:00,1135.19,25.12,42.89,0.0,70.09,1,1,1.0,1.0
2024-10-16T10:10:00.000+02:00,1133.94,25.1,42.95,0.0,70.09,1,1,1.0,1.0
2024-10-16T10:11:00.000+02:00,1132.66,25.08,43.01,0.0,70.09,1,1,1.0,1.0
2024-10-16T10:12:00.000+02:00,1131.43,25.06,43.06,0.0,70.09,1,1,1.0,1.0
2024-10-16T10:13:00.000+02:00,1130.24,25.04,43.11,0.0,70.09,1,1,1.0,1.0
2024-10-16T10:14:00.000+02:00,1129.07,25.02,43.15,0.0,70.09,1,1,1.0,1.0
2024-10-16T10:15:00.000+02:00,1127.92,25.01,43.19,0.0,70.09,1,1,1.0,1.0
2024-10-16T10:16:00.000+02:00,1126.77,25.0,43.23,0.0,70.09,1,1,1.0,1.0
2024-10-16T10:17:00.000+02:00,1125.63,24.99,43.26,0.0,70.09,1,1,1.0,1.0
2024-10-16T10:18:00.000+02:00,1124.49,24.98,43.27,0.0,70.09,1,1,1.0,1.0
2024-10-16T10:19:00.000+02:00,1123.36,24.98,43.28,0.0,70.09,1,1,1.0,1.0
2024-10-16T10:20:00.000+02:00,1122.24,24.98,43.29,0.0,70.09,1,1,1.0,1.0
2024-10-16T10:21:00.000+02:00,1121.12,24.98,43.3,0.0,70.09,1,1,1.0,1.0
2024-10-16T10:22:00.000+02:00,1120.01,24.97,43.31,0.0,70.09,1,1,1.0,1.0
2024-10-16T10:23:00.000+02:00,1118.9,24.97,43.32,0.0,70.09,1,1,1.0,1.0
2024-10-16T10:24:00.000+02:00,1117.81,24.97,43.33,0.0,70.09,1,1,1.0,1.0
2024-10-16T10:25:00.000+02:00,1116.72,24.97,43.33,0.0,70.09,1,1,1.0,1.0
2024-10-16T10:26:00.000+02:00,1115.63,24.97,43.34,0.0,70.09,1,1,1.0,1.0
2024-10-16T10:27:00.000+02:00,1114.55,24.97,43.34,0.0,70.09,1,1,1.0,1.0
2024-10-16T10:28:00.000+02:00,1027.99,23.21,47.0,0.29,70.09,1,1,1.0,1.0
2024-10-16T10:29:00.000+02:00,903.75,21.01,51.77,0.29,70.09,1,1,1.0,1.0
2024-10-16T10:30:00.000+02:00,792.76,19.62,54.53,0.29,70.09,1,1,1.0,1.0
2024-10-16T10:31:00.000+02:00,707.52,18.93,55.36,0.29,70.09,1,1,1.0,1.0
2024-10-16T10:32:00.000+02:00,642.8,18.6,55.34,0.29,70.09,1,1,1.0,1.0
2024-10-16T10:33:00.000+02:00,591.61,18.39,55.13,0.29,70.09,1,1,1.0,1.0
2024-10-16T10:34:00.000+02:00,549.64,18.22,54.95,0.29,70.09,1,1,1.0,1.0
2024-10-16T10:35:00.000+02:00,514.7,18.07,54.81,0.29,70.09,1,1,1.0,1.0
2024-10-16T10:36:00.000+02:00,485.56,17.95,54.7,0.29,70.09,1,1,1.0,1.0
2024-10-16T10:37:00.000+02:00,461.29,17.85,54.6,0.29,70.09,1,1,1.0,1.0
2024-10-16T10:38:00.000+02:00,441.1,17.77,54.52,0.29,70.09,1,1,1.0,1.0
2024-10-16T10:39:00.000+02:00,424.29,17.7,54.47,0.29,70.09,1,1,1.0,1.0
2024-10-16T10:40:00.000+02:00,410.29,17.64,54.44,0.29,70.09,1,1,1.0,1.0
2024-10-16T10:41:00.000+02:00,398.63,17.59,54.44,0.29,70.09,1,1,1.0,1.0
2024-10-16T10:42:00.000+02:00,388.91,17.54,54.46,0.29,70.09,1,1,1.0,1.0
2024-10-16T10:43:00.000+02:00,380.81,17.49,54.5,0.29,70.09,1,1,1.0,1.0
2024-10-16T10:44:00.000+02:00,374.06,17.45,54.56,0.29,70.09,1,1,1.0,1.0
2024-10-16T10:45:00.000+02:00,368.43,17.41,54.64,0.29,70.09,1,1,1.0,1.0
2024-10-16T10:46:00.000+02:00,363.73,17.37,54.73,0.29,70.09,1,1,1.0,1.0
2024-10-16T10:47:00.000+02:00,359.82,17.33,54.83,0.29,70.09,1,1,1.0,1.0
2024-10-16T10:48:00.000+02:00,356.56,17.3,54.94,0.29,70.09,1,1,1.0,1.0
2024-10-16T10:49:00.000+02:00,355.25,18.17,51.99,0.0,70.09,0,1,0.0,
2024-10-16T10:50:00.000+02:00,354.95,19.5,47.86,0.0,70.09,0,1,0.0,
2024-10-16T10:51:00.000+02:00,354.91,20.87,43.97,0.0,70.09,0,1,0.0,
2024-10-16T10:52:00.000+02:00,354.86,21.63,41.96,0.0,70.09,0,1,0.0,
2024-10-16T10:53:00.000+02:00,354.75,21.97,41.1,0.0,70.09,0,1,0.0,
2024-10-16T10:54:00.000+02:00,354.6,22.14,40.68,0.0,70.09,0,1,0.0,
2024-10-16T10:55:00.000+02:00,354.45,22.26,40.38,0.0,70.09,0,1,0.0,
2024-10-16T10:56:00.000+02:00,354.29,22.38,40.08,0.0,70.09,0,1,0.0,
2024-10-16T10:57:00.000+02:00,354.14,22.5,39.79,0.0,70.09,0,1,0.0,
2024-10-16T10:58:00.000+02:00,353.99,22.61,39.53,0.0,70.09,0,1,0.0,
2024-10-16T10:59:00.000+02:00,353.84,22.71,39.29,0.0,70.09,0,1,0.0,
2024-10-16T11:00:00.000+02:00,353.69,22.8,39.08,0.0,70.09,0,1,0.0,
2024-10-16T11:01:00.000+02:00,353.54,22.88,38.89,0.0,70.09,0,1,0.0,
2024-10-16T11:02:00.000+02:00,353.4,22.95,38.73,0.0,70.09,0,1,0.0,
2024-10-16T11:03:00.000+02:00,353.25,23.02,38.58,0.0,70.09,0,1,0.0,
2024-10-16T11:04:00.000+02:00,353.11,23.07,38.45,0.0,70.09,0,1,0.0,
2024-10-16T11:05:00.000+02:00,352.96,23.13,38.33,0.0,70.09,0,1,0.0,
2024-10-16T11:06:00.000+02:00,352.82,23.17,38.22,0.0,70.09,0,1,0.0,
2024-10-16T11:07:00.000+02:00,352.67,23.22,38.12,0.0,70.09,0,1,0.0,
2024-10-16T11:08:00.000+02:00,352.53,23.26,38.04,0.0,70.09,0,1,0.0,
2024-10-16T11:09:00.000+02:00,352.39,23.29,37.96,0.0,70.09,0,1,0.0,
2024-10-16T11:10:00.000+02:00,352.25,23.33,37.88,0.0,70.09,0,1,0.0,
2024-10-16T11:11:00.000+02:00,352.11,23.36,37.82,0.0,70.09,0,1,0.0,
2024-10-16T11:12:00.000+02:00,351.97,23.38,37.76,0.0,70.09,0,1,0.0,
2024-10-16T11:13:00.000+02:00,351.83,23.41,37.7,0.0,70.09,0,1,0.0,
2024-10-16T11:14:00.000+02:00,351.69,23.43,37.65,0.0,70.09,0,1,0.0,
2024-10-16T11:15:00.000+02:00,351.56,23.46,37.6,0.0,70.09,0,1,0.0,
2024-10-16T11:16:00.000+02:00,351.42,23.48,37.56,0.0,70.09,0,1,0.0,
2024-10-16T11:17:00.000+02:00,351.29,23.5,37.52,0.0,70.09,0,1,0.0,
2024-10-16T11:18:00.000+02:00,351.15,23.51,37.48,0.0,70.09,0,1,0.0,
2024-10-16T11:19:00.000+02:00,351.02,23.53,37.45,0.0,70.09,0,1,0.0,
2024-10-16T11:20:00.000+02:00,350.88,23.54,37.43,0.0,70.09,0,1,0.0,
2024-10-16T11:21:00.000+02:00,350.75,23.55,37.4,0.0,70.09,0,1,0.0,
2024-10-16T11:22:00.000+02:00,350.62,23.57,37.38,0.0,70.09,0,1,0.0,
2024-10-16T11:23:00.000+02:00,350.49,23.58,37.35,0.0,70.09,0,1,0.0,
2024-10-16T11:24:00.000+02:00,350.36,23.59,37.33,0.0,70.09,0,1,0.0,
2024-10-16T11:25:00.000+02:00,350.23,23.6,37.32,0.0,70.09,0,1,0.0,
2024-10-16T11:26:00.000+02:00,350.1,23.61,37.3,0.0,70.09,0,1,0.0,
2024-10-16T11:27:00.000+02:00,349.97,23.62,37.28,0.0,70.09,0,1,0.0,
2024-10-16T11:28:00.000+02:00,349.84,23.63,37.27,0.0,70.09,0,1,0.0,
2024-10-16T11:29:00.000+02:00,349.72,23.63,37.26,0.0,70.09,0,0,0.0,0.0
2024-10-16T11:30:00.000+02:00,349.59,23.64,37.24,0.0,70.09,0,0,0.0,0.0
2024-10-16T11:31:00.000+02:00,349.47,23.65,37.23,0.0,70.09,0,0,0.0,0.0
2024-10-16T11:32:00.000+02:00,349.34,23.66,37.22,0.0,70.09,0,0,0.0,0.0
2024-10-16T11:33:00.000+02:00,349.22,23.66,37.21,0.0,70.09,0,0,0.0,0.0
2024-10-16T11:34:00.000+02:00,349.09,23.67,37.2,0.0,70.09,0,0,0.0,0.0
2024-10-16T11:35:00.000+02:00,348.97,23.67,37.19,0.0,70.09,0,0,0.0,0.0
2024-10-16T11:36:00.000+02:00,348.85,23.68,37.18,0.0,70.09,0,0,0.0,0.0
2024-10-16T11:37:00.000+02:00,349.99,23.37,37.94,0.05,70.09,1,1,1.0,1.0
2024-10-16T11:38:00.000+02:00,352.49,23.23,38.35,0.0,70.09,1,1,1.0,1.0
2024-10-16T11:39:00.000+02:00,355.61,23.24,38.39,0.0,70.09,1,1,1.0,1.0
2024-10-16T11:40:00.000+02:00,358.88,23.32,38.26,0.0,70.09,1,1,1.0,1.0
2024-10-16T11:41:00.000+02:00,362.12,23.41,38.12,0.0,70.09,1,1,1.0,1.0
2024-10-16T11:42:00.000+02:00,365.29,23.49,38.0,0.0,70.09,1,1,1.0,1.0
2024-10-16T11:43:00.000+02:00,368.43,23.55,37.91,0.0,70.09,1,1,1.0,1.0
2024-10-16T11:44:00.000+02:00,371.54,23.61,37.84,0.0,70.09,1,1,1.0,1.0
2024-10-16T11:45:00.000+02:00,374.64,23.66,37.78,0.0,70.09,1,1,1.0,1.0
2024-10-16T11:46:00.000+02:00,377.72,23.7,37.74,0.0,70.09,1,1,1.0,1.0
2024-10-16T11:47:00.000+02:00,380.78,23.74,37.7,0.0,70.09,1,1,1.0,1.0
2024-10-16T11:48:00.000+02:00,383.83,23.78,37.68,0.0,70.09,1,1,1.0,1.0
2024-10-16T11:49:00.000+02:00,386.86,23.82,37.66,0.0,70.09,1,1,1.0,1.0
2024-10-16T11:50:00.000+02:00,389.87,23.85,37.64,0.0,70.09,1,1,1.0,1.0
2024-10-16T11:51:00.000+02:00,392.87,23.88,37.63,0.0,70.09,1,1,1.0,1.0
2024-10-16T11:52:00.000+02:00,395.85,23.91,37.63,0.0,70.09,1,1,1.0,1.0
2024-10-16T11:53:00.000+02:00,398.81,23.94,37.63,0.0,70.09,1,1,1.0,1.0
2024-10-16T11:54:00.000+02:00,401.76,23.96,37.63,0.0,70.09,1,1,1.0,1.0
2024-10-16T11:55:00.000+02:00,404.69,23.98,37.63,0.0,70.09,1,1,1.0,1.0
2024-10-16T11:56:00.000+02:00,407.6,24.01,37.64,0.0,70.09,1,1,1.0,1.0
2024-10-16T11:57:00.000+02:00,410.5,24.03,37.66,0.0,70.09,1,1,1.0,1.0
2024-10-16T11:58:00.000+02:00,413.38,24.04,37.67,0.0,70.09,1,1,1.0,1.0
2024-10-16T11:59:00.000+02:00,416.25,24.06,37.69,0.0,70.09,1,1,1.0,1.0
2024-10-16T12:00:00.000+02:00,419.1,24.08,37.71,0.0,70.09,1,1,1.0,1.0
2024-10-16T12:01:00.000+02:00,421.93,24.1,37.72,0.0,70.09,1,1,1.0,1.0
2024-10-16T12:02:00.000+02:00,424.75,24.11,37.75,0.0,70.09,1,1,1.0,1.0
2024-10-16T12:03:00.000+02:00,427.55,24.13,37.77,0.0,70.09,1,1,1.0,1.0
2024-10-16T12:04:00.000+02:00,430.34,24.14,37.79,0.0,70.09,1,1,1.0,1.0
2024-10-16T12:05:00.000+02:00,433.11,24.16,37.82,0.0,70.09,1,1,1.0,1.0
2024-10-16T12:06:00.000+02:00,435.87,24.17,37.85,0.0,70.09,1,1,1.0,1.0
2024-10-16T12:07:00.000+02:00,438.61,24.18,37.87,0.0,70.09,1,1,1.0,1.0
2024-10-16T12:08:00.000+02:00,441.33,24.2,37.9,0.0,70.09,1,1,1.0,1.0
2024-10-16T12:09:00.000+02:00,444.04,24.21,37.93,0.0,70.09,1,1,1.0,1.0
2024-10-16T12:10:00.000+02:00,448.56,24.24,37.95,0.0,70.09,1,1,2.0,2.0
2024-10-16T12:11:00.000+02:00,454.22,24.28,37.97,0.0,70.09,1,1,2.0,2.0
2024-10-16T12:12:00.000+02:00,460.25,24.32,37.99,0.0,70.09,1,1,2.0,2.0
2024-10-16T12:13:00.000+02:00,466.3,24.36,38.02,0.0,70.09,1,1,2.0,2.0
2024-10-16T12:14:00.000+02:00,472.27,24.4,38.05,0.0,70.09,1,1,2.0,2.0
2024-10-16T12:15:00.000+02:00,478.17,24.43,38.08,0.0,70.09,1,1,2.0,2.0
2024-10-16T12:16:00.000+02:00,484.02,24.46,38.12,0.0,70.09,1,1,2.0,2.0
2024-10-16T12:17:00.000+02:00,489.83,24.49,38.17,0.0,70.09,1,1,2.0,2.0
2024-10-16T12:18:00.000+02:00,495.62,24.52,38.22,0.0,70.09,1,1,2.0,2.0
2024-10-16T12:19:00.000+02:00,501.37,24.55,38.27,0.0,70.09,1,1,2.0,2.0
2024-10-16T12:20:00.000+02:00,507.09,24.57,38.33,0.0,70.09,1,1,2.0,2.0
2024-10-16T12:21:00.000+02:00,512.78,24.59,38.39,0.0,70.09,1,1,2.0,2.0
2024-10-16T12:22:00.000+02:00,518.44,24.61,38.45,0.0,70.09,1,1,2.0,2.0
2024-10-16T12:23:00.000+02:00,524.06,24.63,38.52,0.0,70.09,1,1,2.0,2.0
2024-10-16T12:24:00.000+02:00,529.66,24.65,38.59,0.0,70.09,1,1,2.0,2.0
2024-10-16T12:25:00.000+02:00,535.22,24.67,38.66,0.0,70.09,1,1,2.0,2.0
2024-10-16T12:26:00.000+02:00,540.76,24.69,38.73,0.0,70.09,1,1,2.0,2.0
2024-10-16T12:27:00.000+02:00,546.26,24.7,38.81,0.0,70.09,1,1,2.0,2.0
2024-10-16T12:28:00.000+02:00,551.73,24.72,38.88,0.0,70.09,1,1,2.0,2.0
2024-10-16T12:29:00.000+02:00,557.17,24.73,38.96,0.0,70.09,1,1,2.0,2.0
2024-10-16T12:30:00.000+02:00,562.58,24.74,39.04,0.0,70.09,1,1,2.0,2.0
2024-10-16T12:31:00.000+02:00,567.96,24.75,39.12,0.0,70.09,1,1,2.0,2.0
2024-10-16T12:32:00.000+02:00,573.32,24.77,39.2,0.0,70.09,1,1,2.0,2.0
2024-10-16T12:33:00.000+02:00,578.64,24.78,39.29,0.0,70.09,1,1,2.0,2.0
2024-10-16T12:34:00.000+02:00,583.93,24.79,39.37,0.0,70.09,1,1,2.0,2.0
2024-10-16T12:35:00.000+02:00,589.19,24.8,39.45,0.0,70.09,1,1,2.0,2.0
2024-10-16T12:36:00.000+02:00,594.43,24.81,39.54,0.0,70.09,1,1,2.0,2.0
2024-10-16T12:37:00.000+02:00,599.63,24.81,39.63,0.0,70.09,1,1,2.0,2.0
2024-10-16T12:38:00.000+02:00,604.8,24.82,39.71,0.0,70.09,1,1,2.0,2.0
2024-10-16T12:39:00.000+02:00,609.95,24.83,39.8,0.0,70.09,1,1,2.0,2.0
2024-10-16T12:40:00.000+02:00,615.07,24.84,39.89,0.0,70.09,1,1,2.0,2.0
2024-10-16T12:41:00.000+02:00,620.16,24.85,39.97,0.0,70.09,1,1,2.0,2.0
2024-10-16T12:42:00.000+02:00,625.22,24.85,40.06,0.0,70.09,1,1,2.0,2.0
2024-10-16T12:43:00.000+02:00,630.25,24.86,40.15,0.0,70.09,1,1,2.0,2.0
2024-10-16T12:44:00.000+02:00,635.26,24.87,40.24,0.0,70.09,1,1,2.0,2.0
2024-10-16T12:45:00.000+02:00,640.24,24.87,40.32,0.0,70.09,1,1,2.0,2.0
2024-10-16T12:46:00.000+02:00,645.18,24.88,40.41,0.0,70.09,1,1,2.0,2.0
2024-10-16T12:47:00.000+02:00,650.11,24.89,40.5,0.0,70.09,1,1,2.0,2.0
2024-10-16T12:48:00.000+02:00,655.0,24.89,40.59,0.0,70.09,1,1,2.0,2.0
2024-10-16T12:49:00.000+02:00,659.87,24.9,40.68,0.0,70.09,1,1,2.0,2.0
2024-10-16T12:50:00.000+02:00,664.71,24.9,40.77,0.0,70.09,1,1,2.0,2.0
2024-10-16T12:51:00.000+02:00,669.52,24.91,40.85,0.0,70.09,1,1,2.0,2.0
2024-10-16T12:52:00.000+02:00,674.31,24.92,40.94,0.0,70.09,1,1,2.0,2.0
2024-10-16T12:53:00.000+02:00,679.07,24.92,41.03,0.0,70.09,1,1,2.0,2.0
2024-10-16T12:54:00.000+02:00,683.81,24.93,41.12,0.0,70.09,1,1,2.0,2.0
2024-10-16T12:55:00.000+02:00,688.51,24.93,41.21,0.0,70.09,1,1,2.0,2.0
2024-10-16T12:56:00.000+02:00,693.2,24.94,41.29,0.0,70.09,1,1,2.0,2.0
2024-10-16T12:57:00.000+02:00,697.85,24.94,41.38,0.0,70.09,1,1,2.0,2.0
2024-10-16T12:58:00.000+02:00,702.48,24.95,41.47,0.0,70.09,1,1,2.0,2.0
2024-10-16T12:59:00.000+02:00,707.09,24.95,41.55,0.0,70.09,1,1,2.0,2.0
2024-10-16T13:00:00.000+02:00,711.66,24.96,41.64,0.0,70.09,1,1,2.0,2.0
2024-10-16T13:01:00.000+02:00,716.22,24.96,41.73,0.0,70.09,1,1,2.0,2.0
2024-10-16T13:02:00.000+02:00,720.75,24.96,41.81,0.0,70.09,1,1,2.0,2.0
2024-10-16T13:03:00.000+02:00,725.25,24.97,41.9,0.0,70.09,1,1,2.0,2.0
2024-10-16T13:04:00.000+02:00,729.73,24.97,41.99,0.0,70.09,1,1,2.0,2.0
2024-10-16T13:05:00.000+02:00,734.18,24.98,42.07,0.0,70.09,1,1,2.0,2.0
2024-10-16T13:06:00.000+02:00,738.61,24.98,42.16,0.0,70.09,1,1,2.0,2.0
2024-10-16T13:07:00.000+02:00,743.01,24.99,42.24,0.0,70.09,1,1,2.0,2.0
2024-10-16T13:08:00.000+02:00,747.39,24.99,42.33,0.0,70.09,1,1,2.0,2.0
2024-10-16T13:09:00.000+02:00,751.75,24.99,42.42,0.0,70.09,1,1,2.0,2.0
2024-10-16T13:10:00.000+02:00,756.08,25.0,42.5,0.0,70.09,1,1,2.0,2.0
2024-10-16T13:11:00.000+02:00,760.38,25.0,42.59,0.0,70.09,1,1,2.0,2.0
2024-10-16T13:12:00.000+02:00,764.67,25.0,42.67,0.0,70.09,1,1,2.0,2.0
2024-10-16T13:13:00.000+02:00,768.93,25.01,42.76,0.0,70.09,1,1,2.0,2.0
2024-10-16T13:14:00.000+02:00,773.16,25.01,42.85,0.0,70.09,1,1,2.0,2.0
2024-10-16T13:15:00.000+02:00,777.37,25.01,42.94,0.0,70.09,1,1,2.0,2.0
2024-10-16T13:16:00.000+02:00,781.56,25.01,43.03,0.0,70.09,1,1,2.0,2.0
2024-10-16T13:17:00.000+02:00,785.73,25.01,43.12,0.0,70.09,1,1,2.0,2.0
2024-10-16T13:18:00.000+02:00,789.87,25.01,43.2,0.0,70.09,1,1,2.0,2.0
2024-10-16T13:19:00.000+02:00,793.99,25.02,43.29,0.0,70.09,1,1,2.0,2.0
2024-10-16T13:20:00.000+02:00,798.09,25.02,43.37,0.0,70.09,1,1,2.0,2.0
2024-10-16T13:21:00.000+02:00,802.16,25.02,43.46,0.0,70.09,1,1,2.0,2.0
2024-10-16T13:22:00.000+02:00,806.21,25.02,43.55,0.0,70.09,1,1,2.0,2.0
2024-10-16T13:23:00.000+02:00,810.24,25.02,43.63,0.0,70.09,1,1,2.0,2.0
2024-10-16T13:24:00.000+02:00,814.25,25.03,43.71,0.0,70.09,1,1,2.0,2.0
2024-10-16T13:25:00.000+02:00,818.23,25.03,43.8,0.0,70.09,1,1,2.0,2.0
2024-10-16T13:26:00.000+02:00,822.19,25.03,43.88,0.0,70.09,1,1,2.0,2.0
2024-10-16T13:27:00.000+02:00,826.13,25.03,43.96,0.0,70.09,1,1,2.0,2.0
2024-10-16T13:28:00.000+02:00,830.05,25.03,44.05,0.0,70.09,1,1,2.0,2.0
2024-10-16T13:29:00.000+02:00,833.95,25.04,44.13,0.0,70.09,1,1,2.0,2.0
2024-10-16T13:30:00.000+02:00,837.83,25.04,44.21,0.0,70.09,1,1,2.0,2.0
2024-10-16T13:31:00.000+02:00,841.68,25.04,44.29,0.0,70.09,1,1,2.0,2.0
2024-10-16T13:32:00.000+02:00,845.51,25.04,44.37,0.0,70.09,1,1,2.0,2.0
2024-10-16T13:33:00.000+02:00,849.32,25.04,44.45,0.0,70.09,1,1,2.0,2.0
2024-10-16T13:34:00.000+02:00,853.11,25.05,44.53,0.0,70.09,1,1,2.0,2.0
2024-10-16T13:35:00.000+02:00,856.88,25.05,44.61,0.0,70.09,1,1,2.0,2.0
2024-10-16T13:36:00.000+02:00,860.63,25.05,44.69,0.0,70.09,1,1,2.0,2.0
2024-10-16T13:37:00.000+02:00,864.36,25.05,44.77,0.0,70.09,1,1,2.0,2.0
2024-10-16T13:38:00.000+02:00,868.06,25.05,44.85,0.0,70.09,1,1,2.0,2.0
2024-10-16T13:39:00.000+02:00,871.75,25.06,44.93,0.0,70.09,1,1,2.0,2.0
2024-10-16T13:40:00.000+02:00,875.42,25.06,45.01,0.0,70.09,1,1,2.0,2.0
2024-10-16T13:41:00.000+02:00,879.06,25.06,45.09,0.0,70.09,1,1,2.0,2.0
2024-10-16T13:42:00.000+02:00,882.69,25.06,45.16,0.0,70.09,1,1,2.0,2.0
2024-10-16T13:43:00.000+02:00,886.29,25.06,45.24,0.0,70.09,1,1,2.0,2.0
2024-10-16T13:44:00.000+02:00,889.88,25.07,45.32,0.0,70.09,1,1,2.0,2.0
2024-10-16T13:45:00.000+02:00,893.44,25.07,45.4,0.0,70.09,1,1,2.0,2.0
2024-10-16T13:46:00.000+02:00,896.99,25.07,45.47,0.0,70.09,1,1,2.0,2.0
2024-10-16T13:47:00.000+02:00,900.52,25.07,45.55,0.0,70.09,1,1,2.0,2.0
2024-10-16T13:48:00.000+02:00,904.02,25.07,45.62,0.0,70.09,1,1,2.0,2.0
2024-10-16T13:49:00.000+02:00,907.51,25.07,45.7,0.0,70.09,1,1,2.0,2.0
2024-10-16T13:50:00.000+02:00,910.98,25.08,45.78,0.0,70.09,1,1,2.0,2.0
2024-10-16T13:51:00.000+02:00,914.43,25.08,45.85,0.0,70.09,1,1,2.0,2.0
2024-10-16T13:52:00.000+02:00,917.86,25.08,45.93,0.0,70.09,1,1,2.0,2.0
2024-10-16T13:53:00.000+02:00,921.27,25.08,46.0,0.0,70.09,1,1,2.0,2.0
2024-10-16T13:54:00.000+02:00,924.66,25.08,46.08,0.0,70.09,1,1,2.0,2.0
2024-10-16T13:55:00.000+02:00,928.03,25.08,46.15,0.0,70.09,1,1,2.0,2.0
2024-10-16T13:56:00.000+02:00,931.39,25.09,46.22,0.0,70.09,1,1,2.0,2.0
2024-10-16T13:57:00.000+02:00,934.72,25.09,46.3,0.0,70.09,1,1,2.0,2.0
2024-10-16T13:58:00.000+02:00,938.04,25.09,46.37,0.0,70.09,1,1,2.0,2.0
2024-10-16T13:59:00.000+02:00,941.34,25.09,46.44,0.0,70.09,1,1,2.0,2.0
2024-10-16T14:00:00.000+02:00,944.62,25.09,46.52,0.0,70.09,1,1,2.0,2.0
2024-10-16T14:01:00.000+02:00,947.89,25.09,46.59,0.0,70.09,1,1,2.0,2.0
2024-10-16T14:02:00.000+02:00,951.13,25.09,46.66,0.0,70.09,1,1,2.0,2.0
2024-10-16T14:03:00.000+02:00,954.36,25.1,46.74,0.0,70.09,1,1,2.0,2.0
2024-10-16T14:04:00.000+02:00,957.57,25.1,46.81,0.0,70.09,1,1,2.0,2.0
2024-10-16T14:05:00.000+02:00,960.76,25.1,46.88,0.0,70.09,1,1,2.0,2.0
2024-10-16T14:06:00.000+02:00,963.93,25.1,46.95,0.0,70.09,1,1,2.0,2.0
2024-10-16T14:07:00.000+02:00,967.09,25.1,47.02,0.0,70.09,1,1,2.0,2.0
2024-10-16T14:08:00.000+02:00,970.23,25.1,47.09,0.0,70.09,1,1,2.0,2.0
2024-10-16T14:09:00.000+02:00,973.35,25.1,47.16,0.0,70.09,1,1,2.0,2.0
2024-10-16T14:10:00.000+02:00,976.45,25.11,47.24,0.0,70.09,1,1,2.0,2.0
2024-10-16T14:11:00.000+02:00,979.54,25.11,47.31,0.0,70.09,1,1,2.0,2.0
2024-10-16T14:12:00.000+02:00,982.61,25.11,47.38,0.0,70.09,1,1,2.0,2.0
2024-10-16T14:13:00.000+02:00,985.66,25.11,47.45,0.0,70.09,1,1,2.0,2.0
2024-10-16T14:14:00.000+02:00,988.7,25.11,47.52,0.0,70.09,1,1,2.0,2.0
2024-10-16T14:15:00.000+02:00,991.72,25.11,47.59,0.0,70.09,1,1,2.0,2.0
2024-10-16T14:16:00.000+02:00,994.72,25.11,47.66,0.0,70.09,1,1,2.0,2.0
2024-10-16T14:17:00.000+02:00,997.71,25.11,47.72,0.0,70.09,1,1,2.0,2.0
2024-10-16T14:18:00.000+02:00,1000.68,25.12,47.79,0.0,70.09,1,1,2.0,2.0
2024-10-16T14:19:00.000+02:00,1003.63,25.12,47.86,0.0,70.09,1,1,2.0,2.0
2024-10-16T14:20:00.000+02:00,919.55,23.45,51.7,0.59,70.09,1,1,2.0,2.0
2024-10-16T14:21:00.000+02:00,797.47,21.2,57.28,0.59,70.09,1,1,1.0,1.0
2024-10-16T14:22:00.000+02:00,690.76,19.86,60.3,0.59,70.09,1,1,1.0,1.0
2024-10-16T14:23:00.000+02:00,612.05,19.31,60.9,0.59,70.09,1,1,1.0,1.0
2024-10-16T14:24:00.000+02:00,555.23,19.13,60.51,0.59,70.09,1,1,1.0,1.0
2024-10-16T14:25:00.000+02:00,512.41,19.05,60.0,0.59,70.09,1,1,1.0,1.0
2024-10-16T14:26:00.000+02:00,478.73,18.99,59.63,0.59,70.09,1,1,1.0,1.0
2024-10-16T14:27:00.000+02:00,451.7,18.93,59.36,0.59,70.09,1,1,1.0,1.0
2024-10-16T14:28:00.000+02:00,429.96,18.88,59.14,0.59,70.09,1,1,1.0,1.0
2024-10-16T14:29:00.000+02:00,412.49,18.84,58.95,0.59,70.09,1,1,1.0,1.0
2024-10-16T14:30:00.000+02:00,398.49,18.82,58.78,0.59,70.09,1,1,1.0,1.0
2024-10-16T14:31:00.000+02:00,387.26,18.81,58.63,0.59,70.09,1,1,1.0,1.0
2024-10-16T14:32:00.000+02:00,378.24,18.81,58.51,0.59,70.09,1,1,1.0,1.0
2024-10-16T14:33:00.000+02:00,372.45,18.83,58.35,0.59,70.09,1,1,2.0,2.0
2024-10-16T14:34:00.000+02:00,368.67,18.85,58.2,0.59,70.09,1,1,2.0,2.0
2024-10-16T14:35:00.000+02:00,365.89,18.88,58.08,0.59,70.09,1,1,2.0,2.0
2024-10-16T14:36:00.000+02:00,363.65,18.9,57.99,0.59,70.09,1,1,2.0,2.0
2024-10-16T14:37:00.000+02:00,361.81,18.91,57.92,0.59,70.09,1,1,2.0,2.0
2024-10-16T14:38:00.000+02:00,360.32,18.93,57.87,0.59,70.09,1,1,2.0,2.0
2024-10-16T14:39:00.000+02:00,359.13,18.94,57.82,0.59,70.09,1,1,2.0,2.0
2024-10-16T14:40:00.000+02:00,358.19,18.96,57.79,0.59,70.09,1,1,2.0,2.0
2024-10-16T14:41:00.000+02:00,357.45,18.97,57.76,0.59,70.09,1,1,2.0,2.0
2024-10-16T14:42:00.000+02:00,356.88,18.98,57.73,0.59,70.09,1,1,2.0,2.0
2024-10-16T14:43:00.000+02:00,356.45,19.0,57.7,0.59,70.09,1,1,2.0,2.0
2024-10-16T14:44:00.000+02:00,356.12,19.01,57.68,0.59,70.09,1,1,2.0,2.0
2024-10-16T14:45:00.000+02:00,355.87,19.03,57.66,0.59,70.09,1,1,2.0,2.0
2024-10-16T14:46:00.000+02:00,355.7,19.05,57.63,0.59,70.09,1,1,2.0,2.0
2024-10-16T14:47:00.000+02:00,355.59,19.06,57.61,0.59,70.09,1,1,2.0,2.0
2024-10-16T14:48:00.000+02:00,355.52,19.08,57.59,0.59,70.09,1,1,2.0,2.0
2024-10-16T14:49:00.000+02:00,355.5,19.1,57.56,0.59,70.09,1,1,2.0,2.0
2024-10-16T14:50:00.000+02:00,355.5,19.11,57.54,0.59,70.09,1,1,2.0,2.0
2024-10-16T14:51:00.000+02:00,355.53,19.13,57.51,0.59,70.09,1,1,2.0,2.0
2024-10-16T14:52:00.000+02:00,358.94,19.92,54.82,0.0,70.09,1,1,2.0,2.0
2024-10-16T14:53:00.000+02:00,364.58,20.99,51.39,0.0,70.09,1,1,2.0,2.0
2024-10-16T14:54:00.000+02:00,371.07,21.68,49.34,0.0,70.09,1,1,2.0,2.0
2024-10-16T14:55:00.000+02:00,377.69,22.04,48.34,0.0,70.09,1,1,2.0,2.0
2024-10-16T14:56:00.000+02:00,384.21,22.26,47.82,0.0,70.09,1,1,2.0,2.0
2024-10-16T14:57:00.000+02:00,390.62,22.42,47.45,0.0,70.09,1,1,2.0,2.0
2024-10-16T14:58:00.000+02:00,396.96,22.57,47.13,0.0,70.09,1,1,2.0,2.0
2024-10-16T14:59:00.000+02:00,403.27,22.71,46.83,0.0,70.09,1,1,2.0,2.0
2024-10-16T15:00:00.000+02:00,409.54,22.84,46.56,0.0,70.09,1,1,2.0,2.0
2024-10-16T15:01:00.000+02:00,415.77,22.95,46.33,0.0,70.09,1,1,2.0,2.0
2024-10-16T15:02:00.000+02:00,421.98,23.06,46.13,0.0,70.09,1,1,2.0,2.0
2024-10-16T15:03:00.000+02:00,428.15,23.16,45.97,0.0,70.09,1,1,2.0,2.0
2024-10-16T15:04:00.000+02:00,434.28,23.25,45.82,0.0,70.09,1,1,2.0,2.0
2024-10-16T15:05:00.000+02:00,440.38,23.33,45.7,0.0,70.09,1,1,2.0,2.0
2024-10-16T15:06:00.000+02:00,446.45,23.41,45.59,0.0,70.09,1,1,2.0,2.0
2024-10-16T15:07:00.000+02:00,452.48,23.48,45.5,0.0,70.09,1,1,2.0,2.0
2024-10-16T15:08:00.000+02:00,458.49,23.55,45.42,0.0,70.09,1,1,2.0,2.0
2024-10-16T15:09:00.000+02:00,462.63,23.59,45.38,0.0,70.09,1,1,1.0,1.0
2024-10-16T15:10:00.000+02:00,465.59,23.62,45.36,0.0,70.09,1,1,1.0,1.0
2024-10-16T15:11:00.000+02:00,468.12,23.64,45.35,0.0,70.09,1,1,1.0,1.0
2024-10-16T15:12:00.000+02:00,470.6,23.66,45.35,0.0,70.09,1,1,1.0,1.0
2024-10-16T15:13:00.000+02:00,473.1,23.67,45.35,0.0,70.09,1,1,1.0,1.0
2024-10-16T15:14:00.000+02:00,475.63,23.69,45.35,0.0,70.09,1,1,1.0,1.0
2024-10-16T15:15:00.000+02:00,478.16,23.71,45.35,0.0,70.09,1,1,1.0,1.0
2024-10-16T15:16:00.000+02:00,480.68,23.73,45.35,0.0,70.09,1,1,1.0,1.0
2024-10-16T15:17:00.000+02:00,483.18,23.74,45.36,0.0,70.09,1,1,1.0,1.0
2024-10-16T15:18:00.000+02:00,485.67,23.76,45.37,0.0,70.09,1,1,1.0,1.0
2024-10-16T15:19:00.000+02:00,488.14,23.77,45.38,0.0,70.09,1,1,1.0,1.0
2024-10-16T15:20:00.000+02:00,490.6,23.78,45.39,0.0,70.09,1,1,1.0,1.0
2024-10-16T15:21:00.000+02:00,493.05,23.8,45.41,0.0,70.09,1,1,1.0,1.0
2024-10-16T15:22:00.000+02:00,495.48,23.81,45.42,0.0,70.09,1,1,1.0,1.0
2024-10-16T15:23:00.000+02:00,497.9,23.82,45.44,0.0,70.09,1,1,1.0,1.0
2024-10-16T15:24:00.000+02:00,500.31,23.83,45.46,0.0,70.09,1,1,1.0,1.0
2024-10-16T15:25:00.000+02:00,502.7,23.84,45.48,0.0,70.09,1,1,1.0,1.0
2024-10-16T15:26:00.000+02:00,505.08,23.85,45.5,0.0,70.09,1,1,1.0,1.0
2024-10-16T15:27:00.000+02:00,507.45,23.86,45.52,0.0,70.09,1,1,1.0,1.0
2024-10-16T15:28:00.000+02:00,509.8,23.87,45.54,0.0,70.09,1,1,1.0,1.0
2024-10-16T15:29:00.000+02:00,512.14,23.88,45.57,0.0,70.09,1,1,1.0,1.0
2024-10-16T15:30:00.000+02:00,514.47,23.89,45.59,0.0,70.09,1,1,1.0,1.0
2024-10-16T15:31:00.000+02:00,516.79,23.89,45.62,0.0,70.09,1,1,1.0,1.0
2024-10-16T15:32:00.000+02:00,519.09,23.9,45.65,0.0,70.09,1,1,1.0,1.0
2024-10-16T15:33:00.000+02:00,521.38,23.91,45.67,0.0,70.09,1,1,1.0,1.0
2024-10-16T15:34:00.000+02:00,523.66,23.92,45.7,0.0,70.09,1,1,1.0,1.0
2024-10-16T15:35:00.000+02:00,525.92,23.92,45.73,0.0,70.09,1,1,1.0,1.0
2024-10-16T15:36:00.000+02:00,528.18,23.93,45.76,0.0,70.09,1,1,1.0,1.0
2024-10-16T15:37:00.000+02:00,530.42,23.94,45.79,0.0,70.09,1,1,1.0,1.0
2024-10-16T15:38:00.000+02:00,532.65,23.94,45.82,0.0,70.09,1,1,1.0,1.0
2024-10-16T15:39:00.000+02:00,534.86,23.95,45.85,0.0,70.09,1,1,1.0,1.0
2024-10-16T15:40:00.000+02:00,537.07,23.96,45.88,0.0,70.09,1,1,1.0,1.0
2024-10-16T15:41:00.000+02:00,539.26,23.96,45.91,0.0,70.09,1,1,1.0,1.0
2024-10-16T15:42:00.000+02:00,541.44,23.97,45.94,0.0,70.09,1,1,1.0,1.0
2024-10-16T15:43:00.000+02:00,543.61,23.97,45.97,0.0,70.09,1,1,1.0,1.0
2024-10-16T15:44:00.000+02:00,545.76,23.98,46.0,0.0,70.09,1,1,1.0,1.0
2024-10-16T15:45:00.000+02:00,547.91,23.98,46.03,0.0,70.09,1,1,1.0,1.0
2024-10-16T15:46:00.000+02:00,550.04,23.99,46.07,0.0,70.09,1,1,1.0,1.0
2024-10-16T15:47:00.000+02:00,552.16,23.99,46.1,0.0,70.09,1,1,1.0,1.0
2024-10-16T15:48:00.000+02:00,554.27,24.0,46.13,0.0,70.09,1,1,1.0,1.0
2024-10-16T15:49:00.000+02:00,556.37,24.01,46.16,0.0,70.09,1,1,1.0,1.0
2024-10-16T15:50:00.000+02:00,558.45,24.01,46.2,0.0,70.09,1,1,1.0,1.0
2024-10-16T15:51:00.000+02:00,560.53,24.01,46.23,0.0,70.09,1,1,1.0,1.0
2024-10-16T15:52:00.000+02:00,562.59,24.02,46.26,0.0,70.09,1,1,1.0,1.0
2024-10-16T15:53:00.000+02:00,564.65,24.02,46.29,0.0,70.09,1,1,1.0,1.0
2024-10-16T15:54:00.000+02:00,566.69,24.03,46.33,0.0,70.09,1,1,1.0,1.0
2024-10-16T15:55:00.000+02:00,568.72,24.03,46.36,0.0,70.09,1,1,1.0,1.0
2024-10-16T15:56:00.000+02:00,570.74,24.04,46.4,0.0,70.09,1,1,1.0,1.0
2024-10-16T15:57:00.000+02:00,572.74,24.04,46.43,0.0,70.09,1,1,1.0,1.0
2024-10-16T15:58:00.000+02:00,574.74,24.05,46.46,0.0,70.09,1,1,1.0,1.0
2024-10-16T15:59:00.000+02:00,576.73,24.05,46.5,0.0,70.09,1,1,1.0,1.0
2024-10-16T16:00:00.000+02:00,578.7,24.05,46.53,0.0,70.09,1,1,1.0,1.0
2024-10-16T16:01:00.000+02:00,580.67,24.06,46.57,0.0,70.09,1,1,1.0,1.0
2024-10-16T16:02:00.000+02:00,582.62,24.06,46.6,0.0,70.09,1,1,1.0,1.0
2024-10-16T16:03:00.000+02:00,584.56,24.06,46.64,0.0,70.09,1,1,1.0,1.0
2024-10-16T16:04:00.000+02:00,586.49,24.07,46.67,0.0,70.09,1,1,1.0,1.0
2024-10-16T16:05:00.000+02:00,588.42,24.07,46.71,0.0,70.09,1,1,1.0,1.0
2024-10-16T16:06:00.000+02:00,588.5,24.06,46.76,0.0,70.09,0,1,0.0,
2024-10-16T16:07:00.000+02:00,587.43,24.03,46.83,0.0,70.09,0,1,0.0,
2024-10-16T16:08:00.000+02:00,585.95,24.0,46.89,0.0,70.09,0,1,0.0,
2024-10-16T16:09:00.000+02:00,584.44,23.98,46.95,0.0,70.09,0,1,0.0,
2024-10-16T16:10:00.000+02:00,582.97,23.95,47.01,0.0,70.09,0,1,0.0,
2024-10-16T16:11:00.000+02:00,581.55,23.93,47.05,0.0,70.09,0,1,0.0,
2024-10-16T16:12:00.000+02:00,580.16,23.91,47.1,0.0,70.09,0,1,0.0,
2024-10-16T16:13:00.000+02:00,578.77,23.89,47.14,0.0,70.09,0,1,0.0,
2024-10-16T16:14:00.000+02:00,577.4,23.88,47.17,0.0,70.09,0,1,0.0,
2024-10-16T16:15:00.000+02:00,576.02,23.86,47.2,0.0,70.09,0,1,0.0,
2024-10-16T16:16:00.000+02:00,574.66,23.85,47.23,0.0,70.09,0,1,0.0,
2024-10-16T16:17:00.000+02:00,573.3,23.84,47.26,0.0,70.09,0,1,0.0,
2024-10-16T16:18:00.000+02:00,571.96,23.82,47.28,0.0,70.09,0,1,0.0,
2024-10-16T16:19:00.000+02:00,570.61,23.81,47.31,0.0,70.09,0,1,0.0,
2024-10-16T16:20:00.000+02:00,569.28,23.8,47.33,0.0,70.09,0,1,0.0,
2024-10-16T16:21:00.000+02:00,567.95,23.79,47.34,0.0,70.09,0,1,0.0,
2024-10-16T16:22:00.000+02:00,566.64,23.78,47.36,0.0,70.09,0,1,0.0,
2024-10-16T16:23:00.000+02:00,565.32,23.78,47.38,0.0,70.09,0,1,0.0,
2024-10-16T16:24:00.000+02:00,564.02,23.77,47.39,0.0,70.09,0,1,0.0,
2024-10-16T16:25:00.000+02:00,562.72,23.76,47.4,0.0,70.09,0,1,0.0,
2024-10-16T16:26:00.000+02:00,561.43,23.75,47.41,0.0,70.09,0,1,0.0,
2024-10-16T16:27:00.000+02:00,560.15,23.75,47.42,0.0,70.09,0,1,0.0,
2024-10-16T16:28:00.000+02:00,558.87,23.74,47.43,0.0,70.09,0,1,0.0,
2024-10-16T16:29:00.000+02:00,557.61,23.74,47.44,0.0,70.09,0,1,0.0,
2024-10-16T16:30:00.000+02:00,556.34,23.73,47.45,0.0,70.09,0,1,0.0,
2024-10-16T16:31:00.000+02:00,555.09,23.72,47.46,0.0,70.09,0,1,0.0,
2024-10-16T16:32:00.000+02:00,553.84,23.72,47.46,0.0,70.09,0,1,0.0,
2024-10-16T16:33:00.000+02:00,552.6,23.72,47.47,0.0,70.09,0,1,0.0,
2024-10-16T16:34:00.000+02:00,551.37,23.71,47.47,0.0,70.09,0,1,0.0,
2024-10-16T16:35:00.000+02:00,550.14,23.71,47.48,0.0,70.09,0,1,0.0,
2024-10-16T16:36:00.000+02:00,548.92,23.7,47.48,0.0,70.09,0,1,0.0,
2024-10-16T16:37:00.000+02:00,547.71,23.7,47.48,0.0,70.09,0,1,0.0,
2024-10-16T16:38:00.000+02:00,546.5,23.7,47.49,0.0,70.09,0,1,0.0,
2024-10-16T16:39:00.000+02:00,545.3,23.69,47.49,0.0,70.09,0,1,0.0,
2024-10-16T16:40:00.000+02:00,544.11,23.69,47.49,0.0,70.09,0,1,0.0,
2024-10-16T16:41:00.000+02:00,542.92,23.69,47.49,0.0,70.09,0,1,0.0,
2024-10-16T16:42:00.000+02:00,541.74,23.69,47.5,0.0,70.09,0,1,0.0,
2024-10-16T16:43:00.000+02:00,540.57,23.68,47.5,0.0,70.09,0,1,0.0,
2024-10-16T16:44:00.000+02:00,539.4,23.68,47.5,0.0,70.09,0,1,0.0,
2024-10-16T16:45:00.000+02:00,538.24,23.68,47.5,0.0,70.09,0,1,0.0,
2024-10-16T16:46:00.000+02:00,537.08,23.68,47.5,0.0,70.09,0,0,0.0,0.0
2024-10-16T16:47:00.000+02:00,535.94,23.68,47.5,0.0,70.09,0,0,0.0,0.0
2024-10-16T16:48:00.000+02:00,534.8,23.67,47.5,0.0,70.09,0,0,0.0,0.0
2024-10-16T16:49:00.000+02:00,533.66,23.67,47.5,0.0,70.09,0,0,0.0,0.0
2024-10-16T16:50:00.000+02:00,532.53,23.67,47.5,0.0,70.09,0,0,0.0,0.0
2024-10-16T16:51:00.000+02:00,531.41,23.67,47.5,0.0,70.09,0,0,0.0,0.0
2024-10-16T16:52:00.000+02:00,530.29,23.67,47.51,0.0,70.09,0,0,0.0,0.0
2024-10-16T16:53:00.000+02:00,529.18,23.67,47.51,0.0,70.09,0,0,0.0,0.0
2024-10-16T16:54:00.000+02:00,528.08,23.67,47.51,0.0,70.09,0,0,0.0,0.0
2024-10-16T16:55:00.000+02:00,526.98,23.67,47.51,0.0,70.09,0,0,0.0,0.0
2024-10-16T16:56:00.000+02:00,525.89,23.66,47.51,0.0,70.09,0,0,0.0,0.0
2024-10-16T16:57:00.000+02:00,524.8,23.66,47.51,0.0,70.09,0,0,0.0,0.0
2024-10-16T16:58:00.000+02:00,523.72,23.66,47.51,0.0,70.09,0,0,0.0,0.0
2024-10-16T16:59:00.000+02:00,522.65,23.66,47.51,0.0,70.09,0,0,0.0,0.0
2024-10-16T17:00:00.000+02:00,521.58,23.66,47.51,0.0,70.09,0,0,0.0,0.0
2024-10-16T17:01:00.000+02:00,520.52,23.66,47.51,0.0,70.09,0,0,0.0,0.0
2024-10-16T17:02:00.000+02:00,519.46,23.66,47.51,0.0,70.09,0,0,0.0,0.0
2024-10-16T17:03:00.000+02:00,518.41,23.66,47.51,0.0,70.09,0,0,0.0,0.0
2024-10-16T17:04:00.000+02:00,517.36,23.66,47.51,0.0,70.09,0,0,0.0,0.0
2024-10-16T17:05:00.000+02:00,516.32,23.66,47.51,0.0,70.09,0,0,0.0,0.0
2024-10-16T17:06:00.000+02:00,515.29,23.66,47.51,0.0,70.09,0,0,0.0,0.0
2024-10-16T17:07:00.000+02:00,514.26,23.65,47.52,0.0,70.09,0,0,0.0,0.0
2024-10-16T17:08:00.000+02:00,513.24,23.65,47.52,0.0,70.09,0,0,0.0,0.0
2024-10-16T17:09:00.000+02:00,512.22,23.65,47.52,0.0,70.09,0,0,0.0,0.0
2024-10-16T17:10:00.000+02:00,511.21,23.65,47.52,0.0,70.09,0,0,0.0,0.0
2024-10-16T17:11:00.000+02:00,510.2,23.65,47.53,0.0,70.09,0,0,0.0,0.0
2024-10-16T17:12:00.000+02:00,509.2,23.65,47.53,0.0,70.09,0,0,0.0,0.0
2024-10-16T17:13:00.000+02:00,508.21,23.64,47.53,0.0,70.09,0,0,0.0,0.0
2024-10-16T17:14:00.000+02:00,507.22,23.64,47.53,0.0,70.09,0,0,0.0,0.0
2024-10-16T17:15:00.000+02:00,506.23,23.64,47.54,0.0,70.09,0,0,0.0,0.0
2024-10-16T17:16:00.000+02:00,505.25,23.64,47.54,0.0,70.09,0,0,0.0,0.0
2024-10-16T17:17:00.000+02:00,504.28,23.64,47.54,0.0,70.09,0,0,0.0,0.0
2024-10-16T17:18:00.000+02:00,503.31,23.63,47.54,0.0,70.09,0,0,0.0,0.0
2024-10-16T17:19:00.000+02:00,502.35,23.63,47.55,0.0,70.09,0,0,0.0,0.0
2024-10-16T17:20:00.000+02:00,501.39,23.63,47.55,0.0,70.09,0,0,0.0,0.0
2024-10-16T17:21:00.000+02:00,500.44,23.63,47.55,0.0,70.09,0,0,0.0,0.0
2024-10-16T17:22:00.000+02:00,499.49,23.62,47.55,0.0,70.09,0,0,0.0,0.0
2024-10-16T17:23:00.000+02:00,498.54,23.62,47.56,0.0,70.09,0,0,0.0,0.0
2024-10-16T17:24:00.000+02:00,497.61,23.62,47.56,0.0,70.09,0,0,0.0,0.0
2024-10-16T17:25:00.000+02:00,496.67,23.62,47.56,0.0,70.09,0,0,0.0,0.0
2024-10-16T17:26:00.000+02:00,495.75,23.61,47.57,0.0,70.09,0,0,0.0,0.0
2024-10-16T17:27:00.000+02:00,494.82,23.61,47.57,0.0,70.09,0,0,0.0,0.0
2024-10-16T17:28:00.000+02:00,493.91,23.61,47.57,0.0,70.09,0,0,0.0,0.0
2024-10-16T17:29:00.000+02:00,492.99,23.61,47.57,0.0,70.09,0,0,0.0,0.0
2024-10-16T17:30:00.000+02:00,492.09,23.6,47.58,0.0,70.09,0,0,0.0,0.0
2024-10-16T17:31:00.000+02:00,491.18,23.6,47.58,0.0,70.09,0,0,0.0,0.0
2024-10-16T17:32:00.000+02:00,490.29,23.6,47.58,0.0,70.09,0,0,0.0,0.0
2024-10-16T17:33:00.000+02:00,489.39,23.59,47.58,0.0,70.09,0,0,0.0,0.0
2024-10-16T17:34:00.000+02:00,488.5,23.59,47.59,0.0,70.09,0,0,0.0,0.0
2024-10-16T17:35:00.000+02:00,487.62,23.59,47.59,0.0,70.09,0,0,0.0,0.0
2024-10-16T17:36:00.000+02:00,486.74,23.59,47.59,0.0,70.09,0,0,0.0,0.0
2024-10-16T17:37:00.000+02:00,485.87,23.58,47.59,0.0,70.09,0,0,0.0,0.0
2024-10-16T17:38:00.000+02:00,485.0,23.58,47.59,0.0,70.09,0,0,0.0,0.0
2024-10-16T17:39:00.000+02:00,484.14,23.58,47.6,0.0,70.09,0,0,0.0,0.0
2024-10-16T17:40:00.000+02:00,483.28,23.57,47.6,0.0,70.09,0,0,0.0,0.0
2024-10-16T17:41:00.000+02:00,482.42,23.57,47.6,0.0,70.09,0,0,0.0,0.0
2024-10-16T17:42:00.000+02:00,481.57,23.57,47.6,0.0,70.09,0,0,0.0,0.0
2024-10-16T17:43:00.000+02:00,480.73,23.57,47.6,0.0,70.09,0,0,0.0,0.0
2024-10-16T17:44:00.000+02:00,479.88,23.56,47.6,0.0,70.09,0,0,0.0,0.0
2024-10-16T17:45:00.000+02:00,479.05,23.56,47.6,0.0,70.09,0,0,0.0,0.0
2024-10-16T17:46:00.000+02:00,478.22,23.56,47.61,0.0,70.09,0,0,0.0,0.0
2024-10-16T17:47:00.000+02:00,477.39,23.56,47.61,0.0,70.09,0,0,0.0,0.0
2024-10-16T17:48:00.000+02:00,476.56,23.55,47.61,0.0,70.09,0,0,0.0,0.0
2024-10-16T17:49:00.000+02:00,475.75,23.55,47.61,0.0,70.09,0,0,0.0,0.0
2024-10-16T17:50:00.000+02:00,474.93,23.55,47.61,0.0,70.09,0,0,0.0,0.0
2024-10-16T17:51:00.000+02:00,474.12,23.54,47.61,0.0,70.09,0,0,0.0,0.0
2024-10-16T17:52:00.000+02:00,473.32,23.54,47.61,0.0,70.09,0,0,0.0,0.0
2024-10-16T17:53:00.000+02:00,472.52,23.54,47.61,0.0,70.09,0,0,0.0,0.0
2024-10-16T17:54:00.000+02:00,471.72,23.54,47.61,0.0,70.09,0,0,0.0,0.0
2024-10-16T17:55:00.000+02:00,470.93,23.53,47.61,0.0,70.09,0,0,0.0,0.0
2024-10-16T17:56:00.000+02:00,470.14,23.53,47.61,0.0,70.09,0,0,0.0,0.0
2024-10-16T17:57:00.000+02:00,469.36,23.53,47.61,0.0,70.09,0,0,0.0,0.0
2024-10-16T17:58:00.000+02:00,468.58,23.52,47.61,0.0,70.09,0,0,0.0,0.0
2024-10-16T17:59:00.000+02:00,467.8,23.52,47.61,0.0,70.09,0,0,0.0,0.0
2024-10-16T18:00:00.000+02:00,467.03,23.52,47.61,0.0,70.09,0,0,0.0,0.0
2024-10-16T18:01:00.000+02:00,466.26,23.51,47.61,0.0,70.09,0,0,0.0,0.0
2024-10-16T18:02:00.000+02:00,465.5,23.51,47.61,0.0,70.09,0,0,0.0,0.0
2024-10-16T18:03:00.000+02:00,464.74,23.51,47.61,0.0,70.09,0,0,0.0,0.0
2024-10-16T18:04:00.000+02:00,463.99,23.51,47.61,0.0,70.09,0,0,0.0,0.0
2024-10-16T18:05:00.000+02:00,463.24,23.5,47.61,0.0,70.09,0,0,0.0,0.0
2024-10-16T18:06:00.000+02:00,462.49,23.5,47.6,0.0,70.09,0,0,0.0,0.0
2024-10-16T18:07:00.000+02:00,461.75,23.5,47.6,0.0,70.09,0,0,0.0,0.0
2024-10-16T18:08:00.000+02:00,461.01,23.49,47.6,0.0,70.09,0,0,0.0,0.0
2024-10-16T18:09:00.000+02:00,460.28,23.49,47.6,0.0,70.09,0,0,0.0,0.0
2024-10-16T18:10:00.000+02:00,459.55,23.49,47.6,0.0,70.09,0,0,0.0,0.0
2024-10-16T18:11:00.000+02:00,458.82,23.49,47.6,0.0,70.09,0,0,0.0,0.0
2024-10-16T18:12:00.000+02:00,458.1,23.48,47.6,0.0,70.09,0,0,0.0,0.0
2024-10-16T18:13:00.000+02:00,457.38,23.48,47.6,0.0,70.09,0,0,0.0,0.0
2024-10-16T18:14:00.000+02:00,456.66,23.48,47.59,0.0,70.09,0,0,0.0,0.0
2024-10-16T18:15:00.000+02:00,455.95,23.47,47.59,0.0,70.09,0,0,0.0,0.0
2024-10-16T18:16:00.000+02:00,455.25,23.47,47.59,0.0,70.09,0,0,0.0,0.0
2024-10-16T18:17:00.000+02:00,454.54,23.47,47.59,0.0,70.09,0,0,0.0,0.0
2024-10-16T18:18:00.000+02:00,453.84,23.46,47.59,0.0,70.09,0,0,0.0,0.0
2024-10-16T18:19:00.000+02:00,453.15,23.46,47.58,0.0,70.09,0,0,0.0,0.0
2024-10-16T18:20:00.000+02:00,452.46,23.46,47.58,0.0,70.09,0,0,0.0,0.0
2024-10-16T18:21:00.000+02:00,451.77,23.45,47.58,0.0,70.09,0,0,0.0,0.0
2024-10-16T18:22:00.000+02:00,451.09,23.45,47.58,0.0,70.09,0,0,0.0,0.0
2024-10-16T18:23:00.000+02:00,450.41,23.45,47.58,0.0,70.09,0,0,0.0,0.0
2024-10-16T18:24:00.000+02:00,449.73,23.44,47.57,0.0,70.09,0,0,0.0,0.0
2024-10-16T18:25:00.000+02:00,449.06,23.44,47.57,0.0,70.09,0,0,0.0,0.0
2024-10-16T18:26:00.000+02:00,448.39,23.44,47.57,0.0,70.09,0,0,0.0,0.0
2024-10-16T18:27:00.000+02:00,447.72,23.43,47.56,0.0,70.09,0,0,0.0,0.0
2024-10-16T18:28:00.000+02:00,447.06,23.43,47.56,0.0,70.09,0,0,0.0,0.0
2024-10-16T18:29:00.000+02:00,446.4,23.43,47.56,0.0,70.09,0,0,0.0,0.0
2024-10-16T18:30:00.000+02:00,445.74,23.43,47.55,0.0,70.09,0,0,0.0,0.0
2024-10-16T18:31:00.000+02:00,445.09,23.42,47.55,0.0,70.09,0,0,0.0,0.0
2024-10-16T18:32:00.000+02:00,444.45,23.42,47.55,0.0,70.09,0,0,0.0,0.0
2024-10-16T18:33:00.000+02:00,443.8,23.42,47.54,0.0,70.09,0,0,0.0,0.0
2024-10-16T18:34:00.000+02:00,443.16,23.41,47.54,0.0,70.09,0,0,0.0,0.0
2024-10-16T18:35:00.000+02:00,442.52,23.41,47.54,0.0,70.09,0,0,0.0,0.0
2024-10-16T18:36:00.000+02:00,441.89,23.41,47.53,0.0,70.09,0,0,0.0,0.0
2024-10-16T18:37:00.000+02:00,441.26,23.4,47.53,0.0,70.09,0,0,0.0,0.0
2024-10-16T18:38:00.000+02:00,440.63,23.4,47.52,0.0,70.09,0,0,0.0,0.0
2024-10-16T18:39:00.000+02:00,440.01,23.4,47.52,0.0,70.09,0,0,0.0,0.0
2024-10-16T18:40:00.000+02:00,439.39,23.39,47.52,0.0,70.09,0,0,0.0,0.0
2024-10-16T18:41:00.000+02:00,438.77,23.39,47.51,0.0,70.09,0,0,0.0,0.0
2024-10-16T18:42:00.000+02:00,438.16,23.39,47.51,0.0,70.09,0,0,0.0,0.0
2024-10-16T18:43:00.000+02:00,437.55,23.38,47.5,0.0,70.09,0,0,0.0,0.0
2024-10-16T18:44:00.000+02:00,436.94,23.38,47.5,0.0,70.09,0,0,0.0,0.0
2024-10-16T18:45:00.000+02:00,436.34,23.38,47.49,0.0,70.09,0,0,0.0,0.0
2024-10-16T18:46:00.000+02:00,435.74,23.37,47.49,0.0,70.09,0,0,0.0,0.0
2024-10-16T18:47:00.000+02:00,435.14,23.37,47.48,0.0,70.09,0,0,0.0,0.0
2024-10-16T18:48:00.000+02:00,434.55,23.37,47.48,0.0,70.09,0,0,0.0,0.0
2024-10-16T18:49:00.000+02:00,433.96,23.36,47.47,0.0,70.09,0,0,0.0,0.0
2024-10-16T18:50:00.000+02:00,433.37,23.36,47.47,0.0,70.09,0,0,0.0,0.0
2024-10-16T18:51:00.000+02:00,432.78,23.36,47.46,0.0,70.09,0,0,0.0,0.0
2024-10-16T18:52:00.000+02:00,432.2,23.35,47.46,0.0,70.09,0,0,0.0,0.0
2024-10-16T18:53:00.000+02:00,431.63,23.35,47.45,0.0,70.09,0,0,0.0,0.0
2024-10-16T18:54:00.000+02:00,431.05,23.35,47.45,0.0,70.09,0,0,0.0,0.0
2024-10-16T18:55:00.000+02:00,430.48,23.34,47.44,0.0,70.09,0,0,0.0,0.0
2024-10-16T18:56:00.000+02:00,429.91,23.34,47.43,0.0,70.09,0,0,0.0,0.0
2024-10-16T18:57:00.000+02:00,429.35,23.34,47.43,0.0,70.09,0,0,0.0,0.0
2024-10-16T18:58:00.000+02:00,428.78,23.33,47.42,0.0,70.09,0,0,0.0,0.0
2024-10-16T18:59:00.000+02:00,428.23,23.33,47.42,0.0,70.09,0,0,0.0,0.0
2024-10-16T19:00:00.000+02:00,427.67,23.33,47.41,0.0,70.09,0,0,0.0,0.0
2024-10-16T19:01:00.000+02:00,427.12,23.32,47.4,0.0,70.09,0,0,0.0,0.0
2024-10-16T19:02:00.000+02:00,426.57,23.32,47.4,0.0,70.09,0,0,0.0,0.0
2024-10-16T19:03:00.000+02:00,426.02,23.32,47.39,0.0,70.09,0,0,0.0,0.0
2024-10-16T19:04:00.000+02:00,425.47,23.31,47.39,0.0,70.09,0,0,0.0,0.0
2024-10-16T19:05:00.000+02:00,424.93,23.31,47.38,0.0,70.09,0,0,0.0,0.0
2024-10-16T19:06:00.000+02:00,424.4,23.31,47.37,0.0,70.09,0,0,0.0,0.0
2024-10-16T19:07:00.000+02:00,423.86,23.3,47.37,0.0,70.09,0,0,0.0,0.0
2024-10-16T19:08:00.000+02:00,423.33,23.3,47.36,0.0,70.09,0,0,0.0,0.0
2024-10-16T19:09:00.000+02:00,422.8,23.3,47.35,0.0,70.09,0,0,0.0,0.0
2024-10-16T19:10:00.000+02:00,422.27,23.29,47.35,0.0,70.09,0,0,0.0,0.0
2024-10-16T19:11:00.000+02:00,421.75,23.29,47.34,0.0,70.09,0,0,0.0,0.0
2024-10-16T19:12:00.000+02:00,421.23,23.29,47.34,0.0,70.09,0,0,0.0,0.0
2024-10-16T19:13:00.000+02:00,420.71,23.28,47.33,0.0,70.09,0,0,0.0,0.0
2024-10-16T19:14:00.000+02:00,420.19,23.28,47.32,0.0,70.09,0,0,0.0,0.0
2024-10-16T19:15:00.000+02:00,419.68,23.28,47.32,0.0,70.09,0,0,0.0,0.0
2024-10-16T19:16:00.000+02:00,419.17,23.27,47.31,0.0,70.09,0,0,0.0,0.0
2024-10-16T19:17:00.000+02:00,418.67,23.27,47.3,0.0,70.09,0,0,0.0,0.0
2024-10-16T19:18:00.000+02:00,418.16,23.26,47.3,0.0,70.09,0,0,0.0,0.0
2024-10-16T19:19:00.000+02:00,417.66,23.26,47.29,0.0,70.09,0,0,0.0,0.0
2024-10-16T19:20:00.000+02:00,417.16,23.26,47.28,0.0,70.09,0,0,0.0,0.0
2024-10-16T19:21:00.000+02:00,416.67,23.25,47.28,0.0,70.09,0,0,0.0,0.0
2024-10-16T19:22:00.000+02:00,416.17,23.25,47.27,0.0,70.09,0,0,0.0,0.0
2024-10-16T19:23:00.000+02:00,415.68,23.25,47.26,0.0,70.09,0,0,0.0,0.0
2024-10-16T19:24:00.000+02:00,415.19,23.24,47.26,0.0,70.09,0,0,0.0,0.0
2024-10-16T19:25:00.000+02:00,414.71,23.24,47.25,0.0,70.09,0,0,0.0,0.0
2024-10-16T19:26:00.000+02:00,414.23,23.24,47.24,0.0,70.09,0,0,0.0,0.0
2024-10-16T19:27:00.000+02:00,413.75,23.23,47.24,0.0,70.09,0,0,0.0,0.0
2024-10-16T19:28:00.000+02:00,413.27,23.23,47.23,0.0,70.09,0,0,0.0,0.0
2024-10-16T19:29:00.000+02:00,412.8,23.22,47.22,0.0,70.09,0,0,0.0,0.0
2024-10-16T19:30:00.000+02:00,412.32,23.22,47.22,0.0,70.09,0,0,0.0,0.0
2024-10-16T19:31:00.000+02:00,411.85,23.22,47.21,0.0,70.09,0,0,0.0,0.0
2024-10-16T19:32:00.000+02:00,411.39,23.21,47.2,0.0,70.09,0,0,0.0,0.0
2024-10-16T19:33:00.000+02:00,410.92,23.21,47.19,0.0,70.09,0,0,0.0,0.0
2024-10-16T19:34:00.000+02:00,410.46,23.21,47.19,0.0,70.09,0,0,0.0,0.0
2024-10-16T19:35:00.000+02:00,410.0,23.2,47.18,0.0,70.09,0,0,0.0,0.0
2024-10-16T19:36:00.000+02:00,409.55,23.2,47.17,0.0,70.09,0,0,0.0,0.0
2024-10-16T19:37:00.000+02:00,409.09,23.19,47.17,0.0,70.09,0,0,0.0,0.0
2024-10-16T19:38:00.000+02:00,408.64,23.19,47.16,0.0,70.09,0,0,0.0,0.0
2024-10-16T19:39:00.000+02:00,408.19,23.19,47.15,0.0,70.09,0,0,0.0,0.0
2024-10-16T19:40:00.000+02:00,407.74,23.18,47.14,0.0,70.09,0,0,0.0,0.0
2024-10-16T19:41:00.000+02:00,407.3,23.18,47.14,0.0,70.09,0,0,0.0,0.0
2024-10-16T19:42:00.000+02:00,406.86,23.18,47.13,0.0,70.09,0,0,0.0,0.0
2024-10-16T19:43:00.000+02:00,406.42,23.17,47.12,0.0,70.09,0,0,0.0,0.0
2024-10-16T19:44:00.000+02:00,405.98,23.17,47.11,0.0,70.09,0,0,0.0,0.0
2024-10-16T19:45:00.000+02:00,405.55,23.16,47.11,0.0,70.09,0,0,0.0,0.0
2024-10-16T19:46:00.000+02:00,405.11,23.16,47.1,0.0,70.09,0,0,0.0,0.0
2024-10-16T19:47:00.000+02:00,404.68,23.16,47.09,0.0,70.09,0,0,0.0,0.0
2024-10-16T19:48:00.000+02:00,404.26,23.15,47.08,0.0,70.09,0,0,0.0,0.0
2024-10-16T19:49:00.000+02:00,403.83,23.15,47.07,0.0,70.09,0,0,0.0,0.0
2024-10-16T19:50:00.000+02:00,403.41,23.15,47.07,0.0,70.09,0,0,0.0,0.0
2024-10-16T19:51:00.000+02:00,402.99,23.14,47.06,0.0,70.09,0,0,0.0,0.0
2024-10-16T19:52:00.000+02:00,402.57,23.14,47.05,0.0,70.09,0,0,0.0,0.0
2024-10-16T19:53:00.000+02:00,402.15,23.13,47.04,0.0,70.09,0,0,0.0,0.0
2024-10-16T19:54:00.000+02:00,401.74,23.13,47.03,0.0,70.09,0,0,0.0,0.0
2024-10-16T19:55:00.000+02:00,401.33,23.13,47.03,0.0,70.09,0,0,0.0,0.0
2024-10-16T19:56:00.000+02:00,400.92,23.12,47.02,0.0,70.09,0,0,0.0,0.0
2024-10-16T19:57:00.000+02:00,400.51,23.12,47.01,0.0,70.09,0,0,0.0,0.0
2024-10-16T19:58:00.000+02:00,400.11,23.11,47.0,0.0,70.09,0,0,0.0,0.0
2024-10-16T19:59:00.000+02:00,399.7,23.11,46.99,0.0,70.09,0,0,0.0,0.0
2024-10-16T20:00:00.000+02:00,399.3,23.11,46.99,0.0,70.09,0,0,0.0,0.0
2024-10-16T20:01:00.000+02:00,398.9,23.1,46.98,0.0,70.09,0,0,0.0,0.0
2024-10-16T20:02:00.000+02:00,398.51,23.1,46.97,0.0,70.09,0,0,0.0,0.0
2024-10-16T20:03:00.000+02:00,398.11,23.1,46.96,0.0,70.09,0,0,0.0,0.0
2024-10-16T20:04:00.000+02:00,397.72,23.09,46.95,0.0,70.09,0,0,0.0,0.0
2024-10-16T20:05:00.000+02:00,397.33,23.09,46.94,0.0,70.09,0,0,0.0,0.0
2024-10-16T20:06:00.000+02:00,396.95,23.09,46.93,0.0,70.09,0,0,0.0,0.0
2024-10-16T20:07:00.000+02:00,396.56,23.08,46.92,0.0,70.09,0,0,0.0,0.0
2024-10-16T20:08:00.000+02:00,396.18,23.08,46.91,0.0,70.09,0,0,0.0,0.0
2024-10-16T20:09:00.000+02:00,395.8,23.08,46.9,0.0,70.09,0,0,0.0,0.0
2024-10-16T20:10:00.000+02:00,395.42,23.07,46.88,0.0,70.09,0,0,0.0,0.0
2024-10-16T20:11:00.000+02:00,395.04,23.07,46.87,0.0,70.09,0,0,0.0,0.0
2024-10-16T20:12:00.000+02:00,394.67,23.07,46.86,0.0,70.09,0,0,0.0,0.0
2024-10-16T20:13:00.000+02:00,394.29,23.07,46.85,0.0,70.09,0,0,0.0,0.0
2024-10-16T20:14:00.000+02:00,393.92,23.06,46.84,0.0,70.09,0,0,0.0,0.0
2024-10-16T20:15:00.000+02:00,393.55,23.06,46.82,0.0,70.09,0,0,0.0,0.0
2024-10-16T20:16:00.000+02:00,393.19,23.06,46.81,0.0,70.09,0,0,0.0,0.0
2024-10-16T20:17:00.000+02:00,392.82,23.06,46.8,0.0,70.09,0,0,0.0,0.0
2024-10-16T20:18:00.000+02:00,392.46,23.05,46.79,0.0,70.09,0,0,0.0,0.0
2024-10-16T20:19:00.000+02:00,392.1,23.05,46.77,0.0,70.09,0,0,0.0,0.0
2024-10-16T20:20:00.000+02:00,391.74,23.05,46.76,0.0,70.09,0,0,0.0,0.0
2024-10-16T20:21:00.000+02:00,391.38,23.05,46.75,0.0,70.09,0,0,0.0,0.0
2024-10-16T20:22:00.000+02:00,391.03,23.04,46.73,0.0,70.09,0,0,0.0,0.0
2024-10-16T20:23:00.000+02:00,390.67,23.04,46.72,0.0,70.09,0,0,0.0,0.0
2024-10-16T20:24:00.000+02:00,390.32,23.04,46.71,0.0,70.09,0,0,0.0,0.0
2024-10-16T20:25:00.000+02:00,389.98,23.04,46.69,0.0,70.09,0,0,0.0,0.0
2024-10-16T20:26:00.000+02:00,389.63,23.03,46.68,0.0,70.09,0,0,0.0,0.0
2024-10-16T20:27:00.000+02:00,389.28,23.03,46.66,0.0,70.09,0,0,0.0,0.0
2024-10-16T20:28:00.000+02:00,388.94,23.03,46.65,0.0,70.09,0,0,0.0,0.0
2024-10-16T20:29:00.000+02:00,388.6,23.03,46.64,0.0,70.09,0,0,0.0,0.0
2024-10-16T20:30:00.000+02:00,388.26,23.03,46.62,0.0,70.09,0,0,0.0,0.0
2024-10-16T20:31:00.000+02:00,387.92,23.02,46.61,0.0,70.09,0,0,0.0,0.0
2024-10-16T20:32:00.000+02:00,387.59,23.02,46.59,0.0,70.09,0,0,0.0,0.0
2024-10-16T20:33:00.000+02:00,387.25,23.02,46.58,0.0,70.09,0,0,0.0,0.0
2024-10-16T20:34:00.000+02:00,386.92,23.02,46.57,0.0,70.09,0,0,0.0,0.0
2024-10-16T20:35:00.000+02:00,386.59,23.01,46.55,0.0,70.09,0,0,0.0,0.0
2024-10-16T20:36:00.000+02:00,386.26,23.01,46.54,0.0,70.09,0,0,0.0,0.0
2024-10-16T20:37:00.000+02:00,385.93,23.01,46.52,0.0,70.09,0,0,0.0,0.0
2024-10-16T20:38:00.000+02:00,385.61,23.01,46.51,0.0,70.09,0,0,0.0,0.0
2024-10-16T20:39:00.000+02:00,385.29,23.01,46.5,0.0,70.09,0,0,0.0,0.0
2024-10-16T20:40:00.000+02:00,384.96,23.0,46.48,0.0,70.09,0,0,0.0,0.0
2024-10-16T20:41:00.000+02:00,384.64,23.0,46.47,0.0,70.09,0,0,0.0,0.0
2024-10-16T20:42:00.000+02:00,384.33,23.0,46.45,0.0,70.09,0,0,0.0,0.0
2024-10-16T20:43:00.000+02:00,384.01,23.0,46.44,0.0,70.09,0,0,0.0,0.0
2024-10-16T20:44:00.000+02:00,383.7,23.0,46.42,0.0,70.09,0,0,0.0,0.0
2024-10-16T20:45:00.000+02:00,383.38,22.99,46.41,0.0,70.09,0,0,0.0,0.0
2024-10-16T20:46:00.000+02:00,383.07,22.99,46.39,0.0,70.09,0,0,0.0,0.0
2024-10-16T20:47:00.000+02:00,382.76,22.99,46.38,0.0,70.09,0,0,0.0,0.0
2024-10-16T20:48:00.000+02:00,382.46,22.99,46.36,0.0,70.09,0,0,0.0,0.0
2024-10-16T20:49:00.000+02:00,382.15,22.99,46.35,0.0,70.09,0,0,0.0,0.0
2024-10-16T20:50:00.000+02:00,381.85,22.98,46.33,0.0,70.09,0,0,0.0,0.0
2024-10-16T20:51:00.000+02:00,381.54,22.98,46.32,0.0,70.09,0,0,0.0,0.0
2024-10-16T20:52:00.000+02:00,381.24,22.98,46.3,0.0,70.09,0,0,0.0,0.0
2024-10-16T20:53:00.000+02:00,380.94,22.98,46.29,0.0,70.09,0,0,0.0,0.0
2024-10-16T20:54:00.000+02:00,380.65,22.98,46.27,0.0,70.09,0,0,0.0,0.0
2024-10-16T20:55:00.000+02:00,380.35,22.97,46.26,0.0,70.09,0,0,0.0,0.0
2024-10-16T20:56:00.000+02:00,380.06,22.97,46.24,0.0,70.09,0,0,0.0,0.0
2024-10-16T20:57:00.000+02:00,379.76,22.97,46.23,0.0,70.09,0,0,0.0,0.0
2024-10-16T20:58:00.000+02:00,379.47,22.97,46.21,0.0,70.09,0,0,0.0,0.0
2024-10-16T20:59:00.000+02:00,379.18,22.97,46.2,0.0,70.09,0,0,0.0,0.0
2024-10-16T21:00:00.000+02:00,378.9,22.96,46.18,0.0,70.09,0,0,0.0,0.0
2024-10-16T21:01:00.000+02:00,378.61,22.96,46.17,0.0,70.09,0,0,0.0,0.0
2024-10-16T21:02:00.000+02:00,378.32,22.96,46.15,0.0,70.09,0,0,0.0,0.0
2024-10-16T21:03:00.000+02:00,378.04,22.96,46.14,0.0,70.09,0,0,0.0,0.0
2024-10-16T21:04:00.000+02:00,377.76,22.96,46.12,0.0,70.09,0,0,0.0,0.0
2024-10-16T21:05:00.000+02:00,377.48,22.95,46.11,0.0,70.09,0,0,0.0,0.0
2024-10-16T21:06:00.000+02:00,377.2,22.95,46.09,0.0,70.09,0,0,0.0,0.0
2024-10-16T21:07:00.000+02:00,376.92,22.95,46.08,0.0,70.09,0,0,0.0,0.0
2024-10-16T21:08:00.000+02:00,376.65,22.95,46.06,0.0,70.09,0,0,0.0,0.0
2024-10-16T21:09:00.000+02:00,376.38,22.94,46.05,0.0,70.09,0,0,0.0,0.0
2024-10-16T21:10:00.000+02:00,376.1,22.94,46.03,0.0,70.09,0,0,0.0,0.0
2024-10-16T21:11:00.000+02:00,375.83,22.94,46.02,0.0,70.09,0,0,0.0,0.0
2024-10-16T21:12:00.000+02:00,375.56,22.94,46.01,0.0,70.09,0,0,0.0,0.0
2024-10-16T21:13:00.000+02:00,375.29,22.93,45.99,0.0,70.09,0,0,0.0,0.0
2024-10-16T21:14:00.000+02:00,375.03,22.93,45.98,0.0,70.09,0,0,0.0,0.0
2024-10-16T21:15:00.000+02:00,374.76,22.93,45.96,0.0,70.09,0,0,0.0,0.0
2024-10-16T21:16:00.000+02:00,374.5,22.93,45.95,0.0,70.09,0,0,0.0,0.0
2024-10-16T21:17:00.000+02:00,374.24,22.92,45.94,0.0,70.09,0,0,0.0,0.0
2024-10-16T21:18:00.000+02:00,373.98,22.92,45.92,0.0,70.09,0,0,0.0,0.0
2024-10-16T21:19:00.000+02:00,373.72,22.92,45.91,0.0,70.09,0,0,0.0,0.0
2024-10-16T21:20:00.000+02:00,373.46,22.92,45.9,0.0,70.09,0,0,0.0,0.0
2024-10-16T21:21:00.000+02:00,373.2,22.91,45.88,0.0,70.09,0,0,0.0,0.0
2024-10-16T21:22:00.000+02:00,372.95,22.91,45.87,0.0,70.09,0,0,0.0,0.0
2024-10-16T21:23:00.000+02:00,372.7,22.91,45.85,0.0,70.09,0,0,0.0,0.0
2024-10-16T21:24:00.000+02:00,372.44,22.91,45.84,0.0,70.09,0,0,0.0,0.0
2024-10-16T21:25:00.000+02:00,372.19,22.9,45.83,0.0,70.09,0,0,0.0,0.0
2024-10-16T21:26:00.000+02:00,371.94,22.9,45.81,0.0,70.09,0,0,0.0,0.0
2024-10-16T21:27:00.000+02:00,371.69,22.9,45.8,0.0,70.09,0,0,0.0,0.0
2024-10-16T21:28:00.000+02:00,371.45,22.9,45.79,0.0,70.09,0,0,0.0,0.0
2024-10-16T21:29:00.000+02:00,371.2,22.89,45.77,0.0,70.09,0,0,0.0,0.0
2024-10-16T21:30:00.000+02:00,370.96,22.89,45.76,0.0,70.09,0,0,0.0,0.0
2024-10-16T21:31:00.000+02:00,370.72,22.89,45.75,0.0,70.09,0,0,0.0,0.0
2024-10-16T21:32:00.000+02:00,370.47,22.89,45.73,0.0,70.09,0,0,0.0,0.0
2024-10-16T21:33:00.000+02:00,370.23,22.88,45.72,0.0,70.09,0,0,0.0,0.0
2024-10-16T21:34:00.000+02:00,370.0,22.88,45.71,0.0,70.09,0,0,0.0,0.0
2024-10-16T21:35:00.000+02:00,369.76,22.88,45.69,0.0,70.09,0,0,0.0,0.0
2024-10-16T21:36:00.000+02:00,369.52,22.87,45.68,0.0,70.09,0,0,0.0,0.0
2024-10-16T21:37:00.000+02:00,369.29,22.87,45.66,0.0,70.09,0,0,0.0,0.0
2024-10-16T21:38:00.000+02:00,369.05,22.87,45.65,0.0,70.09,0,0,0.0,0.0
2024-10-16T21:39:00.000+02:00,368.82,22.87,45.64,0.0,70.09,0,0,0.0,0.0
2024-10-16T21:40:00.000+02:00,368.59,22.86,45.62,0.0,70.09,0,0,0.0,0.0
2024-10-16T21:41:00.000+02:00,368.36,22.86,45.61,0.0,70.09,0,0,0.0,0.0
2024-10-16T21:42:00.000+02:00,368.13,22.86,45.6,0.0,70.09,0,0,0.0,0.0
2024-10-16T21:43:00.000+02:00,367.91,22.86,45.58,0.0,70.09,0,0,0.0,0.0
2024-10-16T21:44:00.000+02:00,367.68,22.85,45.57,0.0,70.09,0,0,0.0,0.0
2024-10-16T21:45:00.000+02:00,367.46,22.85,45.56,0.0,70.09,0,0,0.0,0.0
2024-10-16T21:46:00.000+02:00,367.23,22.85,45.54,0.0,70.09,0,0,0.0,0.0
2024-10-16T21:47:00.000+02:00,367.01,22.84,45.53,0.0,70.09,0,0,0.0,0.0
2024-10-16T21:48:00.000+02:00,366.79,22.84,45.52,0.0,70.09,0,0,0.0,0.0
2024-10-16T21:49:00.000+02:00,366.57,22.84,45.5,0.0,70.09,0,0,0.0,0.0
2024-10-16T21:50:00.000+02:00,366.35,22.84,45.49,0.0,70.09,0,0,0.0,0.0
2024-10-16T21:51:00.000+02:00,366.13,22.83,45.48,0.0,70.09,0,0,0.0,0.0
2024-10-16T21:52:00.000+02:00,365.92,22.83,45.46,0.0,70.09,0,0,0.0,0.0
2024-10-16T21:53:00.000+02:00,365.7,22.83,45.45,0.0,70.09,0,0,0.0,0.0
2024-10-16T21:54:00.000+02:00,365.49,22.83,45.44,0.0,70.09,0,0,0.0,0.0
2024-10-16T21:55:00.000+02:00,365.28,22.82,45.43,0.0,70.09,0,0,0.0,0.0
2024-10-16T21:56:00.000+02:00,365.06,22.82,45.41,0.0,70.09,0,0,0.0,0.0
2024-10-16T21:57:00.000+02:00,364.85,22.82,45.4,0.0,70.09,0,0,0.0,0.0
2024-10-16T21:58:00.000+02:00,364.65,22.81,45.39,0.0,70.09,0,0,0.0,0.0
2024-10-16T21:59:00.000+02:00,364.44,22.81,45.37,0.0,70.09,0,0,0.0,0.0
2024-10-16T22:00:00.000+02:00,364.23,22.81,45.36,0.0,70.09,0,0,0.0,0.0
2024-10-16T22:01:00.000+02:00,364.02,22.81,45.35,0.0,70.09,0,0,0.0,0.0
2024-10-16T22:02:00.000+02:00,363.82,22.8,45.33,0.0,70.09,0,0,0.0,0.0
2024-10-16T22:03:00.000+02:00,363.62,22.8,45.32,0.0,70.09,0,0,0.0,0.0
2024-10-16T22:04:00.000+02:00,363.41,22.8,45.31,0.0,70.09,0,0,0.0,0.0
2024-10-16T22:05:00.000+02:00,363.21,22.79,45.29,0.0,70.09,0,0,0.0,0.0
2024-10-16T22:06:00.000+02:00,363.01,22.79,45.28,0.0,70.09,0,0,0.0,0.0
2024-10-16T22:07:00.000+02:00,362.81,22.79,45.26,0.0,70.09,0,0,0.0,0.0
2024-10-16T22:08:00.000+02:00,362.62,22.79,45.25,0.0,70.09,0,0,0.0,0.0
2024-10-16T22:09:00.000+02:00,362.42,22.78,45.24,0.0,70.09,0,0,0.0,0.0
2024-10-16T22:10:00.000+02:00,362.22,22.78,45.22,0.0,70.09,0,0,0.0,0.0
2024-10-16T22:11:00.000+02:00,362.03,22.78,45.21,0.0,70.09,0,0,0.0,0.0
2024-10-16T22:12:00.000+02:00,361.84,22.78,45.2,0.0,70.09,0,0,0.0,0.0
2024-10-16T22:13:00.000+02:00,361.64,22.77,45.18,0.0,70.09,0,0,0.0,0.0
2024-10-16T22:14:00.000+02:00,361.45,22.77,45.17,0.0,70.09,0,0,0.0,0.0
2024-10-16T22:15:00.000+02:00,361.26,22.77,45.15,0.0,70.09,0,0,0.0,0.0
2024-10-16T22:16:00.000+02:00,361.07,22.76,45.14,0.0,70.09,0,0,0.0,0.0
2024-10-16T22:17:00.000+02:00,360.88,22.76,45.13,0.0,70.09,0,0,0.0,0.0
2024-10-16T22:18:00.000+02:00,360.7,22.76,45.11,0.0,70.09,0,0,0.0,0.0
2024-10-16T22:19:00.000+02:00,360.51,22.76,45.1,0.0,70.09,0,0,0.0,0.0
2024-10-16T22:20:00.000+02:00,360.32,22.75,45.08,0.0,70.09,0,0,0.0,0.0
2024-10-16T22:21:00.000+02:00,360.14,22.75,45.07,0.0,70.09,0,0,0.0,0.0
2024-10-16T22:22:00.000+02:00,359.96,22.75,45.06,0.0,70.09,0,0,0.0,0.0
2024-10-16T22:23:00.000+02:00,359.78,22.75,45.04,0.0,70.09,0,0,0.0,0.0
2024-10-16T22:24:00.000+02:00,359.59,22.74,45.03,0.0,70.09,0,0,0.0,0.0
2024-10-16T22:25:00.000+02:00,359.41,22.74,45.01,0.0,70.09,0,0,0.0,0.0
2024-10-16T22:26:00.000+02:00,359.23,22.74,45.0,0.0,70.09,0,0,0.0,0.0
2024-10-16T22:27:00.000+02:00,359.06,22.73,44.98,0.0,70.09,0,0,0.0,0.0
2024-10-16T22:28:00.000+02:00,358.88,22.73,44.97,0.0,70.09,0,0,0.0,0.0
2024-10-16T22:29:00.000+02:00,358.7,22.73,44.95,0.0,70.09,0,0,0.0,0.0
2024-10-16T22:30:00.000+02:00,358.53,22.73,44.94,0.0,70.09,0,0,0.0,0.0
2024-10-16T22:31:00.000+02:00,358.35,22.72,44.92,0.0,70.09,0,0,0.0,0.0
2024-10-16T22:32:00.000+02:00,358.18,22.72,44.91,0.0,70.09,0,0,0.0,0.0
2024-10-16T22:33:00.000+02:00,358.01,22.72,44.89,0.0,70.09,0,0,0.0,0.0
2024-10-16T22:34:00.000+02:00,357.84,22.72,44.88,0.0,70.09,0,0,0.0,0.0
2024-10-16T22:35:00.000+02:00,357.67,22.71,44.87,0.0,70.09,0,0,0.0,0.0
2024-10-16T22:36:00.000+02:00,357.5,22.71,44.85,0.0,70.09,0,0,0.0,0.0
2024-10-16T22:37:00.000+02:00,357.33,22.71,44.84,0.0,70.09,0,0,0.0,0.0
2024-10-16T22:38:00.000+02:00,357.16,22.7,44.82,0.0,70.09,0,0,0.0,0.0
2024-10-16T22:39:00.000+02:00,356.99,22.7,44.81,0.0,70.09,0,0,0.0,0.0
2024-10-16T22:40:00.000+02:00,356.83,22.7,44.79,0.0,70.09,0,0,0.0,0.0
2024-10-16T22:41:00.000+02:00,356.66,22.7,44.78,0.0,70.09,0,0,0.0,0.0
2024-10-16T22:42:00.000+02:00,356.5,22.69,44.76,0.0,70.09,0,0,0.0,0.0
2024-10-16T22:43:00.000+02:00,356.33,22.69,44.75,0.0,70.09,0,0,0.0,0.0
2024-10-16T22:44:00.000+02:00,356.17,22.69,44.73,0.0,70.09,0,0,0.0,0.0
2024-10-16T22:45:00.000+02:00,356.01,22.68,44.72,0.0,70.09,0,0,0.0,0.0
2024-10-16T22:46:00.000+02:00,355.85,22.68,44.7,0.0,70.09,0,0,0.0,0.0
2024-10-16T22:47:00.000+02:00,355.69,22.68,44.69,0.0,70.09,0,0,0.0,0.0
2024-10-16T22:48:00.000+02:00,355.53,22.68,44.67,0.0,70.09,0,0,0.0,0.0
2024-10-16T22:49:00.000+02:00,355.37,22.67,44.66,0.0,70.09,0,0,0.0,0.0
2024-10-16T22:50:00.000+02:00,355.22,22.67,44.64,0.0,70.09,0,0,0.0,0.0
2024-10-16T22:51:00.000+02:00,355.06,22.67,44.63,0.0,70.09,0,0,0.0,0.0
2024-10-16T22:52:00.000+02:00,354.91,22.67,44.61,0.0,70.09,0,0,0.0,0.0
2024-10-16T22:53:00.000+02:00,354.75,22.66,44.6,0.0,70.09,0,0,0.0,0.0
2024-10-16T22:54:00.000+02:00,354.6,22.66,44.58,0.0,70.09,0,0,0.0,0.0
2024-10-16T22:55:00.000+02:00,354.45,22.66,44.57,0.0,70.09,0,0,0.0,0.0
2024-10-16T22:56:00.000+02:00,354.29,22.65,44.55,0.0,70.09,0,0,0.0,0.0
2024-10-16T22:57:00.000+02:00,354.14,22.65,44.54,0.0,70.09,0,0,0.0,0.0
2024-10-16T22:58:00.000+02:00,353.99,22.65,44.52,0.0,70.09,0,0,0.0,0.0
2024-10-16T22:59:00.000+02:00,353.84,22.65,44.51,0.0,70.09,0,0,0.0,0.0
2024-10-16T23:00:00.000+02:00,353.69,22.64,44.49,0.0,70.09,0,0,0.0,0.0
2024-10-16T23:01:00.000+02:00,353.55,22.64,44.47,0.0,70.09,0,0,0.0,0.0
2024-10-16T23:02:00.000+02:00,353.4,22.64,44.46,0.0,70.09,0,0,0.0,0.0
2024-10-16T23:03:00.000+02:00,353.25,22.63,44.44,0.0,70.09,0,0,0.0,0.0
2024-10-16T23:04:00.000+02:00,353.11,22.63,44.43,0.0,70.09,0,0,0.0,0.0
2024-10-16T23:05:00.000+02:00,352.96,22.63,44.41,0.0,70.09,0,0,0.0,0.0
2024-10-16T23:06:00.000+02:00,352.82,22.63,44.4,0.0,70.09,0,0,0.0,0.0
2024-10-16T23:07:00.000+02:00,352.68,22.62,44.38,0.0,70.09,0,0,0.0,0.0
2024-10-16T23:08:00.000+02:00,352.54,22.62,44.37,0.0,70.09,0,0,0.0,0.0
2024-10-16T23:09:00.000+02:00,352.39,22.62,44.35,0.0,70.09,0,0,0.0,0.0
2024-10-16T23:10:00.000+02:00,352.25,22.61,44.34,0.0,70.09,0,0,0.0,0.0
2024-10-16T23:11:00.000+02:00,352.11,22.61,44.32,0.0,70.09,0,0,0.0,0.0
2024-10-16T23:12:00.000+02:00,351.98,22.61,44.31,0.0,70.09,0,0,0.0,0.0
2024-10-16T23:13:00.000+02:00,351.84,22.61,44.29,0.0,70.09,0,0,0.0,0.0
2024-10-16T23:14:00.000+02:00,351.7,22.6,44.28,0.0,70.09,0,0,0.0,0.0
2024-10-16T23:15:00.000+02:00,351.56,22.6,44.26,0.0,70.09,0,0,0.0,0.0
2024-10-16T23:16:00.000+02:00,351.43,22.6,44.25,0.0,70.09,0,0,0.0,0.0
2024-10-16T23:17:00.000+02:00,351.29,22.6,44.23,0.0,70.09,0,0,0.0,0.0
2024-10-16T23:18:00.000+02:00,351.16,22.59,44.22,0.0,70.09,0,0,0.0,0.0
2024-10-16T23:19:00.000+02:00,351.02,22.59,44.2,0.0,70.09,0,0,0.0,0.0
2024-10-16T23:20:00.000+02:00,350.89,22.59,44.19,0.0,70.09,0,0,0.0,0.0
2024-10-16T23:21:00.000+02:00,350.76,22.58,44.17,0.0,70.09,0,0,0.0,0.0
2024-10-16T23:22:00.000+02:00,350.63,22.58,44.16,0.0,70.09,0,0,0.0,0.0
2024-10-16T23:23:00.000+02:00,350.5,22.58,44.14,0.0,70.09,0,0,0.0,0.0
2024-10-16T23:24:00.000+02:00,350.37,22.58,44.13,0.0,70.09,0,0,0.0,0.0
2024-10-16T23:25:00.000+02:00,350.24,22.57,44.11,0.0,70.09,0,0,0.0,0.0
2024-10-16T23:26:00.000+02:00,350.11,22.57,44.1,0.0,70.09,0,0,0.0,0.0
2024-10-16T23:27:00.000+02:00,349.98,22.57,44.09,0.0,70.09,0,0,0.0,0.0
2024-10-16T23:28:00.000+02:00,349.85,22.56,44.07,0.0,70.09,0,0,0.0,0.0
2024-10-16T23:29:00.000+02:00,349.73,22.56,44.06,0.0,70.09,0,0,0.0,0.0
2024-10-16T23:30:00.000+02:00,349.6,22.56,44.04,0.0,70.09,0,0,0.0,0.0
2024-10-16T23:31:00.000+02:00,349.48,22.56,44.03,0.0,70.09,0,0,0.0,0.0
2024-10-16T23:32:00.000+02:00,349.35,22.55,44.01,0.0,70.09,0,0,0.0,0.0
2024-10-16T23:33:00.000+02:00,349.23,22.55,44.0,0.0,70.09,0,0,0.0,0.0
2024-10-16T23:34:00.000+02:00,349.1,22.55,43.99,0.0,70.09,0,0,0.0,0.0
2024-10-16T23:35:00.000+02:00,348.98,22.54,43.97,0.0,70.09,0,0,0.0,0.0
2024-10-16T23:36:00.000+02:00,348.86,22.54,43.96,0.0,70.09,0,0,0.0,0.0
2024-10-16T23:37:00.000+02:00,348.74,22.54,43.94,0.0,70.09,0,0,0.0,0.0
2024-10-16T23:38:00.000+02:00,348.62,22.54,43.93,0.0,70.09,0,0,0.0,0.0
2024-10-16T23:39:00.000+02:00,348.5,22.53,43.91,0.0,70.09,0,0,0.0,0.0
2024-10-16T23:40:00.000+02:00,348.38,22.53,43.9,0.0,70.09,0,0,0.0,0.0
2024-10-16T23:41:00.000+02:00,348.26,22.53,43.89,0.0,70.09,0,0,0.0,0.0
2024-10-16T23:42:00.000+02:00,348.14,22.52,43.87,0.0,70.09,0,0,0.0,0.0
2024-10-16T23:43:00.000+02:00,348.03,22.52,43.86,0.0,70.09,0,0,0.0,0.0
2024-10-16T23:44:00.000+02:00,347.91,22.52,43.84,0.0,70.09,0,0,0.0,0.0
2024-10-16T23:45:00.000+02:00,347.79,22.52,43.83,0.0,70.09,0,0,0.0,0.0
2024-10-16T23:46:00.000+02:00,347.68,22.51,43.82,0.0,70.09,0,0,0.0,0.0
2024-10-16T23:47:00.000+02:00,347.56,22.51,43.8,0.0,70.09,0,0,0.0,0.0
2024-10-16T23:48:00.000+02:00,347.45,22.51,43.79,0.0,70.09,0,0,0.0,0.0
2024-10-16T23:49:00.000+02:00,347.34,22.5,43.77,0.0,70.09,0,0,0.0,0.0
2024-10-16T23:50:00.000+02:00,347.22,22.5,43.76,0.0,70.09,0,0,0.0,0.0
2024-10-16T23:51:00.000+02:00,347.11,22.5,43.75,0.0,70.09,0,0,0.0,0.0
2024-10-16T23:52:00.000+02:00,347.0,22.5,43.73,0.0,70.09,0,0,0.0,0.0
2024-10-16T23:53:00.000+02:00,346.89,22.49,43.72,0.0,70.09,0,0,0.0,0.0
2024-10-16T23:54:00.000+02:00,346.78,22.49,43.7,0.0,70.09,0,0,0.0,0.0
2024-10-16T23:55:00.000+02:00,346.67,22.49,43.69,0.0,70.09,0,0,0.0,0.0
2024-10-16T23:56:00.000+02:00,346.56,22.48,43.68,0.0,70.09,0,0,0.0,0.0
2024-10-16T23:57:00.000+02:00,346.45,22.48,43.66,0.0,70.09,0,0,0.0,0.0
2024-10-16T23:58:00.000+02:00,346.35,22.48,43.65,0.0,70.09,0,0,0.0,0.0
2024-10-16T23:59:00.000+02:00,346.24,22.48,43.64,0.0,70.09,0,0,0.0,0.0
2024-10-17T00:00:00.000+02:00,346.13,22.47,43.62,0.0,70.09,0,0,0.0,0.0
2024-10-17T00:01:00.000+02:00,346.03,22.47,43.61,0.0,70.09,0,0,0.0,0.0
2024-10-17T00:02:00.000+02:00,345.92,22.47,43.59,0.0,70.09,0,0,0.0,0.0
2024-10-17T00:03:00.000+02:00,345.82,22.47,43.58,0.0,70.09,0,0,0.0,0.0
2024-10-17T00:04:00.000+02:00,345.71,22.46,43.57,0.0,70.09,0,0,0.0,0.0
2024-10-17T00:05:00.000+02:00,345.61,22.46,43.55,0.0,70.09,0,0,0.0,0.0
2024-10-17T00:06:00.000+02:00,345.5,22.46,43.54,0.0,70.09,0,0,0.0,0.0
2024-10-17T00:07:00.000+02:00,345.4,22.45,43.53,0.0,70.09,0,0,0.0,0.0
2024-10-17T00:08:00.000+02:00,345.3,22.45,43.51,0.0,70.09,0,0,0.0,0.0
2024-10-17T00:09:00.000+02:00,345.2,22.45,43.5,0.0,70.09,0,0,0.0,0.0
2024-10-17T00:10:00.000+02:00,345.1,22.45,43.48,0.0,70.09,0,0,0.0,0.0
2024-10-17T00:11:00.000+02:00,345.0,22.44,43.47,0.0,70.09,0,0,0.0,0.0
2024-10-17T00:12:00.000+02:00,344.9,22.44,43.46,0.0,70.09,0,0,0.0,0.0
2024-10-17T00:13:00.000+02:00,344.8,22.44,43.44,0.0,70.09,0,0,0.0,0.0
2024-10-17T00:14:00.000+02:00,344.7,22.43,43.43,0.0,70.09,0,0,0.0,0.0
2024-10-17T00:15:00.000+02:00,344.6,22.43,43.42,0.0,70.09,0,0,0.0,0.0
2024-10-17T00:16:00.000+02:00,344.5,22.43,43.4,0.0,70.09,0,0,0.0,0.0
2024-10-17T00:17:00.000+02:00,344.41,22.43,43.39,0.0,70.09,0,0,0.0,0.0
2024-10-17T00:18:00.000+02:00,344.31,22.42,43.37,0.0,70.09,0,0,0.0,0.0
2024-10-17T00:19:00.000+02:00,344.22,22.42,43.36,0.0,70.09,0,0,0.0,0.0
2024-10-17T00:20:00.000+02:00,344.12,22.42,43.35,0.0,70.09,0,0,0.0,0.0
2024-10-17T00:21:00.000+02:00,344.03,22.41,43.33,0.0,70.09,0,0,0.0,0.0
2024-10-17T00:22:00.000+02:00,343.93,22.41,43.32,0.0,70.09,0,0,0.0,0.0
2024-10-17T00:23:00.000+02:00,343.84,22.41,43.3,0.0,70.09,0,0,0.0,0.0
2024-10-17T00:24:00.000+02:00,343.74,22.41,43.29,0.0,70.09,0,0,0.0,0.0
2024-10-17T00:25:00.000+02:00,343.65,22.4,43.28,0.0,70.09,0,0,0.0,0.0
2024-10-17T00:26:00.000+02:00,343.56,22.4,43.26,0.0,70.09,0,0,0.0,0.0
2024-10-17T00:27:00.000+02:00,343.47,22.4,43.25,0.0,70.09,0,0,0.0,0.0
2024-10-17T00:28:00.000+02:00,343.38,22.4,43.23,0.0,70.09,0,0,0.0,0.0
2024-10-17T00:29:00.000+02:00,343.28,22.39,43.22,0.0,70.09,0,0,0.0,0.0
2024-10-17T00:30:00.000+02:00,343.19,22.39,43.21,0.0,70.09,0,0,0.0,0.0
2024-10-17T00:31:00.000+02:00,343.1,22.39,43.19,0.0,70.09,0,0,0.0,0.0
2024-10-17T00:32:00.000+02:00,343.02,22.38,43.18,0.0,70.09,0,0,0.0,0.0
2024-10-17T00:33:00.000+02:00,342.93,22.38,43.17,0.0,70.09,0,0,0.0,0.0
2024-10-17T00:34:00.000+02:00,342.84,22.38,43.15,0.0,70.09,0,0,0.0,0.0
2024-10-17T00:35:00.000+02:00,342.75,22.38,43.14,0.0,70.09,0,0,0.0,0.0
2024-10-17T00:36:00.000+02:00,342.66,22.37,43.12,0.0,70.09,0,0,0.0,0.0
2024-10-17T00:37:00.000+02:00,342.58,22.37,43.11,0.0,70.09,0,0,0.0,0.0
2024-10-17T00:38:00.000+02:00,342.49,22.37,43.1,0.0,70.09,0,0,0.0,0.0
2024-10-17T00:39:00.000+02:00,342.4,22.36,43.08,0.0,70.09,0,0,0.0,0.0
2024-10-17T00:40:00.000+02:00,342.32,22.36,43.07,0.0,70.09,0,0,0.0,0.0
2024-10-17T00:41:00.000+02:00,342.23,22.36,43.05,0.0,70.09,0,0,0.0,0.0
2024-10-17T00:42:00.000+02:00,342.15,22.36,43.04,0.0,70.09,0,0,0.0,0.0
2024-10-17T00:43:00.000+02:00,342.07,22.35,43.02,0.0,70.09,0,0,0.0,0.0
2024-10-17T00:44:00.000+02:00,341.98,22.35,43.01,0.0,70.09,0,0,0.0,0.0
2024-10-17T00:45:00.000+02:00,341.9,22.35,42.99,0.0,70.09,0,0,0.0,0.0
2024-10-17T00:46:00.000+02:00,341.82,22.35,42.98,0.0,70.09,0,0,0.0,0.0
2024-10-17T00:47:00.000+02:00,341.73,22.34,42.97,0.0,70.09,0,0,0.0,0.0
2024-10-17T00:48:00.000+02:00,341.65,22.34,42.95,0.0,70.09,0,0,0.0,0.0
2024-10-17T00:49:00.000+02:00,341.57,22.34,42.94,0.0,70.09,0,0,0.0,0.0
2024-10-17T00:50:00.000+02:00,341.49,22.33,42.92,0.0,70.09,0,0,0.0,0.0
2024-10-17T00:51:00.000+02:00,341.41,22.33,42.91,0.0,70.09,0,0,0.0,0.0
2024-10-17T00:52:00.000+02:00,341.33,22.33,42.89,0.0,70.09,0,0,0.0,0.0
2024-10-17T00:53:00.000+02:00,341.25,22.33,42.88,0.0,70.09,0,0,0.0,0.0
2024-10-17T00:54:00.000+02:00,341.17,22.32,42.86,0.0,70.09,0,0,0.0,0.0
2024-10-17T00:55:00.000+02:00,341.09,22.32,42.85,0.0,70.09,0,0,0.0,0.0
2024-10-17T00:56:00.000+02:00,341.01,22.32,42.84,0.0,70.09,0,0,0.0,0.0
2024-10-17T00:57:00.000+02:00,340.94,22.32,42.82,0.0,70.09,0,0,0.0,0.0
2024-10-17T00:58:00.000+02:00,340.86,22.31,42.81,0.0,70.09,0,0,0.0,0.0
2024-10-17T00:59:00.000+02:00,340.78,22.31,42.79,0.0,70.09,0,0,0.0,0.0
2024-10-17T01:00:00.000+02:00,340.71,22.31,42.78,0.0,70.09,0,0,0.0,0.0
2024-10-17T01:01:00.000+02:00,340.63,22.3,42.76,0.0,70.09,0,0,0.0,0.0
2024-10-17T01:02:00.000+02:00,340.55,22.3,42.75,0.0,70.09,0,0,0.0,0.0
2024-10-17T01:03:00.000+02:00,340.48,22.3,42.74,0.0,70.09,0,0,0.0,0.0
2024-10-17T01:04:00.000+02:00,340.4,22.3,42.72,0.0,70.09,0,0,0.0,0.0
2024-10-17T01:05:00.000+02:00,340.33,22.29,42.71,0.0,70.09,0,0,0.0,0.0
2024-10-17T01:06:00.000+02:00,340.26,22.29,42.7,0.0,70.09,0,0,0.0,0.0
2024-10-17T01:07:00.000+02:00,340.18,22.29,42.68,0.0,70.09,0,0,0.0,0.0
2024-10-17T01:08:00.000+02:00,340.11,22.28,42.67,0.0,70.09,0,0,0.0,0.0
2024-10-17T01:09:00.000+02:00,340.04,22.28,42.66,0.0,70.09,0,0,0.0,0.0
2024-10-17T01:10:00.000+02:00,339.96,22.28,42.64,0.0,70.09,0,0,0.0,0.0
2024-10-17T01:11:00.000+02:00,339.89,22.27,42.63,0.0,70.09,0,0,0.0,0.0
2024-10-17T01:12:00.000+02:00,339.82,22.27,42.62,0.0,70.09,0,0,0.0,0.0
2024-10-17T01:13:00.000+02:00,339.75,22.27,42.6,0.0,70.09,0,0,0.0,0.0
2024-10-17T01:14:00.000+02:00,339.68,22.26,42.59,0.0,70.09,0,0,0.0,0.0
2024-10-17T01:15:00.000+02:00,339.61,22.26,42.58,0.0,70.09,0,0,0.0,0.0
2024-10-17T01:16:00.000+02:00,339.54,22.26,42.56,0.0,70.09,0,0,0.0,0.0
2024-10-17T01:17:00.000+02:00,339.47,22.25,42.55,0.0,70.09,0,0,0.0,0.0
2024-10-17T01:18:00.000+02:00,339.4,22.25,42.54,0.0,70.09,0,0,0.0,0.0
2024-10-17T01:19:00.000+02:00,339.33,22.25,42.53,0.0,70.09,0,0,0.0,0.0
2024-10-17T01:20:00.000+02:00,339.26,22.24,42.51,0.0,70.09,0,0,0.0,0.0
2024-10-17T01:21:00.000+02:00,339.2,22.24,42.5,0.0,70.09,0,0,0.0,0.0
2024-10-17T01:22:00.000+02:00,339.13,22.24,42.49,0.0,70.09,0,0,0.0,0.0
2024-10-17T01:23:00.000+02:00,339.06,22.23,42.48,0.0,70.09,0,0,0.0,0.0
2024-10-17T01:24:00.000+02:00,338.99,22.23,42.46,0.0,70.09,0,0,0.0,0.0
2024-10-17T01:25:00.000+02:00,338.93,22.23,42.45,0.0,70.09,0,0,0.0,0.0
2024-10-17T01:26:00.000+02:00,338.86,22.22,42.44,0.0,70.09,0,0,0.0,0.0
2024-10-17T01:27:00.000+02:00,338.79,22.22,42.43,0.0,70.09,0,0,0.0,0.0
2024-10-17T01:28:00.000+02:00,338.73,22.21,42.42,0.0,70.09,0,0,0.0,0.0
2024-10-17T01:29:00.000+02:00,338.66,22.21,42.4,0.0,70.09,0,0,0.0,0.0
2024-10-17T01:30:00.000+02:00,338.6,22.21,42.39,0.0,70.09,0,0,0.0,0.0
2024-10-17T01:31:00.000+02:00,338.54,22.2,42.38,0.0,70.09,0,0,0.0,0.0
2024-10-17T01:32:00.000+02:00,338.47,22.2,42.37,0.0,70.09,0,0,0.0,0.0
2024-10-17T01:33:00.000+02:00,338.41,22.2,42.36,0.0,70.09,0,0,0.0,0.0
2024-10-17T01:34:00.000+02:00,338.34,22.19,42.34,0.0,70.09,0,0,0.0,0.0
2024-10-17T01:35:00.000+02:00,338.28,22.19,42.33,0.0,70.09,0,0,0.0,0.0
2024-10-17T01:36:00.000+02:00,338.22,22.19,42.32,0.0,70.09,0,0,0.0,0.0
2024-10-17T01:37:00.000+02:00,338.16,22.18,42.31,0.0,70.09,0,0,0.0,0.0
2024-10-17T01:38:00.000+02:00,338.09,22.18,42.3,0.0,70.09,0,0,0.0,0.0
2024-10-17T01:39:00.000+02:00,338.03,22.17,42.28,0.0,70.09,0,0,0.0,0.0
2024-10-17T01:40:00.000+02:00,337.97,22.17,42.27,0.0,70.09,0,0,0.0,0.0
2024-10-17T01:41:00.000+02:00,337.91,22.17,42.26,0.0,70.09,0,0,0.0,0.0
2024-10-17T01:42:00.000+02:00,337.85,22.16,42.25,0.0,70.09,0,0,0.0,0.0
2024-10-17T01:43:00.000+02:00,337.79,22.16,42.24,0.0,70.09,0,0,0.0,0.0
2024-10-17T01:44:00.000+02:00,337.73,22.16,42.23,0.0,70.09,0,0,0.0,0.0
2024-10-17T01:45:00.000+02:00,337.67,22.15,42.21,0.0,70.09,0,0,0.0,0.0
2024-10-17T01:46:00.000+02:00,337.61,22.15,42.2,0.0,70.09,0,0,0.0,0.0
2024-10-17T01:47:00.000+02:00,337.55,22.14,42.19,0.0,70.09,0,0,0.0,0.0
2024-10-17T01:48:00.000+02:00,337.49,22.14,42.18,0.0,70.09,0,0,0.0,0.0
2024-10-17T01:49:00.000+02:00,337.44,22.14,42.17,0.0,70.09,0,0,0.0,0.0
2024-10-17T01:50:00.000+02:00,337.38,22.13,42.16,0.0,70.09,0,0,0.0,0.0
2024-10-17T01:51:00.000+02:00,337.32,22.13,42.14,0.0,70.09,0,0,0.0,0.0
2024-10-17T01:52:00.000+02:00,337.26,22.13,42.13,0.0,70.09,0,0,0.0,0.0
2024-10-17T01:53:00.000+02:00,337.21,22.12,42.12,0.0,70.09,0,0,0.0,0.0
2024-10-17T01:54:00.000+02:00,337.15,22.12,42.11,0.0,70.09,0,0,0.0,0.0
2024-10-17T01:55:00.000+02:00,337.09,22.11,42.1,0.0,70.09,0,0,0.0,0.0
2024-10-17T01:56:00.000+02:00,337.04,22.11,42.09,0.0,70.09,0,0,0.0,0.0
2024-10-17T01:57:00.000+02:00,336.98,22.11,42.07,0.0,70.09,0,0,0.0,0.0
2024-10-17T01:58:00.000+02:00,336.93,22.1,42.06,0.0,70.09,0,0,0.0,0.0
2024-10-17T01:59:00.000+02:00,336.87,22.1,42.05,0.0,70.09,0,0,0.0,0.0
2024-10-17T02:00:00.000+02:00,336.82,22.1,42.04,0.0,70.09,0,0,0.0,0.0
2024-10-17T02:01:00.000+02:00,336.76,22.09,42.03,0.0,70.09,0,0,0.0,0.0
2024-10-17T02:02:00.000+02:00,336.71,22.09,42.01,0.0,70.09,0,0,0.0,0.0
2024-10-17T02:03:00.000+02:00,336.65,22.08,42.0,0.0,70.09,0,0,0.0,0.0
2024-10-17T02:04:00.000+02:00,336.6,22.08,41.99,0.0,70.09,0,0,0.0,0.0
2024-10-17T02:05:00.000+02:00,336.55,22.08,41.98,0.0,70.09,0,0,0.0,0.0
2024-10-17T02:06:00.000+02:00,336.49,22.08,41.96,0.0,70.09,0,0,0.0,0.0
2024-10-17T02:07:00.000+02:00,336.44,22.07,41.95,0.0,70.09,0,0,0.0,0.0
2024-10-17T02:08:00.000+02:00,336.39,22.07,41.94,0.0,70.09,0,0,0.0,0.0
2024-10-17T02:09:00.000+02:00,336.34,22.07,41.92,0.0,70.09,0,0,0.0,0.0
2024-10-17T02:10:00.000+02:00,336.28,22.07,41.91,0.0,70.09,0,0,0.0,0.0
2024-10-17T02:11:00.000+02:00,336.23,22.06,41.9,0.0,70.09,0,0,0.0,0.0
2024-10-17T02:12:00.000+02:00,336.18,22.06,41.88,0.0,70.09,0,0,0.0,0.0
2024-10-17T02:13:00.000+02:00,336.13,22.06,41.87,0.0,70.09,0,0,0.0,0.0
2024-10-17T02:14:00.000+02:00,336.08,22.06,41.86,0.0,70.09,0,0,0.0,0.0
2024-10-17T02:15:00.000+02:00,336.03,22.06,41.84,0.0,70.09,0,0,0.0,0.0
2024-10-17T02:16:00.000+02:00,335.98,22.05,41.83,0.0,70.09,0,0,0.0,0.0
2024-10-17T02:17:00.000+02:00,335.93,22.05,41.82,0.0,70.09,0,0,0.0,0.0
2024-10-17T02:18:00.000+02:00,335.88,22.05,41.8,0.0,70.09,0,0,0.0,0.0
2024-10-17T02:19:00.000+02:00,335.83,22.05,41.79,0.0,70.09,0,0,0.0,0.0
2024-10-17T02:20:00.000+02:00,335.78,22.05,41.78,0.0,70.09,0,0,0.0,0.0
2024-10-17T02:21:00.000+02:00,335.73,22.05,41.76,0.0,70.09,0,0,0.0,0.0
2024-10-17T02:22:00.000+02:00,335.68,22.04,41.75,0.0,70.09,0,0,0.0,0.0
2024-10-17T02:23:00.000+02:00,335.64,22.04,41.74,0.0,70.09,0,0,0.0,0.0
2024-10-17T02:24:00.000+02:00,335.59,22.04,41.73,0.0,70.09,0,0,0.0,0.0
2024-10-17T02:25:00.000+02:00,335.54,22.04,41.71,0.0,70.09,0,0,0.0,0.0
2024-10-17T02:26:00.000+02:00,335.49,22.04,41.7,0.0,70.09,0,0,0.0,0.0
2024-10-17T02:27:00.000+02:00,335.45,22.04,41.69,0.0,70.09,0,0,0.0,0.0
2024-10-17T02:28:00.000+02:00,335.4,22.04,41.68,0.0,70.09,0,0,0.0,0.0
2024-10-17T02:29:00.000+02:00,335.35,22.03,41.66,0.0,70.09,0,0,0.0,0.0
2024-10-17T02:30:00.000+02:00,335.31,22.03,41.65,0.0,70.09,0,0,0.0,0.0
2024-10-17T02:31:00.000+02:00,335.26,22.03,41.64,0.0,70.09,0,0,0.0,0.0
2024-10-17T02:32:00.000+02:00,335.21,22.03,41.63,0.0,70.09,0,0,0.0,0.0
2024-10-17T02:33:00.000+02:00,335.17,22.03,41.62,0.0,70.09,0,0,0.0,0.0
2024-10-17T02:34:00.000+02:00,335.12,22.03,41.61,0.0,70.09,0,0,0.0,0.0
2024-10-17T02:35:00.000+02:00,335.08,22.03,41.59,0.0,70.09,0,0,0.0,0.0
2024-10-17T02:36:00.000+02:00,335.03,22.02,41.58,0.0,70.09,0,0,0.0,0.0
2024-10-17T02:37:00.000+02:00,334.99,22.02,41.57,0.0,70.09,0,0,0.0,0.0
2024-10-17T02:38:00.000+02:00,334.94,22.02,41.56,0.0,70.09,0,0,0.0,0.0
2024-10-17T02:39:00.000+02:00,334.9,22.02,41.55,0.0,70.09,0,0,0.0,0.0
2024-10-17T02:40:00.000+02:00,334.86,22.02,41.54,0.0,70.09,0,0,0.0,0.0
2024-10-17T02:41:00.000+02:00,334.81,22.02,41.53,0.0,70.09,0,0,0.0,0.0
2024-10-17T02:42:00.000+02:00,334.77,22.02,41.52,0.0,70.09,0,0,0.0,0.0
2024-10-17T02:43:00.000+02:00,334.73,22.02,41.51,0.0,70.09,0,0,0.0,0.0
2024-10-17T02:44:00.000+02:00,334.68,22.02,41.5,0.0,70.09,0,0,0.0,0.0
2024-10-17T02:45:00.000+02:00,334.64,22.01,41.49,0.0,70.09,0,0,0.0,0.0
2024-10-17T02:46:00.000+02:00,334.6,22.01,41.48,0.0,70.09,0,0,0.0,0.0
2024-10-17T02:47:00.000+02:00,334.56,22.01,41.47,0.0,70.09,0,0,0.0,0.0
2024-10-17T02:48:00.000+02:00,334.51,22.01,41.46,0.0,70.09,0,0,0.0,0.0
2024-10-17T02:49:00.000+02:00,334.47,22.01,41.45,0.0,70.09,0,0,0.0,0.0
2024-10-17T02:50:00.000+02:00,334.43,22.01,41.44,0.0,70.09,0,0,0.0,0.0
2024-10-17T02:51:00.000+02:00,334.39,22.01,41.43,0.0,70.09,0,0,0.0,0.0
2024-10-17T02:52:00.000+02:00,334.35,22.01,41.42,0.0,70.09,0,0,0.0,0.0
2024-10-17T02:53:00.000+02:00,334.31,22.01,41.41,0.0,70.09,0,0,0.0,0.0
2024-10-17T02:54:00.000+02:00,334.27,22.01,41.4,0.0,70.09,0,0,0.0,0.0
2024-10-17T02:55:00.000+02:00,334.23,22.0,41.39,0.0,70.09,0,0,0.0,0.0
2024-10-17T02:56:00.000+02:00,334.19,22.0,41.39,0.0,70.09,0,0,0.0,0.0
2024-10-17T02:57:00.000+02:00,334.15,22.0,41.38,0.0,70.09,0,0,0.0,0.0
2024-10-17T02:58:00.000+02:00,334.11,22.0,41.37,0.0,70.09,0,0,0.0,0.0
2024-10-17T02:59:00.000+02:00,334.07,22.0,41.36,0.0,70.09,0,0,0.0,0.0
2024-10-17T03:00:00.000+02:00,334.03,22.0,41.35,0.0,70.09,0,0,0.0,0.0
2024-10-17T03:01:00.000+02:00,333.99,22.0,41.35,0.0,70.09,0,0,0.0,0.0
2024-10-17T03:02:00.000+02:00,333.95,22.0,41.34,0.0,70.09,0,0,0.0,0.0
2024-10-17T03:03:00.000+02:00,333.91,22.0,41.33,0.0,70.09,0,0,0.0,0.0
2024-10-17T03:04:00.000+02:00,333.88,22.0,41.32,0.0,70.09,0,0,0.0,0.0
2024-10-17T03:05:00.000+02:00,333.84,21.99,41.32,0.0,70.09,0,0,0.0,0.0
2024-10-17T03:06:00.000+02:00,333.8,21.99,41.31,0.0,70.09,0,0,0.0,0.0
2024-10-17T03:07:00.000+02:00,333.76,21.99,41.3,0.0,70.09,0,0,0.0,0.0
2024-10-17T03:08:00.000+02:00,333.72,21.99,41.3,0.0,70.09,0,0,0.0,0.0
2024-10-17T03:09:00.000+02:00,333.69,21.99,41.29,0.0,70.09,0,0,0.0,0.0
2024-10-17T03:10:00.000+02:00,333.65,21.99,41.28,0.0,70.09,0,0,0.0,0.0
2024-10-17T03:11:00.000+02:00,333.61,21.99,41.28,0.0,70.09,0,0,0.0,0.0
2024-10-17T03:12:00.000+02:00,333.58,21.99,41.27,0.0,70.09,0,0,0.0,0.0
2024-10-17T03:13:00.000+02:00,333.54,21.99,41.27,0.0,70.09,0,0,0.0,0.0
2024-10-17T03:14:00.000+02:00,333.5,21.98,41.26,0.0,70.09,0,0,0.0,0.0
2024-10-17T03:15:00.000+02:00,333.47,21.98,41.26,0.0,70.09,0,0,0.0,0.0
2024-10-17T03:16:00.000+02:00,333.43,21.98,41.25,0.0,70.09,0,0,0.0,0.0
2024-10-17T03:17:00.000+02:00,333.4,21.98,41.25,0.0,70.09,0,0,0.0,0.0
2024-10-17T03:18:00.000+02:00,333.36,21.98,41.24,0.0,70.09,0,0,0.0,0.0
2024-10-17T03:19:00.000+02:00,333.33,21.98,41.24,0.0,70.09,0,0,0.0,0.0
2024-10-17T03:20:00.000+02:00,333.29,21.98,41.23,0.0,70.09,0,0,0.0,0.0
2024-10-17T03:21:00.000+02:00,333.26,21.98,41.23,0.0,70.09,0,0,0.0,0.0
2024-10-17T03:22:00.000+02:00,333.22,21.97,41.22,0.0,70.09,0,0,0.0,0.0
2024-10-17T03:23:00.000+02:00,333.19,21.97,41.22,0.0,70.09,0,0,0.0,0.0
2024-10-17T03:24:00.000+02:00,333.15,21.97,41.21,0.0,70.09,0,0,0.0,0.0
2024-10-17T03:25:00.000+02:00,333.12,21.97,41.21,0.0,70.09,0,0,0.0,0.0
2024-10-17T03:26:00.000+02:00,333.08,21.97,41.21,0.0,70.09,0,0,0.0,0.0
2024-10-17T03:27:00.000+02:00,333.05,21.97,41.2,0.0,70.09,0,0,0.0,0.0
2024-10-17T03:28:00.000+02:00,333.02,21.97,41.2,0.0,70.09,0,0,0.0,0.0
2024-10-17T03:29:00.000+02:00,332.98,21.97,41.19,0.0,70.09,0,0,0.0,0.0
2024-10-17T03:30:00.000+02:00,332.95,21.96,41.19,0.0,70.09,0,0,0.0,0.0
2024-10-17T03:31:00.000+02:00,332.92,21.96,41.19,0.0,70.09,0,0,0.0,0.0
2024-10-17T03:32:00.000+02:00,332.89,21.96,41.18,0.0,70.09,0,0,0.0,0.0
2024-10-17T03:33:00.000+02:00,332.85,21.96,41.18,0.0,70.09,0,0,0.0,0.0
2024-10-17T03:34:00.000+02:00,332.82,21.96,41.18,0.0,70.09,0,0,0.0,0.0
2024-10-17T03:35:00.000+02:00,332.79,21.96,41.18,0.0,70.09,0,0,0.0,0.0
2024-10-17T03:36:00.000+02:00,332.76,21.96,41.17,0.0,70.09,0,0,0.0,0.0
2024-10-17T03:37:00.000+02:00,332.72,21.95,41.17,0.0,70.09,0,0,0.0,0.0
2024-10-17T03:38:00.000+02:00,332.69,21.95,41.17,0.0,70.09,0,0,0.0,0.0
2024-10-17T03:39:00.000+02:00,332.66,21.95,41.16,0.0,70.09,0,0,0.0,0.0
2024-10-17T03:40:00.000+02:00,332.63,21.95,41.16,0.0,70.09,0,0,0.0,0.0
2024-10-17T03:41:00.000+02:00,332.6,21.95,41.16,0.0,70.09,0,0,0.0,0.0
2024-10-17T03:42:00.000+02:00,332.57,21.95,41.16,0.0,70.09,0,0,0.0,0.0
2024-10-17T03:43:00.000+02:00,332.54,21.95,41.15,0.0,70.09,0,0,0.0,0.0
2024-10-17T03:44:00.000+02:00,332.51,21.95,41.15,0.0,70.09,0,0,0.0,0.0
2024-10-17T03:45:00.000+02:00,332.48,21.95,41.15,0.0,70.09,0,0,0.0,0.0
2024-10-17T03:46:00.000+02:00,332.45,21.94,41.15,0.0,70.09,0,0,0.0,0.0
2024-10-17T03:47:00.000+02:00,332.42,21.94,41.14,0.0,70.09,0,0,0.0,0.0
2024-10-17T03:48:00.000+02:00,332.39,21.94,41.14,0.0,70.09,0,0,0.0,0.0
2024-10-17T03:49:00.000+02:00,332.36,21.94,41.14,0.0,70.09,0,0,0.0,0.0
2024-10-17T03:50:00.000+02:00,332.33,21.94,41.14,0.0,70.09,0,0,0.0,0.0
2024-10-17T03:51:00.000+02:00,332.3,21.94,41.14,0.0,70.09,0,0,0.0,0.0
2024-10-17T03:52:00.000+02:00,332.27,21.94,41.14,0.0,70.09,0,0,0.0,0.0
2024-10-17T03:53:00.000+02:00,332.24,21.94,41.14,0.0,70.09,0,0,0.0,0.0
2024-10-17T03:54:00.000+02:00,332.21,21.94,41.13,0.0,70.09,0,0,0.0,0.0
2024-10-17T03:55:00.000+02:00,332.18,21.93,41.13,0.0,70.09,0,0,0.0,0.0
2024-10-17T03:56:00.000+02:00,332.15,21.93,41.13,0.0,70.09,0,0,0.0,0.0
2024-10-17T03:57:00.000+02:00,332.12,21.93,41.13,0.0,70.09,0,0,0.0,0.0
2024-10-17T03:58:00.000+02:00,332.09,21.93,41.13,0.0,70.09,0,0,0.0,0.0
2024-10-17T03:59:00.000+02:00,332.07,21.93,41.13,0.0,70.09,0,0,0.0,0.0
2024-10-17T04:00:00.000+02:00,332.04,21.93,41.13,0.0,70.09,0,0,0.0,0.0
2024-10-17T04:01:00.000+02:00,332.01,21.93,41.13,0.0,70.09,0,0,0.0,0.0
2024-10-17T04:02:00.000+02:00,331.98,21.93,41.13,0.0,70.09,0,0,0.0,0.0
2024-10-17T04:03:00.000+02:00,331.96,21.92,41.13,0.0,70.09,0,0,0.0,0.0
2024-10-17T04:04:00.000+02:00,331.93,21.92,41.13,0.0,70.09,0,0,0.0,0.0
2024-10-17T04:05:00.000+02:00,331.9,21.92,41.13,0.0,70.09,0,0,0.0,0.0
2024-10-17T04:06:00.000+02:00,331.87,21.92,41.13,0.0,70.09,0,0,0.0,0.0
2024-10-17T04:07:00.000+02:00,331.85,21.92,41.13,0.0,70.09,0,0,0.0,0.0
2024-10-17T04:08:00.000+02:00,331.82,21.92,41.13,0.0,70.09,0,0,0.0,0.0
2024-10-17T04:09:00.000+02:00,331.79,21.92,41.13,0.0,70.09,0,0,0.0,0.0
2024-10-17T04:10:00.000+02:00,331.77,21.92,41.13,0.0,70.09,0,0,0.0,0.0
2024-10-17T04:11:00.000+02:00,331.74,21.92,41.13,0.0,70.09,0,0,0.0,0.0
2024-10-17T04:12:00.000+02:00,331.71,21.91,41.13,0.0,70.09,0,0,0.0,0.0
2024-10-17T04:13:00.000+02:00,331.69,21.91,41.13,0.0,70.09,0,0,0.0,0.0
2024-10-17T04:14:00.000+02:00,331.66,21.91,41.13,0.0,70.09,0,0,0.0,0.0
2024-10-17T04:15:00.000+02:00,331.64,21.91,41.13,0.0,70.09,0,0,0.0,0.0
2024-10-17T04:16:00.000+02:00,331.61,21.91,41.13,0.0,70.09,0,0,0.0,0.0
2024-10-17T04:17:00.000+02:00,331.59,21.91,41.13,0.0,70.09,0,0,0.0,0.0
2024-10-17T04:18:00.000+02:00,331.56,21.91,41.14,0.0,70.09,0,0,0.0,0.0
2024-10-17T04:19:00.000+02:00,331.53,21.91,41.14,0.0,70.09,0,0,0.0,0.0
2024-10-17T04:20:00.000+02:00,331.51,21.91,41.14,0.0,70.09,0,0,0.0,0.0
2024-10-17T04:21:00.000+02:00,331.48,21.9,41.14,0.0,70.09,0,0,0.0,0.0
2024-10-17T04:22:00.000+02:00,331.46,21.9,41.14,0.0,70.09,0,0,0.0,0.0
2024-10-17T04:23:00.000+02:00,331.44,21.9,41.14,0.0,70.09,0,0,0.0,0.0
2024-10-17T04:24:00.000+02:00,331.41,21.9,41.15,0.0,70.09,0,0,0.0,0.0
2024-10-17T04:25:00.000+02:00,331.39,21.9,41.15,0.0,70.09,0,0,0.0,0.0
2024-10-17T04:26:00.000+02:00,331.36,21.9,41.15,0.0,70.09,0,0,0.0,0.0
2024-10-17T04:27:00.000+02:00,331.34,21.9,41.15,0.0,70.09,0,0,0.0,0.0
2024-10-17T04:28:00.000+02:00,331.31,21.9,41.15,0.0,70.09,0,0,0.0,0.0
2024-10-17T04:29:00.000+02:00,331.29,21.9,41.16,0.0,70.09,0,0,0.0,0.0
2024-10-17T04:30:00.000+02:00,331.27,21.89,41.16,0.0,70.09,0,0,0.0,0.0
2024-10-17T04:31:00.000+02:00,331.24,21.89,41.16,0.0,70.09,0,0,0.0,0.0
2024-10-17T04:32:00.000+02:00,331.22,21.89,41.16,0.0,70.09,0,0,0.0,0.0
2024-10-17T04:33:00.000+02:00,331.2,21.89,41.17,0.0,70.09,0,0,0.0,0.0
2024-10-17T04:34:00.000+02:00,331.17,21.89,41.17,0.0,70.09,0,0,0.0,0.0
2024-10-17T04:35:00.000+02:00,331.15,21.89,41.17,0.0,70.09,0,0,0.0,0.0
2024-10-17T04:36:00.000+02:00,331.13,21.89,41.17,0.0,70.09,0,0,0.0,0.0
2024-10-17T04:37:00.000+02:00,331.1,21.89,41.18,0.0,70.09,0,0,0.0,0.0
2024-10-17T04:38:00.000+02:00,331.08,21.89,41.18,0.0,70.09,0,0,0.0,0.0
2024-10-17T04:39:00.000+02:00,331.06,21.89,41.18,0.0,70.09,0,0,0.0,0.0
2024-10-17T04:40:00.000+02:00,331.04,21.88,41.19,0.0,70.09,0,0,0.0,0.0
2024-10-17T04:41:00.000+02:00,331.01,21.88,41.19,0.0,70.09,0,0,0.0,0.0
2024-10-17T04:42:00.000+02:00,330.99,21.88,41.19,0.0,70.09,0,0,0.0,0.0
2024-10-17T04:43:00.000+02:00,330.97,21.88,41.2,0.0,70.09,0,0,0.0,0.0
2024-10-17T04:44:00.000+02:00,330.95,21.88,41.2,0.0,70.09,0,0,0.0,0.0
2024-10-17T04:45:00.000+02:00,330.93,21.88,41.21,0.0,70.09,0,0,0.0,0.0
2024-10-17T04:46:00.000+02:00,330.9,21.88,41.21,0.0,70.09,0,0,0.0,0.0
2024-10-17T04:47:00.000+02:00,330.88,21.88,41.21,0.0,70.09,0,0,0.0,0.0
2024-10-17T04:48:00.000+02:00,330.86,21.88,41.22,0.0,70.09,0,0,0.0,0.0
2024-10-17T04:49:00.000+02:00,330.84,21.87,41.22,0.0,70.09,0,0,0.0,0.0
2024-10-17T04:50:00.000+02:00,330.82,21.87,41.23,0.0,70.09,0,0,0.0,0.0
2024-10-17T04:51:00.000+02:00,330.8,21.87,41.23,0.0,70.09,0,0,0.0,0.0
2024-10-17T04:52:00.000+02:00,330.78,21.87,41.24,0.0,70.09,0,0,0.0,0.0
2024-10-17T04:53:00.000+02:00,330.76,21.87,41.24,0.0,70.09,0,0,0.0,0.0
2024-10-17T04:54:00.000+02:00,330.74,21.87,41.25,0.0,70.09,0,0,0.0,0.0
2024-10-17T04:55:00.000+02:00,330.71,21.87,41.25,0.0,70.09,0,0,0.0,0.0
2024-10-17T04:56:00.000+02:00,330.69,21.87,41.26,0.0,70.09,0,0,0.0,0.0
2024-10-17T04:57:00.000+02:00,330.67,21.87,41.26,0.0,70.09,0,0,0.0,0.0
2024-10-17T04:58:00.000+02:00,330.65,21.86,41.27,0.0,70.09,0,0,0.0,0.0
2024-10-17T04:59:00.000+02:00,330.63,21.86,41.27,0.0,70.09,0,0,0.0,0.0
2024-10-17T05:00:00.000+02:00,330.61,21.86,41.28,0.0,70.09,0,0,0.0,0.0
2024-10-17T05:01:00.000+02:00,330.59,21.86,41.28,0.0,70.09,0,0,0.0,0.0
2024-10-17T05:02:00.000+02:00,330.57,21.86,41.29,0.0,70.09,0,0,0.0,0.0
2024-10-17T05:03:00.000+02:00,330.55,21.86,41.29,0.0,70.09,0,0,0.0,0.0
2024-10-17T05:04:00.000+02:00,330.53,21.86,41.3,0.0,70.09,0,0,0.0,0.0
2024-10-17T05:05:00.000+02:00,330.51,21.86,41.31,0.0,70.09,0,0,0.0,0.0
2024-10-17T05:06:00.000+02:00,330.5,21.86,41.31,0.0,70.09,0,0,0.0,0.0
2024-10-17T05:07:00.000+02:00,330.48,21.85,41.32,0.0,70.09,0,0,0.0,0.0
2024-10-17T05:08:00.000+02:00,330.46,21.85,41.32,0.0,70.09,0,0,0.0,0.0
2024-10-17T05:09:00.000+02:00,330.44,21.85,41.33,0.0,70.09,0,0,0.0,0.0
2024-10-17T05:10:00.000+02:00,330.42,21.85,41.34,0.0,70.09,0,0,0.0,0.0
2024-10-17T05:11:00.000+02:00,330.4,21.85,41.34,0.0,70.09,0,0,0.0,0.0
2024-10-17T05:12:00.000+02:00,330.38,21.85,41.35,0.0,70.09,0,0,0.0,0.0
2024-10-17T05:13:00.000+02:00,330.36,21.85,41.35,0.0,70.09,0,0,0.0,0.0
2024-10-17T05:14:00.000+02:00,330.34,21.84,41.36,0.0,70.09,0,0,0.0,0.0
2024-10-17T05:15:00.000+02:00,330.33,21.84,41.37,0.0,70.09,0,0,0.0,0.0
2024-10-17T05:16:00.000+02:00,330.31,21.84,41.37,0.0,70.09,0,0,0.0,0.0
2024-10-17T05:17:00.000+02:00,330.29,21.84,41.38,0.0,70.09,0,0,0.0,0.0
2024-10-17T05:18:00.000+02:00,330.27,21.84,41.38,0.0,70.09,0,0,0.0,0.0
2024-10-17T05:19:00.000+02:00,330.25,21.84,41.39,0.0,70.09,0,0,0.0,0.0
2024-10-17T05:20:00.000+02:00,330.23,21.84,41.4,0.0,70.09,0,0,0.0,0.0
2024-10-17T05:21:00.000+02:00,330.22,21.83,41.4,0.0,70.09,0,0,0.0,0.0
2024-10-17T05:22:00.000+02:00,330.2,21.83,41.41,0.0,70.09,0,0,0.0,0.0
2024-10-17T05:23:00.000+02:00,330.18,21.83,41.42,0.0,70.09,0,0,0.0,0.0
2024-10-17T05:24:00.000+02:00,330.16,21.83,41.42,0.0,70.09,0,0,0.0,0.0
2024-10-17T05:25:00.000+02:00,330.15,21.83,41.43,0.0,70.09,0,0,0.0,0.0
2024-10-17T05:26:00.000+02:00,330.13,21.83,41.44,0.0,70.09,0,0,0.0,0.0
2024-10-17T05:27:00.000+02:00,330.11,21.82,41.44,0.0,70.09,0,0,0.0,0.0
2024-10-17T05:28:00.000+02:00,330.09,21.82,41.45,0.0,70.09,0,0,0.0,0.0
2024-10-17T05:29:00.000+02:00,330.08,21.82,41.45,0.0,70.09,0,0,0.0,0.0
2024-10-17T05:30:00.000+02:00,330.06,21.82,41.46,0.0,70.09,0,0,0.0,0.0
2024-10-17T05:31:00.000+02:00,330.04,21.82,41.47,0.0,70.09,0,0,0.0,0.0
2024-10-17T05:32:00.000+02:00,330.03,21.82,41.47,0.0,70.09,0,0,0.0,0.0
2024-10-17T05:33:00.000+02:00,330.01,21.82,41.48,0.0,70.09,0,0,0.0,0.0
2024-10-17T05:34:00.000+02:00,329.99,21.81,41.49,0.0,70.09,0,0,0.0,0.0
2024-10-17T05:35:00.000+02:00,329.98,21.81,41.49,0.0,70.09,0,0,0.0,0.0
2024-10-17T05:36:00.000+02:00,329.96,21.81,41.5,0.0,70.09,0,0,0.0,0.0
2024-10-17T05:37:00.000+02:00,329.94,21.81,41.5,0.0,70.09,0,0,0.0,0.0
2024-10-17T05:38:00.000+02:00,329.93,21.81,41.51,0.0,70.09,0,0,0.0,0.0
2024-10-17T05:39:00.000+02:00,329.91,21.81,41.52,0.0,70.09,0,0,0.0,0.0
2024-10-17T05:40:00.000+02:00,329.9,21.8,41.52,0.0,70.09,0,0,0.0,0.0
2024-10-17T05:41:00.000+02:00,329.88,21.8,41.53,0.0,70.09,0,0,0.0,0.0
2024-10-17T05:42:00.000+02:00,329.86,21.8,41.54,0.0,70.09,0,0,0.0,0.0
2024-10-17T05:43:00.000+02:00,329.85,21.8,41.54,0.0,70.09,0,0,0.0,0.0
2024-10-17T05:44:00.000+02:00,329.83,21.8,41.55,0.0,70.09,0,0,0.0,0.0
2024-10-17T05:45:00.000+02:00,329.82,21.8,41.55,0.0,70.09,0,0,0.0,0.0
2024-10-17T05:46:00.000+02:00,329.8,21.79,41.56,0.0,70.09,0,0,0.0,0.0
2024-10-17T05:47:00.000+02:00,329.79,21.79,41.57,0.0,70.09,0,0,0.0,0.0
2024-10-17T05:48:00.000+02:00,329.77,21.79,41.57,0.0,70.09,0,0,0.0,0.0
2024-10-17T05:49:00.000+02:00,329.75,21.79,41.58,0.0,70.09,0,0,0.0,0.0
2024-10-17T05:50:00.000+02:00,329.74,21.79,41.58,0.0,70.09,0,0,0.0,0.0
2024-10-17T05:51:00.000+02:00,329.72,21.79,41.59,0.0,70.09,0,0,0.0,0.0
2024-10-17T05:52:00.000+02:00,329.71,21.78,41.6,0.0,70.09,0,0,0.0,0.0
2024-10-17T05:53:00.000+02:00,329.69,21.78,41.6,0.0,70.09,0,0,0.0,0.0
2024-10-17T05:54:00.000+02:00,329.68,21.78,41.61,0.0,70.09,0,0,0.0,0.0
2024-10-17T05:55:00.000+02:00,329.66,21.78,41.62,0.0,70.09,0,0,0.0,0.0
2024-10-17T05:56:00.000+02:00,329.65,21.78,41.62,0.0,70.09,0,0,0.0,0.0
2024-10-17T05:57:00.000+02:00,329.64,21.78,41.63,0.0,70.09,0,0,0.0,0.0
2024-10-17T05:58:00.000+02:00,329.62,21.78,41.63,0.0,70.09,0,0,0.0,0.0
2024-10-17T05:59:00.000+02:00,329.61,21.77,41.64,0.0,70.09,0,0,0.0,0.0
2024-10-17T06:00:00.000+02:00,329.59,21.77,41.65,0.0,70.09,0,0,0.0,0.0
2024-10-17T06:01:00.000+02:00,329.58,21.77,41.65,0.0,70.09,0,0,0.0,0.0
2024-10-17T06:02:00.000+02:00,329.56,21.77,41.66,0.0,70.09,0,0,0.0,0.0
2024-10-17T06:03:00.000+02:00,329.55,21.77,41.66,0.0,70.09,0,0,0.0,0.0
2024-10-17T06:04:00.000+02:00,329.54,21.77,41.67,0.0,70.09,0,0,0.0,0.0
2024-10-17T06:05:00.000+02:00,329.52,21.76,41.68,0.0,70.09,0,0,0.0,0.0
2024-10-17T06:06:00.000+02:00,329.51,21.76,41.68,0.0,70.09,0,0,0.0,0.0
2024-10-17T06:07:00.000+02:00,329.49,21.76,41.69,0.0,70.09,0,0,0.0,0.0
2024-10-17T06:08:00.000+02:00,329.48,21.76,41.69,0.0,70.09,0,0,0.0,0.0
2024-10-17T06:09:00.000+02:00,329.47,21.76,41.7,0.0,70.09,0,0,0.0,0.0
2024-10-17T06:10:00.000+02:00,329.45,21.76,41.71,0.0,70.09,0,0,0.0,0.0
2024-10-17T06:11:00.000+02:00,329.44,21.75,41.71,0.0,70.09,0,0,0.0,0.0
2024-10-17T06:12:00.000+02:00,329.43,21.75,41.72,0.0,70.09,0,0,0.0,0.0
2024-10-17T06:13:00.000+02:00,329.41,21.75,41.72,0.0,70.09,0,0,0.0,0.0
2024-10-17T06:14:00.000+02:00,329.4,21.75,41.73,0.0,70.09,0,0,0.0,0.0
2024-10-17T06:15:00.000+02:00,329.39,21.75,41.74,0.0,70.09,0,0,0.0,0.0
2024-10-17T06:16:00.000+02:00,329.37,21.75,41.74,0.0,70.09,0,0,0.0,0.0
2024-10-17T06:17:00.000+02:00,329.36,21.74,41.75,0.0,70.09,0,0,0.0,0.0
2024-10-17T06:18:00.000+02:00,329.35,21.74,41.75,0.0,70.09,0,0,0.0,0.0
2024-10-17T06:19:00.000+02:00,329.33,21.74,41.76,0.0,70.09,0,0,0.0,0.0
2024-10-17T06:20:00.000+02:00,329.32,21.74,41.77,0.0,70.09,0,0,0.0,0.0
2024-10-17T06:21:00.000+02:00,329.31,21.74,41.77,0.0,70.09,0,0,0.0,0.0
2024-10-17T06:22:00.000+02:00,329.29,21.74,41.78,0.0,70.09,0,0,0.0,0.0
2024-10-17T06:23:00.000+02:00,329.28,21.73,41.78,0.0,70.09,0,0,0.0,0.0
2024-10-17T06:24:00.000+02:00,329.27,21.73,41.79,0.0,70.09,0,0,0.0,0.0
2024-10-17T06:25:00.000+02:00,329.26,21.73,41.8,0.0,70.09,0,0,0.0,0.0
2024-10-17T06:26:00.000+02:00,329.24,21.73,41.8,0.0,70.09,0,0,0.0,0.0
2024-10-17T06:27:00.000+02:00,329.23,21.73,41.81,0.0,70.09,0,0,0.0,0.0
2024-10-17T06:28:00.000+02:00,329.22,21.73,41.81,0.0,70.09,0,0,0.0,0.0
2024-10-17T06:29:00.000+02:00,329.21,21.72,41.82,0.0,70.09,0,0,0.0,0.0
2024-10-17T06:30:00.000+02:00,329.2,21.72,41.83,0.0,70.09,0,0,0.0,0.0
2024-10-17T06:31:00.000+02:00,329.18,21.72,41.83,0.0,70.09,0,0,0.0,0.0
2024-10-17T06:32:00.000+02:00,329.17,21.72,41.84,0.0,70.09,0,0,0.0,0.0
2024-10-17T06:33:00.000+02:00,329.16,21.72,41.84,0.0,70.09,0,0,0.0,0.0
2024-10-17T06:34:00.000+02:00,329.15,21.72,41.85,0.0,70.09,0,0,0.0,0.0
2024-10-17T06:35:00.000+02:00,329.14,21.71,41.85,0.0,70.09,0,0,0.0,0.0
2024-10-17T06:36:00.000+02:00,329.12,21.71,41.86,0.0,70.09,0,0,0.0,0.0
2024-10-17T06:37:00.000+02:00,329.11,21.71,41.87,0.0,70.09,0,0,0.0,0.0
2024-10-17T06:38:00.000+02:00,329.1,21.71,41.87,0.0,70.09,0,0,0.0,0.0
2024-10-17T06:39:00.000+02:00,329.09,21.71,41.88,0.0,70.09,0,0,0.0,0.0
2024-10-17T06:40:00.000+02:00,329.08,21.71,41.88,0.0,70.09,0,0,0.0,0.0
2024-10-17T06:41:00.000+02:00,329.07,21.74,41.8,0.0,70.09,0,0,0.0,0.0
2024-10-17T06:42:00.000+02:00,329.05,21.79,41.67,0.0,70.09,0,0,0.0,0.0
2024-10-17T06:43:00.000+02:00,329.04,21.85,41.51,0.0,70.09,0,0,0.0,0.0
2024-10-17T06:44:00.000+02:00,329.03,21.92,41.36,0.0,70.09,0,0,0.0,0.0
2024-10-17T06:45:00.000+02:00,329.02,21.97,41.21,0.0,70.09,0,0,0.0,0.0
2024-10-17T06:46:00.000+02:00,329.01,22.03,41.07,0.0,70.09,0,0,0.0,0.0
2024-10-17T06:47:00.000+02:00,329.0,22.08,40.94,0.0,70.09,0,0,0.0,0.0
2024-10-17T06:48:00.000+02:00,328.99,22.13,40.82,0.0,70.09,0,0,0.0,0.0
2024-10-17T06:49:00.000+02:00,328.98,22.18,40.7,0.0,70.09,0,0,0.0,0.0
2024-10-17T06:50:00.000+02:00,328.97,22.23,40.59,0.0,70.09,0,0,0.0,0.0
2024-10-17T06:51:00.000+02:00,328.95,22.27,40.48,0.0,70.09,0,0,0.0,0.0
2024-10-17T06:52:00.000+02:00,328.94,22.32,40.37,0.0,70.09,0,0,0.0,0.0
2024-10-17T06:53:00.000+02:00,328.93,22.36,40.27,0.0,70.09,0,0,0.0,0.0
2024-10-17T06:54:00.000+02:00,328.92,22.4,40.17,0.0,70.09,0,0,0.0,0.0
2024-10-17T06:55:00.000+02:00,328.91,22.45,40.05,0.0,70.09,0,0,0.0,0.0
2024-10-17T06:56:00.000+02:00,328.9,22.51,39.91,0.0,70.09,0,0,0.0,0.0
2024-10-17T06:57:00.000+02:00,330.71,22.58,39.75,0.0,70.09,1,1,1.0,1.0
2024-10-17T06:58:00.000+02:00,333.68,22.67,39.59,0.0,70.09,1,1,1.0,1.0
2024-10-17T06:59:00.000+02:00,337.04,22.76,39.44,0.0,70.09,1,1,1.0,1.0
2024-10-17T07:00:00.000+02:00,340.42,22.84,39.29,0.0,70.09,1,1,1.0,1.0
2024-10-17T07:01:00.000+02:00,343.74,22.92,39.16,0.0,70.09,1,1,1.0,1.0
2024-10-17T07:02:00.000+02:00,347.01,23.0,39.04,0.0,70.09,1,1,1.0,1.0
2024-10-17T07:03:00.000+02:00,350.25,23.07,38.92,0.0,70.09,1,1,1.0,1.0
2024-10-17T07:04:00.000+02:00,353.46,23.13,38.82,0.0,70.09,1,1,1.0,1.0
2024-10-17T07:05:00.000+02:00,356.66,23.2,38.72,0.0,70.09,1,1,1.0,1.0
2024-10-17T07:06:00.000+02:00,359.84,23.26,38.63,0.0,70.09,1,1,1.0,1.0
2024-10-17T07:07:00.000+02:00,363.0,23.32,38.54,0.0,70.09,1,1,1.0,1.0
2024-10-17T07:08:00.000+02:00,366.14,23.38,38.46,0.0,70.09,1,1,1.0,1.0
2024-10-17T07:09:00.000+02:00,369.27,23.44,38.38,0.0,70.09,1,1,1.0,1.0
2024-10-17T07:10:00.000+02:00,372.38,23.49,38.31,0.0,70.09,1,1,1.0,1.0
2024-10-17T07:11:00.000+02:00,375.47,23.54,38.24,0.0,70.09,1,1,1.0,1.0
2024-10-17T07:12:00.000+02:00,378.55,23.59,38.18,0.0,70.09,1,1,1.0,1.0
2024-10-17T07:13:00.000+02:00,381.61,23.64,38.12,0.0,70.09,1,1,1.0,1.0
2024-10-17T07:14:00.000+02:00,384.65,23.68,38.08,0.0,70.09,1,1,1.0,1.0
2024-10-17T07:15:00.000+02:00,387.67,23.72,38.04,0.0,70.09,1,1,1.0,1.0
2024-10-17T07:16:00.000+02:00,390.68,23.76,38.0,0.0,70.09,1,1,1.0,1.0
2024-10-17T07:17:00.000+02:00,393.67,23.8,37.97,0.0,70.09,1,1,1.0,1.0
2024-10-17T07:18:00.000+02:00,396.65,23.83,37.95,0.0,70.09,1,1,1.0,1.0
2024-10-17T07:19:00.000+02:00,397.78,23.85,37.94,0.0,70.09,0,1,0.0,
2024-10-17T07:20:00.000+02:00,397.75,23.85,37.94,0.0,70.09,0,1,0.0,
2024-10-17T07:21:00.000+02:00,397.3,23.84,37.94,0.0,70.09,0,1,0.0,
2024-10-17T07:22:00.000+02:00,396.82,23.84,37.93,0.0,70.09,0,1,0.0,
2024-10-17T07:23:00.000+02:00,396.38,23.84,37.93,0.0,70.09,0,1,0.0,
2024-10-17T07:24:00.000+02:00,395.97,23.84,37.92,0.0,70.09,0,1,0.0,
2024-10-17T07:25:00.000+02:00,395.59,23.84,37.91,0.0,70.09,0,1,0.0,
2024-10-17T07:26:00.000+02:00,395.21,23.85,37.9,0.0,70.09,0,1,0.0,
2024-10-17T07:27:00.000+02:00,394.83,23.85,37.89,0.0,70.09,0,1,0.0,
2024-10-17T07:28:00.000+02:00,394.46,23.85,37.88,0.0,70.09,0,1,0.0,
2024-10-17T07:29:00.000+02:00,394.08,23.86,37.86,0.0,70.09,0,1,0.0,
2024-10-17T07:30:00.000+02:00,393.71,23.86,37.85,0.0,70.09,0,1,0.0,
2024-10-17T07:31:00.000+02:00,393.34,23.87,37.83,0.0,70.09,0,1,0.0,
2024-10-17T07:32:00.000+02:00,392.97,23.87,37.82,0.0,70.09,0,1,0.0,
2024-10-17T07:33:00.000+02:00,392.6,23.88,37.8,0.0,70.09,0,1,0.0,
2024-10-17T07:34:00.000+02:00,394.06,23.9,37.77,0.0,70.09,1,1,1.0,
2024-10-17T07:35:00.000+02:00,396.67,23.93,37.74,0.0,70.09,1,1,1.0,
2024-10-17T07:36:00.000+02:00,399.68,23.97,37.71,0.0,70.09,1,1,1.0,
2024-10-17T07:37:00.000+02:00,402.72,24.01,37.69,0.0,70.09,1,1,1.0,
2024-10-17T07:38:00.000+02:00,405.69,24.04,37.67,0.0,70.09,1,1,1.0,
2024-10-17T07:39:00.000+02:00,408.62,24.07,37.65,0.0,70.09,1,1,1.0,
2024-10-17T07:40:00.000+02:00,411.51,24.1,37.64,0.0,70.09,1,1,1.0,
2024-10-17T07:41:00.000+02:00,414.38,24.12,37.63,0.0,70.09,1,1,1.0,
2024-10-17T07:42:00.000+02:00,417.24,24.15,37.62,0.0,70.09,1,1,1.0,
2024-10-17T07:43:00.000+02:00,420.08,24.17,37.62,0.0,70.09,1,1,1.0,
2024-10-17T07:44:00.000+02:00,422.9,24.2,37.62,0.0,70.09,1,1,1.0,
2024-10-17T07:45:00.000+02:00,425.71,24.22,37.62,0.0,70.09,1,1,1.0,
2024-10-17T07:46:00.000+02:00,428.51,24.24,37.63,0.0,70.09,1,1,1.0,
2024-10-17T07:47:00.000+02:00,431.29,24.26,37.63,0.0,70.09,1,1,1.0,
2024-10-17T07:48:00.000+02:00,434.05,24.28,37.64,0.0,70.09,1,1,1.0,
2024-10-17T07:49:00.000+02:00,436.8,24.29,37.65,0.0,70.09,1,1,1.0,
2024-10-17T07:50:00.000+02:00,439.53,24.31,37.66,0.0,70.09,1,1,1.0,
2024-10-17T07:51:00.000+02:00,442.25,24.33,37.67,0.0,70.09,1,1,1.0,
2024-10-17T07:52:00.000+02:00,444.96,24.34,37.68,0.0,70.09,1,1,1.0,
2024-10-17T07:53:00.000+02:00,447.64,24.36,37.69,0.0,70.09,1,1,1.0,
2024-10-17T07:54:00.000+02:00,450.32,24.38,37.71,0.0,70.09,1,1,1.0,
2024-10-17T07:55:00.000+02:00,452.97,24.39,37.72,0.0,70.09,1,1,1.0,
2024-10-17T07:56:00.000+02:00,455.62,24.4,37.74,0.0,70.09,1,1,1.0,
2024-10-17T07:57:00.000+02:00,458.24,24.42,37.76,0.0,70.09,1,1,1.0,
2024-10-17T07:58:00.000+02:00,460.86,24.43,37.77,0.0,70.09,1,1,1.0,
2024-10-17T07:59:00.000+02:00,463.46,24.45,37.79,0.0,70.09,1,1,1.0,1.0
2024-10-17T08:00:00.000+02:00,466.04,24.46,37.81,0.0,70.09,1,1,1.0,1.0
2024-10-17T08:01:00.000+02:00,468.61,24.47,37.82,0.0,70.09,1,1,1.0,1.0
2024-10-17T08:02:00.000+02:00,471.17,24.49,37.84,0.0,70.09,1,1,1.0,1.0
2024-10-17T08:03:00.000+02:00,473.71,24.5,37.86,0.0,70.09,1,1,1.0,1.0
2024-10-17T08:04:00.000+02:00,476.23,24.51,37.87,0.0,70.09,1,1,1.0,1.0
2024-10-17T08:05:00.000+02:00,478.75,24.53,37.89,0.0,70.09,1,1,1.0,1.0
2024-10-17T08:06:00.000+02:00,481.25,24.54,37.9,0.0,70.09,1,1,1.0,1.0
2024-10-17T08:07:00.000+02:00,483.73,24.55,37.92,0.0,70.09,1,1,1.0,1.0
2024-10-17T08:08:00.000+02:00,486.2,24.57,37.93,0.0,70.09,1,1,1.0,1.0
2024-10-17T08:09:00.000+02:00,488.66,24.58,37.95,0.0,70.09,1,1,1.0,1.0
2024-10-17T08:10:00.000+02:00,491.11,24.59,37.96,0.0,70.09,1,1,1.0,1.0
2024-10-17T08:11:00.000+02:00,493.54,24.61,37.98,0.0,70.09,1,1,1.0,1.0
2024-10-17T08:12:00.000+02:00,495.95,24.62,37.99,0.0,70.09,1,1,1.0,1.0
2024-10-17T08:13:00.000+02:00,498.36,24.63,38.01,0.0,70.09,1,1,1.0,1.0
2024-10-17T08:14:00.000+02:00,500.75,24.65,38.02,0.0,70.09,1,1,1.0,1.0
2024-10-17T08:15:00.000+02:00,503.12,24.66,38.03,0.0,70.09,1,1,1.0,1.0
2024-10-17T08:16:00.000+02:00,505.49,24.68,38.05,0.0,70.09,1,1,1.0,1.0
2024-10-17T08:17:00.000+02:00,507.84,24.69,38.06,0.0,70.09,1,1,1.0,1.0
2024-10-17T08:18:00.000+02:00,510.18,24.7,38.07,0.0,70.09,1,1,1.0,1.0
2024-10-17T08:19:00.000+02:00,512.5,24.72,38.09,0.0,70.09,1,1,1.0,1.0
2024-10-17T08:20:00.000+02:00,514.81,24.73,38.1,0.0,70.09,1,1,1.0,1.0
2024-10-17T08:21:00.000+02:00,517.11,24.75,38.11,0.0,70.09,1,1,1.0,1.0
2024-10-17T08:22:00.000+02:00,519.4,24.76,38.12,0.0,70.09,1,1,1.0,1.0
2024-10-17T08:23:00.000+02:00,521.67,24.77,38.13,0.0,70.09,1,1,1.0,1.0
2024-10-17T08:24:00.000+02:00,523.93,24.79,38.14,0.0,70.09,1,1,1.0,1.0
2024-10-17T08:25:00.000+02:00,526.18,24.8,38.15,0.0,70.09,1,1,1.0,1.0
2024-10-17T08:26:00.000+02:00,528.42,24.82,38.16,0.0,70.09,1,1,1.0,1.0
2024-10-17T08:27:00.000+02:00,530.64,24.83,38.17,0.0,70.09,1,1,1.0,1.0
2024-10-17T08:28:00.000+02:00,532.85,24.84,38.18,0.0,70.09,1,1,1.0,1.0
2024-10-17T08:29:00.000+02:00,535.05,24.86,38.19,0.0,70.09,1,1,1.0,1.0
2024-10-17T08:30:00.000+02:00,537.24,24.87,38.2,0.0,70.09,1,1,1.0,1.0
2024-10-17T08:31:00.000+02:00,539.42,24.89,38.21,0.0,70.09,1,1,1.0,1.0
2024-10-17T08:32:00.000+02:00,541.58,24.91,38.21,0.0,70.09,1,1,1.0,1.0
2024-10-17T08:33:00.000+02:00,543.73,24.92,38.21,0.0,70.09,1,1,1.0,1.0
2024-10-17T08:34:00.000+02:00,545.87,24.94,38.21,0.0,70.09,1,1,1.0,1.0
2024-10-17T08:35:00.000+02:00,548.0,24.96,38.21,0.0,70.09,1,1,1.0,1.0
2024-10-17T08:36:00.000+02:00,550.11,24.98,38.2,0.0,70.09,1,1,1.0,1.0
2024-10-17T08:37:00.000+02:00,552.21,25.0,38.2,0.0,70.09,1,1,1.0,1.0
2024-10-17T08:38:00.000+02:00,554.31,25.02,38.2,0.0,70.09,1,1,1.0,1.0
2024-10-17T08:39:00.000+02:00,556.39,25.03,38.22,0.0,70.09,1,1,1.0,1.0
2024-10-17T08:40:00.000+02:00,558.46,25.02,38.27,0.0,70.09,1,1,1.0,1.0
2024-10-17T08:41:00.000+02:00,560.51,25.02,38.32,0.0,70.09,1,1,1.0,1.0
2024-10-17T08:42:00.000+02:00,562.56,25.02,38.37,0.0,70.09,1,1,1.0,1.0
2024-10-17T08:43:00.000+02:00,564.59,25.01,38.41,0.0,70.09,1,1,1.0,1.0
2024-10-17T08:44:00.000+02:00,566.62,25.01,38.45,0.0,70.09,1,1,1.0,1.0
2024-10-17T08:45:00.000+02:00,568.63,25.01,38.49,0.0,70.09,1,1,1.0,1.0
2024-10-17T08:46:00.000+02:00,570.63,25.01,38.53,0.0,70.09,1,1,1.0,1.0
2024-10-17T08:47:00.000+02:00,572.62,25.02,38.56,0.0,70.09,1,1,1.0,1.0
2024-10-17T08:48:00.000+02:00,574.6,25.02,38.59,0.0,70.09,1,1,1.0,1.0
2024-10-17T08:49:00.000+02:00,576.57,25.02,38.62,0.0,70.09,1,1,1.0,1.0
2024-10-17T08:50:00.000+02:00,578.53,25.03,38.65,0.0,70.09,1,1,1.0,1.0
2024-10-17T08:51:00.000+02:00,580.48,25.03,38.67,0.0,70.09,1,1,1.0,1.0
2024-10-17T08:52:00.000+02:00,582.42,25.04,38.7,0.0,70.09,1,1,1.0,1.0
2024-10-17T08:53:00.000+02:00,584.34,25.05,38.72,0.0,70.09,1,1,1.0,1.0
2024-10-17T08:54:00.000+02:00,586.26,25.05,38.74,0.0,70.09,1,1,1.0,1.0
2024-10-17T08:55:00.000+02:00,588.16,25.06,38.76,0.0,70.09,1,1,1.0,1.0
2024-10-17T08:56:00.000+02:00,590.06,25.07,38.77,0.0,70.09,1,1,1.0,1.0
2024-10-17T08:57:00.000+02:00,591.94,25.08,38.79,0.0,70.09,1,1,1.0,1.0
2024-10-17T08:58:00.000+02:00,593.81,25.09,38.8,0.0,70.09,1,1,1.0,1.0
2024-10-17T08:59:00.000+02:00,595.68,25.1,38.81,0.0,70.09,1,1,1.0,1.0
2024-10-17T09:00:00.000+02:00,597.53,25.11,38.83,0.0,70.09,1,1,1.0,1.0
2024-10-17T09:01:00.000+02:00,599.37,25.12,38.84,0.0,70.09,1,1,1.0,1.0
2024-10-17T09:02:00.000+02:00,601.21,25.13,38.85,0.0,70.09,1,1,1.0,1.0
2024-10-17T09:03:00.000+02:00,603.03,25.15,38.86,0.0,70.09,1,1,1.0,1.0
2024-10-17T09:04:00.000+02:00,604.84,25.16,38.86,0.0,70.09,1,1,1.0,1.0
2024-10-17T09:05:00.000+02:00,606.64,25.17,38.87,0.0,70.09,1,1,1.0,1.0
2024-10-17T09:06:00.000+02:00,608.44,25.18,38.88,0.0,70.09,1,1,1.0,1.0
2024-10-17T09:07:00.000+02:00,612.04,25.21,38.88,0.0,70.09,1,1,2.0,2.0
2024-10-17T09:08:00.000+02:00,616.79,25.25,38.87,0.0,70.09,1,1,2.0,2.0
2024-10-17T09:09:00.000+02:00,621.92,25.3,38.87,0.0,70.09,1,1,2.0,2.0
2024-10-17T09:10:00.000+02:00,627.07,25.34,38.87,0.0,70.09,1,1,2.0,2.0
2024-10-17T09:11:00.000+02:00,632.15,25.38,38.87,0.0,70.09,1,1,2.0,2.0
2024-10-17T09:12:00.000+02:00,637.16,25.41,38.88,0.0,70.09,1,1,2.0,2.0
2024-10-17T09:13:00.000+02:00,642.13,25.45,38.9,0.0,70.09,1,1,2.0,2.0
2024-10-17T09:14:00.000+02:00,647.07,25.48,38.91,0.0,70.09,1,1,2.0,2.0
2024-10-17T09:15:00.000+02:00,651.98,25.51,38.93,0.0,70.09,1,1,2.0,2.0
2024-10-17T09:16:00.000+02:00,656.86,25.55,38.96,0.0,70.09,1,1,2.0,2.0
2024-10-17T09:17:00.000+02:00,661.72,25.58,38.98,0.0,70.09,1,1,2.0,2.0
2024-10-17T09:18:00.000+02:00,666.55,25.6,39.01,0.0,70.09,1,1,2.0,2.0
2024-10-17T09:19:00.000+02:00,671.36,25.63,39.04,0.0,70.09,1,1,2.0,2.0
2024-10-17T09:20:00.000+02:00,676.14,25.66,39.07,0.0,70.09,1,1,2.0,2.0
2024-10-17T09:21:00.000+02:00,680.89,25.69,39.1,0.0,70.09,1,1,2.0,2.0
2024-10-17T09:22:00.000+02:00,685.61,25.71,39.13,0.0,70.09,1,1,2.0,2.0
2024-10-17T09:23:00.000+02:00,690.31,25.74,39.17,0.0,70.09,1,1,2.0,2.0
2024-10-17T09:24:00.000+02:00,694.99,25.76,39.2,0.0,70.09,1,1,2.0,2.0
2024-10-17T09:25:00.000+02:00,699.63,25.78,39.24,0.0,70.09,1,1,2.0,2.0
2024-10-17T09:26:00.000+02:00,704.25,25.81,39.28,0.0,70.09,1,1,2.0,2.0
2024-10-17T09:27:00.000+02:00,708.85,25.83,39.32,0.0,70.09,1,1,2.0,2.0
2024-10-17T09:28:00.000+02:00,713.42,25.85,39.35,0.0,70.09,1,1,2.0,2.0
2024-10-17T09:29:00.000+02:00,717.96,25.87,39.39,0.0,70.09,1,1,2.0,2.0
2024-10-17T09:30:00.000+02:00,722.48,25.89,39.44,0.0,70.09,1,1,2.0,2.0
2024-10-17T09:31:00.000+02:00,726.98,25.91,39.48,0.0,70.09,1,1,2.0,2.0
2024-10-17T09:32:00.000+02:00,731.45,25.93,39.52,0.0,70.09,1,1,2.0,2.0
2024-10-17T09:33:00.000+02:00,735.89,25.95,39.56,0.0,70.09,1,1,2.0,2.0
2024-10-17T09:34:00.000+02:00,740.31,25.97,39.61,0.0,70.09,1,1,2.0,2.0
2024-10-17T09:35:00.000+02:00,744.71,25.99,39.65,0.0,70.09,1,1,2.0,2.0
2024-10-17T09:36:00.000+02:00,749.08,26.01,39.7,0.0,70.09,1,1,2.0,2.0
2024-10-17T09:37:00.000+02:00,753.43,26.03,39.74,0.0,70.09,1,1,2.0,2.0
2024-10-17T09:38:00.000+02:00,757.75,26.04,39.79,0.0,70.09,1,1,2.0,2.0
2024-10-17T09:39:00.000+02:00,762.05,26.06,39.83,0.0,70.09,1,1,2.0,2.0
2024-10-17T09:40:00.000+02:00,766.33,26.08,39.88,0.0,70.09,1,1,2.0,2.0
2024-10-17T09:41:00.000+02:00,770.58,26.09,39.93,0.0,70.09,1,1,2.0,2.0
2024-10-17T09:42:00.000+02:00,774.81,26.11,39.98,0.0,70.09,1,1,2.0,2.0
2024-10-17T09:43:00.000+02:00,779.01,26.12,40.02,0.0,70.09,1,1,2.0,2.0
2024-10-17T09:44:00.000+02:00,783.2,26.14,40.07,0.0,70.09,1,1,2.0,2.0
2024-10-17T09:45:00.000+02:00,787.35,26.16,40.12,0.0,70.09,1,1,2.0,2.0
2024-10-17T09:46:00.000+02:00,791.49,26.17,40.17,0.0,70.09,1,1,2.0,2.0
2024-10-17T09:47:00.000+02:00,795.6,26.19,40.22,0.0,70.09,1,1,2.0,2.0
2024-10-17T09:48:00.000+02:00,799.69,26.2,40.27,0.0,70.09,1,1,2.0,2.0
2024-10-17T09:49:00.000+02:00,803.76,26.21,40.31,0.0,70.09,1,1,2.0,2.0
2024-10-17T09:50:00.000+02:00,807.81,26.23,40.36,0.0,70.09,1,1,2.0,2.0
2024-10-17T09:51:00.000+02:00,811.83,26.24,40.41,0.0,70.09,1,1,2.0,2.0
2024-10-17T09:52:00.000+02:00,815.83,26.26,40.46,0.0,70.09,1,1,2.0,2.0
2024-10-17T09:53:00.000+02:00,819.81,26.27,40.51,0.0,70.09,1,1,2.0,2.0
2024-10-17T09:54:00.000+02:00,823.77,26.28,40.56,0.0,70.09,1,1,2.0,2.0
2024-10-17T09:55:00.000+02:00,827.7,26.3,40.61,0.0,70.09,1,1,2.0,2.0
2024-10-17T09:56:00.000+02:00,831.61,26.31,40.66,0.0,70.09,1,1,2.0,2.0
2024-10-17T09:57:00.000+02:00,835.51,26.32,40.7,0.0,70.09,1,1,2.0,2.0
2024-10-17T09:58:00.000+02:00,839.38,26.34,40.75,0.0,70.09,1,1,2.0,2.0
2024-10-17T09:59:00.000+02:00,843.22,26.35,40.8,0.0,70.09,1,1,2.0,2.0
2024-10-17T10:00:00.000+02:00,847.05,26.36,40.85,0.0,70.09,1,1,2.0,2.0
2024-10-17T10:01:00.000+02:00,850.86,26.37,40.9,0.0,70.09,1,1,2.0,2.0
2024-10-17T10:02:00.000+02:00,854.64,26.39,40.95,0.0,70.09,1,1,2.0,2.0
2024-10-17T10:03:00.000+02:00,858.41,26.4,41.0,0.0,70.09,1,1,2.0,2.0
2024-10-17T10:04:00.000+02:00,862.15,26.41,41.04,0.0,70.09,1,1,2.0,2.0
2024-10-17T10:05:00.000+02:00,865.88,26.42,41.09,0.0,70.09,1,1,2.0,2.0
2024-10-17T10:06:00.000+02:00,869.58,26.43,41.14,0.0,70.09,1,1,2.0,2.0
2024-10-17T10:07:00.000+02:00,873.26,26.44,41.19,0.0,70.09,1,1,2.0,2.0
2024-10-17T10:08:00.000+02:00,876.93,26.46,41.24,0.0,70.09,1,1,2.0,2.0
2024-10-17T10:09:00.000+02:00,880.57,26.47,41.28,0.0,70.09,1,1,2.0,2.0
2024-10-17T10:10:00.000+02:00,884.19,26.48,41.33,0.0,70.09,1,1,2.0,2.0
2024-10-17T10:11:00.000+02:00,887.79,26.49,41.37,0.0,70.09,1,1,2.0,2.0
2024-10-17T10:12:00.000+02:00,891.37,26.51,41.42,0.0,70.09,1,1,2.0,2.0
2024-10-17T10:13:00.000+02:00,894.94,26.52,41.47,0.0,70.09,1,1,2.0,2.0
2024-10-17T10:14:00.000+02:00,898.48,26.53,41.51,0.0,70.09,1,1,2.0,2.0
2024-10-17T10:15:00.000+02:00,902.0,26.54,41.56,0.0,70.09,1,1,2.0,2.0
2024-10-17T10:16:00.000+02:00,905.51,26.55,41.61,0.0,70.09,1,1,2.0,2.0
2024-10-17T10:17:00.000+02:00,908.99,26.56,41.65,0.0,70.09,1,1,2.0,2.0
2024-10-17T10:18:00.000+02:00,912.46,26.57,41.7,0.0,70.09,1,1,2.0,2.0
2024-10-17T10:19:00.000+02:00,915.91,26.58,41.74,0.0,70.09,1,1,2.0,2.0
2024-10-17T10:20:00.000+02:00,919.33,26.6,41.79,0.0,70.09,1,1,2.0,2.0
2024-10-17T10:21:00.000+02:00,922.74,26.61,41.84,0.0,70.09,1,1,2.0,2.0
2024-10-17T10:22:00.000+02:00,926.13,26.62,41.88,0.0,70.09,1,1,2.0,2.0
2024-10-17T10:23:00.000+02:00,929.51,26.63,41.93,0.0,70.09,1,1,2.0,2.0
2024-10-17T10:24:00.000+02:00,932.86,26.64,41.98,0.0,70.09,1,1,2.0,2.0
2024-10-17T10:25:00.000+02:00,936.2,26.65,42.02,0.0,70.09,1,1,2.0,2.0
2024-10-17T10:26:00.000+02:00,939.51,26.66,42.07,0.0,70.09,1,1,2.0,2.0
2024-10-17T10:27:00.000+02:00,942.81,26.67,42.11,0.0,70.09,1,1,2.0,2.0
2024-10-17T10:28:00.000+02:00,946.09,26.68,42.16,0.0,70.09,1,1,2.0,2.0
2024-10-17T10:29:00.000+02:00,949.35,26.69,42.21,0.0,70.09,1,1,2.0,2.0
2024-10-17T10:30:00.000+02:00,952.6,26.7,42.25,0.0,70.09,1,1,2.0,2.0
2024-10-17T10:31:00.000+02:00,955.83,26.7,42.3,0.0,70.09,1,1,2.0,2.0
2024-10-17T10:32:00.000+02:00,959.04,26.71,42.35,0.0,70.09,1,1,2.0,2.0
2024-10-17T10:33:00.000+02:00,962.23,26.72,42.39,0.0,70.09,1,1,2.0,2.0
2024-10-17T10:34:00.000+02:00,965.4,26.73,42.44,0.0,70.09,1,1,2.0,2.0
2024-10-17T10:35:00.000+02:00,968.56,26.74,42.49,0.0,70.09,1,1,2.0,2.0
2024-10-17T10:36:00.000+02:00,971.7,26.75,42.54,0.0,70.09,1,1,2.0,2.0
2024-10-17T10:37:00.000+02:00,974.82,26.75,42.59,0.0,70.09,1,1,2.0,2.0
2024-10-17T10:38:00.000+02:00,977.93,26.76,42.63,0.0,70.09,1,1,2.0,2.0
2024-10-17T10:39:00.000+02:00,981.02,26.77,42.68,0.0,70.09,1,1,2.0,2.0
2024-10-17T10:40:00.000+02:00,984.09,26.78,42.73,0.0,70.09,1,1,2.0,2.0
2024-10-17T10:41:00.000+02:00,987.14,26.78,42.78,0.0,70.09,1,1,2.0,2.0
2024-10-17T10:42:00.000+02:00,990.18,26.79,42.83,0.0,70.09,1,1,2.0,2.0
2024-10-17T10:43:00.000+02:00,993.2,26.8,42.88,0.0,70.09,1,1,2.0,2.0
2024-10-17T10:44:00.000+02:00,996.21,26.8,42.93,0.0,70.09,1,1,2.0,2.0
2024-10-17T10:45:00.000+02:00,999.2,26.81,42.98,0.0,70.09,1,1,2.0,2.0
2024-10-17T10:46:00.000+02:00,1002.17,26.82,43.03,0.0,70.09,1,1,2.0,2.0
2024-10-17T10:47:00.000+02:00,1005.13,26.82,43.08,0.0,70.09,1,1,2.0,2.0
2024-10-17T10:48:00.000+02:00,1008.07,26.83,43.13,0.0,70.09,1,1,2.0,2.0
2024-10-17T10:49:00.000+02:00,1010.99,26.83,43.17,0.0,70.09,1,1,2.0,2.0
2024-10-17T10:50:00.000+02:00,1013.9,26.84,43.22,0.0,70.09,1,1,2.0,2.0
2024-10-17T10:51:00.000+02:00,1016.79,26.84,43.27,0.0,70.09,1,1,2.0,2.0
2024-10-17T10:52:00.000+02:00,1019.67,26.85,43.32,0.0,70.09,1,1,2.0,2.0
2024-10-17T10:53:00.000+02:00,1022.53,26.85,43.37,0.0,70.09,1,1,2.0,2.0
2024-10-17T10:54:00.000+02:00,1025.38,26.86,43.42,0.0,70.09,1,1,2.0,2.0
2024-10-17T10:55:00.000+02:00,1028.21,26.86,43.47,0.0,70.09,1,1,2.0,2.0
2024-10-17T10:56:00.000+02:00,1031.02,26.87,43.52,0.0,70.09,1,1,2.0,2.0
2024-10-17T10:57:00.000+02:00,1032.0,26.86,43.57,0.0,70.09,1,1,1.0,1.0
2024-10-17T10:58:00.000+02:00,1031.81,26.84,43.62,0.0,70.09,1,1,1.0,1.0
2024-10-17T10:59:00.000+02:00,1031.21,26.82,43.67,0.0,70.09,1,1,1.0,1.0
2024-10-17T11:00:00.000+02:00,1030.57,26.8,43.71,0.0,70.09,1,1,1.0,1.0
2024-10-17T11:01:00.000+02:00,1029.98,26.78,43.75,0.0,70.09,1,1,1.0,1.0
2024-10-17T11:02:00.000+02:00,1029.43,26.77,43.78,0.0,70.09,1,1,1.0,1.0
2024-10-17T11:03:00.000+02:00,1028.89,26.76,43.81,0.0,70.09,1,1,1.0,1.0
2024-10-17T11:04:00.000+02:00,1028.37,26.74,43.84,0.0,70.09,1,1,1.0,1.0
2024-10-17T11:05:00.000+02:00,1027.84,26.73,43.86,0.0,70.09,1,1,1.0,1.0
2024-10-17T11:06:00.000+02:00,1027.32,26.72,43.88,0.0,70.09,1,1,1.0,1.0
2024-10-17T11:07:00.000+02:00,1026.8,26.71,43.9,0.0,70.09,1,1,1.0,1.0
2024-10-17T11:08:00.000+02:00,1026.29,26.71,43.91,0.0,70.09,1,1,1.0,1.0
2024-10-17T11:09:00.000+02:00,1025.77,26.7,43.93,0.0,70.09,1,1,1.0,1.0
2024-10-17T11:10:00.000+02:00,1025.26,26.69,43.94,0.0,70.09,1,1,1.0,1.0
2024-10-17T11:11:00.000+02:00,1024.76,26.69,43.95,0.0,70.09,1,1,1.0,1.0
2024-10-17T11:12:00.000+02:00,1024.25,26.68,43.96,0.0,70.09,1,1,1.0,1.0
2024-10-17T11:13:00.000+02:00,1023.75,26.68,43.97,0.0,70.09,1,1,1.0,1.0
2024-10-17T11:14:00.000+02:00,1023.25,26.67,43.98,0.0,70.09,1,1,1.0,1.0
2024-10-17T11:15:00.000+02:00,1022.76,26.67,43.99,0.0,70.09,1,1,1.0,1.0
2024-10-17T11:16:00.000+02:00,1022.27,26.66,44.0,0.0,70.09,1,1,1.0,1.0
2024-10-17T11:17:00.000+02:00,1021.78,26.66,44.0,0.0,70.09,1,1,1.0,1.0
2024-10-17T11:18:00.000+02:00,1021.3,26.66,44.01,0.0,70.09,1,1,1.0,1.0
2024-10-17T11:19:00.000+02:00,1020.81,26.66,44.01,0.0,70.09,1,1,1.0,1.0
2024-10-17T11:20:00.000+02:00,1020.33,26.65,44.02,0.0,70.09,1,1,1.0,1.0
2024-10-17T11:21:00.000+02:00,1019.86,26.65,44.02,0.0,70.09,1,1,1.0,1.0
2024-10-17T11:22:00.000+02:00,1019.38,26.65,44.03,0.0,70.09,1,1,1.0,1.0
2024-10-17T11:23:00.000+02:00,1018.91,26.65,44.03,0.0,70.09,1,1,1.0,1.0
2024-10-17T11:24:00.000+02:00,1018.44,26.64,44.03,0.0,70.09,1,1,1.0,1.0
2024-10-17T11:25:00.000+02:00,1017.98,26.64,44.04,0.0,70.09,1,1,1.0,1.0
2024-10-17T11:26:00.000+02:00,1017.52,26.64,44.04,0.0,70.09,1,1,1.0,1.0
2024-10-17T11:27:00.000+02:00,1017.06,26.64,44.05,0.0,70.09,1,1,1.0,1.0
2024-10-17T11:28:00.000+02:00,1016.6,26.63,44.05,0.0,70.09,1,1,1.0,1.0
2024-10-17T11:29:00.000+02:00,1016.15,26.63,44.06,0.0,70.09,1,1,1.0,1.0
2024-10-17T11:30:00.000+02:00,1015.7,26.63,44.06,0.0,70.09,1,1,1.0,1.0
2024-10-17T11:31:00.000+02:00,1015.25,26.63,44.06,0.0,70.09,1,1,1.0,1.0
2024-10-17T11:32:00.000+02:00,1014.8,26.63,44.07,0.0,70.09,1,1,1.0,1.0
2024-10-17T11:33:00.000+02:00,1014.36,26.63,44.07,0.0,70.09,1,1,1.0,1.0
2024-10-17T11:34:00.000+02:00,1013.92,26.62,44.08,0.0,70.09,1,1,1.0,1.0
2024-10-17T11:35:00.000+02:00,1013.48,26.62,44.08,0.0,70.09,1,1,1.0,1.0
2024-10-17T11:36:00.000+02:00,1013.05,26.62,44.09,0.0,70.09,1,1,1.0,1.0
2024-10-17T11:37:00.000+02:00,1012.62,26.62,44.09,0.0,70.09,1,1,1.0,1.0
2024-10-17T11:38:00.000+02:00,1012.19,26.62,44.1,0.0,70.09,1,1,1.0,1.0
2024-10-17T11:39:00.000+02:00,1011.76,26.61,44.11,0.0,70.09,1,1,1.0,1.0
2024-10-17T11:40:00.000+02:00,1011.34,26.61,44.11,0.0,70.09,1,1,1.0,1.0
2024-10-17T11:41:00.000+02:00,1010.91,26.61,44.12,0.0,70.09,1,1,1.0,1.0
2024-10-17T11:42:00.000+02:00,1010.49,26.61,44.13,0.0,70.09,1,1,1.0,1.0
2024-10-17T11:43:00.000+02:00,1010.08,26.6,44.13,0.0,70.09,1,1,1.0,1.0
2024-10-17T11:44:00.000+02:00,1009.66,26.6,44.14,0.0,70.09,1,1,1.0,1.0
2024-10-17T11:45:00.000+02:00,1009.25,26.6,44.15,0.0,70.09,1,1,1.0,1.0
2024-10-17T11:46:00.000+02:00,1008.84,26.6,44.16,0.0,70.09,1,1,1.0,1.0
2024-10-17T11:47:00.000+02:00,1008.44,26.59,44.17,0.0,70.09,1,1,1.0,1.0
2024-10-17T11:48:00.000+02:00,1008.03,26.59,44.18,0.0,70.09,1,1,1.0,1.0
2024-10-17T11:49:00.000+02:00,1007.63,26.59,44.19,0.0,70.09,1,1,1.0,1.0
2024-10-17T11:50:00.000+02:00,1007.23,26.59,44.19,0.0,70.09,1,1,1.0,1.0
2024-10-17T11:51:00.000+02:00,1006.84,26.58,44.2,0.0,70.09,1,1,1.0,1.0
2024-10-17T11:52:00.000+02:00,1006.44,26.58,44.21,0.0,70.09,1,1,1.0,1.0
2024-10-17T11:53:00.000+02:00,1006.05,26.58,44.23,0.0,70.09,1,1,1.0,1.0
2024-10-17T11:54:00.000+02:00,1005.66,26.58,44.24,0.0,70.09,1,1,1.0,1.0
2024-10-17T11:55:00.000+02:00,1005.28,26.57,44.25,0.0,70.09,1,1,1.0,1.0
2024-10-17T11:56:00.000+02:00,1004.89,26.57,44.26,0.0,70.09,1,1,1.0,1.0
2024-10-17T11:57:00.000+02:00,1004.51,26.57,44.27,0.0,70.09,1,1,1.0,1.0
2024-10-17T11:58:00.000+02:00,1004.13,26.56,44.28,0.0,70.09,1,1,1.0,1.0
2024-10-17T11:59:00.000+02:00,1003.75,26.56,44.29,0.0,70.09,1,1,1.0,1.0
2024-10-17T12:00:00.000+02:00,1003.38,26.56,44.31,0.0,70.09,1,1,1.0,1.0
2024-10-17T12:01:00.000+02:00,1003.01,26.55,44.32,0.0,70.09,1,1,1.0,1.0
2024-10-17T12:02:00.000+02:00,1002.64,26.55,44.33,0.0,70.09,1,1,1.0,1.0
2024-10-17T12:03:00.000+02:00,1004.09,26.56,44.34,0.0,70.09,1,1,2.0,2.0
2024-10-17T12:04:00.000+02:00,1006.7,26.58,44.35,0.0,70.09,1,1,2.0,2.0
2024-10-17T12:05:00.000+02:00,1009.71,26.6,44.37,0.0,70.09,1,1,2.0,2.0
2024-10-17T12:06:00.000+02:00,1012.74,26.62,44.39,0.0,70.09,1,1,2.0,2.0
2024-10-17T12:07:00.000+02:00,1015.71,26.64,44.41,0.0,70.09,1,1,2.0,2.0
2024-10-17T12:08:00.000+02:00,1018.63,26.66,44.44,0.0,70.09,1,1,2.0,2.0
2024-10-17T12:09:00.000+02:00,1021.52,26.67,44.47,0.0,70.09,1,1,2.0,2.0
2024-10-17T12:10:00.000+02:00,1024.39,26.68,44.51,0.0,70.09,1,1,2.0,2.0
2024-10-17T12:11:00.000+02:00,1027.25,26.69,44.55,0.0,70.09,1,1,2.0,2.0
2024-10-17T12:12:00.000+02:00,1030.09,26.7,44.59,0.0,70.09,1,1,2.0,2.0
2024-10-17T12:13:00.000+02:00,1032.92,26.71,44.64,0.0,70.09,1,1,2.0,2.0
2024-10-17T12:14:00.000+02:00,1035.73,26.72,44.69,0.0,70.09,1,1,2.0,2.0
2024-10-17T12:15:00.000+02:00,1038.52,26.73,44.74,0.0,70.09,1,1,2.0,2.0
2024-10-17T12:16:00.000+02:00,1041.3,26.73,44.79,0.0,70.09,1,1,2.0,2.0
2024-10-17T12:17:00.000+02:00,1044.07,26.74,44.85,0.0,70.09,1,1,2.0,2.0
2024-10-17T12:18:00.000+02:00,1046.82,26.74,44.91,0.0,70.09,1,1,2.0,2.0
2024-10-17T12:19:00.000+02:00,1049.55,26.74,44.97,0.0,70.09,1,1,2.0,2.0
2024-10-17T12:20:00.000+02:00,1052.27,26.74,45.03,0.0,70.09,1,1,2.0,2.0
2024-10-17T12:21:00.000+02:00,1054.98,26.75,45.1,0.0,70.09,1,1,2.0,2.0
2024-10-17T12:22:00.000+02:00,1057.67,26.75,45.17,0.0,70.09,1,1,2.0,2.0
2024-10-17T12:23:00.000+02:00,1060.34,26.75,45.23,0.0,70.09,1,1,2.0,2.0
2024-10-17T12:24:00.000+02:00,1063.01,26.75,45.3,0.0,70.09,1,1,2.0,2.0
2024-10-17T12:25:00.000+02:00,1065.65,26.75,45.37,0.0,70.09,1,1,2.0,2.0
2024-10-17T12:26:00.000+02:00,1068.29,26.74,45.44,0.0,70.09,1,1,2.0,2.0
2024-10-17T12:27:00.000+02:00,1070.9,26.74,45.52,0.0,70.09,1,1,2.0,2.0
2024-10-17T12:28:00.000+02:00,1073.51,26.74,45.59,0.0,70.09,1,1,2.0,2.0
2024-10-17T12:29:00.000+02:00,1076.1,26.74,45.66,0.0,70.09,1,1,2.0,2.0
2024-10-17T12:30:00.000+02:00,1078.67,26.74,45.74,0.0,70.09,1,1,2.0,2.0
2024-10-17T12:31:00.000+02:00,1081.24,26.73,45.81,0.0,70.09,1,1,2.0,2.0
2024-10-17T12:32:00.000+02:00,1083.79,26.73,45.89,0.0,70.09,1,1,2.0,2.0
2024-10-17T12:33:00.000+02:00,1086.32,26.73,45.96,0.0,70.09,1,1,2.0,2.0
2024-10-17T12:34:00.000+02:00,1088.84,26.72,46.04,0.0,70.09,1,1,2.0,2.0
2024-10-17T12:35:00.000+02:00,1091.35,26.72,46.12,0.0,70.09,1,1,2.0,2.0
2024-10-17T12:36:00.000+02:00,1093.84,26.72,46.19,0.0,70.09,1,1,2.0,2.0
2024-10-17T12:37:00.000+02:00,1096.32,26.71,46.27,0.0,70.09,1,1,2.0,2.0
2024-10-17T12:38:00.000+02:00,1098.79,26.71,46.35,0.0,70.09,1,1,2.0,2.0
2024-10-17T12:39:00.000+02:00,1101.25,26.7,46.42,0.0,70.09,1,1,2.0,2.0
2024-10-17T12:40:00.000+02:00,1103.69,26.7,46.5,0.0,70.09,1,1,2.0,2.0
2024-10-17T12:41:00.000+02:00,1106.11,26.7,46.58,0.0,70.09,1,1,2.0,2.0
2024-10-17T12:42:00.000+02:00,1108.53,26.69,46.66,0.0,70.09,1,1,2.0,2.0
2024-10-17T12:43:00.000+02:00,1110.93,26.69,46.73,0.0,70.09,1,1,2.0,2.0
2024-10-17T12:44:00.000+02:00,1113.32,26.68,46.81,0.0,70.09,1,1,2.0,2.0
2024-10-17T12:45:00.000+02:00,1115.69,26.68,46.88,0.0,70.09,1,1,2.0,2.0
2024-10-17T12:46:00.000+02:00,1118.06,26.68,46.96,0.0,70.09,1,1,2.0,2.0
2024-10-17T12:47:00.000+02:00,1120.41,26.67,47.03,0.0,70.09,1,1,2.0,2.0
2024-10-17T12:48:00.000+02:00,1122.75,26.67,47.11,0.0,70.09,1,1,2.0,2.0
2024-10-17T12:49:00.000+02:00,1125.07,26.67,47.18,0.0,70.09,1,1,2.0,2.0
2024-10-17T12:50:00.000+02:00,1127.38,26.66,47.25,0.0,70.09,1,1,2.0,2.0
2024-10-17T12:51:00.000+02:00,1129.68,26.66,47.32,0.0,70.09,1,1,2.0,2.0
2024-10-17T12:52:00.000+02:00,1131.97,26.66,47.4,0.0,70.09,1,1,2.0,2.0
2024-10-17T12:53:00.000+02:00,1134.25,26.66,47.47,0.0,70.09,1,1,2.0,2.0
2024-10-17T12:54:00.000+02:00,1136.51,26.65,47.54,0.0,70.09,1,1,2.0,2.0
2024-10-17T12:55:00.000+02:00,1138.76,26.65,47.61,0.0,70.09,1,1,2.0,2.0
2024-10-17T12:56:00.000+02:00,1141.0,26.65,47.68,0.0,70.09,1,1,2.0,2.0
2024-10-17T12:57:00.000+02:00,1143.23,26.65,47.75,0.0,70.09,1,1,2.0,2.0
2024-10-17T12:58:00.000+02:00,1145.44,26.65,47.82,0.0,70.09,1,1,2.0,2.0
2024-10-17T12:59:00.000+02:00,1147.65,26.64,47.88,0.0,70.09,1,1,2.0,2.0
2024-10-17T13:00:00.000+02:00,1149.84,26.64,47.95,0.0,70.09,1,1,2.0,2.0
2024-10-17T13:01:00.000+02:00,1152.02,26.64,48.02,0.0,70.09,1,1,2.0,2.0
2024-10-17T13:02:00.000+02:00,1154.19,26.64,48.09,0.0,70.09,1,1,2.0,2.0
2024-10-17T13:03:00.000+02:00,1154.52,26.62,48.16,0.0,70.09,1,1,1.0,1.0
2024-10-17T13:04:00.000+02:00,1153.69,26.6,48.24,0.0,70.09,1,1,1.0,1.0
2024-10-17T13:05:00.000+02:00,1152.46,26.57,48.31,0.0,70.09,1,1,1.0,1.0
2024-10-17T13:06:00.000+02:00,1151.18,26.55,48.37,0.0,70.09,1,1,1.0,1.0
2024-10-17T13:07:00.000+02:00,1149.96,26.53,48.43,0.0,70.09,1,1,1.0,1.0
2024-10-17T13:08:00.000+02:00,1148.78,26.51,48.48,0.0,70.09,1,1,1.0,1.0
2024-10-17T13:09:00.000+02:00,1145.8,26.48,48.54,0.0,70.09,0,1,0.0,
2024-10-17T13:10:00.000+02:00,1141.68,26.44,48.59,0.0,70.09,0,1,0.0,
2024-10-17T13:11:00.000+02:00,1137.18,26.4,48.64,0.0,70.09,0,1,0.0,
2024-10-17T13:12:00.000+02:00,1132.65,26.36,48.68,0.0,70.09,0,1,0.0,
2024-10-17T13:13:00.000+02:00,1128.19,26.33,48.71,0.0,70.09,0,1,0.0,
2024-10-17T13:14:00.000+02:00,1123.79,26.3,48.73,0.0,70.09,0,1,0.0,
2024-10-17T13:15:00.000+02:00,1119.43,26.27,48.74,0.0,70.09,0,1,0.0,
2024-10-17T13:16:00.000+02:00,1115.1,26.24,48.75,0.0,70.09,0,1,0.0,
2024-10-17T13:17:00.000+02:00,1110.79,26.22,48.76,0.0,70.09,0,1,0.0,
2024-10-17T13:18:00.000+02:00,1106.51,26.2,48.76,0.0,70.09,0,1,0.0,
2024-10-17T13:19:00.000+02:00,1102.25,26.18,48.76,0.0,70.09,0,1,0.0,
2024-10-17T13:20:00.000+02:00,1098.01,26.16,48.75,0.0,70.09,0,1,0.0,
2024-10-17T13:21:00.000+02:00,1093.8,26.14,48.74,0.0,70.09,0,1,0.0,
2024-10-17T13:22:00.000+02:00,1089.61,26.12,48.73,0.0,70.09,0,1,0.0,
2024-10-17T13:23:00.000+02:00,1085.44,26.11,48.72,0.0,70.09,0,1,0.0,
2024-10-17T13:24:00.000+02:00,1081.3,26.09,48.7,0.0,70.09,0,1,0.0,
2024-10-17T13:25:00.000+02:00,1077.18,26.08,48.68,0.0,70.09,0,1,0.0,
2024-10-17T13:26:00.000+02:00,1073.09,26.06,48.66,0.0,70.09,0,1,0.0,
2024-10-17T13:27:00.000+02:00,1069.01,26.05,48.64,0.0,70.09,0,1,0.0,
2024-10-17T13:28:00.000+02:00,1064.96,26.04,48.62,0.0,70.09,0,1,0.0,
2024-10-17T13:29:00.000+02:00,1060.94,26.03,48.59,0.0,70.09,0,1,0.0,
2024-10-17T13:30:00.000+02:00,1056.93,26.02,48.57,0.0,70.09,0,1,0.0,
2024-10-17T13:31:00.000+02:00,1052.95,26.01,48.54,0.0,70.09,0,1,0.0,
2024-10-17T13:32:00.000+02:00,1048.99,26.0,48.51,0.0,70.09,0,1,0.0,
2024-10-17T13:33:00.000+02:00,1045.05,25.99,48.48,0.0,70.09,0,1,0.0,
2024-10-17T13:34:00.000+02:00,1041.13,25.98,48.45,0.0,70.09,0,1,0.0,
2024-10-17T13:35:00.000+02:00,1037.24,25.97,48.42,0.0,70.09,0,1,0.0,
2024-10-17T13:36:00.000+02:00,1033.36,25.97,48.38,0.0,70.09,0,1,0.0,
2024-10-17T13:37:00.000+02:00,1029.51,25.96,48.35,0.0,70.09,0,1,0.0,
2024-10-17T13:38:00.000+02:00,1025.68,25.95,48.32,0.0,70.09,0,1,0.0,
2024-10-17T13:39:00.000+02:00,1021.87,25.95,48.28,0.0,70.09,0,1,0.0,
2024-10-17T13:40:00.000+02:00,1018.08,25.94,48.25,0.0,70.09,0,1,0.0,
2024-10-17T13:41:00.000+02:00,1014.32,25.93,48.21,0.0,70.09,0,1,0.0,
2024-10-17T13:42:00.000+02:00,1010.57,25.93,48.18,0.0,70.09,0,1,0.0,
2024-10-17T13:43:00.000+02:00,1006.85,25.92,48.14,0.0,70.09,0,1,0.0,
2024-10-17T13:44:00.000+02:00,1003.14,25.92,48.11,0.0,70.09,0,1,0.0,
2024-10-17T13:45:00.000+02:00,999.46,25.91,48.07,0.0,70.09,0,1,0.0,
2024-10-17T13:46:00.000+02:00,995.79,25.91,48.04,0.0,70.09,0,1,0.0,
2024-10-17T13:47:00.000+02:00,992.15,25.9,48.0,0.0,70.09,0,1,0.0,
2024-10-17T13:48:00.000+02:00,988.53,25.9,47.96,0.0,70.09,0,1,0.0,
2024-10-17T13:49:00.000+02:00,984.92,25.9,47.93,0.0,70.09,0,0,0.0,0.0
2024-10-17T13:50:00.000+02:00,981.34,25.89,47.89,0.0,70.09,0,0,0.0,0.0
2024-10-17T13:51:00.000+02:00,977.78,25.89,47.85,0.0,70.09,0,0,0.0,0.0
2024-10-17T13:52:00.000+02:00,974.23,25.88,47.82,0.0,70.09,0,0,0.0,0.0
2024-10-17T13:53:00.000+02:00,970.71,25.88,47.78,0.0,70.09,0,0,0.0,0.0
2024-10-17T13:54:00.000+02:00,967.21,25.88,47.75,0.0,70.09,0,0,0.0,0.0
2024-10-17T13:55:00.000+02:00,963.72,25.87,47.71,0.0,70.09,0,0,0.0,0.0
2024-10-17T13:56:00.000+02:00,960.26,25.87,47.67,0.0,70.09,0,0,0.0,0.0
2024-10-17T13:57:00.000+02:00,956.81,25.87,47.64,0.0,70.09,0,0,0.0,0.0
2024-10-17T13:58:00.000+02:00,953.38,25.86,47.6,0.0,70.09,0,0,0.0,0.0
2024-10-17T13:59:00.000+02:00,949.97,25.86,47.57,0.0,70.09,0,0,0.0,0.0
2024-10-17T14:00:00.000+02:00,946.58,25.86,47.53,0.0,70.09,0,0,0.0,0.0
2024-10-17T14:01:00.000+02:00,943.21,25.86,47.5,0.0,70.09,0,0,0.0,0.0
2024-10-17T14:02:00.000+02:00,939.86,25.85,47.46,0.0,70.09,0,0,0.0,0.0
2024-10-17T14:03:00.000+02:00,936.53,25.85,47.43,0.0,70.09,0,0,0.0,0.0
2024-10-17T14:04:00.000+02:00,933.21,25.85,47.39,0.0,70.09,0,0,0.0,0.0
2024-10-17T14:05:00.000+02:00,929.91,25.85,47.36,0.0,70.09,0,0,0.0,0.0
2024-10-17T14:06:00.000+02:00,926.63,25.84,47.32,0.0,70.09,0,0,0.0,0.0
2024-10-17T14:07:00.000+02:00,923.37,25.84,47.29,0.0,70.09,0,0,0.0,0.0
2024-10-17T14:08:00.000+02:00,920.12,25.84,47.26,0.0,70.09,0,0,0.0,0.0
2024-10-17T14:09:00.000+02:00,916.89,25.83,47.22,0.0,70.09,0,0,0.0,0.0
2024-10-17T14:10:00.000+02:00,913.68,25.83,47.19,0.0,70.09,0,0,0.0,0.0
2024-10-17T14:11:00.000+02:00,910.49,25.83,47.16,0.0,70.09,0,0,0.0,0.0
2024-10-17T14:12:00.000+02:00,907.32,25.82,47.13,0.0,70.09,0,0,0.0,0.0
2024-10-17T14:13:00.000+02:00,904.16,25.82,47.09,0.0,70.09,0,0,0.0,0.0
2024-10-17T14:14:00.000+02:00,901.02,25.82,47.06,0.0,70.09,0,0,0.0,0.0
2024-10-17T14:15:00.000+02:00,897.89,25.81,47.03,0.0,70.09,0,0,0.0,0.0
2024-10-17T14:16:00.000+02:00,894.79,25.81,47.0,0.0,70.09,0,0,0.0,0.0
2024-10-17T14:17:00.000+02:00,891.7,25.81,46.96,0.0,70.09,0,0,0.0,0.0
2024-10-17T14:18:00.000+02:00,888.62,25.8,46.93,0.0,70.09,0,0,0.0,0.0
2024-10-17T14:19:00.000+02:00,885.57,25.8,46.9,0.0,70.09,0,0,0.0,0.0
2024-10-17T14:20:00.000+02:00,882.53,25.8,46.87,0.0,70.09,0,0,0.0,0.0
2024-10-17T14:21:00.000+02:00,879.5,25.79,46.84,0.0,70.09,0,0,0.0,0.0
2024-10-17T14:22:00.000+02:00,878.32,25.81,46.79,0.0,70.09,1,1,1.0,1.0
2024-10-17T14:23:00.000+02:00,878.3,25.83,46.75,0.0,70.09,1,1,1.0,1.0
2024-10-17T14:24:00.000+02:00,878.7,25.85,46.7,0.0,70.09,1,1,1.0,1.0
2024-10-17T14:25:00.000+02:00,879.13,25.88,46.66,0.0,70.09,1,1,1.0,1.0
2024-10-17T14:26:00.000+02:00,879.52,25.9,46.63,0.0,70.09,1,1,1.0,1.0
2024-10-17T14:27:00.000+02:00,879.88,25.92,46.6,0.0,70.09,1,1,1.0,1.0
2024-10-17T14:28:00.000+02:00,880.21,25.93,46.57,0.0,70.09,1,1,1.0,1.0
2024-10-17T14:29:00.000+02:00,880.54,25.95,46.55,0.0,70.09,1,1,1.0,1.0
2024-10-17T14:30:00.000+02:00,880.87,25.96,46.54,0.0,70.09,1,1,1.0,1.0
2024-10-17T14:31:00.000+02:00,881.19,25.97,46.52,0.0,70.09,1,1,1.0,1.0
2024-10-17T14:32:00.000+02:00,881.52,25.98,46.52,0.0,70.09,1,1,1.0,1.0
2024-10-17T14:33:00.000+02:00,881.84,25.99,46.51,0.0,70.09,1,1,1.0,1.0
2024-10-17T14:34:00.000+02:00,882.16,26.0,46.51,0.0,70.09,1,1,1.0,1.0
2024-10-17T14:35:00.000+02:00,882.48,26.01,46.5,0.0,70.09,1,1,1.0,1.0
2024-10-17T14:36:00.000+02:00,882.8,26.02,46.51,0.0,70.09,1,1,1.0,1.0
2024-10-17T14:37:00.000+02:00,881.29,26.01,46.52,0.0,70.09,0,1,0.0,
2024-10-17T14:38:00.000+02:00,878.63,25.99,46.53,0.0,70.09,0,1,0.0,
2024-10-17T14:39:00.000+02:00,875.57,25.96,46.55,0.0,70.09,0,1,0.0,
2024-10-17T14:40:00.000+02:00,872.49,25.94,46.56,0.0,70.09,0,1,0.0,
2024-10-17T14:41:00.000+02:00,869.46,25.92,46.57,0.0,70.09,0,1,0.0,
2024-10-17T14:42:00.000+02:00,866.49,25.91,46.57,0.0,70.09,0,1,0.0,
2024-10-17T14:43:00.000+02:00,863.55,25.89,46.57,0.0,70.09,0,1,0.0,
2024-10-17T14:44:00.000+02:00,862.45,25.89,46.56,0.0,70.09,1,1,1.0,
2024-10-17T14:45:00.000+02:00,862.52,25.9,46.54,0.0,70.09,1,1,1.0,
2024-10-17T14:46:00.000+02:00,863.0,25.92,46.52,0.0,70.09,1,1,1.0,
2024-10-17T14:47:00.000+02:00,863.52,25.93,46.51,0.0,70.09,1,1,1.0,
2024-10-17T14:48:00.000+02:00,863.99,25.94,46.5,0.0,70.09,1,1,1.0,
2024-10-17T14:49:00.000+02:00,864.42,25.95,46.49,0.0,70.09,1,1,1.0,
2024-10-17T14:50:00.000+02:00,864.84,25.96,46.49,0.0,70.09,1,1,1.0,
2024-10-17T14:51:00.000+02:00,865.25,25.96,46.49,0.0,70.09,1,1,1.0,
2024-10-17T14:52:00.000+02:00,865.65,25.97,46.49,0.0,70.09,1,1,1.0,
2024-10-17T14:53:00.000+02:00,866.06,25.98,46.49,0.0,70.09,1,1,1.0,
2024-10-17T14:54:00.000+02:00,866.47,25.98,46.49,0.0,70.09,1,1,1.0,
2024-10-17T14:55:00.000+02:00,866.87,25.99,46.5,0.0,70.09,1,1,1.0,
2024-10-17T14:56:00.000+02:00,867.27,25.99,46.51,0.0,70.09,1,1,1.0,
2024-10-17T14:57:00.000+02:00,867.67,25.99,46.52,0.0,70.09,1,1,1.0,
2024-10-17T14:58:00.000+02:00,868.06,25.99,46.53,0.0,70.09,1,1,1.0,
2024-10-17T14:59:00.000+02:00,868.45,26.0,46.54,0.0,70.09,1,1,1.0,
2024-10-17T15:00:00.000+02:00,868.85,26.0,46.55,0.0,70.09,1,1,1.0,
2024-10-17T15:01:00.000+02:00,869.23,26.0,46.56,0.0,70.09,1,1,1.0,
2024-10-17T15:02:00.000+02:00,869.62,26.0,46.57,0.0,70.09,1,1,1.0,
2024-10-17T15:03:00.000+02:00,870.0,26.0,46.59,0.0,70.09,1,1,1.0,
2024-10-17T15:04:00.000+02:00,870.39,26.0,46.6,0.0,70.09,1,1,1.0,
2024-10-17T15:05:00.000+02:00,870.77,26.0,46.62,0.0,70.09,1,1,1.0,
2024-10-17T15:06:00.000+02:00,871.14,26.0,46.63,0.0,70.09,1,1,1.0,
2024-10-17T15:07:00.000+02:00,871.52,26.0,46.65,0.0,70.09,1,1,1.0,
2024-10-17T15:08:00.000+02:00,871.89,26.0,46.67,0.0,70.09,1,1,1.0,
2024-10-17T15:09:00.000+02:00,872.26,26.0,46.68,0.0,70.09,1,1,1.0,
2024-10-17T15:10:00.000+02:00,872.63,26.0,46.7,0.0,70.09,1,1,1.0,
2024-10-17T15:11:00.000+02:00,873.0,26.0,46.72,0.0,70.09,1,1,1.0,
2024-10-17T15:12:00.000+02:00,873.36,26.0,46.73,0.0,70.09,1,1,1.0,
2024-10-17T15:13:00.000+02:00,873.72,26.0,46.75,0.0,70.09,1,1,1.0,
2024-10-17T15:14:00.000+02:00,874.08,25.99,46.77,0.0,70.09,1,1,1.0,
2024-10-17T15:15:00.000+02:00,874.44,25.99,46.79,0.0,70.09,1,1,1.0,
2024-10-17T15:16:00.000+02:00,874.8,25.99,46.8,0.0,70.09,1,1,1.0,
2024-10-17T15:17:00.000+02:00,875.15,25.99,46.82,0.0,70.09,1,1,1.0,1.0
2024-10-17T15:18:00.000+02:00,875.51,25.99,46.84,0.0,70.09,1,1,1.0,1.0
2024-10-17T15:19:00.000+02:00,875.86,25.98,46.86,0.0,70.09,1,1,1.0,1.0
2024-10-17T15:20:00.000+02:00,876.2,25.98,46.88,0.0,70.09,1,1,1.0,1.0
2024-10-17T15:21:00.000+02:00,876.55,25.98,46.89,0.0,70.09,1,1,1.0,1.0
2024-10-17T15:22:00.000+02:00,876.89,25.98,46.91,0.0,70.09,1,1,1.0,1.0
2024-10-17T15:23:00.000+02:00,877.24,25.98,46.93,0.0,70.09,1,1,1.0,1.0
2024-10-17T15:24:00.000+02:00,877.58,25.97,46.95,0.0,70.09,1,1,1.0,1.0
2024-10-17T15:25:00.000+02:00,877.91,25.97,46.97,0.0,70.09,1,1,1.0,1.0
2024-10-17T15:26:00.000+02:00,878.25,25.97,46.98,0.0,70.09,1,1,1.0,1.0
2024-10-17T15:27:00.000+02:00,878.59,25.97,47.0,0.0,70.09,1,1,1.0,1.0
2024-10-17T15:28:00.000+02:00,878.92,25.96,47.02,0.0,70.09,1,1,1.0,1.0
2024-10-17T15:29:00.000+02:00,879.25,25.96,47.04,0.0,70.09,1,1,1.0,1.0
2024-10-17T15:30:00.000+02:00,879.58,25.96,47.05,0.0,70.09,1,1,1.0,1.0
2024-10-17T15:31:00.000+02:00,879.9,25.96,47.07,0.0,70.09,1,1,1.0,1.0
2024-10-17T15:32:00.000+02:00,880.23,25.95,47.09,0.0,70.09,1,1,1.0,1.0
2024-10-17T15:33:00.000+02:00,880.55,25.95,47.1,0.0,70.09,1,1,1.0,1.0
2024-10-17T15:34:00.000+02:00,880.87,25.95,47.12,0.0,70.09,1,1,1.0,1.0
2024-10-17T15:35:00.000+02:00,881.19,25.95,47.14,0.0,70.09,1,1,1.0,1.0
2024-10-17T15:36:00.000+02:00,881.51,25.95,47.15,0.0,70.09,1,1,1.0,1.0
2024-10-17T15:37:00.000+02:00,881.82,25.94,47.17,0.0,70.09,1,1,1.0,1.0
2024-10-17T15:38:00.000+02:00,882.14,25.94,47.19,0.0,70.09,1,1,1.0,1.0
2024-10-17T15:39:00.000+02:00,882.45,25.94,47.2,0.0,70.09,1,1,1.0,1.0
2024-10-17T15:40:00.000+02:00,882.76,25.94,47.22,0.0,70.09,1,1,1.0,1.0
2024-10-17T15:41:00.000+02:00,883.07,25.93,47.23,0.0,70.09,1,1,1.0,1.0
2024-10-17T15:42:00.000+02:00,883.38,25.93,47.25,0.0,70.09,1,1,1.0,1.0
2024-10-17T15:43:00.000+02:00,883.68,25.93,47.26,0.0,70.09,1,1,1.0,1.0
2024-10-17T15:44:00.000+02:00,883.98,25.93,47.28,0.0,70.09,1,1,1.0,1.0
2024-10-17T15:45:00.000+02:00,884.28,25.92,47.3,0.0,70.09,1,1,1.0,1.0
2024-10-17T15:46:00.000+02:00,884.58,25.92,47.31,0.0,70.09,1,1,1.0,1.0
2024-10-17T15:47:00.000+02:00,884.88,25.92,47.32,0.0,70.09,1,1,1.0,1.0
2024-10-17T15:48:00.000+02:00,885.18,25.91,47.34,0.0,70.09,1,1,1.0,1.0
2024-10-17T15:49:00.000+02:00,883.65,25.9,47.36,0.0,70.09,0,1,0.0,
2024-10-17T15:50:00.000+02:00,880.97,25.87,47.39,0.0,70.09,0,1,0.0,
2024-10-17T15:51:00.000+02:00,877.89,25.84,47.42,0.0,70.09,0,1,0.0,
2024-10-17T15:52:00.000+02:00,874.78,25.81,47.44,0.0,70.09,0,1,0.0,
2024-10-17T15:53:00.000+02:00,871.74,25.79,47.45,0.0,70.09,0,1,0.0,
2024-10-17T15:54:00.000+02:00,868.75,25.76,47.46,0.0,70.09,0,1,0.0,
2024-10-17T15:55:00.000+02:00,865.79,25.74,47.46,0.0,70.09,0,1,0.0,
2024-10-17T15:56:00.000+02:00,862.85,25.72,47.46,0.0,70.09,0,1,0.0,
2024-10-17T15:57:00.000+02:00,859.92,25.71,47.46,0.0,70.09,0,1,0.0,
2024-10-17T15:58:00.000+02:00,857.01,25.69,47.46,0.0,70.09,0,1,0.0,
2024-10-17T15:59:00.000+02:00,854.12,25.67,47.45,0.0,70.09,0,1,0.0,
2024-10-17T16:00:00.000+02:00,853.06,25.67,47.42,0.0,70.09,1,1,1.0,
2024-10-17T16:01:00.000+02:00,853.17,25.68,47.39,0.0,70.09,1,1,1.0,
2024-10-17T16:02:00.000+02:00,853.69,25.7,47.36,0.0,70.09,1,1,1.0,
2024-10-17T16:03:00.000+02:00,854.26,25.71,47.34,0.0,70.09,1,1,1.0,
2024-10-17T16:04:00.000+02:00,854.77,25.72,47.31,0.0,70.09,1,1,1.0,
2024-10-17T16:05:00.000+02:00,855.25,25.73,47.29,0.0,70.09,1,1,1.0,
2024-10-17T16:06:00.000+02:00,855.71,25.74,47.28,0.0,70.09,1,1,1.0,
2024-10-17T16:07:00.000+02:00,856.16,25.75,47.26,0.0,70.09,1,1,1.0,
2024-10-17T16:08:00.000+02:00,856.61,25.75,47.25,0.0,70.09,1,1,1.0,
2024-10-17T16:09:00.000+02:00,857.06,25.76,47.24,0.0,70.09,1,1,1.0,
2024-10-17T16:10:00.000+02:00,857.51,25.76,47.24,0.0,70.09,1,1,1.0,
2024-10-17T16:11:00.000+02:00,857.96,25.77,47.23,0.0,70.09,1,1,1.0,
2024-10-17T16:12:00.000+02:00,858.4,25.77,47.23,0.0,70.09,1,1,1.0,
2024-10-17T16:13:00.000+02:00,858.84,25.77,47.22,0.0,70.09,1,1,1.0,
2024-10-17T16:14:00.000+02:00,859.28,25.78,47.22,0.0,70.09,1,1,1.0,
2024-10-17T16:15:00.000+02:00,859.71,25.78,47.22,0.0,70.09,1,1,1.0,
2024-10-17T16:16:00.000+02:00,860.14,25.78,47.22,0.0,70.09,1,1,1.0,
2024-10-17T16:17:00.000+02:00,860.57,25.78,47.23,0.0,70.09,1,1,1.0,
2024-10-17T16:18:00.000+02:00,861.0,25.78,47.23,0.0,70.09,1,1,1.0,
2024-10-17T16:19:00.000+02:00,861.42,25.78,47.23,0.0,70.09,1,1,1.0,
2024-10-17T16:20:00.000+02:00,861.85,25.78,47.24,0.0,70.09,1,1,1.0,
2024-10-17T16:21:00.000+02:00,862.27,25.78,47.24,0.0,70.09,1,1,1.0,
2024-10-17T16:22:00.000+02:00,862.68,25.78,47.25,0.0,70.09,1,1,1.0,
2024-10-17T16:23:00.000+02:00,863.1,25.78,47.25,0.0,70.09,1,1,1.0,
2024-10-17T16:24:00.000+02:00,863.51,25.78,47.26,0.0,70.09,1,1,1.0,
2024-10-17T16:25:00.000+02:00,863.92,25.78,47.26,0.0,70.09,1,1,1.0,
2024-10-17T16:26:00.000+02:00,864.33,25.78,47.27,0.0,70.09,1,1,1.0,
2024-10-17T16:27:00.000+02:00,864.73,25.78,47.28,0.0,70.09,1,1,1.0,
2024-10-17T16:28:00.000+02:00,865.14,25.77,47.29,0.0,70.09,1,1,1.0,
2024-10-17T16:29:00.000+02:00,865.54,25.77,47.29,0.0,70.09,1,1,1.0,1.0
2024-10-17T16:30:00.000+02:00,865.94,25.77,47.3,0.0,70.09,1,1,1.0,1.0
2024-10-17T16:31:00.000+02:00,866.33,25.77,47.31,0.0,70.09,1,1,1.0,1.0
2024-10-17T16:32:00.000+02:00,866.73,25.77,47.32,0.0,70.09,1,1,1.0,1.0
2024-10-17T16:33:00.000+02:00,867.12,25.76,47.32,0.0,70.09,1,1,1.0,1.0
2024-10-17T16:34:00.000+02:00,867.51,25.76,47.33,0.0,70.09,1,1,1.0,1.0
2024-10-17T16:35:00.000+02:00,867.89,25.76,47.34,0.0,70.09,1,1,1.0,1.0
2024-10-17T16:36:00.000+02:00,868.28,25.76,47.34,0.0,70.09,1,1,1.0,1.0
2024-10-17T16:37:00.000+02:00,868.66,25.76,47.35,0.0,70.09,1,1,1.0,1.0
2024-10-17T16:38:00.000+02:00,869.04,25.75,47.36,0.0,70.09,1,1,1.0,1.0
2024-10-17T16:39:00.000+02:00,869.42,25.75,47.37,0.0,70.09,1,1,1.0,1.0
2024-10-17T16:40:00.000+02:00,869.8,25.75,47.37,0.0,70.09,1,1,1.0,1.0
2024-10-17T16:41:00.000+02:00,870.17,25.75,47.38,0.0,70.09,1,1,1.0,1.0
2024-10-17T16:42:00.000+02:00,870.54,25.75,47.38,0.0,70.09,1,1,1.0,1.0
2024-10-17T16:43:00.000+02:00,870.91,25.74,47.39,0.0,70.09,1,1,1.0,1.0
2024-10-17T16:44:00.000+02:00,871.28,25.74,47.4,0.0,70.09,1,1,1.0,1.0
2024-10-17T16:45:00.000+02:00,871.64,25.74,47.4,0.0,70.09,1,1,1.0,1.0
2024-10-17T16:46:00.000+02:00,872.01,25.74,47.41,0.0,70.09,1,1,1.0,1.0
2024-10-17T16:47:00.000+02:00,872.37,25.73,47.41,0.0,70.09,1,1,1.0,1.0
2024-10-17T16:48:00.000+02:00,872.73,25.73,47.42,0.0,70.09,1,1,1.0,1.0
2024-10-17T16:49:00.000+02:00,873.08,25.73,47.42,0.0,70.09,1,1,1.0,1.0
2024-10-17T16:50:00.000+02:00,873.44,25.73,47.43,0.0,70.09,1,1,1.0,1.0
2024-10-17T16:51:00.000+02:00,873.79,25.72,47.43,0.0,70.09,1,1,1.0,1.0
2024-10-17T16:52:00.000+02:00,874.14,25.72,47.44,0.0,70.09,1,1,1.0,1.0
2024-10-17T16:53:00.000+02:00,874.49,25.72,47.44,0.0,70.09,1,1,1.0,1.0
2024-10-17T16:54:00.000+02:00,874.84,25.72,47.45,0.0,70.09,1,1,1.0,1.0
2024-10-17T16:55:00.000+02:00,875.18,25.71,47.45,0.0,70.09,1,1,1.0,1.0
2024-10-17T16:56:00.000+02:00,875.53,25.71,47.46,0.0,70.09,1,1,1.0,1.0
2024-10-17T16:57:00.000+02:00,875.87,25.71,47.46,0.0,70.09,1,1,1.0,1.0
2024-10-17T16:58:00.000+02:00,876.2,25.71,47.46,0.0,70.09,1,1,1.0,1.0
2024-10-17T16:59:00.000+02:00,876.54,25.71,47.47,0.0,70.09,1,1,1.0,1.0
2024-10-17T17:00:00.000+02:00,876.88,25.7,47.47,0.0,70.09,1,1,1.0,1.0
2024-10-17T17:01:00.000+02:00,877.21,25.7,47.47,0.0,70.09,1,1,1.0,1.0
2024-10-17T17:02:00.000+02:00,877.54,25.7,47.48,0.0,70.09,1,1,1.0,1.0
2024-10-17T17:03:00.000+02:00,877.87,25.7,47.48,0.0,70.09,1,1,1.0,1.0
2024-10-17T17:04:00.000+02:00,878.2,25.69,47.49,0.0,70.09,1,1,1.0,1.0
2024-10-17T17:05:00.000+02:00,878.52,25.69,47.49,0.0,70.09,1,1,1.0,1.0
2024-10-17T17:06:00.000+02:00,878.85,25.69,47.5,0.0,70.09,1,1,1.0,1.0
2024-10-17T17:07:00.000+02:00,879.17,25.69,47.5,0.0,70.09,1,1,1.0,1.0
2024-10-17T17:08:00.000+02:00,879.49,25.68,47.51,0.0,70.09,1,1,1.0,1.0
2024-10-17T17:09:00.000+02:00,877.98,25.66,47.52,0.0,70.09,0,1,0.0,
2024-10-17T17:10:00.000+02:00,875.32,25.64,47.55,0.0,70.09,0,1,0.0,
2024-10-17T17:11:00.000+02:00,872.27,25.61,47.57,0.0,70.09,0,1,0.0,
2024-10-17T17:12:00.000+02:00,869.19,25.58,47.58,0.0,70.09,0,1,0.0,
2024-10-17T17:13:00.000+02:00,866.17,25.55,47.59,0.0,70.09,0,1,0.0,
2024-10-17T17:14:00.000+02:00,865.02,25.55,47.58,0.0,70.09,1,1,1.0,
2024-10-17T17:15:00.000+02:00,865.06,25.55,47.56,0.0,70.09,1,1,1.0,
2024-10-17T17:16:00.000+02:00,865.51,25.56,47.54,0.0,70.09,1,1,1.0,
2024-10-17T17:17:00.000+02:00,866.0,25.57,47.53,0.0,70.09,1,1,1.0,
2024-10-17T17:18:00.000+02:00,866.45,25.57,47.51,0.0,70.09,1,1,1.0,
2024-10-17T17:19:00.000+02:00,866.85,25.58,47.5,0.0,70.09,1,1,1.0,
2024-10-17T17:20:00.000+02:00,867.24,25.58,47.49,0.0,70.09,1,1,1.0,
2024-10-17T17:21:00.000+02:00,867.63,25.58,47.48,0.0,70.09,1,1,1.0,
2024-10-17T17:22:00.000+02:00,868.01,25.59,47.48,0.0,70.09,1,1,1.0,
2024-10-17T17:23:00.000+02:00,868.39,25.59,47.47,0.0,70.09,1,1,1.0,
2024-10-17T17:24:00.000+02:00,868.77,25.59,47.47,0.0,70.09,1,1,1.0,
2024-10-17T17:25:00.000+02:00,869.14,25.59,47.47,0.0,70.09,1,1,1.0,
2024-10-17T17:26:00.000+02:00,869.52,25.59,47.47,0.0,70.09,1,1,1.0,
2024-10-17T17:27:00.000+02:00,869.89,25.6,47.47,0.0,70.09,1,1,1.0,
2024-10-17T17:28:00.000+02:00,870.26,25.6,47.47,0.0,70.09,1,1,1.0,
2024-10-17T17:29:00.000+02:00,870.63,25.6,47.47,0.0,70.09,1,1,1.0,
2024-10-17T17:30:00.000+02:00,871.0,25.6,47.48,0.0,70.09,1,1,1.0,
2024-10-17T17:31:00.000+02:00,871.36,25.6,47.48,0.0,70.09,1,1,1.0,
2024-10-17T17:32:00.000+02:00,871.72,25.6,47.49,0.0,70.09,1,1,1.0,
2024-10-17T17:33:00.000+02:00,872.08,25.6,47.49,0.0,70.09,1,1,1.0,
2024-10-17T17:34:00.000+02:00,872.44,25.6,47.5,0.0,70.09,1,1,1.0,
2024-10-17T17:35:00.000+02:00,872.79,25.59,47.5,0.0,70.09,1,1,1.0,
2024-10-17T17:36:00.000+02:00,873.15,25.59,47.51,0.0,70.09,1,1,1.0,
2024-10-17T17:37:00.000+02:00,873.5,25.59,47.52,0.0,70.09,1,1,1.0,
2024-10-17T17:38:00.000+02:00,873.85,25.59,47.53,0.0,70.09,1,1,1.0,
2024-10-17T17:39:00.000+02:00,874.2,25.59,47.54,0.0,70.09,1,1,1.0,
2024-10-17T17:40:00.000+02:00,874.54,25.59,47.54,0.0,70.09,1,1,1.0,
2024-10-17T17:41:00.000+02:00,874.89,25.59,47.55,0.0,70.09,1,1,1.0,
2024-10-17T17:42:00.000+02:00,875.23,25.59,47.56,0.0,70.09,1,1,1.0,
2024-10-17T17:43:00.000+02:00,875.57,25.59,47.57,0.0,70.09,1,1,1.0,
2024-10-17T17:44:00.000+02:00,875.91,25.58,47.58,0.0,70.09,1,1,1.0,
2024-10-17T17:45:00.000+02:00,876.24,25.58,47.6,0.0,70.09,1,1,1.0,
2024-10-17T17:46:00.000+02:00,876.58,25.58,47.61,0.0,70.09,1,1,1.0,
2024-10-17T17:47:00.000+02:00,876.91,25.58,47.62,0.0,70.09,1,1,1.0,
2024-10-17T17:48:00.000+02:00,877.24,25.58,47.63,0.0,70.09,1,1,1.0,
2024-10-17T17:49:00.000+02:00,877.57,25.58,47.64,0.0,70.09,1,1,1.0,1.0
2024-10-17T17:50:00.000+02:00,877.89,25.57,47.65,0.0,70.09,1,1,1.0,1.0
2024-10-17T17:51:00.000+02:00,878.22,25.57,47.66,0.0,70.09,1,1,1.0,1.0
2024-10-17T17:52:00.000+02:00,878.54,25.57,47.68,0.0,70.09,1,1,1.0,1.0
2024-10-17T17:53:00.000+02:00,878.86,25.57,47.69,0.0,70.09,1,1,1.0,1.0
2024-10-17T17:54:00.000+02:00,879.18,25.57,47.7,0.0,70.09,1,1,1.0,1.0
2024-10-17T17:55:00.000+02:00,879.5,25.56,47.72,0.0,70.09,1,1,1.0,1.0
2024-10-17T17:56:00.000+02:00,879.81,25.56,47.73,0.0,70.09,1,1,1.0,1.0
2024-10-17T17:57:00.000+02:00,880.13,25.56,47.74,0.0,70.09,1,1,1.0,1.0
2024-10-17T17:58:00.000+02:00,880.44,25.56,47.76,0.0,70.09,1,1,1.0,1.0
2024-10-17T17:59:00.000+02:00,880.75,25.56,47.77,0.0,70.09,1,1,1.0,1.0
2024-10-17T18:00:00.000+02:00,881.06,25.55,47.78,0.0,70.09,1,1,1.0,1.0
2024-10-17T18:01:00.000+02:00,881.36,25.55,47.8,0.0,70.09,1,1,1.0,1.0
2024-10-17T18:02:00.000+02:00,881.67,25.55,47.81,0.0,70.09,1,1,1.0,1.0
2024-10-17T18:03:00.000+02:00,881.97,25.55,47.83,0.0,70.09,1,1,1.0,1.0
2024-10-17T18:04:00.000+02:00,882.27,25.55,47.84,0.0,70.09,1,1,1.0,1.0
2024-10-17T18:05:00.000+02:00,882.57,25.54,47.85,0.0,70.09,1,1,1.0,1.0
2024-10-17T18:06:00.000+02:00,882.87,25.54,47.87,0.0,70.09,1,1,1.0,1.0
2024-10-17T18:07:00.000+02:00,883.17,25.54,47.88,0.0,70.09,1,1,1.0,1.0
2024-10-17T18:08:00.000+02:00,883.46,25.54,47.9,0.0,70.09,1,1,1.0,1.0
2024-10-17T18:09:00.000+02:00,883.75,25.54,47.91,0.0,70.09,1,1,1.0,1.0
2024-10-17T18:10:00.000+02:00,884.04,25.53,47.93,0.0,70.09,1,1,1.0,1.0
2024-10-17T18:11:00.000+02:00,884.33,25.53,47.95,0.0,70.09,1,1,1.0,1.0
2024-10-17T18:12:00.000+02:00,884.62,25.53,47.96,0.0,70.09,1,1,1.0,1.0
2024-10-17T18:13:00.000+02:00,884.91,25.53,47.98,0.0,70.09,1,1,1.0,1.0
2024-10-17T18:14:00.000+02:00,885.19,25.53,47.99,0.0,70.09,1,1,1.0,1.0
2024-10-17T18:15:00.000+02:00,885.47,25.52,48.01,0.0,70.09,1,1,1.0,1.0
2024-10-17T18:16:00.000+02:00,885.75,25.52,48.02,0.0,70.09,1,1,1.0,1.0
2024-10-17T18:17:00.000+02:00,886.03,25.52,48.04,0.0,70.09,1,1,1.0,1.0
2024-10-17T18:18:00.000+02:00,886.31,25.52,48.06,0.0,70.09,1,1,1.0,1.0
2024-10-17T18:19:00.000+02:00,886.59,25.51,48.07,0.0,70.09,1,1,1.0,1.0
2024-10-17T18:20:00.000+02:00,886.86,25.51,48.09,0.0,70.09,1,1,1.0,1.0
2024-10-17T18:21:00.000+02:00,887.13,25.51,48.11,0.0,70.09,1,1,1.0,1.0
2024-10-17T18:22:00.000+02:00,887.4,25.51,48.12,0.0,70.09,1,1,1.0,1.0
2024-10-17T18:23:00.000+02:00,887.67,25.51,48.14,0.0,70.09,1,1,1.0,1.0
2024-10-17T18:24:00.000+02:00,887.94,25.5,48.16,0.0,70.09,1,1,1.0,1.0
2024-10-17T18:25:00.000+02:00,888.21,25.5,48.17,0.0,70.09,1,1,1.0,1.0
2024-10-17T18:26:00.000+02:00,888.47,25.5,48.19,0.0,70.09,1,1,1.0,1.0
2024-10-17T18:27:00.000+02:00,888.74,25.5,48.21,0.0,70.09,1,1,1.0,1.0
2024-10-17T18:28:00.000+02:00,889.0,25.49,48.23,0.0,70.09,1,1,1.0,1.0
2024-10-17T18:29:00.000+02:00,889.26,25.49,48.24,0.0,70.09,1,1,1.0,1.0
2024-10-17T18:30:00.000+02:00,889.52,25.49,48.26,0.0,70.09,1,1,1.0,1.0
2024-10-17T18:31:00.000+02:00,889.77,25.49,48.28,0.0,70.09,1,1,1.0,1.0
2024-10-17T18:32:00.000+02:00,890.03,25.49,48.29,0.0,70.09,1,1,1.0,1.0
2024-10-17T18:33:00.000+02:00,890.28,25.48,48.31,0.0,70.09,1,1,1.0,1.0
2024-10-17T18:34:00.000+02:00,890.54,25.48,48.33,0.0,70.09,1,1,1.0,1.0
2024-10-17T18:35:00.000+02:00,890.79,25.48,48.35,0.0,70.09,1,1,1.0,1.0
2024-10-17T18:36:00.000+02:00,891.04,25.48,48.37,0.0,70.09,1,1,1.0,1.0
2024-10-17T18:37:00.000+02:00,891.28,25.47,48.38,0.0,70.09,1,1,1.0,1.0
2024-10-17T18:38:00.000+02:00,891.53,25.47,48.4,0.0,70.09,1,1,1.0,1.0
2024-10-17T18:39:00.000+02:00,891.78,25.47,48.42,0.0,70.09,1,1,1.0,1.0
2024-10-17T18:40:00.000+02:00,892.02,25.47,48.44,0.0,70.09,1,1,1.0,1.0
2024-10-17T18:41:00.000+02:00,892.26,25.47,48.46,0.0,70.09,1,1,1.0,1.0
2024-10-17T18:42:00.000+02:00,892.5,25.46,48.47,0.0,70.09,1,1,1.0,1.0
2024-10-17T18:43:00.000+02:00,892.74,25.46,48.49,0.0,70.09,1,1,1.0,1.0
2024-10-17T18:44:00.000+02:00,892.98,25.46,48.51,0.0,70.09,1,1,1.0,1.0
2024-10-17T18:45:00.000+02:00,893.22,25.46,48.53,0.0,70.09,1,1,1.0,1.0
2024-10-17T18:46:00.000+02:00,893.45,25.45,48.55,0.0,70.09,1,1,1.0,1.0
2024-10-17T18:47:00.000+02:00,893.69,25.45,48.57,0.0,70.09,1,1,1.0,1.0
2024-10-17T18:48:00.000+02:00,893.92,25.45,48.59,0.0,70.09,1,1,1.0,1.0
2024-10-17T18:49:00.000+02:00,892.33,25.43,48.62,0.0,70.09,0,1,0.0,
2024-10-17T18:50:00.000+02:00,889.58,25.4,48.66,0.0,70.09,0,1,0.0,
2024-10-17T18:51:00.000+02:00,886.44,25.37,48.7,0.0,70.09,0,1,0.0,
2024-10-17T18:52:00.000+02:00,883.27,25.34,48.73,0.0,70.09,0,1,0.0,
2024-10-17T18:53:00.000+02:00,880.17,25.32,48.76,0.0,70.09,0,1,0.0,
2024-10-17T18:54:00.000+02:00,877.11,25.29,48.78,0.0,70.09,0,1,0.0,
2024-10-17T18:55:00.000+02:00,874.09,25.27,48.8,0.0,70.09,0,1,0.0,
2024-10-17T18:56:00.000+02:00,871.09,25.25,48.81,0.0,70.09,0,1,0.0,
2024-10-17T18:57:00.000+02:00,868.11,25.23,48.82,0.0,70.09,0,1,0.0,
2024-10-17T18:58:00.000+02:00,865.14,25.21,48.83,0.0,70.09,0,1,0.0,
2024-10-17T18:59:00.000+02:00,862.18,25.19,48.84,0.0,70.09,0,1,0.0,
2024-10-17T19:00:00.000+02:00,859.24,25.18,48.84,0.0,70.09,0,1,0.0,
2024-10-17T19:01:00.000+02:00,856.32,25.16,48.84,0.0,70.09,0,1,0.0,
2024-10-17T19:02:00.000+02:00,853.42,25.14,48.84,0.0,70.09,0,1,0.0,
2024-10-17T19:03:00.000+02:00,850.53,25.13,48.83,0.0,70.09,0,1,0.0,
2024-10-17T19:04:00.000+02:00,847.66,25.12,48.83,0.0,70.09,0,1,0.0,
2024-10-17T19:05:00.000+02:00,844.8,25.1,48.82,0.0,70.09,0,1,0.0,
2024-10-17T19:06:00.000+02:00,841.96,25.09,48.82,0.0,70.09,0,1,0.0,
2024-10-17T19:07:00.000+02:00,839.13,25.08,48.81,0.0,70.09,0,1,0.0,
2024-10-17T19:08:00.000+02:00,836.32,25.07,48.8,0.0,70.09,0,1,0.0,
2024-10-17T19:09:00.000+02:00,833.53,25.06,48.79,0.0,70.09,0,1,0.0,
2024-10-17T19:10:00.000+02:00,830.75,25.05,48.78,0.0,70.09,0,1,0.0,
2024-10-17T19:11:00.000+02:00,827.98,25.04,48.76,0.0,70.09,0,1,0.0,
2024-10-17T19:12:00.000+02:00,825.23,25.03,48.75,0.0,70.09,0,1,0.0,
2024-10-17T19:13:00.000+02:00,822.5,25.02,48.74,0.0,70.09,0,1,0.0,
2024-10-17T19:14:00.000+02:00,819.78,25.01,48.73,0.0,70.09,0,1,0.0,
2024-10-17T19:15:00.000+02:00,817.08,25.0,48.71,0.0,70.09,0,1,0.0,
2024-10-17T19:16:00.000+02:00,814.39,24.99,48.7,0.0,70.09,0,1,0.0,
2024-10-17T19:17:00.000+02:00,811.71,24.98,48.69,0.0,70.09,0,1,0.0,
2024-10-17T19:18:00.000+02:00,809.05,24.97,48.68,0.0,70.09,0,1,0.0,
2024-10-17T19:19:00.000+02:00,806.41,24.96,48.68,0.0,70.09,0,1,0.0,
2024-10-17T19:20:00.000+02:00,803.78,24.95,48.67,0.0,70.09,0,1,0.0,
2024-10-17T19:21:00.000+02:00,801.16,24.94,48.67,0.0,70.09,0,1,0.0,
2024-10-17T19:22:00.000+02:00,798.56,24.93,48.66,0.0,70.09,0,1,0.0,
2024-10-17T19:23:00.000+02:00,795.98,24.92,48.65,0.0,70.09,0,1,0.0,
2024-10-17T19:24:00.000+02:00,793.4,24.91,48.64,0.0,70.09,0,1,0.0,
2024-10-17T19:25:00.000+02:00,790.85,24.9,48.63,0.0,70.09,0,1,0.0,
2024-10-17T19:26:00.000+02:00,788.3,24.9,48.62,0.0,70.09,0,1,0.0,
2024-10-17T19:27:00.000+02:00,785.77,24.89,48.61,0.0,70.09,0,1,0.0,
2024-10-17T19:28:00.000+02:00,783.25,24.88,48.6,0.0,70.09,0,1,0.0,
2024-10-17T19:29:00.000+02:00,780.75,24.87,48.59,0.0,70.09,0,0,0.0,0.0
2024-10-17T19:30:00.000+02:00,778.26,24.87,48.58,0.0,70.09,0,0,0.0,0.0
2024-10-17T19:31:00.000+02:00,775.79,24.86,48.56,0.0,70.09,0,0,0.0,0.0
2024-10-17T19:32:00.000+02:00,773.33,24.85,48.55,0.0,70.09,0,0,0.0,0.0
2024-10-17T19:33:00.000+02:00,770.88,24.84,48.54,0.0,70.09,0,0,0.0,0.0
2024-10-17T19:34:00.000+02:00,768.44,24.84,48.53,0.0,70.09,0,0,0.0,0.0
2024-10-17T19:35:00.000+02:00,766.02,24.83,48.51,0.0,70.09,0,0,0.0,0.0
2024-10-17T19:36:00.000+02:00,763.61,24.83,48.5,0.0,70.09,0,0,0.0,0.0
2024-10-17T19:37:00.000+02:00,761.22,24.82,48.49,0.0,70.09,0,0,0.0,0.0
2024-10-17T19:38:00.000+02:00,758.84,24.81,48.48,0.0,70.09,0,0,0.0,0.0
2024-10-17T19:39:00.000+02:00,756.47,24.81,48.46,0.0,70.09,0,0,0.0,0.0
2024-10-17T19:40:00.000+02:00,754.11,24.8,48.45,0.0,70.09,0,0,0.0,0.0
2024-10-17T19:41:00.000+02:00,751.77,24.8,48.44,0.0,70.09,0,0,0.0,0.0
2024-10-17T19:42:00.000+02:00,749.44,24.79,48.43,0.0,70.09,0,0,0.0,0.0
2024-10-17T19:43:00.000+02:00,747.12,24.79,48.41,0.0,70.09,0,0,0.0,0.0
2024-10-17T19:44:00.000+02:00,744.82,24.78,48.4,0.0,70.09,0,0,0.0,0.0
2024-10-17T19:45:00.000+02:00,742.53,24.78,48.39,0.0,70.09,0,0,0.0,0.0
2024-10-17T19:46:00.000+02:00,740.25,24.77,48.38,0.0,70.09,0,0,0.0,0.0
2024-10-17T19:47:00.000+02:00,737.98,24.77,48.37,0.0,70.09,0,0,0.0,0.0
2024-10-17T19:48:00.000+02:00,735.73,24.76,48.35,0.0,70.09,0,0,0.0,0.0
2024-10-17T19:49:00.000+02:00,733.48,24.76,48.34,0.0,70.09,0,0,0.0,0.0
2024-10-17T19:50:00.000+02:00,731.26,24.75,48.33,0.0,70.09,0,0,0.0,0.0
2024-10-17T19:51:00.000+02:00,729.04,24.75,48.32,0.0,70.09,0,0,0.0,0.0
2024-10-17T19:52:00.000+02:00,726.83,24.74,48.31,0.0,70.09,0,0,0.0,0.0
2024-10-17T19:53:00.000+02:00,724.64,24.74,48.3,0.0,70.09,0,0,0.0,0.0
2024-10-17T19:54:00.000+02:00,722.46,24.74,48.29,0.0,70.09,0,0,0.0,0.0
2024-10-17T19:55:00.000+02:00,720.29,24.73,48.28,0.0,70.09,0,0,0.0,0.0
2024-10-17T19:56:00.000+02:00,718.13,24.73,48.27,0.0,70.09,0,0,0.0,0.0
2024-10-17T19:57:00.000+02:00,715.99,24.72,48.26,0.0,70.09,0,0,0.0,0.0
2024-10-17T19:58:00.000+02:00,713.85,24.72,48.25,0.0,70.09,0,0,0.0,0.0
2024-10-17T19:59:00.000+02:00,711.73,24.71,48.24,0.0,70.09,0,0,0.0,0.0
2024-10-17T20:00:00.000+02:00,709.62,24.71,48.23,0.0,70.09,0,0,0.0,0.0
2024-10-17T20:01:00.000+02:00,707.52,24.7,48.22,0.0,70.09,0,0,0.0,0.0
2024-10-17T20:02:00.000+02:00,705.44,24.7,48.21,0.0,70.09,0,0,0.0,0.0
2024-10-17T20:03:00.000+02:00,703.36,24.7,48.2,0.0,70.09,0,0,0.0,0.0
2024-10-17T20:04:00.000+02:00,701.29,24.69,48.19,0.0,70.09,0,0,0.0,0.0
2024-10-17T20:05:00.000+02:00,699.24,24.69,48.18,0.0,70.09,0,0,0.0,0.0
2024-10-17T20:06:00.000+02:00,697.2,24.69,48.17,0.0,70.09,0,0,0.0,0.0
2024-10-17T20:07:00.000+02:00,695.17,24.68,48.16,0.0,70.09,0,0,0.0,0.0
2024-10-17T20:08:00.000+02:00,693.15,24.68,48.15,0.0,70.09,0,0,0.0,0.0
2024-10-17T20:09:00.000+02:00,691.14,24.68,48.14,0.0,70.09,0,0,0.0,0.0
2024-10-17T20:10:00.000+02:00,689.14,24.67,48.13,0.0,70.09,0,0,0.0,0.0
2024-10-17T20:11:00.000+02:00,687.16,24.67,48.12,0.0,70.09,0,0,0.0,0.0
2024-10-17T20:12:00.000+02:00,685.18,24.67,48.11,0.0,70.09,0,0,0.0,0.0
2024-10-17T20:13:00.000+02:00,683.22,24.66,48.09,0.0,70.09,0,0,0.0,0.0
2024-10-17T20:14:00.000+02:00,681.26,24.66,48.08,0.0,70.09,0,0,0.0,0.0
2024-10-17T20:15:00.000+02:00,679.32,24.66,48.07,0.0,70.09,0,0,0.0,0.0
2024-10-17T20:16:00.000+02:00,677.39,24.65,48.06,0.0,70.09,0,0,0.0,0.0
2024-10-17T20:17:00.000+02:00,675.47,24.65,48.05,0.0,70.09,0,0,0.0,0.0
2024-10-17T20:18:00.000+02:00,673.55,24.65,48.04,0.0,70.09,0,0,0.0,0.0
2024-10-17T20:19:00.000+02:00,671.65,24.64,48.02,0.0,70.09,0,0,0.0,0.0
2024-10-17T20:20:00.000+02:00,669.76,24.64,48.01,0.0,70.09,0,0,0.0,0.0
2024-10-17T20:21:00.000+02:00,667.88,24.64,48.0,0.0,70.09,0,0,0.0,0.0
2024-10-17T20:22:00.000+02:00,666.01,24.64,47.99,0.0,70.09,0,0,0.0,0.0
2024-10-17T20:23:00.000+02:00,664.15,24.63,47.97,0.0,70.09,0,0,0.0,0.0
2024-10-17T20:24:00.000+02:00,662.3,24.63,47.96,0.0,70.09,0,0,0.0,0.0
2024-10-17T20:25:00.000+02:00,660.46,24.63,47.95,0.0,70.09,0,0,0.0,0.0
2024-10-17T20:26:00.000+02:00,658.63,24.62,47.94,0.0,70.09,0,0,0.0,0.0
2024-10-17T20:27:00.000+02:00,656.81,24.62,47.92,0.0,70.09,0,0,0.0,0.0
2024-10-17T20:28:00.000+02:00,655.01,24.62,47.91,0.0,70.09,0,0,0.0,0.0
2024-10-17T20:29:00.000+02:00,653.21,24.62,47.9,0.0,70.09,0,0,0.0,0.0
2024-10-17T20:30:00.000+02:00,651.42,24.61,47.89,0.0,70.09,0,0,0.0,0.0
2024-10-17T20:31:00.000+02:00,649.64,24.61,47.87,0.0,70.09,0,0,0.0,0.0
2024-10-17T20:32:00.000+02:00,647.87,24.61,47.86,0.0,70.09,0,0,0.0,0.0
2024-10-17T20:33:00.000+02:00,646.11,24.61,47.85,0.0,70.09,0,0,0.0,0.0
2024-10-17T20:34:00.000+02:00,644.36,24.6,47.84,0.0,70.09,0,0,0.0,0.0
2024-10-17T20:35:00.000+02:00,642.61,24.6,47.82,0.0,70.09,0,0,0.0,0.0
2024-10-17T20:36:00.000+02:00,640.88,24.6,47.81,0.0,70.09,0,0,0.0,0.0
2024-10-17T20:37:00.000+02:00,639.16,24.6,47.8,0.0,70.09,0,0,0.0,0.0
2024-10-17T20:38:00.000+02:00,637.45,24.59,47.78,0.0,70.09,0,0,0.0,0.0
2024-10-17T20:39:00.000+02:00,635.75,24.59,47.77,0.0,70.09,0,0,0.0,0.0
2024-10-17T20:40:00.000+02:00,634.05,24.59,47.76,0.0,70.09,0,0,0.0,0.0
2024-10-17T20:41:00.000+02:00,632.37,24.59,47.75,0.0,70.09,0,0,0.0,0.0
2024-10-17T20:42:00.000+02:00,630.69,24.58,47.73,0.0,70.09,0,0,0.0,0.0
2024-10-17T20:43:00.000+02:00,629.03,24.58,47.72,0.0,70.09,0,0,0.0,0.0
2024-10-17T20:44:00.000+02:00,627.37,24.58,47.71,0.0,70.09,0,0,0.0,0.0
2024-10-17T20:45:00.000+02:00,625.72,24.58,47.69,0.0,70.09,0,0,0.0,0.0
2024-10-17T20:46:00.000+02:00,624.08,24.57,47.68,0.0,70.09,0,0,0.0,0.0
2024-10-17T20:47:00.000+02:00,622.45,24.57,47.67,0.0,70.09,0,0,0.0,0.0
2024-10-17T20:48:00.000+02:00,620.83,24.57,47.65,0.0,70.09,0,0,0.0,0.0
2024-10-17T20:49:00.000+02:00,619.22,24.57,47.64,0.0,70.09,0,0,0.0,0.0
2024-10-17T20:50:00.000+02:00,617.61,24.56,47.63,0.0,70.09,0,0,0.0,0.0
2024-10-17T20:51:00.000+02:00,616.02,24.56,47.62,0.0,70.09,0,0,0.0,0.0
2024-10-17T20:52:00.000+02:00,614.43,24.56,47.6,0.0,70.09,0,0,0.0,0.0
2024-10-17T20:53:00.000+02:00,612.86,24.56,47.59,0.0,70.09,0,0,0.0,0.0
2024-10-17T20:54:00.000+02:00,611.29,24.55,47.58,0.0,70.09,0,0,0.0,0.0
2024-10-17T20:55:00.000+02:00,609.73,24.55,47.56,0.0,70.09,0,0,0.0,0.0
2024-10-17T20:56:00.000+02:00,608.18,24.55,47.55,0.0,70.09,0,0,0.0,0.0
2024-10-17T20:57:00.000+02:00,606.63,24.55,47.54,0.0,70.09,0,0,0.0,0.0
2024-10-17T20:58:00.000+02:00,605.1,24.54,47.52,0.0,70.09,0,0,0.0,0.0
2024-10-17T20:59:00.000+02:00,603.57,24.54,47.51,0.0,70.09,0,0,0.0,0.0
2024-10-17T21:00:00.000+02:00,602.06,24.54,47.5,0.0,70.09,0,0,0.0,0.0
2024-10-17T21:01:00.000+02:00,600.55,24.54,47.49,0.0,70.09,0,0,0.0,0.0
2024-10-17T21:02:00.000+02:00,599.05,24.54,47.47,0.0,70.09,0,0,0.0,0.0
2024-10-17T21:03:00.000+02:00,597.55,24.53,47.46,0.0,70.09,0,0,0.0,0.0
2024-10-17T21:04:00.000+02:00,596.07,24.53,47.45,0.0,70.09,0,0,0.0,0.0
2024-10-17T21:05:00.000+02:00,594.59,24.53,47.43,0.0,70.09,0,0,0.0,0.0
2024-10-17T21:06:00.000+02:00,593.12,24.53,47.42,0.0,70.09,0,0,0.0,0.0
2024-10-17T21:07:00.000+02:00,591.66,24.52,47.41,0.0,70.09,0,0,0.0,0.0
2024-10-17T21:08:00.000+02:00,590.21,24.52,47.4,0.0,70.09,0,0,0.0,0.0
2024-10-17T21:09:00.000+02:00,588.77,24.52,47.39,0.0,70.09,0,0,0.0,0.0
2024-10-17T21:10:00.000+02:00,587.33,24.52,47.37,0.0,70.09,0,0,0.0,0.0
2024-10-17T21:11:00.000+02:00,585.9,24.51,47.36,0.0,70.09,0,0,0.0,0.0
2024-10-17T21:12:00.000+02:00,584.48,24.51,47.35,0.0,70.09,0,0,0.0,0.0
2024-10-17T21:13:00.000+02:00,583.07,24.51,47.34,0.0,70.09,0,0,0.0,0.0
2024-10-17T21:14:00.000+02:00,581.66,24.51,47.32,0.0,70.09,0,0,0.0,0.0
2024-10-17T21:15:00.000+02:00,580.27,24.5,47.31,0.0,70.09,0,0,0.0,0.0
2024-10-17T21:16:00.000+02:00,578.88,24.5,47.3,0.0,70.09,0,0,0.0,0.0
2024-10-17T21:17:00.000+02:00,577.49,24.5,47.29,0.0,70.09,0,0,0.0,0.0
2024-10-17T21:18:00.000+02:00,576.12,24.5,47.28,0.0,70.09,0,0,0.0,0.0
2024-10-17T21:19:00.000+02:00,574.75,24.49,47.26,0.0,70.09,0,0,0.0,0.0
2024-10-17T21:20:00.000+02:00,573.39,24.49,47.25,0.0,70.09,0,0,0.0,0.0
2024-10-17T21:21:00.000+02:00,572.04,24.49,47.24,0.0,70.09,0,0,0.0,0.0
2024-10-17T21:22:00.000+02:00,570.69,24.49,47.23,0.0,70.09,0,0,0.0,0.0
2024-10-17T21:23:00.000+02:00,569.36,24.48,47.22,0.0,70.09,0,0,0.0,0.0
2024-10-17T21:24:00.000+02:00,568.03,24.48,47.2,0.0,70.09,0,0,0.0,0.0
2024-10-17T21:25:00.000+02:00,566.7,24.48,47.19,0.0,70.09,0,0,0.0,0.0
2024-10-17T21:26:00.000+02:00,565.39,24.48,47.18,0.0,70.09,0,0,0.0,0.0
2024-10-17T21:27:00.000+02:00,564.08,24.47,47.17,0.0,70.09,0,0,0.0,0.0
2024-10-17T21:28:00.000+02:00,562.78,24.47,47.16,0.0,70.09,0,0,0.0,0.0
2024-10-17T21:29:00.000+02:00,561.49,24.47,47.14,0.0,70.09,0,0,0.0,0.0
2024-10-17T21:30:00.000+02:00,560.2,24.47,47.13,0.0,70.09,0,0,0.0,0.0
2024-10-17T21:31:00.000+02:00,558.92,24.47,47.12,0.0,70.09,0,0,0.0,0.0
2024-10-17T21:32:00.000+02:00,557.65,24.46,47.11,0.0,70.09,0,0,0.0,0.0
2024-10-17T21:33:00.000+02:00,556.38,24.46,47.1,0.0,70.09,0,0,0.0,0.0
2024-10-17T21:34:00.000+02:00,555.12,24.46,47.09,0.0,70.09,0,0,0.0,0.0
2024-10-17T21:35:00.000+02:00,553.87,24.46,47.07,0.0,70.09,0,0,0.0,0.0
2024-10-17T21:36:00.000+02:00,552.62,24.45,47.06,0.0,70.09,0,0,0.0,0.0
2024-10-17T21:37:00.000+02:00,551.39,24.45,47.05,0.0,70.09,0,0,0.0,0.0
2024-10-17T21:38:00.000+02:00,550.15,24.45,47.04,0.0,70.09,0,0,0.0,0.0
2024-10-17T21:39:00.000+02:00,548.93,24.45,47.03,0.0,70.09,0,0,0.0,0.0
2024-10-17T21:40:00.000+02:00,547.71,24.44,47.02,0.0,70.09,0,0,0.0,0.0
2024-10-17T21:41:00.000+02:00,546.5,24.44,47.01,0.0,70.09,0,0,0.0,0.0
2024-10-17T21:42:00.000+02:00,545.29,24.44,46.99,0.0,70.09,0,0,0.0,0.0
2024-10-17T21:43:00.000+02:00,544.1,24.44,46.98,0.0,70.09,0,0,0.0,0.0
2024-10-17T21:44:00.000+02:00,542.9,24.43,46.97,0.0,70.09,0,0,0.0,0.0
2024-10-17T21:45:00.000+02:00,541.72,24.43,46.96,0.0,70.09,0,0,0.0,0.0
2024-10-17T21:46:00.000+02:00,540.54,24.43,46.95,0.0,70.09,0,0,0.0,0.0
2024-10-17T21:47:00.000+02:00,539.37,24.43,46.94,0.0,70.09,0,0,0.0,0.0
2024-10-17T21:48:00.000+02:00,538.2,24.42,46.93,0.0,70.09,0,0,0.0,0.0
2024-10-17T21:49:00.000+02:00,537.04,24.42,46.91,0.0,70.09,0,0,0.0,0.0
2024-10-17T21:50:00.000+02:00,535.89,24.42,46.9,0.0,70.09,0,0,0.0,0.0
2024-10-17T21:51:00.000+02:00,534.74,24.42,46.89,0.0,70.09,0,0,0.0,0.0
2024-10-17T21:52:00.000+02:00,533.6,24.41,46.88,0.0,70.09,0,0,0.0,0.0
2024-10-17T21:53:00.000+02:00,532.47,24.41,46.87,0.0,70.09,0,0,0.0,0.0
2024-10-17T21:54:00.000+02:00,531.34,24.41,46.86,0.0,70.09,0,0,0.0,0.0
2024-10-17T21:55:00.000+02:00,530.22,24.41,46.85,0.0,70.09,0,0,0.0,0.0
2024-10-17T21:56:00.000+02:00,529.1,24.4,46.83,0.0,70.09,0,0,0.0,0.0
2024-10-17T21:57:00.000+02:00,527.99,24.4,46.82,0.0,70.09,0,0,0.0,0.0
2024-10-17T21:58:00.000+02:00,526.89,24.4,46.81,0.0,70.09,0,0,0.0,0.0
2024-10-17T21:59:00.000+02:00,525.79,24.4,46.8,0.0,70.09,0,0,0.0,0.0
2024-10-17T22:00:00.000+02:00,524.7,24.39,46.79,0.0,70.09,0,0,0.0,0.0
2024-10-17T22:01:00.000+02:00,523.62,24.39,46.78,0.0,70.09,0,0,0.0,0.0
2024-10-17T22:02:00.000+02:00,522.54,24.39,46.77,0.0,70.09,0,0,0.0,0.0
2024-10-17T22:03:00.000+02:00,521.46,24.39,46.76,0.0,70.09,0,0,0.0,0.0
2024-10-17T22:04:00.000+02:00,520.4,24.38,46.74,0.0,70.09,0,0,0.0,0.0
2024-10-17T22:05:00.000+02:00,519.34,24.38,46.73,0.0,70.09,0,0,0.0,0.0
2024-10-17T22:06:00.000+02:00,518.28,24.38,46.72,0.0,70.09,0,0,0.0,0.0
2024-10-17T22:07:00.000+02:00,517.23,24.38,46.71,0.0,70.09,0,0,0.0,0.0
2024-10-17T22:08:00.000+02:00,516.18,24.37,46.7,0.0,70.09,0,0,0.0,0.0
2024-10-17T22:09:00.000+02:00,515.15,24.37,46.69,0.0,70.09,0,0,0.0,0.0
2024-10-17T22:10:00.000+02:00,514.11,24.37,46.68,0.0,70.09,0,0,0.0,0.0
2024-10-17T22:11:00.000+02:00,513.09,24.37,46.67,0.0,70.09,0,0,0.0,0.0
2024-10-17T22:12:00.000+02:00,512.06,24.36,46.65,0.0,70.09,0,0,0.0,0.0
2024-10-17T22:13:00.000+02:00,511.05,24.36,46.64,0.0,70.09,0,0,0.0,0.0
2024-10-17T22:14:00.000+02:00,510.04,24.36,46.63,0.0,70.09,0,0,0.0,0.0
2024-10-17T22:15:00.000+02:00,509.03,24.36,46.62,0.0,70.09,0,0,0.0,0.0
2024-10-17T22:16:00.000+02:00,508.03,24.35,46.61,0.0,70.09,0,0,0.0,0.0
2024-10-17T22:17:00.000+02:00,507.04,24.35,46.6,0.0,70.09,0,0,0.0,0.0
2024-10-17T22:18:00.000+02:00,506.05,24.35,46.59,0.0,70.09,0,0,0.0,0.0
2024-10-17T22:19:00.000+02:00,505.07,24.35,46.57,0.0,70.09,0,0,0.0,0.0
2024-10-17T22:20:00.000+02:00,504.09,24.34,46.56,0.0,70.09,0,0,0.0,0.0
2024-10-17T22:21:00.000+02:00,503.12,24.34,46.55,0.0,70.09,0,0,0.0,0.0
2024-10-17T22:22:00.000+02:00,502.15,24.34,46.54,0.0,70.09,0,0,0.0,0.0
2024-10-17T22:23:00.000+02:00,501.19,24.34,46.53,0.0,70.09,0,0,0.0,0.0
2024-10-17T22:24:00.000+02:00,500.23,24.33,46.52,0.0,70.09,0,0,0.0,0.0
2024-10-17T22:25:00.000+02:00,499.28,24.33,46.51,0.0,70.09,0,0,0.0,0.0
2024-10-17T22:26:00.000+02:00,498.34,24.33,46.5,0.0,70.09,0,0,0.0,0.0
2024-10-17T22:27:00.000+02:00,497.4,24.33,46.48,0.0,70.09,0,0,0.0,0.0
2024-10-17T22:28:00.000+02:00,496.46,24.32,46.47,0.0,70.09,0,0,0.0,0.0
2024-10-17T22:29:00.000+02:00,495.53,24.32,46.46,0.0,70.09,0,0,0.0,0.0
2024-10-17T22:30:00.000+02:00,494.61,24.32,46.45,0.0,70.09,0,0,0.0,0.0
2024-10-17T22:31:00.000+02:00,493.68,24.32,46.44,0.0,70.09,0,0,0.0,0.0
2024-10-17T22:32:00.000+02:00,492.77,24.32,46.43,0.0,70.09,0,0,0.0,0.0
2024-10-17T22:33:00.000+02:00,491.86,24.31,46.42,0.0,70.09,0,0,0.0,0.0
2024-10-17T22:34:00.000+02:00,490.95,24.31,46.4,0.0,70.09,0,0,0.0,0.0
2024-10-17T22:35:00.000+02:00,490.05,24.31,46.39,0.0,70.09,0,0,0.0,0.0
2024-10-17T22:36:00.000+02:00,489.16,24.31,46.38,0.0,70.09,0,0,0.0,0.0
2024-10-17T22:37:00.000+02:00,488.27,24.3,46.37,0.0,70.09,0,0,0.0,0.0
2024-10-17T22:38:00.000+02:00,487.38,24.3,46.36,0.0,70.09,0,0,0.0,0.0
2024-10-17T22:39:00.000+02:00,486.5,24.3,46.35,0.0,70.09,0,0,0.0,0.0
2024-10-17T22:40:00.000+02:00,485.63,24.3,46.34,0.0,70.09,0,0,0.0,0.0
2024-10-17T22:41:00.000+02:00,484.76,24.29,46.32,0.0,70.09,0,0,0.0,0.0
2024-10-17T22:42:00.000+02:00,483.89,24.29,46.31,0.0,70.09,0,0,0.0,0.0
2024-10-17T22:43:00.000+02:00,483.03,24.29,46.3,0.0,70.09,0,0,0.0,0.0
2024-10-17T22:44:00.000+02:00,482.17,24.29,46.29,0.0,70.09,0,0,0.0,0.0
2024-10-17T22:45:00.000+02:00,481.32,24.28,46.28,0.0,70.09,0,0,0.0,0.0
2024-10-17T22:46:00.000+02:00,480.47,24.28,46.27,0.0,70.09,0,0,0.0,0.0
2024-10-17T22:47:00.000+02:00,479.63,24.28,46.26,0.0,70.09,0,0,0.0,0.0
2024-10-17T22:48:00.000+02:00,478.79,24.28,46.25,0.0,70.09,0,0,0.0,0.0
2024-10-17T22:49:00.000+02:00,477.96,24.27,46.23,0.0,70.09,0,0,0.0,0.0
2024-10-17T22:50:00.000+02:00,477.13,24.27,46.22,0.0,70.09,0,0,0.0,0.0
2024-10-17T22:51:00.000+02:00,476.31,24.27,46.21,0.0,70.09,0,0,0.0,0.0
2024-10-17T22:52:00.000+02:00,475.49,24.27,46.2,0.0,70.09,0,0,0.0,0.0
2024-10-17T22:53:00.000+02:00,474.67,24.26,46.19,0.0,70.09,0,0,0.0,0.0
2024-10-17T22:54:00.000+02:00,473.86,24.26,46.18,0.0,70.09,0,0,0.0,0.0
2024-10-17T22:55:00.000+02:00,473.05,24.26,46.17,0.0,70.09,0,0,0.0,0.0
2024-10-17T22:56:00.000+02:00,472.25,24.26,46.15,0.0,70.09,0,0,0.0,0.0
2024-10-17T22:57:00.000+02:00,471.45,24.25,46.14,0.0,70.09,0,0,0.0,0.0
2024-10-17T22:58:00.000+02:00,470.66,24.25,46.13,0.0,70.09,0,0,0.0,0.0
2024-10-17T22:59:00.000+02:00,469.87,24.25,46.12,0.0,70.09,0,0,0.0,0.0
2024-10-17T23:00:00.000+02:00,469.09,24.25,46.11,0.0,70.09,0,0,0.0,0.0
2024-10-17T23:01:00.000+02:00,468.31,24.24,46.1,0.0,70.09,0,0,0.0,0.0
2024-10-17T23:02:00.000+02:00,467.53,24.24,46.09,0.0,70.09,0,0,0.0,0.0
2024-10-17T23:03:00.000+02:00,466.76,24.24,46.07,0.0,70.09,0,0,0.0,0.0
2024-10-17T23:04:00.000+02:00,465.99,24.24,46.06,0.0,70.09,0,0,0.0,0.0
2024-10-17T23:05:00.000+02:00,465.23,24.23,46.05,0.0,70.09,0,0,0.0,0.0
2024-10-17T23:06:00.000+02:00,464.47,24.23,46.04,0.0,70.09,0,0,0.0,0.0
2024-10-17T23:07:00.000+02:00,463.72,24.23,46.03,0.0,70.09,0,0,0.0,0.0
2024-10-17T23:08:00.000+02:00,462.96,24.23,46.02,0.0,70.09,0,0,0.0,0.0
2024-10-17T23:09:00.000+02:00,462.22,24.23,46.01,0.0,70.09,0,0,0.0,0.0
2024-10-17T23:10:00.000+02:00,461.48,24.22,45.99,0.0,70.09,0,0,0.0,0.0
2024-10-17T23:11:00.000+02:00,460.74,24.22,45.98,0.0,70.09,0,0,0.0,0.0
2024-10-17T23:12:00.000+02:00,460.0,24.22,45.97,0.0,70.09,0,0,0.0,0.0
2024-10-17T23:13:00.000+02:00,459.27,24.22,45.96,0.0,70.09,0,0,0.0,0.0
2024-10-17T23:14:00.000+02:00,458.55,24.21,45.95,0.0,70.09,0,0,0.0,0.0
2024-10-17T23:15:00.000+02:00,457.82,24.21,45.94,0.0,70.09,0,0,0.0,0.0
2024-10-17T23:16:00.000+02:00,457.1,24.21,45.93,0.0,70.09,0,0,0.0,0.0
2024-10-17T23:17:00.000+02:00,456.39,24.21,45.92,0.0,70.09,0,0,0.0,0.0
2024-10-17T23:18:00.000+02:00,455.68,24.2,45.91,0.0,70.09,0,0,0.0,0.0
2024-10-17T23:19:00.000+02:00,454.97,24.2,45.89,0.0,70.09,0,0,0.0,0.0
2024-10-17T23:20:00.000+02:00,454.27,24.2,45.88,0.0,70.09,0,0,0.0,0.0
2024-10-17T23:21:00.000+02:00,453.57,24.2,45.87,0.0,70.09,0,0,0.0,0.0
2024-10-17T23:22:00.000+02:00,452.88,24.19,45.86,0.0,70.09,0,0,0.0,0.0
2024-10-17T23:23:00.000+02:00,452.19,24.19,45.85,0.0,70.09,0,0,0.0,0.0
2024-10-17T23:24:00.000+02:00,451.5,24.19,45.84,0.0,70.09,0,0,0.0,0.0
2024-10-17T23:25:00.000+02:00,450.81,24.19,45.83,0.0,70.09,0,0,0.0,0.0
2024-10-17T23:26:00.000+02:00,450.13,24.18,45.82,0.0,70.09,0,0,0.0,0.0
2024-10-17T23:27:00.000+02:00,449.46,24.18,45.81,0.0,70.09,0,0,0.0,0.0
2024-10-17T23:28:00.000+02:00,448.79,24.18,45.79,0.0,70.09,0,0,0.0,0.0
2024-10-17T23:29:00.000+02:00,448.12,24.18,45.78,0.0,70.09,0,0,0.0,0.0
2024-10-17T23:30:00.000+02:00,447.45,24.17,45.77,0.0,70.09,0,0,0.0,0.0
2024-10-17T23:31:00.000+02:00,446.79,24.17,45.76,0.0,70.09,0,0,0.0,0.0
2024-10-17T23:32:00.000+02:00,446.13,24.17,45.75,0.0,70.09,0,0,0.0,0.0
2024-10-17T23:33:00.000+02:00,445.48,24.17,45.74,0.0,70.09,0,0,0.0,0.0
2024-10-17T23:34:00.000+02:00,444.83,24.16,45.73,0.0,70.09,0,0,0.0,0.0
2024-10-17T23:35:00.000+02:00,444.18,24.16,45.72,0.0,70.09,0,0,0.0,0.0
2024-10-17T23:36:00.000+02:00,443.54,24.16,45.71,0.0,70.09,0,0,0.0,0.0
2024-10-17T23:37:00.000+02:00,442.9,24.16,45.7,0.0,70.09,0,0,0.0,0.0
2024-10-17T23:38:00.000+02:00,442.26,24.15,45.69,0.0,70.09,0,0,0.0,0.0
2024-10-17T23:39:00.000+02:00,441.63,24.15,45.68,0.0,70.09,0,0,0.0,0.0
2024-10-17T23:40:00.000+02:00,441.0,24.15,45.67,0.0,70.09,0,0,0.0,0.0
2024-10-17T23:41:00.000+02:00,440.37,24.15,45.66,0.0,70.09,0,0,0.0,0.0
2024-10-17T23:42:00.000+02:00,439.75,24.14,45.64,0.0,70.09,0,0,0.0,0.0
2024-10-17T23:43:00.000+02:00,439.13,24.14,45.63,0.0,70.09,0,0,0.0,0.0
2024-10-17T23:44:00.000+02:00,438.51,24.14,45.62,0.0,70.09,0,0,0.0,0.0
2024-10-17T23:45:00.000+02:00,437.9,24.14,45.61,0.0,70.09,0,0,0.0,0.0
2024-10-17T23:46:00.000+02:00,437.29,24.13,45.6,0.0,70.09,0,0,0.0,0.0
2024-10-17T23:47:00.000+02:00,436.69,24.13,45.59,0.0,70.09,0,0,0.0,0.0
2024-10-17T23:48:00.000+02:00,436.08,24.13,45.58,0.0,70.09,0,0,0.0,0.0
2024-10-17T23:49:00.000+02:00,435.48,24.13,45.57,0.0,70.09,0,0,0.0,0.0
2024-10-17T23:50:00.000+02:00,434.89,24.13,45.56,0.0,70.09,0,0,0.0,0.0
2024-10-17T23:51:00.000+02:00,434.29,24.12,45.55,0.0,70.09,0,0,0.0,0.0
2024-10-17T23:52:00.000+02:00,433.71,24.12,45.54,0.0,70.09,0,0,0.0,0.0
2024-10-17T23:53:00.000+02:00,433.12,24.12,45.53,0.0,70.09,0,0,0.0,0.0
2024-10-17T23:54:00.000+02:00,432.54,24.12,45.52,0.0,70.09,0,0,0.0,0.0
2024-10-17T23:55:00.000+02:00,431.96,24.11,45.51,0.0,70.09,0,0,0.0,0.0
2024-10-17T23:56:00.000+02:00,431.38,24.11,45.5,0.0,70.09,0,0,0.0,0.0
2024-10-17T23:57:00.000+02:00,430.81,24.11,45.49,0.0,70.09,0,0,0.0,0.0
2024-10-17T23:58:00.000+02:00,430.24,24.11,45.47,0.0,70.09,0,0,0.0,0.0
2024-10-17T23:59:00.000+02:00,429.67,24.1,45.46,0.0,70.09,0,0,0.0,0.0
2024-10-18T00:00:00.000+02:00,429.11,24.1,45.45,0.0,70.09,0,0,0.0,0.0
2024-10-18T00:01:00.000+02:00,428.54,24.1,45.44,0.0,70.09,0,0,0.0,0.0
2024-10-18T00:02:00.000+02:00,427.99,24.1,45.43,0.0,70.09,0,0,0.0,0.0
2024-10-18T00:03:00.000+02:00,427.43,24.09,45.42,0.0,70.09,0,0,0.0,0.0
2024-10-18T00:04:00.000+02:00,426.88,24.09,45.41,0.0,70.09,0,0,0.0,0.0
2024-10-18T00:05:00.000+02:00,426.33,24.09,45.4,0.0,70.09,0,0,0.0,0.0
2024-10-18T00:06:00.000+02:00,425.79,24.09,45.39,0.0,70.09,0,0,0.0,0.0
2024-10-18T00:07:00.000+02:00,425.24,24.08,45.38,0.0,70.09,0,0,0.0,0.0
2024-10-18T00:08:00.000+02:00,424.7,24.08,45.37,0.0,70.09,0,0,0.0,0.0
2024-10-18T00:09:00.000+02:00,424.17,24.08,45.36,0.0,70.09,0,0,0.0,0.0
2024-10-18T00:10:00.000+02:00,423.63,24.08,45.35,0.0,70.09,0,0,0.0,0.0
2024-10-18T00:11:00.000+02:00,423.1,24.07,45.34,0.0,70.09,0,0,0.0,0.0
2024-10-18T00:12:00.000+02:00,422.57,24.07,45.33,0.0,70.09,0,0,0.0,0.0
2024-10-18T00:13:00.000+02:00,422.05,24.07,45.32,0.0,70.09,0,0,0.0,0.0
2024-10-18T00:14:00.000+02:00,421.53,24.07,45.31,0.0,70.09,0,0,0.0,0.0
2024-10-18T00:15:00.000+02:00,421.01,24.06,45.3,0.0,70.09,0,0,0.0,0.0
2024-10-18T00:16:00.000+02:00,420.49,24.06,45.29,0.0,70.09,0,0,0.0,0.0
2024-10-18T00:17:00.000+02:00,419.98,24.06,45.28,0.0,70.09,0,0,0.0,0.0
2024-10-18T00:18:00.000+02:00,419.47,24.06,45.27,0.0,70.09,0,0,0.0,0.0
2024-10-18T00:19:00.000+02:00,418.96,24.05,45.26,0.0,70.09,0,0,0.0,0.0
2024-10-18T00:20:00.000+02:00,418.45,24.05,45.25,0.0,70.09,0,0,0.0,0.0
2024-10-18T00:21:00.000+02:00,417.95,24.05,45.24,0.0,70.09,0,0,0.0,0.0
2024-10-18T00:22:00.000+02:00,417.45,24.05,45.23,0.0,70.09,0,0,0.0,0.0
2024-10-18T00:23:00.000+02:00,416.95,24.05,45.22,0.0,70.09,0,0,0.0,0.0
2024-10-18T00:24:00.000+02:00,416.46,24.04,45.21,0.0,70.09,0,0,0.0,0.0
2024-10-18T00:25:00.000+02:00,415.97,24.04,45.2,0.0,70.09,0,0,0.0,0.0
2024-10-18T00:26:00.000+02:00,415.48,24.04,45.19,0.0,70.09,0,0,0.0,0.0
2024-10-18T00:27:00.000+02:00,414.99,24.04,45.18,0.0,70.09,0,0,0.0,0.0
2024-10-18T00:28:00.000+02:00,414.51,24.03,45.17,0.0,70.09,0,0,0.0,0.0
2024-10-18T00:29:00.000+02:00,414.03,24.03,45.16,0.0,70.09,0,0,0.0,0.0
2024-10-18T00:30:00.000+02:00,413.55,24.03,45.14,0.0,70.09,0,0,0.0,0.0
2024-10-18T00:31:00.000+02:00,413.07,24.03,45.13,0.0,70.09,0,0,0.0,0.0
2024-10-18T00:32:00.000+02:00,412.6,24.02,45.12,0.0,70.09,0,0,0.0,0.0
2024-10-18T00:33:00.000+02:00,412.13,24.02,45.11,0.0,70.09,0,0,0.0,0.0
2024-10-18T00:34:00.000+02:00,411.66,24.02,45.1,0.0,70.09,0,0,0.0,0.0
2024-10-18T00:35:00.000+02:00,411.2,24.02,45.09,0.0,70.09,0,0,0.0,0.0
2024-10-18T00:36:00.000+02:00,410.74,24.01,45.08,0.0,70.09,0,0,0.0,0.0
2024-10-18T00:37:00.000+02:00,410.28,24.01,45.07,0.0,70.09,0,0,0.0,0.0
2024-10-18T00:38:00.000+02:00,409.82,24.01,45.06,0.0,70.09,0,0,0.0,0.0
2024-10-18T00:39:00.000+02:00,409.36,24.01,45.05,0.0,70.09,0,0,0.0,0.0
2024-10-18T00:40:00.000+02:00,408.91,24.0,45.04,0.0,70.09,0,0,0.0,0.0
2024-10-18T00:41:00.000+02:00,408.46,24.0,45.03,0.0,70.09,0,0,0.0,0.0
2024-10-18T00:42:00.000+02:00,408.01,24.0,45.02,0.0,70.09,0,0,0.0,0.0
2024-10-18T00:43:00.000+02:00,407.57,24.0,45.01,0.0,70.09,0,0,0.0,0.0
2024-10-18T00:44:00.000+02:00,407.12,23.99,45.0,0.0,70.09,0,0,0.0,0.0
2024-10-18T00:45:00.000+02:00,406.68,23.99,44.99,0.0,70.09,0,0,0.0,0.0
2024-10-18T00:46:00.000+02:00,406.25,23.99,44.98,0.0,70.09,0,0,0.0,0.0
2024-10-18T00:47:00.000+02:00,405.81,23.99,44.97,0.0,70.09,0,0,0.0,0.0
2024-10-18T00:48:00.000+02:00,405.38,23.99,44.96,0.0,70.09,0,0,0.0,0.0
2024-10-18T00:49:00.000+02:00,404.95,23.98,44.95,0.0,70.09,0,0,0.0,0.0
2024-10-18T00:50:00.000+02:00,404.52,23.98,44.94,0.0,70.09,0,0,0.0,0.0
2024-10-18T00:51:00.000+02:00,404.09,23.98,44.93,0.0,70.09,0,0,0.0,0.0
2024-10-18T00:52:00.000+02:00,403.67,23.98,44.92,0.0,70.09,0,0,0.0,0.0
2024-10-18T00:53:00.000+02:00,403.25,23.97,44.91,0.0,70.09,0,0,0.0,0.0
2024-10-18T00:54:00.000+02:00,402.83,23.97,44.9,0.0,70.09,0,0,0.0,0.0
2024-10-18T00:55:00.000+02:00,402.41,23.97,44.89,0.0,70.09,0,0,0.0,0.0
2024-10-18T00:56:00.000+02:00,402.0,23.97,44.88,0.0,70.09,0,0,0.0,0.0
2024-10-18T00:57:00.000+02:00,401.59,23.96,44.87,0.0,70.09,0,0,0.0,0.0
2024-10-18T00:58:00.000+02:00,401.18,23.96,44.86,0.0,70.09,0,0,0.0,0.0
2024-10-18T00:59:00.000+02:00,400.77,23.96,44.85,0.0,70.09,0,0,0.0,0.0
2024-10-18T01:00:00.000+02:00,400.36,23.96,44.85,0.0,70.09,0,0,0.0,0.0
2024-10-18T01:01:00.000+02:00,399.96,23.95,44.84,0.0,70.09,0,0,0.0,0.0
2024-10-18T01:02:00.000+02:00,399.56,23.95,44.83,0.0,70.09,0,0,0.0,0.0
2024-10-18T01:03:00.000+02:00,399.16,23.95,44.82,0.0,70.09,0,0,0.0,0.0
2024-10-18T01:04:00.000+02:00,398.76,23.95,44.81,0.0,70.09,0,0,0.0,0.0
2024-10-18T01:05:00.000+02:00,398.37,23.94,44.8,0.0,70.09,0,0,0.0,0.0
2024-10-18T01:06:00.000+02:00,397.98,23.94,44.79,0.0,70.09,0,0,0.0,0.0
2024-10-18T01:07:00.000+02:00,397.59,23.94,44.78,0.0,70.09,0,0,0.0,0.0
2024-10-18T01:08:00.000+02:00,397.2,23.94,44.77,0.0,70.09,0,0,0.0,0.0
2024-10-18T01:09:00.000+02:00,396.81,23.93,44.76,0.0,70.09,0,0,0.0,0.0
2024-10-18T01:10:00.000+02:00,396.43,23.93,44.75,0.0,70.09,0,0,0.0,0.0
2024-10-18T01:11:00.000+02:00,396.05,23.93,44.74,0.0,70.09,0,0,0.0,0.0
2024-10-18T01:12:00.000+02:00,395.67,23.93,44.73,0.0,70.09,0,0,0.0,0.0
2024-10-18T01:13:00.000+02:00,395.29,23.92,44.72,0.0,70.09,0,0,0.0,0.0
2024-10-18T01:14:00.000+02:00,394.91,23.92,44.71,0.0,70.09,0,0,0.0,0.0
2024-10-18T01:15:00.000+02:00,394.54,23.92,44.71,0.0,70.09,0,0,0.0,0.0
2024-10-18T01:16:00.000+02:00,394.17,23.92,44.7,0.0,70.09,0,0,0.0,0.0
2024-10-18T01:17:00.000+02:00,393.8,23.91,44.69,0.0,70.09,0,0,0.0,0.0
2024-10-18T01:18:00.000+02:00,393.43,23.91,44.68,0.0,70.09,0,0,0.0,0.0
2024-10-18T01:19:00.000+02:00,393.07,23.91,44.67,0.0,70.09,0,0,0.0,0.0
2024-10-18T01:20:00.000+02:00,392.7,23.9,44.66,0.0,70.09,0,0,0.0,0.0
2024-10-18T01:21:00.000+02:00,392.34,23.9,44.65,0.0,70.09,0,0,0.0,0.0
2024-10-18T01:22:00.000+02:00,391.98,23.9,44.64,0.0,70.09,0,0,0.0,0.0
2024-10-18T01:23:00.000+02:00,391.63,23.9,44.63,0.0,70.09,0,0,0.0,0.0
2024-10-18T01:24:00.000+02:00,391.27,23.89,44.63,0.0,70.09,0,0,0.0,0.0
2024-10-18T01:25:00.000+02:00,390.92,23.89,44.62,0.0,70.09,0,0,0.0,0.0
2024-10-18T01:26:00.000+02:00,390.57,23.89,44.61,0.0,70.09,0,0,0.0,0.0
2024-10-18T01:27:00.000+02:00,390.22,23.89,44.6,0.0,70.09,0,0,0.0,0.0
2024-10-18T01:28:00.000+02:00,389.87,23.88,44.59,0.0,70.09,0,0,0.0,0.0
2024-10-18T01:29:00.000+02:00,389.52,23.88,44.58,0.0,70.09,0,0,0.0,0.0
2024-10-18T01:30:00.000+02:00,389.18,23.88,44.57,0.0,70.09,0,0,0.0,0.0
2024-10-18T01:31:00.000+02:00,388.84,23.87,44.56,0.0,70.09,0,0,0.0,0.0
2024-10-18T01:32:00.000+02:00,388.5,23.87,44.56,0.0,70.09,0,0,0.0,0.0
2024-10-18T01:33:00.000+02:00,388.16,23.87,44.55,0.0,70.09,0,0,0.0,0.0
2024-10-18T01:34:00.000+02:00,387.82,23.87,44.54,0.0,70.09,0,0,0.0,0.0
2024-10-18T01:35:00.000+02:00,387.49,23.86,44.53,0.0,70.09,0,0,0.0,0.0
2024-10-18T01:36:00.000+02:00,387.16,23.86,44.52,0.0,70.09,0,0,0.0,0.0
2024-10-18T01:37:00.000+02:00,386.83,23.86,44.51,0.0,70.09,0,0,0.0,0.0
2024-10-18T01:38:00.000+02:00,386.5,23.86,44.5,0.0,70.09,0,0,0.0,0.0
2024-10-18T01:39:00.000+02:00,386.17,23.85,44.5,0.0,70.09,0,0,0.0,0.0
2024-10-18T01:40:00.000+02:00,385.85,23.85,44.49,0.0,70.09,0,0,0.0,0.0
2024-10-18T01:41:00.000+02:00,385.52,23.85,44.48,0.0,70.09,0,0,0.0,0.0
2024-10-18T01:42:00.000+02:00,385.2,23.84,44.47,0.0,70.09,0,0,0.0,0.0
2024-10-18T01:43:00.000+02:00,384.88,23.84,44.46,0.0,70.09,0,0,0.0,0.0
2024-10-18T01:44:00.000+02:00,384.56,23.84,44.45,0.0,70.09,0,0,0.0,0.0
2024-10-18T01:45:00.000+02:00,384.25,23.84,44.45,0.0,70.09,0,0,0.0,0.0
2024-10-18T01:46:00.000+02:00,383.93,23.83,44.44,0.0,70.09,0,0,0.0,0.0
2024-10-18T01:47:00.000+02:00,383.62,23.83,44.43,0.0,70.09,0,0,0.0,0.0
2024-10-18T01:48:00.000+02:00,383.31,23.83,44.42,0.0,70.09,0,0,0.0,0.0
2024-10-18T01:49:00.000+02:00,383.0,23.82,44.41,0.0,70.09,0,0,0.0,0.0
2024-10-18T01:50:00.000+02:00,382.69,23.82,44.4,0.0,70.09,0,0,0.0,0.0
2024-10-18T01:51:00.000+02:00,382.38,23.82,44.4,0.0,70.09,0,0,0.0,0.0
2024-10-18T01:52:00.000+02:00,382.08,23.82,44.39,0.0,70.09,0,0,0.0,0.0
2024-10-18T01:53:00.000+02:00,381.78,23.81,44.38,0.0,70.09,0,0,0.0,0.0
2024-10-18T01:54:00.000+02:00,381.47,23.81,44.37,0.0,70.09,0,0,0.0,0.0
2024-10-18T01:55:00.000+02:00,381.17,23.81,44.36,0.0,70.09,0,0,0.0,0.0
2024-10-18T01:56:00.000+02:00,380.88,23.8,44.35,0.0,70.09,0,0,0.0,0.0
2024-10-18T01:57:00.000+02:00,380.58,23.8,44.35,0.0,70.09,0,0,0.0,0.0
2024-10-18T01:58:00.000+02:00,380.29,23.8,44.34,0.0,70.09,0,0,0.0,0.0
2024-10-18T01:59:00.000+02:00,379.99,23.8,44.33,0.0,70.09,0,0,0.0,0.0
2024-10-18T02:00:00.000+02:00,379.7,23.79,44.32,0.0,70.09,0,0,0.0,0.0
2024-10-18T02:01:00.000+02:00,379.41,23.79,44.31,0.0,70.09,0,0,0.0,0.0
2024-10-18T02:02:00.000+02:00,379.12,23.79,44.31,0.0,70.09,0,0,0.0,0.0
2024-10-18T02:03:00.000+02:00,378.84,23.79,44.3,0.0,70.09,0,0,0.0,0.0
2024-10-18T02:04:00.000+02:00,378.55,23.78,44.29,0.0,70.09,0,0,0.0,0.0
2024-10-18T02:05:00.000+02:00,378.27,23.78,44.28,0.0,70.09,0,0,0.0,0.0
2024-10-18T02:06:00.000+02:00,377.99,23.78,44.27,0.0,70.09,0,0,0.0,0.0
2024-10-18T02:07:00.000+02:00,377.71,23.78,44.26,0.0,70.09,0,0,0.0,0.0
2024-10-18T02:08:00.000+02:00,377.43,23.77,44.25,0.0,70.09,0,0,0.0,0.0
2024-10-18T02:09:00.000+02:00,377.15,23.77,44.24,0.0,70.09,0,0,0.0,0.0
2024-10-18T02:10:00.000+02:00,376.87,23.77,44.23,0.0,70.09,0,0,0.0,0.0
2024-10-18T02:11:00.000+02:00,376.6,23.77,44.22,0.0,70.09,0,0,0.0,0.0
2024-10-18T02:12:00.000+02:00,376.33,23.76,44.21,0.0,70.09,0,0,0.0,0.0
2024-10-18T02:13:00.000+02:00,376.06,23.76,44.21,0.0,70.09,0,0,0.0,0.0
2024-10-18T02:14:00.000+02:00,375.79,23.76,44.2,0.0,70.09,0,0,0.0,0.0
2024-10-18T02:15:00.000+02:00,375.52,23.76,44.19,0.0,70.09,0,0,0.0,0.0
2024-10-18T02:16:00.000+02:00,375.25,23.76,44.18,0.0,70.09,0,0,0.0,0.0
2024-10-18T02:17:00.000+02:00,374.99,23.75,44.17,0.0,70.09,0,0,0.0,0.0
2024-10-18T02:18:00.000+02:00,374.72,23.75,44.16,0.0,70.09,0,0,0.0,0.0
2024-10-18T02:19:00.000+02:00,374.46,23.75,44.15,0.0,70.09,0,0,0.0,0.0
2024-10-18T02:20:00.000+02:00,374.2,23.75,44.14,0.0,70.09,0,0,0.0,0.0
2024-10-18T02:21:00.000+02:00,373.94,23.75,44.13,0.0,70.09,0,0,0.0,0.0
2024-10-18T02:22:00.000+02:00,373.68,23.74,44.12,0.0,70.09,0,0,0.0,0.0
2024-10-18T02:23:00.000+02:00,373.43,23.74,44.11,0.0,70.09,0,0,0.0,0.0
2024-10-18T02:24:00.000+02:00,373.17,23.74,44.1,0.0,70.09,0,0,0.0,0.0
2024-10-18T02:25:00.000+02:00,372.92,23.74,44.1,0.0,70.09,0,0,0.0,0.0
2024-10-18T02:26:00.000+02:00,372.66,23.74,44.09,0.0,70.09,0,0,0.0,0.0
2024-10-18T02:27:00.000+02:00,372.41,23.73,44.08,0.0,70.09,0,0,0.0,0.0
2024-10-18T02:28:00.000+02:00,372.16,23.73,44.07,0.0,70.09,0,0,0.0,0.0
2024-10-18T02:29:00.000+02:00,371.91,23.73,44.06,0.0,70.09,0,0,0.0,0.0
2024-10-18T02:30:00.000+02:00,371.67,23.73,44.05,0.0,70.09,0,0,0.0,0.0
2024-10-18T02:31:00.000+02:00,371.42,23.73,44.04,0.0,70.09,0,0,0.0,0.0
2024-10-18T02:32:00.000+02:00,371.18,23.73,44.03,0.0,70.09,0,0,0.0,0.0
2024-10-18T02:33:00.000+02:00,370.94,23.72,44.02,0.0,70.09,0,0,0.0,0.0
2024-10-18T02:34:00.000+02:00,370.69,23.72,44.02,0.0,70.09,0,0,0.0,0.0
2024-10-18T02:35:00.000+02:00,370.45,23.72,44.01,0.0,70.09,0,0,0.0,0.0
2024-10-18T02:36:00.000+02:00,370.21,23.72,44.0,0.0,70.09,0,0,0.0,0.0
2024-10-18T02:37:00.000+02:00,369.98,23.72,43.99,0.0,70.09,0,0,0.0,0.0
2024-10-18T02:38:00.000+02:00,369.74,23.72,43.98,0.0,70.09,0,0,0.0,0.0
2024-10-18T02:39:00.000+02:00,369.51,23.71,43.97,0.0,70.09,0,0,0.0,0.0
2024-10-18T02:40:00.000+02:00,369.27,23.71,43.96,0.0,70.09,0,0,0.0,0.0
2024-10-18T02:41:00.000+02:00,369.04,23.71,43.96,0.0,70.09,0,0,0.0,0.0
2024-10-18T02:42:00.000+02:00,368.81,23.71,43.95,0.0,70.09,0,0,0.0,0.0
2024-10-18T02:43:00.000+02:00,368.58,23.71,43.94,0.0,70.09,0,0,0.0,0.0
2024-10-18T02:44:00.000+02:00,368.35,23.71,43.93,0.0,70.09,0,0,0.0,0.0
2024-10-18T02:45:00.000+02:00,368.12,23.7,43.92,0.0,70.09,0,0,0.0,0.0
2024-10-18T02:46:00.000+02:00,367.9,23.7,43.91,0.0,70.09,0,0,0.0,0.0
2024-10-18T02:47:00.000+02:00,367.67,23.7,43.91,0.0,70.09,0,0,0.0,0.0
2024-10-18T02:48:00.000+02:00,367.45,23.7,43.9,0.0,70.09,0,0,0.0,0.0
2024-10-18T02:49:00.000+02:00,367.23,23.7,43.89,0.0,70.09,0,0,0.0,0.0
2024-10-18T02:50:00.000+02:00,367.01,23.7,43.88,0.0,70.09,0,0,0.0,0.0
2024-10-18T02:51:00.000+02:00,366.79,23.69,43.87,0.0,70.09,0,0,0.0,0.0
2024-10-18T02:52:00.000+02:00,366.57,23.69,43.87,0.0,70.09,0,0,0.0,0.0
2024-10-18T02:53:00.000+02:00,366.35,23.69,43.86,0.0,70.09,0,0,0.0,0.0
2024-10-18T02:54:00.000+02:00,366.13,23.69,43.85,0.0,70.09,0,0,0.0,0.0
2024-10-18T02:55:00.000+02:00,365.92,23.69,43.84,0.0,70.09,0,0,0.0,0.0
2024-10-18T02:56:00.000+02:00,365.7,23.69,43.84,0.0,70.09,0,0,0.0,0.0
2024-10-18T02:57:00.000+02:00,365.49,23.68,43.83,0.0,70.09,0,0,0.0,0.0
2024-10-18T02:58:00.000+02:00,365.28,23.68,43.82,0.0,70.09,0,0,0.0,0.0
2024-10-18T02:59:00.000+02:00,365.07,23.68,43.81,0.0,70.09,0,0,0.0,0.0
2024-10-18T03:00:00.000+02:00,364.86,23.68,43.81,0.0,70.09,0,0,0.0,0.0
2024-10-18T03:01:00.000+02:00,364.65,23.68,43.8,0.0,70.09,0,0,0.0,0.0
2024-10-18T03:02:00.000+02:00,364.45,23.68,43.79,0.0,70.09,0,0,0.0,0.0
2024-10-18T03:03:00.000+02:00,364.24,23.68,43.78,0.0,70.09,0,0,0.0,0.0
2024-10-18T03:04:00.000+02:00,364.04,23.67,43.78,0.0,70.09,0,0,0.0,0.0
2024-10-18T03:05:00.000+02:00,363.83,23.67,43.77,0.0,70.09,0,0,0.0,0.0
2024-10-18T03:06:00.000+02:00,363.63,23.67,43.76,0.0,70.09,0,0,0.0,0.0
2024-10-18T03:07:00.000+02:00,363.43,23.67,43.76,0.0,70.09,0,0,0.0,0.0
2024-10-18T03:08:00.000+02:00,363.23,23.67,43.75,0.0,70.09,0,0,0.0,0.0
2024-10-18T03:09:00.000+02:00,363.03,23.67,43.74,0.0,70.09,0,0,0.0,0.0
2024-10-18T03:10:00.000+02:00,362.83,23.66,43.74,0.0,70.09,0,0,0.0,0.0
2024-10-18T03:11:00.000+02:00,362.63,23.66,43.73,0.0,70.09,0,0,0.0,0.0
2024-10-18T03:12:00.000+02:00,362.44,23.66,43.72,0.0,70.09,0,0,0.0,0.0
2024-10-18T03:13:00.000+02:00,362.24,23.66,43.72,0.0,70.09,0,0,0.0,0.0
2024-10-18T03:14:00.000+02:00,362.05,23.66,43.71,0.0,70.09,0,0,0.0,0.0
2024-10-18T03:15:00.000+02:00,361.86,23.66,43.7,0.0,70.09,0,0,0.0,0.0
2024-10-18T03:16:00.000+02:00,361.67,23.65,43.7,0.0,70.09,0,0,0.0,0.0
2024-10-18T03:17:00.000+02:00,361.48,23.65,43.69,0.0,70.09,0,0,0.0,0.0
2024-10-18T03:18:00.000+02:00,361.29,23.65,43.68,0.0,70.09,0,0,0.0,0.0
2024-10-18T03:19:00.000+02:00,361.1,23.65,43.68,0.0,70.09,0,0,0.0,0.0
2024-10-18T03:20:00.000+02:00,360.91,23.65,43.67,0.0,70.09,0,0,0.0,0.0
2024-10-18T03:21:00.000+02:00,360.72,23.65,43.67,0.0,70.09,0,0,0.0,0.0
2024-10-18T03:22:00.000+02:00,360.54,23.64,43.66,0.0,70.09,0,0,0.0,0.0
2024-10-18T03:23:00.000+02:00,360.35,23.64,43.66,0.0,70.09,0,0,0.0,0.0
2024-10-18T03:24:00.000+02:00,360.17,23.64,43.65,0.0,70.09,0,0,0.0,0.0
2024-10-18T03:25:00.000+02:00,359.99,23.64,43.64,0.0,70.09,0,0,0.0,0.0
2024-10-18T03:26:00.000+02:00,359.81,23.64,43.64,0.0,70.09,0,0,0.0,0.0
2024-10-18T03:27:00.000+02:00,359.63,23.64,43.63,0.0,70.09,0,0,0.0,0.0
2024-10-18T03:28:00.000+02:00,359.45,23.63,43.63,0.0,70.09,0,0,0.0,0.0
2024-10-18T03:29:00.000+02:00,359.27,23.63,43.62,0.0,70.09,0,0,0.0,0.0
2024-10-18T03:30:00.000+02:00,359.09,23.63,43.62,0.0,70.09,0,0,0.0,0.0
2024-10-18T03:31:00.000+02:00,358.92,23.63,43.61,0.0,70.09,0,0,0.0,0.0
2024-10-18T03:32:00.000+02:00,358.74,23.63,43.61,0.0,70.09,0,0,0.0,0.0
2024-10-18T03:33:00.000+02:00,358.57,23.62,43.6,0.0,70.09,0,0,0.0,0.0
2024-10-18T03:34:00.000+02:00,358.39,23.62,43.6,0.0,70.09,0,0,0.0,0.0
2024-10-18T03:35:00.000+02:00,358.22,23.62,43.59,0.0,70.09,0,0,0.0,0.0
2024-10-18T03:36:00.000+02:00,358.05,23.62,43.59,0.0,70.09,0,0,0.0,0.0
2024-10-18T03:37:00.000+02:00,357.88,23.62,43.58,0.0,70.09,0,0,0.0,0.0
2024-10-18T03:38:00.000+02:00,357.71,23.62,43.58,0.0,70.09,0,0,0.0,0.0
2024-10-18T03:39:00.000+02:00,357.54,23.61,43.57,0.0,70.09,0,0,0.0,0.0
2024-10-18T03:40:00.000+02:00,357.37,23.61,43.57,0.0,70.09,0,0,0.0,0.0
2024-10-18T03:41:00.000+02:00,357.21,23.61,43.56,0.0,70.09,0,0,0.0,0.0
2024-10-18T03:42:00.000+02:00,357.04,23.61,43.56,0.0,70.09,0,0,0.0,0.0
2024-10-18T03:43:00.000+02:00,356.87,23.61,43.55,0.0,70.09,0,0,0.0,0.0
2024-10-18T03:44:00.000+02:00,356.71,23.61,43.55,0.0,70.09,0,0,0.0,0.0
2024-10-18T03:45:00.000+02:00,356.55,23.6,43.54,0.0,70.09,0,0,0.0,0.0
2024-10-18T03:46:00.000+02:00,356.39,23.6,43.54,0.0,70.09,0,0,0.0,0.0
2024-10-18T03:47:00.000+02:00,356.22,23.6,43.53,0.0,70.09,0,0,0.0,0.0
2024-10-18T03:48:00.000+02:00,356.06,23.6,43.53,0.0,70.09,0,0,0.0,0.0
2024-10-18T03:49:00.000+02:00,355.9,23.6,43.53,0.0,70.09,0,0,0.0,0.0
2024-10-18T03:50:00.000+02:00,355.74,23.6,43.52,0.0,70.09,0,0,0.0,0.0
2024-10-18T03:51:00.000+02:00,355.59,23.59,43.52,0.0,70.09,0,0,0.0,0.0
2024-10-18T03:52:00.000+02:00,355.43,23.59,43.51,0.0,70.09,0,0,0.0,0.0
2024-10-18T03:53:00.000+02:00,355.27,23.59,43.51,0.0,70.09,0,0,0.0,0.0
2024-10-18T03:54:00.000+02:00,355.12,23.59,43.5,0.0,70.09,0,0,0.0,0.0
2024-10-18T03:55:00.000+02:00,354.96,23.59,43.5,0.0,70.09,0,0,0.0,0.0
2024-10-18T03:56:00.000+02:00,354.81,23.59,43.5,0.0,70.09,0,0,0.0,0.0
2024-10-18T03:57:00.000+02:00,354.66,23.58,43.49,0.0,70.09,0,0,0.0,0.0
2024-10-18T03:58:00.000+02:00,354.51,23.58,43.49,0.0,70.09,0,0,0.0,0.0
2024-10-18T03:59:00.000+02:00,354.35,23.58,43.48,0.0,70.09,0,0,0.0,0.0
2024-10-18T04:00:00.000+02:00,354.2,23.58,43.48,0.0,70.09,0,0,0.0,0.0
2024-10-18T04:01:00.000+02:00,354.06,23.58,43.48,0.0,70.09,0,0,0.0,0.0
2024-10-18T04:02:00.000+02:00,353.91,23.58,43.47,0.0,70.09,0,0,0.0,0.0
2024-10-18T04:03:00.000+02:00,353.76,23.57,43.47,0.0,70.09,0,0,0.0,0.0
2024-10-18T04:04:00.000+02:00,353.61,23.57,43.46,0.0,70.09,0,0,0.0,0.0
2024-10-18T04:05:00.000+02:00,353.47,23.57,43.46,0.0,70.09,0,0,0.0,0.0
2024-10-18T04:06:00.000+02:00,353.32,23.57,43.46,0.0,70.09,0,0,0.0,0.0
2024-10-18T04:07:00.000+02:00,353.18,23.57,43.45,0.0,70.09,0,0,0.0,0.0
2024-10-18T04:08:00.000+02:00,353.03,23.57,43.45,0.0,70.09,0,0,0.0,0.0
2024-10-18T04:09:00.000+02:00,352.89,23.56,43.45,0.0,70.09,0,0,0.0,0.0
2024-10-18T04:10:00.000+02:00,352.75,23.56,43.44,0.0,70.09,0,0,0.0,0.0
2024-10-18T04:11:00.000+02:00,352.61,23.56,43.44,0.0,70.09,0,0,0.0,0.0
2024-10-18T04:12:00.000+02:00,352.46,23.56,43.43,0.0,70.09,0,0,0.0,0.0
2024-10-18T04:13:00.000+02:00,352.32,23.56,43.43,0.0,70.09,0,0,0.0,0.0
2024-10-18T04:14:00.000+02:00,352.19,23.56,43.43,0.0,70.09,0,0,0.0,0.0
2024-10-18T04:15:00.000+02:00,352.05,23.55,43.42,0.0,70.09,0,0,0.0,0.0
2024-10-18T04:16:00.000+02:00,351.91,23.55,43.42,0.0,70.09,0,0,0.0,0.0
2024-10-18T04:17:00.000+02:00,351.77,23.55,43.42,0.0,70.09,0,0,0.0,0.0
2024-10-18T04:18:00.000+02:00,351.64,23.55,43.41,0.0,70.09,0,0,0.0,0.0
2024-10-18T04:19:00.000+02:00,351.5,23.55,43.41,0.0,70.09,0,0,0.0,0.0
2024-10-18T04:20:00.000+02:00,351.37,23.55,43.41,0.0,70.09,0,0,0.0,0.0
2024-10-18T04:21:00.000+02:00,351.23,23.54,43.4,0.0,70.09,0,0,0.0,0.0
2024-10-18T04:22:00.000+02:00,351.1,23.54,43.4,0.0,70.09,0,0,0.0,0.0
2024-10-18T04:23:00.000+02:00,350.97,23.54,43.4,0.0,70.09,0,0,0.0,0.0
2024-10-18T04:24:00.000+02:00,350.84,23.54,43.39,0.0,70.09,0,0,0.0,0.0
2024-10-18T04:25:00.000+02:00,350.71,23.54,43.39,0.0,70.09,0,0,0.0,0.0
2024-10-18T04:26:00.000+02:00,350.58,23.54,43.39,0.0,70.09,0,0,0.0,0.0
2024-10-18T04:27:00.000+02:00,350.45,23.54,43.38,0.0,70.09,0,0,0.0,0.0
2024-10-18T04:28:00.000+02:00,350.32,23.53,43.38,0.0,70.09,0,0,0.0,0.0
2024-10-18T04:29:00.000+02:00,350.19,23.53,43.38,0.0,70.09,0,0,0.0,0.0
2024-10-18T04:30:00.000+02:00,350.06,23.53,43.37,0.0,70.09,0,0,0.0,0.0
2024-10-18T04:31:00.000+02:00,349.94,23.53,43.37,0.0,70.09,0,0,0.0,0.0
2024-10-18T04:32:00.000+02:00,349.81,23.53,43.37,0.0,70.09,0,0,0.0,0.0
2024-10-18T04:33:00.000+02:00,349.68,23.53,43.36,0.0,70.09,0,0,0.0,0.0
2024-10-18T04:34:00.000+02:00,349.56,23.53,43.36,0.0,70.09,0,0,0.0,0.0
2024-10-18T04:35:00.000+02:00,349.44,23.52,43.36,0.0,70.09,0,0,0.0,0.0
2024-10-18T04:36:00.000+02:00,349.31,23.52,43.35,0.0,70.09,0,0,0.0,0.0
2024-10-18T04:37:00.000+02:00,349.19,23.52,43.35,0.0,70.09,0,0,0.0,0.0
2024-10-18T04:38:00.000+02:00,349.07,23.52,43.35,0.0,70.09,0,0,0.0,0.0
2024-10-18T04:39:00.000+02:00,348.95,23.52,43.35,0.0,70.09,0,0,0.0,0.0
2024-10-18T04:40:00.000+02:00,348.83,23.52,43.34,0.0,70.09,0,0,0.0,0.0
2024-10-18T04:41:00.000+02:00,348.71,23.51,43.34,0.0,70.09,0,0,0.0,0.0
2024-10-18T04:42:00.000+02:00,348.59,23.51,43.34,0.0,70.09,0,0,0.0,0.0
2024-10-18T04:43:00.000+02:00,348.47,23.51,43.33,0.0,70.09,0,0,0.0,0.0
2024-10-18T04:44:00.000+02:00,348.35,23.51,43.33,0.0,70.09,0,0,0.0,0.0
2024-10-18T04:45:00.000+02:00,348.23,23.51,43.33,0.0,70.09,0,0,0.0,0.0
2024-10-18T04:46:00.000+02:00,348.12,23.51,43.33,0.0,70.09,0,0,0.0,0.0
2024-10-18T04:47:00.000+02:00,348.0,23.51,43.32,0.0,70.09,0,0,0.0,0.0
2024-10-18T04:48:00.000+02:00,347.89,23.5,43.32,0.0,70.09,0,0,0.0,0.0
2024-10-18T04:49:00.000+02:00,347.77,23.5,43.32,0.0,70.09,0,0,0.0,0.0
2024-10-18T04:50:00.000+02:00,347.66,23.5,43.32,0.0,70.09,0,0,0.0,0.0
2024-10-18T04:51:00.000+02:00,347.54,23.5,43.31,0.0,70.09,0,0,0.0,0.0
2024-10-18T04:52:00.000+02:00,347.43,23.5,43.31,0.0,70.09,0,0,0.0,0.0
2024-10-18T04:53:00.000+02:00,347.32,23.5,43.31,0.0,70.09,0,0,0.0,0.0
2024-10-18T04:54:00.000+02:00,347.21,23.5,43.31,0.0,70.09,0,0,0.0,0.0
2024-10-18T04:55:00.000+02:00,347.1,23.49,43.3,0.0,70.09,0,0,0.0,0.0
2024-10-18T04:56:00.000+02:00,346.99,23.49,43.3,0.0,70.09,0,0,0.0,0.0
2024-10-18T04:57:00.000+02:00,346.88,23.49,43.3,0.0,70.09,0,0,0.0,0.0
2024-10-18T04:58:00.000+02:00,346.77,23.49,43.3,0.0,70.09,0,0,0.0,0.0
2024-10-18T04:59:00.000+02:00,346.66,23.49,43.29,0.0,70.09,0,0,0.0,0.0
2024-10-18T05:00:00.000+02:00,346.55,23.49,43.29,0.0,70.09,0,0,0.0,0.0
2024-10-18T05:01:00.000+02:00,346.44,23.49,43.29,0.0,70.09,0,0,0.0,0.0
2024-10-18T05:02:00.000+02:00,346.34,23.49,43.29,0.0,70.09,0,0,0.0,0.0
2024-10-18T05:03:00.000+02:00,346.23,23.48,43.28,0.0,70.09,0,0,0.0,0.0
2024-10-18T05:04:00.000+02:00,346.12,23.48,43.28,0.0,70.09,0,0,0.0,0.0
2024-10-18T05:05:00.000+02:00,346.02,23.48,43.28,0.0,70.09,0,0,0.0,0.0
2024-10-18T05:06:00.000+02:00,345.92,23.48,43.28,0.0,70.09,0,0,0.0,0.0
2024-10-18T05:07:00.000+02:00,345.81,23.48,43.28,0.0,70.09,0,0,0.0,0.0
2024-10-18T05:08:00.000+02:00,345.71,23.48,43.27,0.0,70.09,0,0,0.0,0.0
2024-10-18T05:09:00.000+02:00,345.61,23.47,43.27,0.0,70.09,0,0,0.0,0.0
2024-10-18T05:10:00.000+02:00,345.5,23.47,43.27,0.0,70.09,0,0,0.0,0.0
2024-10-18T05:11:00.000+02:00,345.4,23.47,43.27,0.0,70.09,0,0,0.0,0.0
2024-10-18T05:12:00.000+02:00,345.3,23.47,43.27,0.0,70.09,0,0,0.0,0.0
2024-10-18T05:13:00.000+02:00,345.2,23.47,43.27,0.0,70.09,0,0,0.0,0.0
2024-10-18T05:14:00.000+02:00,345.1,23.47,43.27,0.0,70.09,0,0,0.0,0.0
2024-10-18T05:15:00.000+02:00,345.0,23.47,43.26,0.0,70.09,0,0,0.0,0.0
2024-10-18T05:16:00.000+02:00,344.9,23.46,43.26,0.0,70.09,0,0,0.0,0.0
2024-10-18T05:17:00.000+02:00,344.8,23.46,43.26,0.0,70.09,0,0,0.0,0.0
2024-10-18T05:18:00.000+02:00,344.71,23.46,43.26,0.0,70.09,0,0,0.0,0.0
2024-10-18T05:19:00.000+02:00,344.61,23.46,43.26,0.0,70.09,0,0,0.0,0.0
2024-10-18T05:20:00.000+02:00,344.51,23.46,43.26,0.0,70.09,0,0,0.0,0.0
2024-10-18T05:21:00.000+02:00,344.42,23.46,43.26,0.0,70.09,0,0,0.0,0.0
2024-10-18T05:22:00.000+02:00,344.32,23.45,43.26,0.0,70.09,0,0,0.0,0.0
2024-10-18T05:23:00.000+02:00,344.23,23.45,43.26,0.0,70.09,0,0,0.0,0.0
2024-10-18T05:24:00.000+02:00,344.13,23.45,43.25,0.0,70.09,0,0,0.0,0.0
2024-10-18T05:25:00.000+02:00,344.04,23.45,43.25,0.0,70.09,0,0,0.0,0.0
2024-10-18T05:26:00.000+02:00,343.94,23.45,43.25,0.0,70.09,0,0,0.0,0.0
2024-10-18T05:27:00.000+02:00,343.85,23.45,43.25,0.0,70.09,0,0,0.0,0.0
2024-10-18T05:28:00.000+02:00,343.76,23.44,43.25,0.0,70.09,0,0,0.0,0.0
2024-10-18T05:29:00.000+02:00,343.67,23.44,43.25,0.0,70.09,0,0,0.0,0.0
2024-10-18T05:30:00.000+02:00,343.57,23.44,43.25,0.0,70.09,0,0,0.0,0.0
2024-10-18T05:31:00.000+02:00,343.48,23.44,43.25,0.0,70.09,0,0,0.0,0.0
2024-10-18T05:32:00.000+02:00,343.39,23.44,43.25,0.0,70.09,0,0,0.0,0.0
2024-10-18T05:33:00.000+02:00,343.3,23.44,43.25,0.0,70.09,0,0,0.0,0.0
2024-10-18T05:34:00.000+02:00,343.21,23.43,43.25,0.0,70.09,0,0,0.0,0.0
2024-10-18T05:35:00.000+02:00,343.12,23.43,43.25,0.0,70.09,0,0,0.0,0.0
2024-10-18T05:36:00.000+02:00,343.04,23.43,43.25,0.0,70.09,0,0,0.0,0.0
2024-10-18T05:37:00.000+02:00,342.95,23.43,43.25,0.0,70.09,0,0,0.0,0.0
2024-10-18T05:38:00.000+02:00,342.86,23.43,43.25,0.0,70.09,0,0,0.0,0.0
2024-10-18T05:39:00.000+02:00,342.77,23.43,43.25,0.0,70.09,0,0,0.0,0.0
2024-10-18T05:40:00.000+02:00,342.69,23.42,43.25,0.0,70.09,0,0,0.0,0.0
2024-10-18T05:41:00.000+02:00,342.6,23.42,43.24,0.0,70.09,0,0,0.0,0.0
2024-10-18T05:42:00.000+02:00,342.52,23.42,43.24,0.0,70.09,0,0,0.0,0.0
2024-10-18T05:43:00.000+02:00,342.43,23.42,43.24,0.0,70.09,0,0,0.0,0.0
2024-10-18T05:44:00.000+02:00,342.35,23.42,43.24,0.0,70.09,0,0,0.0,0.0
2024-10-18T05:45:00.000+02:00,342.26,23.41,43.24,0.0,70.09,0,0,0.0,0.0
2024-10-18T05:46:00.000+02:00,342.18,23.41,43.24,0.0,70.09,0,0,0.0,0.0
2024-10-18T05:47:00.000+02:00,342.09,23.41,43.24,0.0,70.09,0,0,0.0,0.0
2024-10-18T05:48:00.000+02:00,342.01,23.41,43.24,0.0,70.09,0,0,0.0,0.0
2024-10-18T05:49:00.000+02:00,341.93,23.41,43.24,0.0,70.09,0,0,0.0,0.0
2024-10-18T05:50:00.000+02:00,341.85,23.41,43.24,0.0,70.09,0,0,0.0,0.0
2024-10-18T05:51:00.000+02:00,341.77,23.4,43.24,0.0,70.09,0,0,0.0,0.0
2024-10-18T05:52:00.000+02:00,341.68,23.4,43.24,0.0,70.09,0,0,0.0,0.0
2024-10-18T05:53:00.000+02:00,341.6,23.4,43.24,0.0,70.09,0,0,0.0,0.0
2024-10-18T05:54:00.000+02:00,341.52,23.4,43.24,0.0,70.09,0,0,0.0,0.0
2024-10-18T05:55:00.000+02:00,341.44,23.4,43.24,0.0,70.09,0,0,0.0,0.0
2024-10-18T05:56:00.000+02:00,341.36,23.4,43.24,0.0,70.09,0,0,0.0,0.0
2024-10-18T05:57:00.000+02:00,341.29,23.39,43.24,0.0,70.09,0,0,0.0,0.0
2024-10-18T05:58:00.000+02:00,341.21,23.39,43.24,0.0,70.09,0,0,0.0,0.0
2024-10-18T05:59:00.000+02:00,341.13,23.39,43.24,0.0,70.09,0,0,0.0,0.0
2024-10-18T06:00:00.000+02:00,341.05,23.39,43.24,0.0,70.09,0,0,0.0,0.0
2024-10-18T06:01:00.000+02:00,340.97,23.39,43.24,0.0,70.09,0,0,0.0,0.0
2024-10-18T06:02:00.000+02:00,340.9,23.39,43.24,0.0,70.09,0,0,0.0,0.0
2024-10-18T06:03:00.000+02:00,340.82,23.38,43.25,0.0,70.09,0,0,0.0,0.0
2024-10-18T06:04:00.000+02:00,340.75,23.38,43.25,0.0,70.09,0,0,0.0,0.0
2024-10-18T06:05:00.000+02:00,340.67,23.38,43.25,0.0,70.09,0,0,0.0,0.0
2024-10-18T06:06:00.000+02:00,340.6,23.38,43.25,0.0,70.09,0,0,0.0,0.0
2024-10-18T06:07:00.000+02:00,340.52,23.38,43.25,0.0,70.09,0,0,0.0,0.0
2024-10-18T06:08:00.000+02:00,340.45,23.38,43.25,0.0,70.09,0,0,0.0,0.0
2024-10-18T06:09:00.000+02:00,340.37,23.37,43.25,0.0,70.09,0,0,0.0,0.0
2024-10-18T06:10:00.000+02:00,340.3,23.37,43.25,0.0,70.09,0,0,0.0,0.0
2024-10-18T06:11:00.000+02:00,340.23,23.37,43.25,0.0,70.09,0,0,0.0,0.0
2024-10-18T06:12:00.000+02:00,340.15,23.37,43.25,0.0,70.09,0,0,0.0,0.0
2024-10-18T06:13:00.000+02:00,340.08,23.37,43.25,0.0,70.09,0,0,0.0,0.0
2024-10-18T06:14:00.000+02:00,340.01,23.37,43.25,0.0,70.09,0,0,0.0,0.0
2024-10-18T06:15:00.000+02:00,339.94,23.36,43.25,0.0,70.09,0,0,0.0,0.0
2024-10-18T06:16:00.000+02:00,339.87,23.36,43.25,0.0,70.09,0,0,0.0,0.0
2024-10-18T06:17:00.000+02:00,339.8,23.36,43.25,0.0,70.09,0,0,0.0,0.0
2024-10-18T06:18:00.000+02:00,339.73,23.36,43.25,0.0,70.09,0,0,0.0,0.0
2024-10-18T06:19:00.000+02:00,339.66,23.36,43.25,0.0,70.09,0,0,0.0,0.0
2024-10-18T06:20:00.000+02:00,339.59,23.36,43.25,0.0,70.09,0,0,0.0,0.0
2024-10-18T06:21:00.000+02:00,339.52,23.35,43.25,0.0,70.09,0,0,0.0,0.0
2024-10-18T06:22:00.000+02:00,339.45,23.35,43.25,0.0,70.09,0,0,0.0,0.0
2024-10-18T06:23:00.000+02:00,339.38,23.35,43.25,0.0,70.09,0,0,0.0,0.0
2024-10-18T06:24:00.000+02:00,339.31,23.35,43.25,0.0,70.09,0,0,0.0,0.0
2024-10-18T06:25:00.000+02:00,339.25,23.35,43.25,0.0,70.09,0,0,0.0,0.0
2024-10-18T06:26:00.000+02:00,339.18,23.35,43.25,0.0,70.09,0,0,0.0,0.0
2024-10-18T06:27:00.000+02:00,339.11,23.34,43.25,0.0,70.09,0,0,0.0,0.0
2024-10-18T06:28:00.000+02:00,339.05,23.34,43.25,0.0,70.09,0,0,0.0,0.0
2024-10-18T06:29:00.000+02:00,338.98,23.34,43.25,0.0,70.09,0,0,0.0,0.0
2024-10-18T06:30:00.000+02:00,338.91,23.34,43.25,0.0,70.09,0,0,0.0,0.0
2024-10-18T06:31:00.000+02:00,338.85,23.34,43.25,0.0,70.09,0,0,0.0,0.0
2024-10-18T06:32:00.000+02:00,338.78,23.34,43.26,0.0,70.09,0,0,0.0,0.0
2024-10-18T06:33:00.000+02:00,338.72,23.33,43.26,0.0,70.09,0,0,0.0,0.0
2024-10-18T06:34:00.000+02:00,338.65,23.33,43.26,0.0,70.09,0,0,0.0,0.0
2024-10-18T06:35:00.000+02:00,338.59,23.33,43.26,0.0,70.09,0,0,0.0,0.0
2024-10-18T06:36:00.000+02:00,338.53,23.33,43.26,0.0,70.09,0,0,0.0,0.0
2024-10-18T06:37:00.000+02:00,338.46,23.33,43.26,0.0,70.09,0,0,0.0,0.0
2024-10-18T06:38:00.000+02:00,338.4,23.33,43.26,0.0,70.09,0,0,0.0,0.0
2024-10-18T06:39:00.000+02:00,338.34,23.33,43.26,0.0,70.09,0,0,0.0,0.0
2024-10-18T06:40:00.000+02:00,338.28,23.32,43.26,0.0,70.09,0,0,0.0,0.0
2024-10-18T06:41:00.000+02:00,338.21,23.32,43.26,0.0,70.09,0,0,0.0,0.0
2024-10-18T06:42:00.000+02:00,338.15,23.36,43.17,0.0,70.09,0,0,0.0,0.0
2024-10-18T06:43:00.000+02:00,338.09,23.41,43.02,0.0,70.09,0,0,0.0,0.0
2024-10-18T06:44:00.000+02:00,338.03,23.48,42.85,0.0,70.09,0,0,0.0,0.0
2024-10-18T06:45:00.000+02:00,337.97,23.54,42.68,0.0,70.09,0,0,0.0,0.0
2024-10-18T06:46:00.000+02:00,337.91,23.6,42.52,0.0,70.09,0,0,0.0,0.0
2024-10-18T06:47:00.000+02:00,337.85,23.66,42.37,0.0,70.09,0,0,0.0,0.0
2024-10-18T06:48:00.000+02:00,337.79,23.72,42.22,0.0,70.09,0,0,0.0,0.0
2024-10-18T06:49:00.000+02:00,339.56,23.79,42.06,0.0,70.09,1,1,1.0,1.0
2024-10-18T06:50:00.000+02:00,342.47,23.87,41.9,0.0,70.09,1,1,1.0,1.0
2024-10-18T06:51:00.000+02:00,345.78,23.96,41.75,0.0,70.09,1,1,1.0,1.0
2024-10-18T06:52:00.000+02:00,349.12,24.04,41.6,0.0,70.09,1,1,1.0,1.0
2024-10-18T06:53:00.000+02:00,352.39,24.11,41.47,0.0,70.09,1,1,1.0,1.0
2024-10-18T06:54:00.000+02:00,355.62,24.18,41.34,0.0,70.09,1,1,1.0,1.0
2024-10-18T06:55:00.000+02:00,358.8,24.25,41.22,0.0,70.09,1,1,1.0,1.0
2024-10-18T06:56:00.000+02:00,361.97,24.32,41.12,0.0,70.09,1,1,1.0,1.0
2024-10-18T06:57:00.000+02:00,365.12,24.38,41.02,0.0,70.09,1,1,1.0,1.0
2024-10-18T06:58:00.000+02:00,368.26,24.44,40.92,0.0,70.09,1,1,1.0,1.0
2024-10-18T06:59:00.000+02:00,373.2,24.52,40.82,0.0,70.09,1,1,2.0,2.0
2024-10-18T07:00:00.000+02:00,379.27,24.6,40.72,0.0,70.09,1,1,2.0,2.0
2024-10-18T07:01:00.000+02:00,385.72,24.68,40.63,0.0,70.09,1,1,2.0,2.0
2024-10-18T07:02:00.000+02:00,392.19,24.76,40.55,0.0,70.09,1,1,2.0,2.0
2024-10-18T07:03:00.000+02:00,398.57,24.84,40.48,0.0,70.09,1,1,2.0,2.0
2024-10-18T07:04:00.000+02:00,404.88,24.91,40.42,0.0,70.09,1,1,2.0,2.0
2024-10-18T07:05:00.000+02:00,411.14,24.98,40.36,0.0,70.09,1,1,2.0,2.0
2024-10-18T07:06:00.000+02:00,417.36,25.04,40.32,0.0,70.09,1,1,2.0,2.0
2024-10-18T07:07:00.000+02:00,423.55,25.09,40.32,0.0,70.09,1,1,2.0,2.0
2024-10-18T07:08:00.000+02:00,429.71,25.13,40.34,0.0,70.09,1,1,2.0,2.0
2024-10-18T07:09:00.000+02:00,435.83,25.16,40.37,0.0,70.09,1,1,2.0,2.0
2024-10-18T07:10:00.000+02:00,441.92,25.19,40.41,0.0,70.09,1,1,2.0,2.0
2024-10-18T07:11:00.000+02:00,447.97,25.22,40.45,0.0,70.09,1,1,2.0,2.0
2024-10-18T07:12:00.000+02:00,454.0,25.25,40.49,0.0,70.09,1,1,2.0,2.0
2024-10-18T07:13:00.000+02:00,459.98,25.28,40.52,0.0,70.09,1,1,2.0,2.0
2024-10-18T07:14:00.000+02:00,465.94,25.3,40.56,0.0,70.09,1,1,2.0,2.0
2024-10-18T07:15:00.000+02:00,471.86,25.33,40.61,0.0,70.09,1,1,2.0,2.0
2024-10-18T07:16:00.000+02:00,477.75,25.36,40.65,0.0,70.09,1,1,2.0,2.0
2024-10-18T07:17:00.000+02:00,483.61,25.38,40.7,0.0,70.09,1,1,2.0,2.0
2024-10-18T07:18:00.000+02:00,489.43,25.41,40.74,0.0,70.09,1,1,2.0,2.0
2024-10-18T07:19:00.000+02:00,495.22,25.43,40.79,0.0,70.09,1,1,2.0,2.0
2024-10-18T07:20:00.000+02:00,500.98,25.45,40.84,0.0,70.09,1,1,2.0,2.0
2024-10-18T07:21:00.000+02:00,506.71,25.47,40.9,0.0,70.09,1,1,2.0,2.0
2024-10-18T07:22:00.000+02:00,512.4,25.5,40.95,0.0,70.09,1,1,2.0,2.0
2024-10-18T07:23:00.000+02:00,518.07,25.52,41.0,0.0,70.09,1,1,2.0,2.0
2024-10-18T07:24:00.000+02:00,523.7,25.54,41.05,0.0,70.09,1,1,2.0,2.0
2024-10-18T07:25:00.000+02:00,529.3,25.56,41.11,0.0,70.09,1,1,2.0,2.0
2024-10-18T07:26:00.000+02:00,534.87,25.58,41.16,0.0,70.09,1,1,2.0,2.0
2024-10-18T07:27:00.000+02:00,540.41,25.6,41.22,0.0,70.09,1,1,2.0,2.0
2024-10-18T07:28:00.000+02:00,545.92,25.62,41.27,0.0,70.09,1,1,2.0,2.0
2024-10-18T07:29:00.000+02:00,551.4,25.63,41.33,0.0,70.09,1,1,2.0,2.0
2024-10-18T07:30:00.000+02:00,556.84,25.65,41.38,0.0,70.09,1,1,2.0,2.0
2024-10-18T07:31:00.000+02:00,562.26,25.67,41.44,0.0,70.09,1,1,2.0,2.0
2024-10-18T07:32:00.000+02:00,567.65,25.69,41.5,0.0,70.09,1,1,2.0,2.0
2024-10-18T07:33:00.000+02:00,573.01,25.71,41.55,0.0,70.09,1,1,2.0,2.0
2024-10-18T07:34:00.000+02:00,578.33,25.72,41.61,0.0,70.09,1,1,2.0,2.0
2024-10-18T07:35:00.000+02:00,583.63,25.74,41.67,0.0,70.09,1,1,2.0,2.0
2024-10-18T07:36:00.000+02:00,588.9,25.76,41.72,0.0,70.09,1,1,2.0,2.0
2024-10-18T07:37:00.000+02:00,594.14,25.78,41.78,0.0,70.09,1,1,2.0,2.0
2024-10-18T07:38:00.000+02:00,599.35,25.79,41.84,0.0,70.09,1,1,2.0,2.0
2024-10-18T07:39:00.000+02:00,604.53,25.81,41.89,0.0,70.09,1,1,2.0,2.0
2024-10-18T07:40:00.000+02:00,609.68,25.82,41.95,0.0,70.09,1,1,2.0,2.0
2024-10-18T07:41:00.000+02:00,614.8,25.84,42.01,0.0,70.09,1,1,2.0,2.0
2024-10-18T07:42:00.000+02:00,619.9,25.86,42.06,0.0,70.09,1,1,2.0,2.0
2024-10-18T07:43:00.000+02:00,624.96,25.87,42.12,0.0,70.09,1,1,2.0,2.0
2024-10-18T07:44:00.000+02:00,630.0,25.89,42.18,0.0,70.09,1,1,2.0,2.0
2024-10-18T07:45:00.000+02:00,635.01,25.9,42.23,0.0,70.09,1,1,2.0,2.0
2024-10-18T07:46:00.000+02:00,639.99,25.92,42.29,0.0,70.09,1,1,2.0,2.0
2024-10-18T07:47:00.000+02:00,644.95,25.93,42.35,0.0,70.09,1,1,2.0,2.0
2024-10-18T07:48:00.000+02:00,649.87,25.95,42.4,0.0,70.09,1,1,2.0,2.0
2024-10-18T07:49:00.000+02:00,654.77,25.96,42.46,0.0,70.09,1,1,2.0,2.0
2024-10-18T07:50:00.000+02:00,659.65,25.98,42.51,0.0,70.09,1,1,2.0,2.0
2024-10-18T07:51:00.000+02:00,664.49,25.99,42.57,0.0,70.09,1,1,2.0,2.0
2024-10-18T07:52:00.000+02:00,669.31,26.01,42.63,0.0,70.09,1,1,2.0,2.0
2024-10-18T07:53:00.000+02:00,674.1,26.02,42.68,0.0,70.09,1,1,2.0,2.0
2024-10-18T07:54:00.000+02:00,678.86,26.03,42.73,0.0,70.09,1,1,2.0,2.0
2024-10-18T07:55:00.000+02:00,683.6,26.05,42.79,0.0,70.09,1,1,2.0,2.0
2024-10-18T07:56:00.000+02:00,688.31,26.06,42.84,0.0,70.09,1,1,2.0,2.0
2024-10-18T07:57:00.000+02:00,693.0,26.08,42.9,0.0,70.09,1,1,2.0,2.0
2024-10-18T07:58:00.000+02:00,697.65,26.09,42.95,0.0,70.09,1,1,2.0,2.0
2024-10-18T07:59:00.000+02:00,702.29,26.11,43.0,0.0,70.09,1,1,2.0,2.0
2024-10-18T08:00:00.000+02:00,706.89,26.12,43.06,0.0,70.09,1,1,2.0,2.0
2024-10-18T08:01:00.000+02:00,711.47,26.13,43.11,0.0,70.09,1,1,2.0,2.0
2024-10-18T08:02:00.000+02:00,716.03,26.15,43.16,0.0,70.09,1,1,2.0,2.0
2024-10-18T08:03:00.000+02:00,720.56,26.16,43.21,0.0,70.09,1,1,2.0,2.0
2024-10-18T08:04:00.000+02:00,725.07,26.18,43.26,0.0,70.09,1,1,2.0,2.0
2024-10-18T08:05:00.000+02:00,729.55,26.19,43.31,0.0,70.09,1,1,2.0,2.0
2024-10-18T08:06:00.000+02:00,734.0,26.21,43.36,0.0,70.09,1,1,2.0,2.0
2024-10-18T08:07:00.000+02:00,738.43,26.22,43.41,0.0,70.09,1,1,2.0,2.0
2024-10-18T08:08:00.000+02:00,742.84,26.24,43.45,0.0,70.09,1,1,2.0,2.0
2024-10-18T08:09:00.000+02:00,747.22,26.25,43.5,0.0,70.09,1,1,2.0,2.0
2024-10-18T08:10:00.000+02:00,751.58,26.27,43.55,0.0,70.09,1,1,2.0,2.0
2024-10-18T08:11:00.000+02:00,755.91,26.28,43.59,0.0,70.09,1,1,2.0,2.0
2024-10-18T08:12:00.000+02:00,760.22,26.3,43.64,0.0,70.09,1,1,2.0,2.0
2024-10-18T08:13:00.000+02:00,764.51,26.31,43.68,0.0,70.09,1,1,2.0,2.0
2024-10-18T08:14:00.000+02:00,768.77,26.33,43.73,0.0,70.09,1,1,2.0,2.0
2024-10-18T08:15:00.000+02:00,773.01,26.34,43.77,0.0,70.09,1,1,2.0,2.0
2024-10-18T08:16:00.000+02:00,777.23,26.36,43.81,0.0,70.09,1,1,2.0,2.0
2024-10-18T08:17:00.000+02:00,781.42,26.37,43.85,0.0,70.09,1,1,2.0,2.0
2024-10-18T08:18:00.000+02:00,785.59,26.39,43.9,0.0,70.09,1,1,2.0,2.0
2024-10-18T08:19:00.000+02:00,789.73,26.4,43.94,0.0,70.09,1,1,2.0,2.0
2024-10-18T08:20:00.000+02:00,793.85,26.42,43.98,0.0,70.09,1,1,2.0,2.0
2024-10-18T08:21:00.000+02:00,797.95,26.44,44.02,0.0,70.09,1,1,2.0,2.0
2024-10-18T08:22:00.000+02:00,802.03,26.45,44.06,0.0,70.09,1,1,2.0,2.0
2024-10-18T08:23:00.000+02:00,806.09,26.47,44.1,0.0,70.09,1,1,2.0,2.0
2024-10-18T08:24:00.000+02:00,810.12,26.48,44.14,0.0,70.09,1,1,2.0,2.0
2024-10-18T08:25:00.000+02:00,814.13,26.5,44.18,0.0,70.09,1,1,2.0,2.0
2024-10-18T08:26:00.000+02:00,818.12,26.51,44.22,0.0,70.09,1,1,2.0,2.0
2024-10-18T08:27:00.000+02:00,822.08,26.53,44.26,0.0,70.09,1,1,2.0,2.0
2024-10-18T08:28:00.000+02:00,826.03,26.54,44.3,0.0,70.09,1,1,2.0,2.0
2024-10-18T08:29:00.000+02:00,829.95,26.56,44.33,0.0,70.09,1,1,2.0,2.0
2024-10-18T08:30:00.000+02:00,833.85,26.57,44.37,0.0,70.09,1,1,2.0,2.0
2024-10-18T08:31:00.000+02:00,837.73,26.59,44.41,0.0,70.09,1,1,2.0,2.0
2024-10-18T08:32:00.000+02:00,841.58,26.6,44.45,0.0,70.09,1,1,2.0,2.0
2024-10-18T08:33:00.000+02:00,845.42,26.62,44.48,0.0,70.09,1,1,2.0,2.0
2024-10-18T08:34:00.000+02:00,849.23,26.64,44.52,0.0,70.09,1,1,2.0,2.0
2024-10-18T08:35:00.000+02:00,853.03,26.65,44.55,0.0,70.09,1,1,2.0,2.0
2024-10-18T08:36:00.000+02:00,856.8,26.67,44.59,0.0,70.09,1,1,2.0,2.0
2024-10-18T08:37:00.000+02:00,860.55,26.68,44.62,0.0,70.09,1,1,2.0,2.0
2024-10-18T08:38:00.000+02:00,864.28,26.7,44.65,0.0,70.09,1,1,2.0,2.0
2024-10-18T08:39:00.000+02:00,868.0,26.72,44.68,0.0,70.09,1,1,2.0,2.0
2024-10-18T08:40:00.000+02:00,871.69,26.74,44.71,0.0,70.09,1,1,2.0,2.0
2024-10-18T08:41:00.000+02:00,875.35,26.75,44.73,0.0,70.09,1,1,2.0,2.0
2024-10-18T08:42:00.000+02:00,879.0,26.77,44.76,0.0,70.09,1,1,2.0,2.0
2024-10-18T08:43:00.000+02:00,882.63,26.79,44.79,0.0,70.09,1,1,2.0,2.0
2024-10-18T08:44:00.000+02:00,886.24,26.8,44.82,0.0,70.09,1,1,2.0,2.0
2024-10-18T08:45:00.000+02:00,889.83,26.82,44.85,0.0,70.09,1,1,2.0,2.0
2024-10-18T08:46:00.000+02:00,893.4,26.84,44.87,0.0,70.09,1,1,2.0,2.0
2024-10-18T08:47:00.000+02:00,896.95,26.86,44.9,0.0,70.09,1,1,2.0,2.0
2024-10-18T08:48:00.000+02:00,900.48,26.87,44.93,0.0,70.09,1,1,2.0,2.0
2024-10-18T08:49:00.000+02:00,903.99,26.89,44.95,0.0,70.09,1,1,2.0,2.0
2024-10-18T08:50:00.000+02:00,907.48,26.91,44.98,0.0,70.09,1,1,2.0,2.0
2024-10-18T08:51:00.000+02:00,910.96,26.92,45.01,0.0,70.09,1,1,2.0,2.0
2024-10-18T08:52:00.000+02:00,914.41,26.94,45.03,0.0,70.09,1,1,2.0,2.0
2024-10-18T08:53:00.000+02:00,917.84,26.96,45.06,0.0,70.09,1,1,2.0,2.0
2024-10-18T08:54:00.000+02:00,921.26,26.98,45.08,0.0,70.09,1,1,2.0,2.0
2024-10-18T08:55:00.000+02:00,924.65,26.99,45.11,0.0,70.09,1,1,2.0,2.0
2024-10-18T08:56:00.000+02:00,928.03,27.01,45.13,0.0,70.09,1,1,2.0,2.0
2024-10-18T08:57:00.000+02:00,931.39,27.03,45.16,0.0,70.09,1,1,2.0,2.0
2024-10-18T08:58:00.000+02:00,934.73,27.04,45.18,0.0,70.09,1,1,2.0,2.0
2024-10-18T08:59:00.000+02:00,938.05,27.06,45.21,0.0,70.09,1,1,2.0,2.0
2024-10-18T09:00:00.000+02:00,941.35,27.08,45.23,0.0,70.09,1,1,2.0,2.0
2024-10-18T09:01:00.000+02:00,944.64,27.09,45.25,0.0,70.09,1,1,2.0,2.0
2024-10-18T09:02:00.000+02:00,947.9,27.11,45.28,0.0,70.09,1,1,2.0,2.0
2024-10-18T09:03:00.000+02:00,951.15,27.13,45.3,0.0,70.09,1,1,2.0,2.0
2024-10-18T09:04:00.000+02:00,954.38,27.14,45.32,0.0,70.09,1,1,2.0,2.0
2024-10-18T09:05:00.000+02:00,957.6,27.16,45.35,0.0,70.09,1,1,2.0,2.0
2024-10-18T09:06:00.000+02:00,960.79,27.18,45.37,0.0,70.09,1,1,2.0,2.0
2024-10-18T09:07:00.000+02:00,963.97,27.19,45.39,0.0,70.09,1,1,2.0,2.0
2024-10-18T09:08:00.000+02:00,967.13,27.21,45.42,0.0,70.09,1,1,2.0,2.0
2024-10-18T09:09:00.000+02:00,970.27,27.22,45.44,0.0,70.09,1,1,2.0,2.0
2024-10-18T09:10:00.000+02:00,973.4,27.24,45.46,0.0,70.09,1,1,2.0,2.0
2024-10-18T09:11:00.000+02:00,976.51,27.26,45.48,0.0,70.09,1,1,2.0,2.0
2024-10-18T09:12:00.000+02:00,979.6,27.27,45.5,0.0,70.09,1,1,2.0,2.0
2024-10-18T09:13:00.000+02:00,982.67,27.29,45.53,0.0,70.09,1,1,2.0,2.0
2024-10-18T09:14:00.000+02:00,985.73,27.31,45.55,0.0,70.09,1,1,2.0,2.0
2024-10-18T09:15:00.000+02:00,988.77,27.32,45.57,0.0,70.09,1,1,2.0,2.0
2024-10-18T09:16:00.000+02:00,991.79,27.34,45.59,0.0,70.09,1,1,2.0,2.0
2024-10-18T09:17:00.000+02:00,994.8,27.35,45.61,0.0,70.09,1,1,2.0,2.0
2024-10-18T09:18:00.000+02:00,997.79,27.37,45.63,0.0,70.09,1,1,2.0,2.0
2024-10-18T09:19:00.000+02:00,1000.76,27.38,45.65,0.0,70.09,1,1,2.0,2.0
2024-10-18T09:20:00.000+02:00,1003.72,27.4,45.67,0.0,70.09,1,1,2.0,2.0
2024-10-18T09:21:00.000+02:00,1006.66,27.42,45.69,0.0,70.09,1,1,2.0,2.0
2024-10-18T09:22:00.000+02:00,1009.59,27.43,45.71,0.0,70.09,1,1,2.0,2.0
2024-10-18T09:23:00.000+02:00,1012.49,27.45,45.73,0.0,70.09,1,1,2.0,2.0
2024-10-18T09:24:00.000+02:00,1015.39,27.46,45.75,0.0,70.09,1,1,2.0,2.0
2024-10-18T09:25:00.000+02:00,1018.26,27.48,45.77,0.0,70.09,1,1,2.0,2.0
2024-10-18T09:26:00.000+02:00,1021.12,27.49,45.79,0.0,70.09,1,1,2.0,2.0
2024-10-18T09:27:00.000+02:00,1023.97,27.51,45.81,0.0,70.09,1,1,2.0,2.0
2024-10-18T09:28:00.000+02:00,1026.8,27.53,45.83,0.0,70.09,1,1,2.0,2.0
2024-10-18T09:29:00.000+02:00,1029.61,27.54,45.84,0.0,70.09,1,1,2.0,2.0
2024-10-18T09:30:00.000+02:00,1032.41,27.56,45.86,0.0,70.09,1,1,2.0,2.0
2024-10-18T09:31:00.000+02:00,1035.19,27.58,45.88,0.0,70.09,1,1,2.0,2.0
2024-10-18T09:32:00.000+02:00,1037.96,27.59,45.89,0.0,70.09,1,1,2.0,2.0
2024-10-18T09:33:00.000+02:00,1040.71,27.61,45.91,0.0,70.09,1,1,2.0,2.0
2024-10-18T09:34:00.000+02:00,1043.45,27.62,45.93,0.0,70.09,1,1,2.0,2.0
2024-10-18T09:35:00.000+02:00,1046.17,27.64,45.95,0.0,70.09,1,1,2.0,2.0
2024-10-18T09:36:00.000+02:00,1048.88,27.65,45.97,0.0,70.09,1,1,2.0,2.0
2024-10-18T09:37:00.000+02:00,1051.57,27.67,45.99,0.0,70.09,1,1,2.0,2.0
2024-10-18T09:38:00.000+02:00,1054.25,27.68,46.0,0.0,70.09,1,1,2.0,2.0
2024-10-18T09:39:00.000+02:00,1056.91,27.69,46.02,0.0,70.09,1,1,2.0,2.0
2024-10-18T09:40:00.000+02:00,1059.56,27.71,46.04,0.0,70.09,1,1,2.0,2.0
2024-10-18T09:41:00.000+02:00,1062.19,27.72,46.06,0.0,70.09,1,1,2.0,2.0
2024-10-18T09:42:00.000+02:00,1064.81,27.74,46.08,0.0,70.09,1,1,2.0,2.0
2024-10-18T09:43:00.000+02:00,1067.42,27.75,46.1,0.0,70.09,1,1,2.0,2.0
2024-10-18T09:44:00.000+02:00,1070.01,27.76,46.12,0.0,70.09,1,1,2.0,2.0
2024-10-18T09:45:00.000+02:00,1072.58,27.78,46.14,0.0,70.09,1,1,2.0,2.0
2024-10-18T09:46:00.000+02:00,1075.15,27.79,46.17,0.0,70.09,1,1,2.0,2.0
2024-10-18T09:47:00.000+02:00,1077.69,27.8,46.19,0.0,70.09,1,1,2.0,2.0
2024-10-18T09:48:00.000+02:00,1080.23,27.81,46.21,0.0,70.09,1,1,2.0,2.0
2024-10-18T09:49:00.000+02:00,1082.75,27.83,46.23,0.0,70.09,1,1,2.0,2.0
2024-10-18T09:50:00.000+02:00,1085.26,27.84,46.25,0.0,70.09,1,1,2.0,2.0
2024-10-18T09:51:00.000+02:00,1087.75,27.85,46.27,0.0,70.09,1,1,2.0,2.0
2024-10-18T09:52:00.000+02:00,1090.23,27.86,46.29,0.0,70.09,1,1,2.0,2.0
2024-10-18T09:53:00.000+02:00,1092.69,27.88,46.31,0.0,70.09,1,1,2.0,2.0
2024-10-18T09:54:00.000+02:00,1095.14,27.89,46.33,0.0,70.09,1,1,2.0,2.0
2024-10-18T09:55:00.000+02:00,1097.58,27.9,46.36,0.0,70.09,1,1,2.0,2.0
2024-10-18T09:56:00.000+02:00,1100.01,27.91,46.38,0.0,70.09,1,1,2.0,2.0
2024-10-18T09:57:00.000+02:00,1102.42,27.92,46.4,0.0,70.09,1,1,2.0,2.0
2024-10-18T09:58:00.000+02:00,1104.82,27.93,46.42,0.0,70.09,1,1,2.0,2.0
2024-10-18T09:59:00.000+02:00,1107.2,27.95,46.44,0.0,70.09,1,1,2.0,2.0
2024-10-18T10:00:00.000+02:00,1109.58,27.96,46.47,0.0,70.09,1,1,2.0,2.0
2024-10-18T10:01:00.000+02:00,1111.94,27.97,46.49,0.0,70.09,1,1,2.0,2.0
2024-10-18T10:02:00.000+02:00,1114.28,27.98,46.51,0.0,70.09,1,1,2.0,2.0
2024-10-18T10:03:00.000+02:00,1116.62,27.99,46.53,0.0,70.09,1,1,2.0,2.0
2024-10-18T10:04:00.000+02:00,1118.94,28.0,46.55,0.0,70.09,1,1,2.0,2.0
2024-10-18T10:05:00.000+02:00,1121.25,28.01,46.58,0.0,70.09,1,1,2.0,2.0
2024-10-18T10:06:00.000+02:00,1123.54,28.02,46.6,0.0,70.09,1,1,2.0,2.0
2024-10-18T10:07:00.000+02:00,1125.83,28.03,46.62,0.0,70.09,1,1,2.0,2.0
2024-10-18T10:08:00.000+02:00,1128.1,28.04,46.64,0.0,70.09,1,1,2.0,2.0
2024-10-18T10:09:00.000+02:00,1130.36,28.05,46.67,0.0,70.09,1,1,2.0,2.0
2024-10-18T10:10:00.000+02:00,1132.6,28.06,46.69,0.0,70.09,1,1,2.0,2.0
2024-10-18T10:11:00.000+02:00,1134.84,28.07,46.71,0.0,70.09,1,1,2.0,2.0
2024-10-18T10:12:00.000+02:00,1137.06,28.08,46.73,0.0,70.09,1,1,2.0,2.0
2024-10-18T10:13:00.000+02:00,1139.27,28.09,46.76,0.0,70.09,1,1,2.0,2.0
2024-10-18T10:14:00.000+02:00,1141.47,28.1,46.78,0.0,70.09,1,1,2.0,2.0
2024-10-18T10:15:00.000+02:00,1143.66,28.11,46.8,0.0,70.09,1,1,2.0,2.0
2024-10-18T10:16:00.000+02:00,1145.83,28.12,46.83,0.0,70.09,1,1,2.0,2.0
2024-10-18T10:17:00.000+02:00,1147.99,28.13,46.85,0.0,70.09,1,1,2.0,2.0
2024-10-18T10:18:00.000+02:00,1150.14,28.14,46.87,0.0,70.09,1,1,2.0,2.0
2024-10-18T10:19:00.000+02:00,1152.28,28.14,46.89,0.0,70.09,1,1,2.0,2.0
2024-10-18T10:20:00.000+02:00,1154.41,28.15,46.92,0.0,70.09,1,1,2.0,2.0
2024-10-18T10:21:00.000+02:00,1156.53,28.16,46.94,0.0,70.09,1,1,2.0,2.0
2024-10-18T10:22:00.000+02:00,1158.63,28.17,46.96,0.0,70.09,1,1,2.0,2.0
2024-10-18T10:23:00.000+02:00,1160.73,28.18,46.99,0.0,70.09,1,1,2.0,2.0
2024-10-18T10:24:00.000+02:00,1162.81,28.19,47.01,0.0,70.09,1,1,2.0,2.0
2024-10-18T10:25:00.000+02:00,1164.88,28.2,47.03,0.0,70.09,1,1,2.0,2.0
2024-10-18T10:26:00.000+02:00,1166.94,28.2,47.06,0.0,70.09,1,1,2.0,2.0
2024-10-18T10:27:00.000+02:00,1168.99,28.21,47.08,0.0,70.09,1,1,2.0,2.0
2024-10-18T10:28:00.000+02:00,1171.03,28.22,47.1,0.0,70.09,1,1,2.0,2.0
2024-10-18T10:29:00.000+02:00,1173.05,28.23,47.13,0.0,70.09,1,1,2.0,2.0
2024-10-18T10:30:00.000+02:00,1175.07,28.24,47.15,0.0,70.09,1,1,2.0,2.0
2024-10-18T10:31:00.000+02:00,1177.07,28.24,47.18,0.0,70.09,1,1,2.0,2.0
2024-10-18T10:32:00.000+02:00,1179.07,28.25,47.2,0.0,70.09,1,1,2.0,2.0
2024-10-18T10:33:00.000+02:00,1181.05,28.26,47.22,0.0,70.09,1,1,2.0,2.0
2024-10-18T10:34:00.000+02:00,1183.02,28.26,47.25,0.0,70.09,1,1,2.0,2.0
2024-10-18T10:35:00.000+02:00,1184.98,28.27,47.27,0.0,70.09,1,1,2.0,2.0
2024-10-18T10:36:00.000+02:00,1186.94,28.28,47.3,0.0,70.09,1,1,2.0,2.0
2024-10-18T10:37:00.000+02:00,1188.88,28.28,47.33,0.0,70.09,1,1,2.0,2.0
2024-10-18T10:38:00.000+02:00,1190.81,28.29,47.35,0.0,70.09,1,1,2.0,2.0
2024-10-18T10:39:00.000+02:00,1192.73,28.3,47.38,0.0,70.09,1,1,2.0,2.0
2024-10-18T10:40:00.000+02:00,1194.64,28.3,47.4,0.0,70.09,1,1,2.0,2.0
2024-10-18T10:41:00.000+02:00,1196.54,28.31,47.43,0.0,70.09,1,1,2.0,2.0
2024-10-18T10:42:00.000+02:00,1198.43,28.31,47.46,0.0,70.09,1,1,2.0,2.0
2024-10-18T10:43:00.000+02:00,1200.31,28.32,47.48,0.0,70.09,1,1,2.0,2.0
2024-10-18T10:44:00.000+02:00,1202.18,28.32,47.51,0.0,70.09,1,1,2.0,2.0
2024-10-18T10:45:00.000+02:00,1204.04,28.33,47.54,0.0,70.09,1,1,2.0,2.0
2024-10-18T10:46:00.000+02:00,1205.89,28.33,47.56,0.0,70.09,1,1,2.0,2.0
2024-10-18T10:47:00.000+02:00,1207.73,28.34,47.59,0.0,70.09,1,1,2.0,2.0
2024-10-18T10:48:00.000+02:00,1209.56,28.34,47.62,0.0,70.09,1,1,2.0,2.0
2024-10-18T10:49:00.000+02:00,1211.38,28.35,47.64,0.0,70.09,1,1,2.0,2.0
2024-10-18T10:50:00.000+02:00,1213.19,28.35,47.67,0.0,70.09,1,1,2.0,2.0
2024-10-18T10:51:00.000+02:00,1214.99,28.36,47.7,0.0,70.09,1,1,2.0,2.0
2024-10-18T10:52:00.000+02:00,1216.78,28.36,47.73,0.0,70.09,1,1,2.0,2.0
2024-10-18T10:53:00.000+02:00,1218.56,28.37,47.75,0.0,70.09,1,1,2.0,2.0
2024-10-18T10:54:00.000+02:00,1220.33,28.37,47.78,0.0,70.09,1,1,2.0,2.0
2024-10-18T10:55:00.000+02:00,1222.1,28.37,47.81,0.0,70.09,1,1,2.0,2.0
2024-10-18T10:56:00.000+02:00,1223.85,28.38,47.84,0.0,70.09,1,1,2.0,2.0
2024-10-18T10:57:00.000+02:00,1225.59,28.38,47.86,0.0,70.09,1,1,2.0,2.0
2024-10-18T10:58:00.000+02:00,1227.33,28.39,47.89,0.0,70.09,1,1,2.0,2.0
2024-10-18T10:59:00.000+02:00,1229.05,28.39,47.92,0.0,70.09,1,1,2.0,2.0
2024-10-18T11:00:00.000+02:00,1230.77,28.39,47.94,0.0,70.09,1,1,2.0,2.0
2024-10-18T11:01:00.000+02:00,1232.48,28.4,47.97,0.0,70.09,1,1,2.0,2.0
2024-10-18T11:02:00.000+02:00,1234.18,28.4,48.0,0.0,70.09,1,1,2.0,2.0
2024-10-18T11:03:00.000+02:00,1235.86,28.4,48.03,0.0,70.09,1,1,2.0,2.0
2024-10-18T11:04:00.000+02:00,1237.54,28.4,48.06,0.0,70.09,1,1,2.0,2.0
2024-10-18T11:05:00.000+02:00,1239.21,28.41,48.09,0.0,70.09,1,1,2.0,2.0
2024-10-18T11:06:00.000+02:00,1240.88,28.41,48.12,0.0,70.09,1,1,2.0,2.0
2024-10-18T11:07:00.000+02:00,1242.53,28.41,48.15,0.0,70.09,1,1,2.0,2.0
2024-10-18T11:08:00.000+02:00,1244.17,28.41,48.18,0.0,70.09,1,1,2.0,2.0
2024-10-18T11:09:00.000+02:00,1245.81,28.42,48.21,0.0,70.09,1,1,2.0,2.0
2024-10-18T11:10:00.000+02:00,1247.43,28.42,48.24,0.0,70.09,1,1,2.0,2.0
2024-10-18T11:11:00.000+02:00,1247.22,28.41,48.27,0.0,70.09,1,1,1.0,1.0
2024-10-18T11:12:00.000+02:00,1245.86,28.39,48.3,0.0,70.09,1,1,1.0,1.0
2024-10-18T11:13:00.000+02:00,1244.09,28.37,48.32,0.0,70.09,1,1,1.0,1.0
2024-10-18T11:14:00.000+02:00,1242.29,28.35,48.33,0.0,70.09,1,1,1.0,1.0
2024-10-18T11:15:00.000+02:00,1240.54,28.33,48.35,0.0,70.09,1,1,1.0,1.0
2024-10-18T11:16:00.000+02:00,1238.83,28.32,48.35,0.0,70.09,1,1,1.0,1.0
2024-10-18T11:17:00.000+02:00,1237.16,28.31,48.36,0.0,70.09,1,1,1.0,1.0
2024-10-18T11:18:00.000+02:00,1235.49,28.29,48.36,0.0,70.09,1,1,1.0,1.0
2024-10-18T11:19:00.000+02:00,1233.83,28.28,48.36,0.0,70.09,1,1,1.0,1.0
2024-10-18T11:20:00.000+02:00,1232.19,28.27,48.36,0.0,70.09,1,1,1.0,1.0
2024-10-18T11:21:00.000+02:00,1230.55,28.26,48.35,0.0,70.09,1,1,1.0,1.0
2024-10-18T11:22:00.000+02:00,1228.92,28.26,48.35,0.0,70.09,1,1,1.0,1.0
2024-10-18T11:23:00.000+02:00,1227.3,28.25,48.34,0.0,70.09,1,1,1.0,1.0
2024-10-18T11:24:00.000+02:00,1225.69,28.24,48.33,0.0,70.09,1,1,1.0,1.0
2024-10-18T11:25:00.000+02:00,1224.09,28.23,48.32,0.0,70.09,1,1,1.0,1.0
2024-10-18T11:26:00.000+02:00,1222.5,28.23,48.3,0.0,70.09,1,1,1.0,1.0
2024-10-18T11:27:00.000+02:00,1220.91,28.22,48.29,0.0,70.09,1,1,1.0,1.0
2024-10-18T11:28:00.000+02:00,1219.34,28.22,48.28,0.0,70.09,1,1,1.0,1.0
2024-10-18T11:29:00.000+02:00,1217.78,28.21,48.26,0.0,70.09,1,1,1.0,1.0
2024-10-18T11:30:00.000+02:00,1216.22,28.21,48.25,0.0,70.09,1,1,1.0,1.0
2024-10-18T11:31:00.000+02:00,1214.67,28.2,48.23,0.0,70.09,1,1,1.0,1.0
2024-10-18T11:32:00.000+02:00,1213.14,28.2,48.22,0.0,70.09,1,1,1.0,1.0
2024-10-18T11:33:00.000+02:00,1211.61,28.19,48.2,0.0,70.09,1,1,1.0,1.0
2024-10-18T11:34:00.000+02:00,1210.09,28.19,48.18,0.0,70.09,1,1,1.0,1.0
2024-10-18T11:35:00.000+02:00,1208.57,28.18,48.17,0.0,70.09,1,1,1.0,1.0
2024-10-18T11:36:00.000+02:00,1207.07,28.18,48.15,0.0,70.09,1,1,1.0,1.0
2024-10-18T11:37:00.000+02:00,1205.58,28.18,48.14,0.0,70.09,1,1,1.0,1.0
2024-10-18T11:38:00.000+02:00,1204.09,28.17,48.12,0.0,70.09,1,1,1.0,1.0
2024-10-18T11:39:00.000+02:00,1202.62,28.17,48.11,0.0,70.09,1,1,1.0,1.0
2024-10-18T11:40:00.000+02:00,1201.15,28.16,48.1,0.0,70.09,1,1,1.0,1.0
2024-10-18T11:41:00.000+02:00,1199.69,28.16,48.08,0.0,70.09,1,1,1.0,1.0
2024-10-18T11:42:00.000+02:00,1198.24,28.15,48.07,0.0,70.09,1,1,1.0,1.0
2024-10-18T11:43:00.000+02:00,1196.79,28.15,48.06,0.0,70.09,1,1,1.0,1.0
2024-10-18T11:44:00.000+02:00,1195.36,28.14,48.04,0.0,70.09,1,1,1.0,1.0
2024-10-18T11:45:00.000+02:00,1193.93,28.14,48.03,0.0,70.09,1,1,1.0,1.0
2024-10-18T11:46:00.000+02:00,1192.51,28.14,48.02,0.0,70.09,1,1,1.0,1.0
2024-10-18T11:47:00.000+02:00,1191.1,28.13,48.01,0.0,70.09,1,1,1.0,1.0
2024-10-18T11:48:00.000+02:00,1189.7,28.13,48.0,0.0,70.09,1,1,1.0,1.0
2024-10-18T11:49:00.000+02:00,1188.3,28.12,47.98,0.0,70.09,1,1,1.0,1.0
2024-10-18T11:50:00.000+02:00,1186.92,28.12,47.97,0.0,70.09,1,1,1.0,1.0
2024-10-18T11:51:00.000+02:00,1185.54,28.11,47.96,0.0,70.09,1,1,1.0,1.0
2024-10-18T11:52:00.000+02:00,1184.17,28.11,47.95,0.0,70.09,1,1,1.0,1.0
2024-10-18T11:53:00.000+02:00,1182.81,28.1,47.94,0.0,70.09,1,1,1.0,1.0
2024-10-18T11:54:00.000+02:00,1181.45,28.1,47.93,0.0,70.09,1,1,1.0,1.0
2024-10-18T11:55:00.000+02:00,1180.1,28.09,47.93,0.0,70.09,1,1,1.0,1.0
2024-10-18T11:56:00.000+02:00,1178.77,28.09,47.92,0.0,70.09,1,1,1.0,1.0
2024-10-18T11:57:00.000+02:00,1177.43,28.08,47.91,0.0,70.09,1,1,1.0,1.0
2024-10-18T11:58:00.000+02:00,1176.11,28.08,47.9,0.0,70.09,1,1,1.0,1.0
2024-10-18T11:59:00.000+02:00,1174.79,28.07,47.9,0.0,70.09,1,1,1.0,1.0
2024-10-18T12:00:00.000+02:00,1173.49,28.06,47.89,0.0,70.09,1,1,1.0,1.0
2024-10-18T12:01:00.000+02:00,1172.18,28.06,47.88,0.0,70.09,1,1,1.0,1.0
2024-10-18T12:02:00.000+02:00,1170.89,28.05,47.88,0.0,70.09,1,1,1.0,1.0
2024-10-18T12:03:00.000+02:00,1169.6,28.05,47.87,0.0,70.09,1,1,1.0,1.0
2024-10-18T12:04:00.000+02:00,1168.33,28.04,47.87,0.0,70.09,1,1,1.0,1.0
2024-10-18T12:05:00.000+02:00,1167.05,28.04,47.86,0.0,70.09,1,1,1.0,1.0
2024-10-18T12:06:00.000+02:00,1165.79,28.03,47.86,0.0,70.09,1,1,1.0,1.0
2024-10-18T12:07:00.000+02:00,1164.53,28.02,47.85,0.0,70.09,1,1,1.0,1.0
2024-10-18T12:08:00.000+02:00,1163.28,28.02,47.85,0.0,70.09,1,1,1.0,1.0
2024-10-18T12:09:00.000+02:00,1162.04,28.01,47.84,0.0,70.09,1,1,1.0,1.0
2024-10-18T12:10:00.000+02:00,1160.81,28.01,47.84,0.0,70.09,1,1,1.0,1.0
2024-10-18T12:11:00.000+02:00,1159.58,28.0,47.83,0.0,70.09,1,1,1.0,1.0
2024-10-18T12:12:00.000+02:00,1158.36,28.0,47.83,0.0,70.09,1,1,1.0,1.0
2024-10-18T12:13:00.000+02:00,1157.15,27.99,47.82,0.0,70.09,1,1,1.0,1.0
2024-10-18T12:14:00.000+02:00,1155.94,27.99,47.82,0.0,70.09,1,1,1.0,1.0
2024-10-18T12:15:00.000+02:00,1154.74,27.98,47.82,0.0,70.09,1,1,1.0,1.0
2024-10-18T12:16:00.000+02:00,1153.55,27.97,47.81,0.0,70.09,1,1,1.0,1.0
2024-10-18T12:17:00.000+02:00,1152.36,27.97,47.81,0.0,70.09,1,1,1.0,1.0
2024-10-18T12:18:00.000+02:00,1151.18,27.96,47.81,0.0,70.09,1,1,1.0,1.0
2024-10-18T12:19:00.000+02:00,1150.01,27.96,47.8,0.0,70.09,1,1,1.0,1.0
2024-10-18T12:20:00.000+02:00,1148.84,27.95,47.8,0.0,70.09,1,1,1.0,1.0
2024-10-18T12:21:00.000+02:00,1147.68,27.95,47.8,0.0,70.09,1,1,1.0,1.0
2024-10-18T12:22:00.000+02:00,1146.53,27.94,47.79,0.0,70.09,1,1,1.0,1.0
2024-10-18T12:23:00.000+02:00,1143.56,27.92,47.79,0.0,70.09,0,1,0.0,
2024-10-18T12:24:00.000+02:00,1139.45,27.89,47.79,0.0,70.09,0,1,0.0,
2024-10-18T12:25:00.000+02:00,1134.95,27.87,47.78,0.0,70.09,0,1,0.0,
2024-10-18T12:26:00.000+02:00,1130.43,27.84,47.77,0.0,70.09,0,1,0.0,
2024-10-18T12:27:00.000+02:00,1125.98,27.82,47.75,0.0,70.09,0,1,0.0,
2024-10-18T12:28:00.000+02:00,1121.59,27.79,47.73,0.0,70.09,0,1,0.0,
2024-10-18T12:29:00.000+02:00,1117.24,27.77,47.71,0.0,70.09,0,1,0.0,
2024-10-18T12:30:00.000+02:00,1112.92,27.75,47.68,0.0,70.09,0,1,0.0,
2024-10-18T12:31:00.000+02:00,1108.62,27.73,47.65,0.0,70.09,0,1,0.0,
2024-10-18T12:32:00.000+02:00,1104.34,27.71,47.62,0.0,70.09,0,1,0.0,
2024-10-18T12:33:00.000+02:00,1100.09,27.7,47.58,0.0,70.09,0,1,0.0,
2024-10-18T12:34:00.000+02:00,1095.86,27.68,47.55,0.0,70.09,0,1,0.0,
2024-10-18T12:35:00.000+02:00,1095.31,27.69,47.51,0.0,70.09,1,1,2.0,
2024-10-18T12:36:00.000+02:00,1097.08,27.72,47.47,0.0,70.09,1,1,2.0,
2024-10-18T12:37:00.000+02:00,1097.83,27.74,47.44,0.0,70.09,1,1,1.0,
2024-10-18T12:38:00.000+02:00,1097.51,27.75,47.41,0.0,70.09,1,1,1.0,
2024-10-18T12:39:00.000+02:00,1096.7,27.75,47.4,0.0,70.09,1,1,1.0,
2024-10-18T12:40:00.000+02:00,1095.77,27.75,47.38,0.0,70.09,1,1,1.0,
2024-10-18T12:41:00.000+02:00,1094.86,27.75,47.36,0.0,70.09,1,1,1.0,
2024-10-18T12:42:00.000+02:00,1093.98,27.75,47.35,0.0,70.09,1,1,1.0,
2024-10-18T12:43:00.000+02:00,1094.95,27.77,47.33,0.0,70.09,1,1,2.0,
2024-10-18T12:44:00.000+02:00,1097.09,27.79,47.32,0.0,70.09,1,1,2.0,
2024-10-18T12:45:00.000+02:00,1099.61,27.81,47.32,0.0,70.09,1,1,2.0,
2024-10-18T12:46:00.000+02:00,1102.18,27.83,47.32,0.0,70.09,1,1,2.0,
2024-10-18T12:47:00.000+02:00,1104.68,27.85,47.32,0.0,70.09,1,1,2.0,
2024-10-18T12:48:00.000+02:00,1107.13,27.87,47.33,0.0,70.09,1,1,2.0,
2024-10-18T12:49:00.000+02:00,1107.73,27.87,47.35,0.0,70.09,1,1,1.0,
2024-10-18T12:50:00.000+02:00,1107.16,27.86,47.36,0.0,70.09,1,1,1.0,
2024-10-18T12:51:00.000+02:00,1106.19,27.85,47.38,0.0,70.09,1,1,1.0,
2024-10-18T12:52:00.000+02:00,1105.18,27.84,47.39,0.0,70.09,1,1,1.0,
2024-10-18T12:53:00.000+02:00,1104.22,27.83,47.4,0.0,70.09,1,1,1.0,
2024-10-18T12:54:00.000+02:00,1103.3,27.82,47.41,0.0,70.09,1,1,1.0,
2024-10-18T12:55:00.000+02:00,1102.4,27.81,47.42,0.0,70.09,1,1,1.0,
2024-10-18T12:56:00.000+02:00,1101.51,27.81,47.43,0.0,70.09,1,1,1.0,
2024-10-18T12:57:00.000+02:00,1100.62,27.8,47.43,0.0,70.09,1,1,1.0,
2024-10-18T12:58:00.000+02:00,1099.74,27.79,47.44,0.0,70.09,1,1,1.0,
2024-10-18T12:59:00.000+02:00,1098.86,27.79,47.44,0.0,70.09,1,1,1.0,
2024-10-18T13:00:00.000+02:00,1097.99,27.78,47.45,0.0,70.09,1,1,1.0,
2024-10-18T13:01:00.000+02:00,1097.12,27.78,47.45,0.0,70.09,1,1,1.0,
2024-10-18T13:02:00.000+02:00,1096.26,27.77,47.45,0.0,70.09,1,1,1.0,
2024-10-18T13:03:00.000+02:00,1095.4,27.77,47.45,0.0,70.09,1,1,1.0,1.0
2024-10-18T13:04:00.000+02:00,1094.55,27.77,47.45,0.0,70.09,1,1,1.0,1.0
2024-10-18T13:05:00.000+02:00,1093.7,27.76,47.45,0.0,70.09,1,1,1.0,1.0
2024-10-18T13:06:00.000+02:00,1092.86,27.76,47.45,0.0,70.09,1,1,1.0,1.0
2024-10-18T13:07:00.000+02:00,1092.02,27.75,47.45,0.0,70.09,1,1,1.0,1.0
2024-10-18T13:08:00.000+02:00,1091.19,27.75,47.45,0.0,70.09,1,1,1.0,1.0
2024-10-18T13:09:00.000+02:00,1090.36,27.75,47.45,0.0,70.09,1,1,1.0,1.0
2024-10-18T13:10:00.000+02:00,1089.54,27.74,47.45,0.0,70.09,1,1,1.0,1.0
2024-10-18T13:11:00.000+02:00,1088.72,27.74,47.45,0.0,70.09,1,1,1.0,1.0
2024-10-18T13:12:00.000+02:00,1087.91,27.74,47.45,0.0,70.09,1,1,1.0,1.0
2024-10-18T13:13:00.000+02:00,1087.1,27.74,47.45,0.0,70.09,1,1,1.0,1.0
2024-10-18T13:14:00.000+02:00,1084.47,27.72,47.44,0.0,70.09,0,1,0.0,
2024-10-18T13:15:00.000+02:00,1080.69,27.7,47.44,0.0,70.09,0,1,0.0,
2024-10-18T13:16:00.000+02:00,1076.53,27.67,47.43,0.0,70.09,0,1,0.0,
2024-10-18T13:17:00.000+02:00,1072.35,27.65,47.42,0.0,70.09,0,1,0.0,
2024-10-18T13:18:00.000+02:00,1068.23,27.63,47.4,0.0,70.09,0,1,0.0,
2024-10-18T13:19:00.000+02:00,1064.17,27.61,47.38,0.0,70.09,0,1,0.0,
2024-10-18T13:20:00.000+02:00,1060.15,27.59,47.36,0.0,70.09,0,1,0.0,
2024-10-18T13:21:00.000+02:00,1056.15,27.57,47.33,0.0,70.09,0,1,0.0,
2024-10-18T13:22:00.000+02:00,1052.18,27.56,47.3,0.0,70.09,0,1,0.0,
2024-10-18T13:23:00.000+02:00,1048.23,27.54,47.27,0.0,70.09,0,1,0.0,
2024-10-18T13:24:00.000+02:00,1044.29,27.53,47.23,0.0,70.09,0,1,0.0,
2024-10-18T13:25:00.000+02:00,1040.38,27.52,47.2,0.0,70.09,0,1,0.0,
2024-10-18T13:26:00.000+02:00,1036.5,27.51,47.16,0.0,70.09,0,1,0.0,
2024-10-18T13:27:00.000+02:00,1032.63,27.49,47.12,0.0,70.09,0,1,0.0,
2024-10-18T13:28:00.000+02:00,1028.79,27.48,47.08,0.0,70.09,0,1,0.0,
2024-10-18T13:29:00.000+02:00,1024.96,27.47,47.03,0.0,70.09,0,1,0.0,
2024-10-18T13:30:00.000+02:00,1021.16,27.47,46.99,0.0,70.09,0,1,0.0,
2024-10-18T13:31:00.000+02:00,1017.38,27.46,46.94,0.0,70.09,0,1,0.0,
2024-10-18T13:32:00.000+02:00,1013.62,27.45,46.9,0.0,70.09,0,1,0.0,
2024-10-18T13:33:00.000+02:00,1009.88,27.44,46.85,0.0,70.09,0,1,0.0,
2024-10-18T13:34:00.000+02:00,1006.16,27.43,46.8,0.0,70.09,0,1,0.0,
2024-10-18T13:35:00.000+02:00,1002.46,27.43,46.76,0.0,70.09,0,1,0.0,
2024-10-18T13:36:00.000+02:00,998.79,27.42,46.71,0.0,70.09,0,1,0.0,
2024-10-18T13:37:00.000+02:00,995.13,27.41,46.66,0.0,70.09,0,1,0.0,
2024-10-18T13:38:00.000+02:00,991.49,27.41,46.61,0.0,70.09,0,1,0.0,
2024-10-18T13:39:00.000+02:00,987.88,27.4,46.56,0.0,70.09,0,1,0.0,
2024-10-18T13:40:00.000+02:00,984.28,27.4,46.51,0.0,70.09,0,1,0.0,
2024-10-18T13:41:00.000+02:00,980.7,27.39,46.46,0.0,70.09,0,1,0.0,
2024-10-18T13:42:00.000+02:00,977.15,27.39,46.41,0.0,70.09,0,1,0.0,
2024-10-18T13:43:00.000+02:00,973.61,27.38,46.36,0.0,70.09,0,1,0.0,
2024-10-18T13:44:00.000+02:00,970.09,27.38,46.31,0.0,70.09,0,1,0.0,
2024-10-18T13:45:00.000+02:00,966.59,27.37,46.26,0.0,70.09,0,1,0.0,
2024-10-18T13:46:00.000+02:00,963.11,27.37,46.21,0.0,70.09,0,1,0.0,
2024-10-18T13:47:00.000+02:00,959.65,27.37,46.15,0.0,70.09,0,1,0.0,
2024-10-18T13:48:00.000+02:00,956.21,27.36,46.1,0.0,70.09,0,1,0.0,
2024-10-18T13:49:00.000+02:00,952.79,27.36,46.05,0.0,70.09,0,1,0.0,
2024-10-18T13:50:00.000+02:00,949.39,27.36,46.0,0.0,70.09,0,1,0.0,
2024-10-18T13:51:00.000+02:00,946.01,27.35,45.95,0.0,70.09,0,1,0.0,
2024-10-18T13:52:00.000+02:00,942.64,27.35,45.9,0.0,70.09,0,1,0.0,
2024-10-18T13:53:00.000+02:00,939.29,27.35,45.85,0.0,70.09,0,1,0.0,
2024-10-18T13:54:00.000+02:00,935.97,27.34,45.8,0.0,70.09,0,0,0.0,0.0
2024-10-18T13:55:00.000+02:00,932.66,27.34,45.75,0.0,70.09,0,0,0.0,0.0
2024-10-18T13:56:00.000+02:00,929.36,27.34,45.7,0.0,70.09,0,0,0.0,0.0
2024-10-18T13:57:00.000+02:00,926.09,27.34,45.65,0.0,70.09,0,0,0.0,0.0
2024-10-18T13:58:00.000+02:00,922.84,27.33,45.6,0.0,70.09,0,0,0.0,0.0
2024-10-18T13:59:00.000+02:00,919.6,27.33,45.55,0.0,70.09,0,0,0.0,0.0
2024-10-18T14:00:00.000+02:00,916.38,27.33,45.5,0.0,70.09,0,0,0.0,0.0
2024-10-18T14:01:00.000+02:00,913.18,27.33,45.45,0.0,70.09,0,0,0.0,0.0
2024-10-18T14:02:00.000+02:00,909.99,27.32,45.4,0.0,70.09,0,0,0.0,0.0
2024-10-18T14:03:00.000+02:00,906.82,27.32,45.35,0.0,70.09,0,0,0.0,0.0
2024-10-18T14:04:00.000+02:00,903.67,27.32,45.31,0.0,70.09,0,0,0.0,0.0
2024-10-18T14:05:00.000+02:00,900.54,27.32,45.26,0.0,70.09,0,0,0.0,0.0
2024-10-18T14:06:00.000+02:00,897.43,27.31,45.21,0.0,70.09,0,0,0.0,0.0
2024-10-18T14:07:00.000+02:00,894.33,27.31,45.16,0.0,70.09,0,0,0.0,0.0
2024-10-18T14:08:00.000+02:00,891.24,27.31,45.12,0.0,70.09,0,0,0.0,0.0
2024-10-18T14:09:00.000+02:00,888.18,27.31,45.07,0.0,70.09,0,0,0.0,0.0
2024-10-18T14:10:00.000+02:00,885.13,27.3,45.03,0.0,70.09,0,0,0.0,0.0
2024-10-18T14:11:00.000+02:00,882.1,27.3,44.98,0.0,70.09,0,0,0.0,0.0
2024-10-18T14:12:00.000+02:00,879.08,27.3,44.94,0.0,70.09,0,0,0.0,0.0
2024-10-18T14:13:00.000+02:00,876.08,27.29,44.89,0.0,70.09,0,0,0.0,0.0
2024-10-18T14:14:00.000+02:00,873.1,27.29,44.85,0.0,70.09,0,0,0.0,0.0
2024-10-18T14:15:00.000+02:00,870.13,27.29,44.8,0.0,70.09,0,0,0.0,0.0
2024-10-18T14:16:00.000+02:00,867.18,27.28,44.76,0.0,70.09,0,0,0.0,0.0
2024-10-18T14:17:00.000+02:00,864.24,27.28,44.71,0.0,70.09,0,0,0.0,0.0
2024-10-18T14:18:00.000+02:00,861.32,27.28,44.67,0.0,70.09,0,0,0.0,0.0
2024-10-18T14:19:00.000+02:00,858.42,27.27,44.63,0.0,70.09,0,0,0.0,0.0
2024-10-18T14:20:00.000+02:00,855.53,27.27,44.58,0.0,70.09,0,0,0.0,0.0
2024-10-18T14:21:00.000+02:00,852.66,27.27,44.54,0.0,70.09,0,0,0.0,0.0
2024-10-18T14:22:00.000+02:00,849.8,27.26,44.5,0.0,70.09,0,0,0.0,0.0
2024-10-18T14:23:00.000+02:00,846.96,27.26,44.46,0.0,70.09,0,0,0.0,0.0
2024-10-18T14:24:00.000+02:00,844.13,27.25,44.41,0.0,70.09,0,0,0.0,0.0
2024-10-18T14:25:00.000+02:00,841.32,27.25,44.37,0.0,70.09,0,0,0.0,0.0
2024-10-18T14:26:00.000+02:00,838.53,27.25,44.33,0.0,70.09,0,0,0.0,0.0
2024-10-18T14:27:00.000+02:00,835.75,27.24,44.29,0.0,70.09,0,0,0.0,0.0
2024-10-18T14:28:00.000+02:00,832.98,27.24,44.25,0.0,70.09,0,0,0.0,0.0
2024-10-18T14:29:00.000+02:00,830.23,27.24,44.2,0.0,70.09,0,0,0.0,0.0
2024-10-18T14:30:00.000+02:00,827.49,27.23,44.16,0.0,70.09,0,0,0.0,0.0
2024-10-18T14:31:00.000+02:00,824.77,27.23,44.12,0.0,70.09,0,0,0.0,0.0
2024-10-18T14:32:00.000+02:00,822.07,27.22,44.08,0.0,70.09,0,0,0.0,0.0
2024-10-18T14:33:00.000+02:00,819.38,27.22,44.04,0.0,70.09,0,0,0.0,0.0
2024-10-18T14:34:00.000+02:00,816.7,27.22,44.0,0.0,70.09,0,0,0.0,0.0
2024-10-18T14:35:00.000+02:00,814.04,27.21,43.96,0.0,70.09,0,0,0.0,0.0
2024-10-18T14:36:00.000+02:00,811.39,27.21,43.92,0.0,70.09,0,0,0.0,0.0
2024-10-18T14:37:00.000+02:00,808.76,27.2,43.88,0.0,70.09,0,0,0.0,0.0
2024-10-18T14:38:00.000+02:00,806.14,27.2,43.84,0.0,70.09,0,0,0.0,0.0
2024-10-18T14:39:00.000+02:00,803.53,27.2,43.8,0.0,70.09,0,0,0.0,0.0
2024-10-18T14:40:00.000+02:00,800.94,27.19,43.76,0.0,70.09,0,0,0.0,0.0
2024-10-18T14:41:00.000+02:00,798.37,27.19,43.72,0.0,70.09,0,0,0.0,0.0
2024-10-18T14:42:00.000+02:00,795.8,27.18,43.68,0.0,70.09,0,0,0.0,0.0
2024-10-18T14:43:00.000+02:00,793.25,27.18,43.65,0.0,70.09,0,0,0.0,0.0
2024-10-18T14:44:00.000+02:00,790.72,27.17,43.61,0.0,70.09,0,0,0.0,0.0
2024-10-18T14:45:00.000+02:00,788.2,27.17,43.57,0.0,70.09,0,0,0.0,0.0
2024-10-18T14:46:00.000+02:00,785.69,27.17,43.53,0.0,70.09,0,0,0.0,0.0
2024-10-18T14:47:00.000+02:00,783.2,27.16,43.49,0.0,70.09,0,0,0.0,0.0
2024-10-18T14:48:00.000+02:00,780.72,27.16,43.45,0.0,70.09,0,0,0.0,0.0
2024-10-18T14:49:00.000+02:00,778.25,27.15,43.41,0.0,70.09,0,0,0.0,0.0
2024-10-18T14:50:00.000+02:00,775.8,27.15,43.38,0.0,70.09,0,0,0.0,0.0
2024-10-18T14:51:00.000+02:00,773.36,27.15,43.34,0.0,70.09,0,0,0.0,0.0
2024-10-18T14:52:00.000+02:00,770.93,27.14,43.3,0.0,70.09,0,0,0.0,0.0
2024-10-18T14:53:00.000+02:00,768.51,27.14,43.26,0.0,70.09,0,0,0.0,0.0
2024-10-18T14:54:00.000+02:00,766.11,27.13,43.23,0.0,70.09,0,0,0.0,0.0
2024-10-18T14:55:00.000+02:00,763.73,27.13,43.19,0.0,70.09,0,0,0.0,0.0
2024-10-18T14:56:00.000+02:00,761.35,27.12,43.15,0.0,70.09,0,0,0.0,0.0
2024-10-18T14:57:00.000+02:00,758.99,27.12,43.12,0.0,70.09,0,0,0.0,0.0
2024-10-18T14:58:00.000+02:00,756.64,27.12,43.08,0.0,70.09,0,0,0.0,0.0
2024-10-18T14:59:00.000+02:00,754.3,27.11,43.04,0.0,70.09,0,0,0.0,0.0
2024-10-18T15:00:00.000+02:00,751.98,27.11,43.01,0.0,70.09,0,0,0.0,0.0
2024-10-18T15:01:00.000+02:00,749.67,27.1,42.97,0.0,70.09,0,0,0.0,0.0
2024-10-18T15:02:00.000+02:00,747.37,27.1,42.93,0.0,70.09,0,0,0.0,0.0
2024-10-18T15:03:00.000+02:00,745.08,27.09,42.9,0.0,70.09,0,0,0.0,0.0
2024-10-18T15:04:00.000+02:00,742.81,27.09,42.86,0.0,70.09,0,0,0.0,0.0
2024-10-18T15:05:00.000+02:00,740.55,27.08,42.83,0.0,70.09,0,0,0.0,0.0
2024-10-18T15:06:00.000+02:00,738.3,27.08,42.79,0.0,70.09,0,0,0.0,0.0
2024-10-18T15:07:00.000+02:00,736.06,27.08,42.75,0.0,70.09,0,0,0.0,0.0
2024-10-18T15:08:00.000+02:00,733.84,27.07,42.72,0.0,70.09,0,0,0.0,0.0
2024-10-18T15:09:00.000+02:00,731.62,27.07,42.68,0.0,70.09,0,0,0.0,0.0
2024-10-18T15:10:00.000+02:00,729.42,27.06,42.65,0.0,70.09,0,0,0.0,0.0
2024-10-18T15:11:00.000+02:00,727.23,27.06,42.61,0.0,70.09,0,0,0.0,0.0
2024-10-18T15:12:00.000+02:00,725.06,27.05,42.58,0.0,70.09,0,0,0.0,0.0
2024-10-18T15:13:00.000+02:00,722.89,27.05,42.55,0.0,70.09,0,0,0.0,0.0
2024-10-18T15:14:00.000+02:00,720.74,27.04,42.51,0.0,70.09,0,0,0.0,0.0
2024-10-18T15:15:00.000+02:00,718.6,27.04,42.48,0.0,70.09,0,0,0.0,0.0
2024-10-18T15:16:00.000+02:00,716.46,27.03,42.44,0.0,70.09,0,0,0.0,0.0
2024-10-18T15:17:00.000+02:00,714.35,27.03,42.41,0.0,70.09,0,0,0.0,0.0
2024-10-18T15:18:00.000+02:00,712.24,27.03,42.38,0.0,70.09,0,0,0.0,0.0
2024-10-18T15:19:00.000+02:00,710.14,27.02,42.34,0.0,70.09,0,0,0.0,0.0
2024-10-18T15:20:00.000+02:00,708.06,27.02,42.31,0.0,70.09,0,0,0.0,0.0
2024-10-18T15:21:00.000+02:00,705.99,27.01,42.28,0.0,70.09,0,0,0.0,0.0
2024-10-18T15:22:00.000+02:00,703.92,27.01,42.24,0.0,70.09,0,0,0.0,0.0
2024-10-18T15:23:00.000+02:00,701.87,27.0,42.21,0.0,70.09,0,0,0.0,0.0
2024-10-18T15:24:00.000+02:00,699.83,27.0,42.18,0.0,70.09,0,0,0.0,0.0
2024-10-18T15:25:00.000+02:00,697.8,26.99,42.14,0.0,70.09,0,0,0.0,0.0
2024-10-18T15:26:00.000+02:00,695.79,26.99,42.11,0.0,70.09,0,0,0.0,0.0
2024-10-18T15:27:00.000+02:00,693.78,26.98,42.08,0.0,70.09,0,0,0.0,0.0
2024-10-18T15:28:00.000+02:00,691.78,26.98,42.05,0.0,70.09,0,0,0.0,0.0
2024-10-18T15:29:00.000+02:00,689.8,26.97,42.01,0.0,70.09,0,0,0.0,0.0
2024-10-18T15:30:00.000+02:00,687.82,26.97,41.98,0.0,70.09,0,0,0.0,0.0
2024-10-18T15:31:00.000+02:00,685.86,26.97,41.95,0.0,70.09,0,0,0.0,0.0
2024-10-18T15:32:00.000+02:00,683.91,26.96,41.92,0.0,70.09,0,0,0.0,0.0
2024-10-18T15:33:00.000+02:00,681.97,26.96,41.89,0.0,70.09,0,0,0.0,0.0
2024-10-18T15:34:00.000+02:00,680.03,26.95,41.86,0.0,70.09,0,0,0.0,0.0
2024-10-18T15:35:00.000+02:00,678.11,26.95,41.82,0.0,70.09,0,0,0.0,0.0
2024-10-18T15:36:00.000+02:00,676.2,26.94,41.79,0.0,70.09,0,0,0.0,0.0
2024-10-18T15:37:00.000+02:00,674.3,26.94,41.76,0.0,70.09,0,0,0.0,0.0
2024-10-18T15:38:00.000+02:00,672.41,26.93,41.73,0.0,70.09,0,0,0.0,0.0
2024-10-18T15:39:00.000+02:00,670.53,26.93,41.7,0.0,70.09,0,0,0.0,0.0
2024-10-18T15:40:00.000+02:00,668.66,26.92,41.67,0.0,70.09,0,0,0.0,0.0
2024-10-18T15:41:00.000+02:00,666.8,26.92,41.64,0.0,70.09,0,0,0.0,0.0
2024-10-18T15:42:00.000+02:00,664.95,26.91,41.61,0.0,70.09,0,0,0.0,0.0
2024-10-18T15:43:00.000+02:00,663.11,26.91,41.58,0.0,70.09,0,0,0.0,0.0
2024-10-18T15:44:00.000+02:00,661.28,26.9,41.55,0.0,70.09,0,0,0.0,0.0
2024-10-18T15:45:00.000+02:00,659.46,26.9,41.52,0.0,70.09,0,0,0.0,0.0
2024-10-18T15:46:00.000+02:00,657.65,26.9,41.49,0.0,70.09,0,0,0.0,0.0
2024-10-18T15:47:00.000+02:00,655.85,26.89,41.46,0.0,70.09,0,0,0.0,0.0
2024-10-18T15:48:00.000+02:00,654.06,26.89,41.43,0.0,70.09,0,0,0.0,0.0
2024-10-18T15:49:00.000+02:00,652.28,26.88,41.4,0.0,70.09,0,0,0.0,0.0
2024-10-18T15:50:00.000+02:00,650.51,26.88,41.37,0.0,70.09,0,0,0.0,0.0
2024-10-18T15:51:00.000+02:00,648.75,26.87,41.34,0.0,70.09,0,0,0.0,0.0
2024-10-18T15:52:00.000+02:00,647.0,26.87,41.31,0.0,70.09,0,0,0.0,0.0
2024-10-18T15:53:00.000+02:00,645.26,26.86,41.28,0.0,70.09,0,0,0.0,0.0
2024-10-18T15:54:00.000+02:00,643.53,26.86,41.25,0.0,70.09,0,0,0.0,0.0
2024-10-18T15:55:00.000+02:00,641.8,26.85,41.22,0.0,70.09,0,0,0.0,0.0
2024-10-18T15:56:00.000+02:00,640.09,26.85,41.19,0.0,70.09,0,0,0.0,0.0
2024-10-18T15:57:00.000+02:00,638.38,26.84,41.16,0.0,70.09,0,0,0.0,0.0
2024-10-18T15:58:00.000+02:00,636.69,26.84,41.13,0.0,70.09,0,0,0.0,0.0
2024-10-18T15:59:00.000+02:00,635.0,26.83,41.1,0.0,70.09,0,0,0.0,0.0
2024-10-18T16:00:00.000+02:00,633.32,26.83,41.07,0.0,70.09,0,0,0.0,0.0
2024-10-18T16:01:00.000+02:00,631.66,26.83,41.05,0.0,70.09,0,0,0.0,0.0
2024-10-18T16:02:00.000+02:00,630.0,26.82,41.02,0.0,70.09,0,0,0.0,0.0
2024-10-18T16:03:00.000+02:00,628.35,26.82,40.99,0.0,70.09,0,0,0.0,0.0
2024-10-18T16:04:00.000+02:00,626.71,26.81,40.96,0.0,70.09,0,0,0.0,0.0
2024-10-18T16:05:00.000+02:00,625.07,26.81,40.93,0.0,70.09,0,0,0.0,0.0
2024-10-18T16:06:00.000+02:00,623.45,26.8,40.9,0.0,70.09,0,0,0.0,0.0
2024-10-18T16:07:00.000+02:00,621.84,26.8,40.87,0.0,70.09,0,0,0.0,0.0
2024-10-18T16:08:00.000+02:00,620.23,26.79,40.84,0.0,70.09,0,0,0.0,0.0
2024-10-18T16:09:00.000+02:00,618.63,26.79,40.81,0.0,70.09,0,0,0.0,0.0
2024-10-18T16:10:00.000+02:00,617.05,26.79,40.79,0.0,70.09,0,0,0.0,0.0
2024-10-18T16:11:00.000+02:00,615.47,26.78,40.76,0.0,70.09,0,0,0.0,0.0
2024-10-18T16:12:00.000+02:00,613.9,26.78,40.73,0.0,70.09,0,0,0.0,0.0
2024-10-18T16:13:00.000+02:00,612.33,26.77,40.7,0.0,70.09,0,0,0.0,0.0
2024-10-18T16:14:00.000+02:00,610.78,26.77,40.67,0.0,70.09,0,0,0.0,0.0
2024-10-18T16:15:00.000+02:00,609.23,26.76,40.64,0.0,70.09,0,0,0.0,0.0
2024-10-18T16:16:00.000+02:00,607.7,26.76,40.61,0.0,70.09,0,0,0.0,0.0
2024-10-18T16:17:00.000+02:00,606.17,26.76,40.58,0.0,70.09,0,0,0.0,0.0
2024-10-18T16:18:00.000+02:00,604.65,26.75,40.55,0.0,70.09,0,0,0.0,0.0
2024-10-18T16:19:00.000+02:00,603.13,26.75,40.53,0.0,70.09,0,0,0.0,0.0
2024-10-18T16:20:00.000+02:00,601.63,26.74,40.5,0.0,70.09,0,0,0.0,0.0
2024-10-18T16:21:00.000+02:00,600.13,26.74,40.47,0.0,70.09,0,0,0.0,0.0
2024-10-18T16:22:00.000+02:00,598.65,26.73,40.44,0.0,70.09,0,0,0.0,0.0
2024-10-18T16:23:00.000+02:00,597.17,26.73,40.41,0.0,70.09,0,0,0.0,0.0
2024-10-18T16:24:00.000+02:00,595.69,26.73,40.38,0.0,70.09,0,0,0.0,0.0
2024-10-18T16:25:00.000+02:00,594.23,26.72,40.35,0.0,70.09,0,0,0.0,0.0
2024-10-18T16:26:00.000+02:00,592.77,26.72,40.32,0.0,70.09,0,0,0.0,0.0
2024-10-18T16:27:00.000+02:00,591.33,26.71,40.3,0.0,70.09,0,0,0.0,0.0
2024-10-18T16:28:00.000+02:00,589.89,26.71,40.27,0.0,70.09,0,0,0.0,0.0
2024-10-18T16:29:00.000+02:00,588.45,26.71,40.24,0.0,70.09,0,0,0.0,0.0
2024-10-18T16:30:00.000+02:00,587.03,26.7,40.21,0.0,70.09,0,0,0.0,0.0
2024-10-18T16:31:00.000+02:00,585.61,26.7,40.18,0.0,70.09,0,0,0.0,0.0
2024-10-18T16:32:00.000+02:00,584.2,26.69,40.15,0.0,70.09,0,0,0.0,0.0
2024-10-18T16:33:00.000+02:00,582.8,26.69,40.13,0.0,70.09,0,0,0.0,0.0
2024-10-18T16:34:00.000+02:00,581.41,26.69,40.1,0.0,70.09,0,0,0.0,0.0
2024-10-18T16:35:00.000+02:00,580.02,26.68,40.07,0.0,70.09,0,0,0.0,0.0
2024-10-18T16:36:00.000+02:00,578.64,26.68,40.04,0.0,70.09,0,0,0.0,0.0
2024-10-18T16:37:00.000+02:00,577.27,26.68,40.01,0.0,70.09,0,0,0.0,0.0
2024-10-18T16:38:00.000+02:00,575.91,26.67,39.98,0.0,70.09,0,0,0.0,0.0
2024-10-18T16:39:00.000+02:00,574.55,26.67,39.95,0.0,70.09,0,0,0.0,0.0
2024-10-18T16:40:00.000+02:00,573.2,26.66,39.92,0.0,70.09,0,0,0.0,0.0
2024-10-18T16:41:00.000+02:00,571.86,26.66,39.9,0.0,70.09,0,0,0.0,0.0
2024-10-18T16:42:00.000+02:00,570.53,26.66,39.87,0.0,70.09,0,0,0.0,0.0
2024-10-18T16:43:00.000+02:00,569.2,26.65,39.84,0.0,70.09,0,0,0.0,0.0
2024-10-18T16:44:00.000+02:00,567.88,26.65,39.81,0.0,70.09,0,0,0.0,0.0
2024-10-18T16:45:00.000+02:00,566.57,26.65,39.78,0.0,70.09,0,0,0.0,0.0
2024-10-18T16:46:00.000+02:00,565.26,26.64,39.75,0.0,70.09,0,0,0.0,0.0
2024-10-18T16:47:00.000+02:00,563.96,26.64,39.72,0.0,70.09,0,0,0.0,0.0
2024-10-18T16:48:00.000+02:00,562.67,26.64,39.69,0.0,70.09,0,0,0.0,0.0
2024-10-18T16:49:00.000+02:00,561.39,26.63,39.67,0.0,70.09,0,0,0.0,0.0
2024-10-18T16:50:00.000+02:00,560.11,26.63,39.64,0.0,70.09,0,0,0.0,0.0
2024-10-18T16:51:00.000+02:00,558.84,26.63,39.61,0.0,70.09,0,0,0.0,0.0
2024-10-18T16:52:00.000+02:00,557.57,26.62,39.58,0.0,70.09,0,0,0.0,0.0
2024-10-18T16:53:00.000+02:00,556.32,26.62,39.55,0.0,70.09,0,0,0.0,0.0
2024-10-18T16:54:00.000+02:00,555.07,26.62,39.52,0.0,70.09,0,0,0.0,0.0
2024-10-18T16:55:00.000+02:00,553.82,26.61,39.49,0.0,70.09,0,0,0.0,0.0
2024-10-18T16:56:00.000+02:00,552.59,26.61,39.46,0.0,70.09,0,0,0.0,0.0
2024-10-18T16:57:00.000+02:00,551.36,26.61,39.43,0.0,70.09,0,0,0.0,0.0
2024-10-18T16:58:00.000+02:00,550.13,26.6,39.41,0.0,70.09,0,0,0.0,0.0
2024-10-18T16:59:00.000+02:00,548.92,26.6,39.38,0.0,70.09,0,0,0.0,0.0
2024-10-18T17:00:00.000+02:00,547.71,26.6,39.35,0.0,70.09,0,0,0.0,0.0
2024-10-18T17:01:00.000+02:00,546.5,26.59,39.32,0.0,70.09,0,0,0.0,0.0
2024-10-18T17:02:00.000+02:00,545.31,26.59,39.29,0.0,70.09,0,0,0.0,0.0
2024-10-18T17:03:00.000+02:00,544.12,26.59,39.26,0.0,70.09,0,0,0.0,0.0
2024-10-18T17:04:00.000+02:00,542.93,26.58,39.24,0.0,70.09,0,0,0.0,0.0
2024-10-18T17:05:00.000+02:00,541.76,26.58,39.21,0.0,70.09,0,0,0.0,0.0
2024-10-18T17:06:00.000+02:00,540.58,26.58,39.18,0.0,70.09,0,0,0.0,0.0
2024-10-18T17:07:00.000+02:00,539.42,26.57,39.15,0.0,70.09,0,0,0.0,0.0
2024-10-18T17:08:00.000+02:00,538.26,26.57,39.13,0.0,70.09,0,0,0.0,0.0
2024-10-18T17:09:00.000+02:00,537.11,26.57,39.1,0.0,70.09,0,0,0.0,0.0
2024-10-18T17:10:00.000+02:00,535.96,26.56,39.08,0.0,70.09,0,0,0.0,0.0
2024-10-18T17:11:00.000+02:00,534.82,26.56,39.05,0.0,70.09,0,0,0.0,0.0
2024-10-18T17:12:00.000+02:00,533.69,26.56,39.02,0.0,70.09,0,0,0.0,0.0
2024-10-18T17:13:00.000+02:00,532.56,26.56,39.0,0.0,70.09,0,0,0.0,0.0
2024-10-18T17:14:00.000+02:00,531.44,26.55,38.97,0.0,70.09,0,0,0.0,0.0
2024-10-18T17:15:00.000+02:00,530.33,26.55,38.95,0.0,70.09,0,0,0.0,0.0
2024-10-18T17:16:00.000+02:00,529.22,26.55,38.92,0.0,70.09,0,0,0.0,0.0
2024-10-18T17:17:00.000+02:00,528.12,26.54,38.9,0.0,70.09,0,0,0.0,0.0
2024-10-18T17:18:00.000+02:00,527.02,26.54,38.87,0.0,70.09,0,0,0.0,0.0
2024-10-18T17:19:00.000+02:00,525.93,26.54,38.85,0.0,70.09,0,0,0.0,0.0
2024-10-18T17:20:00.000+02:00,524.84,26.53,38.82,0.0,70.09,0,0,0.0,0.0
2024-10-18T17:21:00.000+02:00,523.77,26.53,38.8,0.0,70.09,0,0,0.0,0.0
2024-10-18T17:22:00.000+02:00,522.69,26.53,38.78,0.0,70.09,0,0,0.0,0.0
2024-10-18T17:23:00.000+02:00,521.63,26.52,38.75,0.0,70.09,0,0,0.0,0.0
2024-10-18T17:24:00.000+02:00,520.56,26.52,38.73,0.0,70.09,0,0,0.0,0.0
2024-10-18T17:25:00.000+02:00,519.51,26.52,38.71,0.0,70.09,0,0,0.0,0.0
2024-10-18T17:26:00.000+02:00,518.46,26.51,38.68,0.0,70.09,0,0,0.0,0.0
2024-10-18T17:27:00.000+02:00,517.41,26.51,38.66,0.0,70.09,0,0,0.0,0.0
2024-10-18T17:28:00.000+02:00,516.38,26.51,38.64,0.0,70.09,0,0,0.0,0.0
2024-10-18T17:29:00.000+02:00,515.34,26.5,38.62,0.0,70.09,0,0,0.0,0.0
2024-10-18T17:30:00.000+02:00,514.32,26.5,38.59,0.0,70.09,0,0,0.0,0.0
2024-10-18T17:31:00.000+02:00,513.29,26.5,38.57,0.0,70.09,0,0,0.0,0.0
2024-10-18T17:32:00.000+02:00,512.28,26.49,38.55,0.0,70.09,0,0,0.0,0.0
2024-10-18T17:33:00.000+02:00,511.27,26.49,38.53,0.0,70.09,0,0,0.0,0.0
2024-10-18T17:34:00.000+02:00,510.26,26.49,38.51,0.0,70.09,0,0,0.0,0.0
2024-10-18T17:35:00.000+02:00,509.26,26.49,38.49,0.0,70.09,0,0,0.0,0.0
2024-10-18T17:36:00.000+02:00,508.27,26.48,38.46,0.0,70.09,0,0,0.0,0.0
2024-10-18T17:37:00.000+02:00,507.28,26.48,38.44,0.0,70.09,0,0,0.0,0.0
2024-10-18T17:38:00.000+02:00,506.3,26.48,38.42,0.0,70.09,0,0,0.0,0.0
2024-10-18T17:39:00.000+02:00,505.32,26.47,38.4,0.0,70.09,0,0,0.0,0.0
2024-10-18T17:40:00.000+02:00,504.35,26.47,38.38,0.0,70.09,0,0,0.0,0.0
2024-10-18T17:41:00.000+02:00,503.38,26.47,38.36,0.0,70.09,0,0,0.0,0.0
2024-10-18T17:42:00.000+02:00,502.42,26.46,38.34,0.0,70.09,0,0,0.0,0.0
2024-10-18T17:43:00.000+02:00,501.46,26.46,38.32,0.0,70.09,0,0,0.0,0.0
2024-10-18T17:44:00.000+02:00,500.51,26.46,38.3,0.0,70.09,0,0,0.0,0.0
2024-10-18T17:45:00.000+02:00,499.56,26.45,38.28,0.0,70.09,0,0,0.0,0.0
2024-10-18T17:46:00.000+02:00,498.62,26.45,38.26,0.0,70.09,0,0,0.0,0.0
2024-10-18T17:47:00.000+02:00,497.69,26.45,38.24,0.0,70.09,0,0,0.0,0.0
2024-10-18T17:48:00.000+02:00,496.75,26.45,38.22,0.0,70.09,0,0,0.0,0.0
2024-10-18T17:49:00.000+02:00,495.83,26.44,38.2,0.0,70.09,0,0,0.0,0.0
2024-10-18T17:50:00.000+02:00,494.91,26.44,38.19,0.0,70.09,0,0,0.0,0.0
2024-10-18T17:51:00.000+02:00,493.99,26.44,38.17,0.0,70.09,0,0,0.0,0.0
2024-10-18T17:52:00.000+02:00,493.08,26.43,38.15,0.0,70.09,0,0,0.0,0.0
2024-10-18T17:53:00.000+02:00,492.17,26.43,38.13,0.0,70.09,0,0,0.0,0.0
2024-10-18T17:54:00.000+02:00,491.27,26.43,38.11,0.0,70.09,0,0,0.0,0.0
2024-10-18T17:55:00.000+02:00,490.38,26.42,38.09,0.0,70.09,0,0,0.0,0.0
2024-10-18T17:56:00.000+02:00,489.49,26.42,38.08,0.0,70.09,0,0,0.0,0.0
2024-10-18T17:57:00.000+02:00,488.6,26.42,38.06,0.0,70.09,0,0,0.0,0.0
2024-10-18T17:58:00.000+02:00,487.72,26.41,38.04,0.0,70.09,0,0,0.0,0.0
2024-10-18T17:59:00.000+02:00,486.84,26.41,38.02,0.0,70.09,0,0,0.0,0.0
2024-10-18T18:00:00.000+02:00,485.97,26.41,38.01,0.0,70.09,0,0,0.0,0.0
2024-10-18T18:01:00.000+02:00,485.1,26.41,37.99,0.0,70.09,0,0,0.0,0.0
2024-10-18T18:02:00.000+02:00,484.24,26.4,37.97,0.0,70.09,0,0,0.0,0.0
2024-10-18T18:03:00.000+02:00,483.38,26.4,37.96,0.0,70.09,0,0,0.0,0.0
2024-10-18T18:04:00.000+02:00,482.53,26.4,37.94,0.0,70.09,0,0,0.0,0.0
2024-10-18T18:05:00.000+02:00,481.68,26.39,37.92,0.0,70.09,0,0,0.0,0.0
2024-10-18T18:06:00.000+02:00,480.84,26.39,37.91,0.0,70.09,0,0,0.0,0.0
2024-10-18T18:07:00.000+02:00,480.0,26.39,37.89,0.0,70.09,0,0,0.0,0.0
2024-10-18T18:08:00.000+02:00,479.16,26.38,37.87,0.0,70.09,0,0,0.0,0.0
2024-10-18T18:09:00.000+02:00,478.33,26.38,37.86,0.0,70.09,0,0,0.0,0.0
2024-10-18T18:10:00.000+02:00,477.51,26.38,37.84,0.0,70.09,0,0,0.0,0.0
2024-10-18T18:11:00.000+02:00,476.68,26.38,37.82,0.0,70.09,0,0,0.0,0.0
2024-10-18T18:12:00.000+02:00,475.87,26.37,37.81,0.0,70.09,0,0,0.0,0.0
2024-10-18T18:13:00.000+02:00,475.06,26.37,37.79,0.0,70.09,0,0,0.0,0.0
2024-10-18T18:14:00.000+02:00,474.25,26.37,37.77,0.0,70.09,0,0,0.0,0.0
2024-10-18T18:15:00.000+02:00,473.44,26.37,37.76,0.0,70.09,0,0,0.0,0.0
2024-10-18T18:16:00.000+02:00,472.65,26.36,37.74,0.0,70.09,0,0,0.0,0.0
2024-10-18T18:17:00.000+02:00,471.85,26.36,37.73,0.0,70.09,0,0,0.0,0.0
2024-10-18T18:18:00.000+02:00,471.06,26.36,37.71,0.0,70.09,0,0,0.0,0.0
2024-10-18T18:19:00.000+02:00,470.27,26.35,37.7,0.0,70.09,0,0,0.0,0.0
2024-10-18T18:20:00.000+02:00,469.49,26.35,37.68,0.0,70.09,0,0,0.0,0.0
2024-10-18T18:21:00.000+02:00,468.71,26.35,37.67,0.0,70.09,0,0,0.0,0.0
2024-10-18T18:22:00.000+02:00,467.94,26.35,37.65,0.0,70.09,0,0,0.0,0.0
2024-10-18T18:23:00.000+02:00,467.17,26.34,37.63,0.0,70.09,0,0,0.0,0.0
2024-10-18T18:24:00.000+02:00,466.41,26.34,37.62,0.0,70.09,0,0,0.0,0.0
2024-10-18T18:25:00.000+02:00,465.65,26.34,37.6,0.0,70.09,0,0,0.0,0.0
2024-10-18T18:26:00.000+02:00,464.89,26.34,37.59,0.0,70.09,0,0,0.0,0.0
2024-10-18T18:27:00.000+02:00,464.14,26.33,37.57,0.0,70.09,0,0,0.0,0.0
2024-10-18T18:28:00.000+02:00,463.39,26.33,37.56,0.0,70.09,0,0,0.0,0.0
2024-10-18T18:29:00.000+02:00,462.64,26.33,37.55,0.0,70.09,0,0,0.0,0.0
2024-10-18T18:30:00.000+02:00,461.9,26.32,37.53,0.0,70.09,0,0,0.0,0.0
2024-10-18T18:31:00.000+02:00,461.17,26.32,37.52,0.0,70.09,0,0,0.0,0.0
2024-10-18T18:32:00.000+02:00,460.44,26.32,37.5,0.0,70.09,0,0,0.0,0.0
2024-10-18T18:33:00.000+02:00,459.71,26.32,37.49,0.0,70.09,0,0,0.0,0.0
2024-10-18T18:34:00.000+02:00,458.98,26.31,37.47,0.0,70.09,0,0,0.0,0.0
2024-10-18T18:35:00.000+02:00,458.26,26.31,37.46,0.0,70.09,0,0,0.0,0.0
2024-10-18T18:36:00.000+02:00,457.55,26.31,37.45,0.0,70.09,0,0,0.0,0.0
2024-10-18T18:37:00.000+02:00,456.83,26.31,37.43,0.0,70.09,0,0,0.0,0.0
2024-10-18T18:38:00.000+02:00,456.13,26.3,37.42,0.0,70.09,0,0,0.0,0.0
2024-10-18T18:39:00.000+02:00,455.42,26.3,37.41,0.0,70.09,0,0,0.0,0.0
2024-10-18T18:40:00.000+02:00,454.72,26.3,37.39,0.0,70.09,0,0,0.0,0.0
2024-10-18T18:41:00.000+02:00,454.02,26.3,37.38,0.0,70.09,0,0,0.0,0.0
2024-10-18T18:42:00.000+02:00,453.33,26.29,37.36,0.0,70.09,0,0,0.0,0.0
2024-10-18T18:43:00.000+02:00,452.64,26.29,37.35,0.0,70.09,0,0,0.0,0.0
2024-10-18T18:44:00.000+02:00,451.95,26.29,37.34,0.0,70.09,0,0,0.0,0.0
2024-10-18T18:45:00.000+02:00,451.27,26.29,37.33,0.0,70.09,0,0,0.0,0.0
2024-10-18T18:46:00.000+02:00,450.59,26.28,37.31,0.0,70.09,0,0,0.0,0.0
2024-10-18T18:47:00.000+02:00,449.92,26.28,37.3,0.0,70.09,0,0,0.0,0.0
2024-10-18T18:48:00.000+02:00,449.25,26.28,37.29,0.0,70.09,0,0,0.0,0.0
2024-10-18T18:49:00.000+02:00,448.58,26.28,37.27,0.0,70.09,0,0,0.0,0.0
2024-10-18T18:50:00.000+02:00,447.92,26.27,37.26,0.0,70.09,0,0,0.0,0.0
2024-10-18T18:51:00.000+02:00,447.26,26.27,37.25,0.0,70.09,0,0,0.0,0.0
2024-10-18T18:52:00.000+02:00,446.6,26.27,37.24,0.0,70.09,0,0,0.0,0.0
2024-10-18T18:53:00.000+02:00,445.95,26.27,37.22,0.0,70.09,0,0,0.0,0.0
2024-10-18T18:54:00.000+02:00,445.3,26.26,37.21,0.0,70.09,0,0,0.0,0.0
2024-10-18T18:55:00.000+02:00,444.65,26.26,37.2,0.0,70.09,0,0,0.0,0.0
2024-10-18T18:56:00.000+02:00,444.01,26.26,37.19,0.0,70.09,0,0,0.0,0.0
2024-10-18T18:57:00.000+02:00,443.37,26.26,37.18,0.0,70.09,0,0,0.0,0.0
2024-10-18T18:58:00.000+02:00,442.74,26.25,37.16,0.0,70.09,0,0,0.0,0.0
2024-10-18T18:59:00.000+02:00,442.1,26.25,37.15,0.0,70.09,0,0,0.0,0.0
2024-10-18T19:00:00.000+02:00,441.48,26.25,37.14,0.0,70.09,0,0,0.0,0.0
2024-10-18T19:01:00.000+02:00,440.85,26.25,37.13,0.0,70.09,0,0,0.0,0.0
2024-10-18T19:02:00.000+02:00,440.23,26.24,37.12,0.0,70.09,0,0,0.0,0.0
2024-10-18T19:03:00.000+02:00,439.61,26.24,37.11,0.0,70.09,0,0,0.0,0.0
2024-10-18T19:04:00.000+02:00,439.0,26.24,37.1,0.0,70.09,0,0,0.0,0.0
2024-10-18T19:05:00.000+02:00,438.38,26.24,37.08,0.0,70.09,0,0,0.0,0.0
2024-10-18T19:06:00.000+02:00,437.78,26.23,37.07,0.0,70.09,0,0,0.0,0.0
2024-10-18T19:07:00.000+02:00,437.17,26.23,37.06,0.0,70.09,0,0,0.0,0.0
2024-10-18T19:08:00.000+02:00,436.57,26.23,37.05,0.0,70.09,0,0,0.0,0.0
2024-10-18T19:09:00.000+02:00,435.97,26.23,37.04,0.0,70.09,0,0,0.0,0.0
2024-10-18T19:10:00.000+02:00,435.38,26.22,37.03,0.0,70.09,0,0,0.0,0.0
2024-10-18T19:11:00.000+02:00,434.78,26.22,37.02,0.0,70.09,0,0,0.0,0.0
2024-10-18T19:12:00.000+02:00,434.2,26.22,37.01,0.0,70.09,0,0,0.0,0.0
2024-10-18T19:13:00.000+02:00,433.61,26.22,37.0,0.0,70.09,0,0,0.0,0.0
2024-10-18T19:14:00.000+02:00,433.03,26.21,36.99,0.0,70.09,0,0,0.0,0.0
2024-10-18T19:15:00.000+02:00,432.45,26.21,36.98,0.0,70.09,0,0,0.0,0.0
2024-10-18T19:16:00.000+02:00,431.87,26.21,36.97,0.0,70.09,0,0,0.0,0.0
2024-10-18T19:17:00.000+02:00,431.3,26.21,36.96,0.0,70.09,0,0,0.0,0.0
2024-10-18T19:18:00.000+02:00,430.73,26.2,36.95,0.0,70.09,0,0,0.0,0.0
2024-10-18T19:19:00.000+02:00,430.16,26.2,36.94,0.0,70.09,0,0,0.0,0.0
2024-10-18T19:20:00.000+02:00,429.6,26.2,36.93,0.0,70.09,0,0,0.0,0.0
2024-10-18T19:21:00.000+02:00,429.04,26.2,36.92,0.0,70.09,0,0,0.0,0.0
2024-10-18T19:22:00.000+02:00,428.48,26.19,36.91,0.0,70.09,0,0,0.0,0.0
2024-10-18T19:23:00.000+02:00,427.93,26.19,36.9,0.0,70.09,0,0,0.0,0.0
2024-10-18T19:24:00.000+02:00,427.38,26.19,36.9,0.0,70.09,0,0,0.0,0.0
2024-10-18T19:25:00.000+02:00,426.83,26.19,36.89,0.0,70.09,0,0,0.0,0.0
2024-10-18T19:26:00.000+02:00,426.28,26.18,36.88,0.0,70.09,0,0,0.0,0.0
2024-10-18T19:27:00.000+02:00,425.74,26.18,36.87,0.0,70.09,0,0,0.0,0.0
2024-10-18T19:28:00.000+02:00,425.2,26.18,36.86,0.0,70.09,0,0,0.0,0.0
2024-10-18T19:29:00.000+02:00,424.67,26.18,36.85,0.0,70.09,0,0,0.0,0.0
2024-10-18T19:30:00.000+02:00,424.13,26.17,36.84,0.0,70.09,0,0,0.0,0.0
2024-10-18T19:31:00.000+02:00,423.6,26.17,36.83,0.0,70.09,0,0,0.0,0.0
2024-10-18T19:32:00.000+02:00,423.07,26.17,36.83,0.0,70.09,0,0,0.0,0.0
2024-10-18T19:33:00.000+02:00,422.55,26.17,36.82,0.0,70.09,0,0,0.0,0.0
2024-10-18T19:34:00.000+02:00,422.03,26.16,36.81,0.0,70.09,0,0,0.0,0.0
2024-10-18T19:35:00.000+02:00,421.51,26.16,36.8,0.0,70.09,0,0,0.0,0.0
2024-10-18T19:36:00.000+02:00,420.99,26.16,36.79,0.0,70.09,0,0,0.0,0.0
2024-10-18T19:37:00.000+02:00,420.48,26.16,36.79,0.0,70.09,0,0,0.0,0.0
2024-10-18T19:38:00.000+02:00,419.97,26.15,36.78,0.0,70.09,0,0,0.0,0.0
2024-10-18T19:39:00.000+02:00,419.46,26.15,36.77,0.0,70.09,0,0,0.0,0.0
2024-10-18T19:40:00.000+02:00,418.96,26.15,36.76,0.0,70.09,0,0,0.0,0.0
2024-10-18T19:41:00.000+02:00,418.45,26.15,36.76,0.0,70.09,0,0,0.0,0.0
2024-10-18T19:42:00.000+02:00,417.95,26.14,36.75,0.0,70.09,0,0,0.0,0.0
2024-10-18T19:43:00.000+02:00,417.46,26.14,36.74,0.0,70.09,0,0,0.0,0.0
2024-10-18T19:44:00.000+02:00,416.96,26.14,36.73,0.0,70.09,0,0,0.0,0.0
2024-10-18T19:45:00.000+02:00,416.47,26.14,36.73,0.0,70.09,0,0,0.0,0.0
2024-10-18T19:46:00.000+02:00,415.98,26.13,36.72,0.0,70.09,0,0,0.0,0.0
2024-10-18T19:47:00.000+02:00,415.5,26.13,36.71,0.0,70.09,0,0,0.0,0.0
2024-10-18T19:48:00.000+02:00,415.01,26.13,36.71,0.0,70.09,0,0,0.0,0.0
2024-10-18T19:49:00.000+02:00,414.53,26.13,36.7,0.0,70.09,0,0,0.0,0.0
2024-10-18T19:50:00.000+02:00,414.05,26.12,36.69,0.0,70.09,0,0,0.0,0.0
2024-10-18T19:51:00.000+02:00,413.58,26.12,36.69,0.0,70.09,0,0,0.0,0.0
2024-10-18T19:52:00.000+02:00,413.1,26.12,36.68,0.0,70.09,0,0,0.0,0.0
2024-10-18T19:53:00.000+02:00,412.63,26.12,36.67,0.0,70.09,0,0,0.0,0.0
2024-10-18T19:54:00.000+02:00,412.16,26.11,36.67,0.0,70.09,0,0,0.0,0.0
2024-10-18T19:55:00.000+02:00,411.7,26.11,36.66,0.0,70.09,0,0,0.0,0.0
2024-10-18T19:56:00.000+02:00,411.24,26.11,36.66,0.0,70.09,0,0,0.0,0.0
2024-10-18T19:57:00.000+02:00,410.78,26.11,36.65,0.0,70.09,0,0,0.0,0.0
2024-10-18T19:58:00.000+02:00,410.32,26.1,36.64,0.0,70.09,0,0,0.0,0.0
2024-10-18T19:59:00.000+02:00,409.86,26.1,36.64,0.0,70.09,0,0,0.0,0.0
2024-10-18T20:00:00.000+02:00,409.41,26.1,36.63,0.0,70.09,0,0,0.0,0.0
2024-10-18T20:01:00.000+02:00,408.96,26.1,36.63,0.0,70.09,0,0,0.0,0.0
2024-10-18T20:02:00.000+02:00,408.51,26.09,36.62,0.0,70.09,0,0,0.0,0.0
2024-10-18T20:03:00.000+02:00,408.07,26.09,36.62,0.0,70.09,0,0,0.0,0.0
2024-10-18T20:04:00.000+02:00,407.62,26.09,36.61,0.0,70.09,0,0,0.0,0.0
2024-10-18T20:05:00.000+02:00,407.18,26.09,36.61,0.0,70.09,0,0,0.0,0.0
2024-10-18T20:06:00.000+02:00,406.74,26.09,36.6,0.0,70.09,0,0,0.0,0.0
2024-10-18T20:07:00.000+02:00,406.31,26.08,36.6,0.0,70.09,0,0,0.0,0.0
2024-10-18T20:08:00.000+02:00,405.87,26.08,36.59,0.0,70.09,0,0,0.0,0.0
2024-10-18T20:09:00.000+02:00,405.44,26.08,36.59,0.0,70.09,0,0,0.0,0.0
2024-10-18T20:10:00.000+02:00,405.01,26.08,36.58,0.0,70.09,0,0,0.0,0.0
2024-10-18T20:11:00.000+02:00,404.59,26.07,36.58,0.0,70.09,0,0,0.0,0.0
2024-10-18T20:12:00.000+02:00,404.16,26.07,36.57,0.0,70.09,0,0,0.0,0.0
2024-10-18T20:13:00.000+02:00,403.74,26.07,36.57,0.0,70.09,0,0,0.0,0.0
2024-10-18T20:14:00.000+02:00,403.32,26.07,36.56,0.0,70.09,0,0,0.0,0.0
2024-10-18T20:15:00.000+02:00,402.91,26.06,36.56,0.0,70.09,0,0,0.0,0.0
2024-10-18T20:16:00.000+02:00,402.49,26.06,36.55,0.0,70.09,0,0,0.0,0.0
2024-10-18T20:17:00.000+02:00,402.08,26.06,36.55,0.0,70.09,0,0,0.0,0.0
2024-10-18T20:18:00.000+02:00,401.67,26.06,36.54,0.0,70.09,0,0,0.0,0.0
2024-10-18T20:19:00.000+02:00,401.26,26.05,36.54,0.0,70.09,0,0,0.0,0.0
2024-10-18T20:20:00.000+02:00,400.85,26.05,36.54,0.0,70.09,0,0,0.0,0.0
2024-10-18T20:21:00.000+02:00,400.45,26.05,36.53,0.0,70.09,0,0,0.0,0.0
2024-10-18T20:22:00.000+02:00,400.05,26.05,36.53,0.0,70.09,0,0,0.0,0.0
2024-10-18T20:23:00.000+02:00,399.65,26.04,36.52,0.0,70.09,0,0,0.0,0.0
2024-10-18T20:24:00.000+02:00,399.25,26.04,36.52,0.0,70.09,0,0,0.0,0.0
2024-10-18T20:25:00.000+02:00,398.86,26.04,36.52,0.0,70.09,0,0,0.0,0.0
2024-10-18T20:26:00.000+02:00,398.46,26.04,36.51,0.0,70.09,0,0,0.0,0.0
2024-10-18T20:27:00.000+02:00,398.07,26.03,36.51,0.0,70.09,0,0,0.0,0.0
2024-10-18T20:28:00.000+02:00,397.68,26.03,36.51,0.0,70.09,0,0,0.0,0.0
2024-10-18T20:29:00.000+02:00,397.3,26.03,36.5,0.0,70.09,0,0,0.0,0.0
2024-10-18T20:30:00.000+02:00,396.91,26.03,36.5,0.0,70.09,0,0,0.0,0.0
2024-10-18T20:31:00.000+02:00,396.53,26.02,36.5,0.0,70.09,0,0,0.0,0.0
2024-10-18T20:32:00.000+02:00,396.15,26.02,36.49,0.0,70.09,0,0,0.0,0.0
2024-10-18T20:33:00.000+02:00,395.77,26.02,36.49,0.0,70.09,0,0,0.0,0.0
2024-10-18T20:34:00.000+02:00,395.4,26.02,36.49,0.0,70.09,0,0,0.0,0.0
2024-10-18T20:35:00.000+02:00,395.02,26.01,36.48,0.0,70.09,0,0,0.0,0.0
2024-10-18T20:36:00.000+02:00,394.65,26.01,36.48,0.0,70.09,0,0,0.0,0.0
2024-10-18T20:37:00.000+02:00,394.28,26.01,36.48,0.0,70.09,0,0,0.0,0.0
2024-10-18T20:38:00.000+02:00,393.91,26.01,36.47,0.0,70.09,0,0,0.0,0.0
2024-10-18T20:39:00.000+02:00,393.55,26.0,36.47,0.0,70.09,0,0,0.0,0.0
2024-10-18T20:40:00.000+02:00,393.18,26.0,36.47,0.0,70.09,0,0,0.0,0.0
2024-10-18T20:41:00.000+02:00,392.82,26.0,36.46,0.0,70.09,0,0,0.0,0.0
2024-10-18T20:42:00.000+02:00,392.46,26.0,36.46,0.0,70.09,0,0,0.0,0.0
2024-10-18T20:43:00.000+02:00,392.1,25.99,36.46,0.0,70.09,0,0,0.0,0.0
2024-10-18T20:44:00.000+02:00,391.75,25.99,36.46,0.0,70.09,0,0,0.0,0.0
2024-10-18T20:45:00.000+02:00,391.39,25.99,36.45,0.0,70.09,0,0,0.0,0.0
2024-10-18T20:46:00.000+02:00,391.04,25.99,36.45,0.0,70.09,0,0,0.0,0.0
2024-10-18T20:47:00.000+02:00,390.69,25.98,36.45,0.0,70.09,0,0,0.0,0.0
2024-10-18T20:48:00.000+02:00,390.34,25.98,36.45,0.0,70.09,0,0,0.0,0.0
2024-10-18T20:49:00.000+02:00,390.0,25.98,36.44,0.0,70.09,0,0,0.0,0.0
2024-10-18T20:50:00.000+02:00,389.65,25.98,36.44,0.0,70.09,0,0,0.0,0.0
2024-10-18T20:51:00.000+02:00,389.31,25.97,36.44,0.0,70.09,0,0,0.0,0.0
2024-10-18T20:52:00.000+02:00,388.97,25.97,36.44,0.0,70.09,0,0,0.0,0.0
2024-10-18T20:53:00.000+02:00,388.63,25.97,36.44,0.0,70.09,0,0,0.0,0.0
2024-10-18T20:54:00.000+02:00,388.29,25.97,36.43,0.0,70.09,0,0,0.0,0.0
2024-10-18T20:55:00.000+02:00,387.96,25.96,36.43,0.0,70.09,0,0,0.0,0.0
2024-10-18T20:56:00.000+02:00,387.62,25.96,36.43,0.0,70.09,0,0,0.0,0.0
2024-10-18T20:57:00.000+02:00,387.29,25.96,36.43,0.0,70.09,0,0,0.0,0.0
2024-10-18T20:58:00.000+02:00,386.96,25.96,36.43,0.0,70.09,0,0,0.0,0.0
2024-10-18T20:59:00.000+02:00,386.63,25.95,36.42,0.0,70.09,0,0,0.0,0.0
2024-10-18T21:00:00.000+02:00,386.31,25.95,36.42,0.0,70.09,0,0,0.0,0.0
2024-10-18T21:01:00.000+02:00,385.98,25.95,36.42,0.0,70.09,0,0,0.0,0.0
2024-10-18T21:02:00.000+02:00,385.66,25.95,36.42,0.0,70.09,0,0,0.0,0.0
2024-10-18T21:03:00.000+02:00,385.34,25.94,36.42,0.0,70.09,0,0,0.0,0.0
2024-10-18T21:04:00.000+02:00,385.02,25.94,36.42,0.0,70.09,0,0,0.0,0.0
2024-10-18T21:05:00.000+02:00,384.7,25.94,36.41,0.0,70.09,0,0,0.0,0.0
2024-10-18T21:06:00.000+02:00,384.39,25.94,36.41,0.0,70.09,0,0,0.0,0.0
2024-10-18T21:07:00.000+02:00,384.07,25.93,36.41,0.0,70.09,0,0,0.0,0.0
2024-10-18T21:08:00.000+02:00,383.76,25.93,36.41,0.0,70.09,0,0,0.0,0.0
2024-10-18T21:09:00.000+02:00,383.45,25.93,36.41,0.0,70.09,0,0,0.0,0.0
2024-10-18T21:10:00.000+02:00,383.14,25.93,36.41,0.0,70.09,0,0,0.0,0.0
2024-10-18T21:11:00.000+02:00,382.84,25.93,36.4,0.0,70.09,0,0,0.0,0.0
2024-10-18T21:12:00.000+02:00,382.53,25.92,36.4,0.0,70.09,0,0,0.0,0.0
2024-10-18T21:13:00.000+02:00,382.23,25.92,36.4,0.0,70.09,0,0,0.0,0.0
2024-10-18T21:14:00.000+02:00,381.92,25.92,36.4,0.0,70.09,0,0,0.0,0.0
2024-10-18T21:15:00.000+02:00,381.62,25.92,36.4,0.0,70.09,0,0,0.0,0.0
2024-10-18T21:16:00.000+02:00,381.33,25.91,36.4,0.0,70.09,0,0,0.0,0.0
2024-10-18T21:17:00.000+02:00,381.03,25.91,36.4,0.0,70.09,0,0,0.0,0.0
2024-10-18T21:18:00.000+02:00,380.73,25.91,36.4,0.0,70.09,0,0,0.0,0.0
2024-10-18T21:19:00.000+02:00,380.44,25.91,36.4,0.0,70.09,0,0,0.0,0.0
2024-10-18T21:20:00.000+02:00,380.15,25.9,36.39,0.0,70.09,0,0,0.0,0.0
2024-10-18T21:21:00.000+02:00,379.86,25.9,36.39,0.0,70.09,0,0,0.0,0.0
2024-10-18T21:22:00.000+02:00,379.57,25.9,36.39,0.0,70.09,0,0,0.0,0.0
2024-10-18T21:23:00.000+02:00,379.28,25.9,36.39,0.0,70.09,0,0,0.0,0.0
2024-10-18T21:24:00.000+02:00,378.99,25.9,36.39,0.0,70.09,0,0,0.0,0.0
2024-10-18T21:25:00.000+02:00,378.71,25.89,36.39,0.0,70.09,0,0,0.0,0.0
2024-10-18T21:26:00.000+02:00,378.43,25.89,36.39,0.0,70.09,0,0,0.0,0.0
2024-10-18T21:27:00.000+02:00,378.14,25.89,36.39,0.0,70.09,0,0,0.0,0.0
2024-10-18T21:28:00.000+02:00,377.87,25.89,36.39,0.0,70.09,0,0,0.0,0.0
2024-10-18T21:29:00.000+02:00,377.59,25.89,36.39,0.0,70.09,0,0,0.0,0.0
2024-10-18T21:30:00.000+02:00,377.31,25.88,36.39,0.0,70.09,0,0,0.0,0.0
2024-10-18T21:31:00.000+02:00,377.03,25.88,36.39,0.0,70.09,0,0,0.0,0.0
2024-10-18T21:32:00.000+02:00,376.76,25.88,36.39,0.0,70.09,0,0,0.0,0.0
2024-10-18T21:33:00.000+02:00,376.49,25.88,36.39,0.0,70.09,0,0,0.0,0.0
2024-10-18T21:34:00.000+02:00,376.22,25.87,36.39,0.0,70.09,0,0,0.0,0.0
2024-10-18T21:35:00.000+02:00,375.95,25.87,36.39,0.0,70.09,0,0,0.0,0.0
2024-10-18T21:36:00.000+02:00,375.68,25.87,36.39,0.0,70.09,0,0,0.0,0.0
2024-10-18T21:37:00.000+02:00,375.41,25.87,36.39,0.0,70.09,0,0,0.0,0.0
2024-10-18T21:38:00.000+02:00,375.15,25.87,36.39,0.0,70.09,0,0,0.0,0.0
2024-10-18T21:39:00.000+02:00,374.89,25.86,36.39,0.0,70.09,0,0,0.0,0.0
2024-10-18T21:40:00.000+02:00,374.62,25.86,36.39,0.0,70.09,0,0,0.0,0.0
2024-10-18T21:41:00.000+02:00,374.36,25.86,36.39,0.0,70.09,0,0,0.0,0.0
2024-10-18T21:42:00.000+02:00,374.11,25.86,36.39,0.0,70.09,0,0,0.0,0.0
2024-10-18T21:43:00.000+02:00,373.85,25.86,36.39,0.0,70.09,0,0,0.0,0.0
2024-10-18T21:44:00.000+02:00,373.59,25.85,36.39,0.0,70.09,0,0,0.0,0.0
2024-10-18T21:45:00.000+02:00,373.34,25.85,36.39,0.0,70.09,0,0,0.0,0.0
2024-10-18T21:46:00.000+02:00,373.08,25.85,36.39,0.0,70.09,0,0,0.0,0.0
2024-10-18T21:47:00.000+02:00,372.83,25.85,36.39,0.0,70.09,0,0,0.0,0.0
2024-10-18T21:48:00.000+02:00,372.58,25.85,36.39,0.0,70.09,0,0,0.0,0.0
2024-10-18T21:49:00.000+02:00,372.33,25.84,36.39,0.0,70.09,0,0,0.0,0.0
2024-10-18T21:50:00.000+02:00,372.08,25.84,36.39,0.0,70.09,0,0,0.0,0.0
2024-10-18T21:51:00.000+02:00,371.84,25.84,36.39,0.0,70.09,0,0,0.0,0.0
2024-10-18T21:52:00.000+02:00,371.59,25.84,36.39,0.0,70.09,0,0,0.0,0.0
2024-10-18T21:53:00.000+02:00,371.35,25.83,36.39,0.0,70.09,0,0,0.0,0.0
2024-10-18T21:54:00.000+02:00,371.1,25.83,36.39,0.0,70.09,0,0,0.0,0.0
2024-10-18T21:55:00.000+02:00,370.86,25.83,36.39,0.0,70.09,0,0,0.0,0.0
2024-10-18T21:56:00.000+02:00,370.62,25.83,36.39,0.0,70.09,0,0,0.0,0.0
2024-10-18T21:57:00.000+02:00,370.38,25.83,36.4,0.0,70.09,0,0,0.0,0.0
2024-10-18T21:58:00.000+02:00,370.15,25.82,36.4,0.0,70.09,0,0,0.0,0.0
2024-10-18T21:59:00.000+02:00,369.91,25.82,36.4,0.0,70.09,0,0,0.0,0.0
2024-10-18T22:00:00.000+02:00,369.68,25.82,36.4,0.0,70.09,0,0,0.0,0.0
2024-10-18T22:01:00.000+02:00,369.44,25.82,36.4,0.0,70.09,0,0,0.0,0.0
2024-10-18T22:02:00.000+02:00,369.21,25.82,36.4,0.0,70.09,0,0,0.0,0.0
2024-10-18T22:03:00.000+02:00,368.98,25.81,36.4,0.0,70.09,0,0,0.0,0.0
2024-10-18T22:04:00.000+02:00,368.75,25.81,36.4,0.0,70.09,0,0,0.0,0.0
2024-10-18T22:05:00.000+02:00,368.52,25.81,36.4,0.0,70.09,0,0,0.0,0.0
2024-10-18T22:06:00.000+02:00,368.29,25.81,36.41,0.0,70.09,0,0,0.0,0.0
2024-10-18T22:07:00.000+02:00,368.07,25.81,36.41,0.0,70.09,0,0,0.0,0.0
2024-10-18T22:08:00.000+02:00,367.84,25.8,36.41,0.0,70.09,0,0,0.0,0.0
2024-10-18T22:09:00.000+02:00,367.62,25.8,36.41,0.0,70.09,0,0,0.0,0.0
2024-10-18T22:10:00.000+02:00,367.4,25.8,36.41,0.0,70.09,0,0,0.0,0.0
2024-10-18T22:11:00.000+02:00,367.18,25.8,36.41,0.0,70.09,0,0,0.0,0.0
2024-10-18T22:12:00.000+02:00,366.96,25.79,36.41,0.0,70.09,0,0,0.0,0.0
2024-10-18T22:13:00.000+02:00,366.74,25.79,36.41,0.0,70.09,0,0,0.0,0.0
2024-10-18T22:14:00.000+02:00,366.52,25.79,36.41,0.0,70.09,0,0,0.0,0.0
2024-10-18T22:15:00.000+02:00,366.3,25.79,36.41,0.0,70.09,0,0,0.0,0.0
2024-10-18T22:16:00.000+02:00,366.09,25.79,36.42,0.0,70.09,0,0,0.0,0.0
2024-10-18T22:17:00.000+02:00,365.88,25.78,36.42,0.0,70.09,0,0,0.0,0.0
2024-10-18T22:18:00.000+02:00,365.66,25.78,36.42,0.0,70.09,0,0,0.0,0.0
2024-10-18T22:19:00.000+02:00,365.45,25.78,36.42,0.0,70.09,0,0,0.0,0.0
2024-10-18T22:20:00.000+02:00,365.24,25.78,36.42,0.0,70.09,0,0,0.0,0.0
2024-10-18T22:21:00.000+02:00,365.03,25.77,36.42,0.0,70.09,0,0,0.0,0.0
2024-10-18T22:22:00.000+02:00,364.82,25.77,36.42,0.0,70.09,0,0,0.0,0.0
2024-10-18T22:23:00.000+02:00,364.62,25.77,36.42,0.0,70.09,0,0,0.0,0.0
2024-10-18T22:24:00.000+02:00,364.41,25.77,36.42,0.0,70.09,0,0,0.0,0.0
2024-10-18T22:25:00.000+02:00,364.21,25.77,36.42,0.0,70.09,0,0,0.0,0.0
2024-10-18T22:26:00.000+02:00,364.0,25.76,36.43,0.0,70.09,0,0,0.0,0.0
2024-10-18T22:27:00.000+02:00,363.8,25.76,36.43,0.0,70.09,0,0,0.0,0.0
2024-10-18T22:28:00.000+02:00,363.6,25.76,36.43,0.0,70.09,0,0,0.0,0.0
2024-10-18T22:29:00.000+02:00,363.4,25.76,36.43,0.0,70.09,0,0,0.0,0.0
2024-10-18T22:30:00.000+02:00,363.2,25.76,36.43,0.0,70.09,0,0,0.0,0.0
2024-10-18T22:31:00.000+02:00,363.0,25.75,36.43,0.0,70.09,0,0,0.0,0.0
2024-10-18T22:32:00.000+02:00,362.8,25.75,36.43,0.0,70.09,0,0,0.0,0.0
2024-10-18T22:33:00.000+02:00,362.61,25.75,36.43,0.0,70.09,0,0,0.0,0.0
2024-10-18T22:34:00.000+02:00,362.41,25.75,36.43,0.0,70.09,0,0,0.0,0.0
2024-10-18T22:35:00.000+02:00,362.22,25.74,36.43,0.0,70.09,0,0,0.0,0.0
2024-10-18T22:36:00.000+02:00,362.03,25.74,36.43,0.0,70.09,0,0,0.0,0.0
2024-10-18T22:37:00.000+02:00,361.83,25.74,36.44,0.0,70.09,0,0,0.0,0.0
2024-10-18T22:38:00.000+02:00,361.64,25.74,36.44,0.0,70.09,0,0,0.0,0.0
2024-10-18T22:39:00.000+02:00,361.45,25.74,36.44,0.0,70.09,0,0,0.0,0.0
2024-10-18T22:40:00.000+02:00,361.26,25.73,36.44,0.0,70.09,0,0,0.0,0.0
2024-10-18T22:41:00.000+02:00,361.08,25.73,36.44,0.0,70.09,0,0,0.0,0.0
2024-10-18T22:42:00.000+02:00,360.89,25.73,36.44,0.0,70.09,0,0,0.0,0.0
2024-10-18T22:43:00.000+02:00,360.7,25.73,36.44,0.0,70.09,0,0,0.0,0.0
2024-10-18T22:44:00.000+02:00,360.52,25.72,36.44,0.0,70.09,0,0,0.0,0.0
2024-10-18T22:45:00.000+02:00,360.34,25.72,36.44,0.0,70.09,0,0,0.0,0.0
2024-10-18T22:46:00.000+02:00,360.15,25.72,36.44,0.0,70.09,0,0,0.0,0.0
2024-10-18T22:47:00.000+02:00,359.97,25.72,36.44,0.0,70.09,0,0,0.0,0.0
2024-10-18T22:48:00.000+02:00,359.79,25.72,36.44,0.0,70.09,0,0,0.0,0.0
2024-10-18T22:49:00.000+02:00,359.61,25.71,36.44,0.0,70.09,0,0,0.0,0.0
2024-10-18T22:50:00.000+02:00,359.43,25.71,36.44,0.0,70.09,0,0,0.0,0.0
2024-10-18T22:51:00.000+02:00,359.26,25.71,36.44,0.0,70.09,0,0,0.0,0.0
2024-10-18T22:52:00.000+02:00,359.08,25.71,36.45,0.0,70.09,0,0,0.0,0.0
2024-10-18T22:53:00.000+02:00,358.9,25.7,36.45,0.0,70.09,0,0,0.0,0.0
2024-10-18T22:54:00.000+02:00,358.73,25.7,36.45,0.0,70.09,0,0,0.0,0.0
2024-10-18T22:55:00.000+02:00,358.56,25.7,36.45,0.0,70.09,0,0,0.0,0.0
2024-10-18T22:56:00.000+02:00,358.38,25.7,36.45,0.0,70.09,0,0,0.0,0.0
2024-10-18T22:57:00.000+02:00,358.21,25.7,36.45,0.0,70.09,0,0,0.0,0.0
2024-10-18T22:58:00.000+02:00,358.04,25.69,36.45,0.0,70.09,0,0,0.0,0.0
2024-10-18T22:59:00.000+02:00,357.87,25.69,36.45,0.0,70.09,0,0,0.0,0.0
2024-10-18T23:00:00.000+02:00,357.7,25.69,36.45,0.0,70.09,0,0,0.0,0.0
2024-10-18T23:01:00.000+02:00,357.53,25.69,36.45,0.0,70.09,0,0,0.0,0.0
2024-10-18T23:02:00.000+02:00,357.37,25.68,36.45,0.0,70.09,0,0,0.0,0.0
2024-10-18T23:03:00.000+02:00,357.2,25.68,36.45,0.0,70.09,0,0,0.0,0.0
2024-10-18T23:04:00.000+02:00,357.03,25.68,36.45,0.0,70.09,0,0,0.0,0.0
2024-10-18T23:05:00.000+02:00,356.87,25.68,36.45,0.0,70.09,0,0,0.0,0.0
2024-10-18T23:06:00.000+02:00,356.71,25.68,36.45,0.0,70.09,0,0,0.0,0.0
2024-10-18T23:07:00.000+02:00,356.54,25.67,36.45,0.0,70.09,0,0,0.0,0.0
2024-10-18T23:08:00.000+02:00,356.38,25.67,36.45,0.0,70.09,0,0,0.0,0.0
2024-10-18T23:09:00.000+02:00,356.22,25.67,36.46,0.0,70.09,0,0,0.0,0.0
2024-10-18T23:10:00.000+02:00,356.06,25.67,36.46,0.0,70.09,0,0,0.0,0.0
2024-10-18T23:11:00.000+02:00,355.9,25.66,36.46,0.0,70.09,0,0,0.0,0.0
2024-10-18T23:12:00.000+02:00,355.74,25.66,36.46,0.0,70.09,0,0,0.0,0.0
2024-10-18T23:13:00.000+02:00,355.59,25.66,36.46,0.0,70.09,0,0,0.0,0.0
2024-10-18T23:14:00.000+02:00,355.43,25.66,36.46,0.0,70.09,0,0,0.0,0.0
2024-10-18T23:15:00.000+02:00,355.27,25.66,36.46,0.0,70.09,0,0,0.0,0.0
2024-10-18T23:16:00.000+02:00,355.12,25.65,36.46,0.0,70.09,0,0,0.0,0.0
2024-10-18T23:17:00.000+02:00,354.96,25.65,36.46,0.0,70.09,0,0,0.0,0.0
2024-10-18T23:18:00.000+02:00,354.81,25.65,36.46,0.0,70.09,0,0,0.0,0.0
2024-10-18T23:19:00.000+02:00,354.66,25.65,36.47,0.0,70.09,0,0,0.0,0.0
2024-10-18T23:20:00.000+02:00,354.51,25.64,36.47,0.0,70.09,0,0,0.0,0.0
2024-10-18T23:21:00.000+02:00,354.36,25.64,36.47,0.0,70.09,0,0,0.0,0.0
2024-10-18T23:22:00.000+02:00,354.21,25.64,36.47,0.0,70.09,0,0,0.0,0.0
2024-10-18T23:23:00.000+02:00,354.06,25.64,36.47,0.0,70.09,0,0,0.0,0.0
2024-10-18T23:24:00.000+02:00,353.91,25.64,36.47,0.0,70.09,0,0,0.0,0.0
2024-10-18T23:25:00.000+02:00,353.76,25.63,36.47,0.0,70.09,0,0,0.0,0.0
2024-10-18T23:26:00.000+02:00,353.61,25.63,36.47,0.0,70.09,0,0,0.0,0.0
2024-10-18T23:27:00.000+02:00,353.47,25.63,36.48,0.0,70.09,0,0,0.0,0.0
2024-10-18T23:28:00.000+02:00,353.32,25.63,36.48,0.0,70.09,0,0,0.0,0.0
2024-10-18T23:29:00.000+02:00,353.18,25.62,36.48,0.0,70.09,0,0,0.0,0.0
2024-10-18T23:30:00.000+02:00,353.04,25.62,36.48,0.0,70.09,0,0,0.0,0.0
2024-10-18T23:31:00.000+02:00,352.89,25.62,36.48,0.0,70.09,0,0,0.0,0.0
2024-10-18T23:32:00.000+02:00,352.75,25.62,36.48,0.0,70.09,0,0,0.0,0.0
2024-10-18T23:33:00.000+02:00,352.61,25.62,36.48,0.0,70.09,0,0,0.0,0.0
2024-10-18T23:34:00.000+02:00,352.47,25.61,36.49,0.0,70.09,0,0,0.0,0.0
2024-10-18T23:35:00.000+02:00,352.33,25.61,36.49,0.0,70.09,0,0,0.0,0.0
2024-10-18T23:36:00.000+02:00,352.19,25.61,36.49,0.0,70.09,0,0,0.0,0.0
2024-10-18T23:37:00.000+02:00,352.05,25.61,36.49,0.0,70.09,0,0,0.0,0.0
2024-10-18T23:38:00.000+02:00,351.92,25.6,36.49,0.0,70.09,0,0,0.0,0.0
2024-10-18T23:39:00.000+02:00,351.78,25.6,36.49,0.0,70.09,0,0,0.0,0.0
2024-10-18T23:40:00.000+02:00,351.64,25.6,36.5,0.0,70.09,0,0,0.0,0.0
2024-10-18T23:41:00.000+02:00,351.51,25.6,36.5,0.0,70.09,0,0,0.0,0.0
2024-10-18T23:42:00.000+02:00,351.38,25.6,36.5,0.0,70.09,0,0,0.0,0.0
2024-10-18T23:43:00.000+02:00,351.24,25.59,36.5,0.0,70.09,0,0,0.0,0.0
2024-10-18T23:44:00.000+02:00,351.11,25.59,36.5,0.0,70.09,0,0,0.0,0.0
2024-10-18T23:45:00.000+02:00,350.98,25.59,36.5,0.0,70.09,0,0,0.0,0.0
2024-10-18T23:46:00.000+02:00,350.85,25.59,36.51,0.0,70.09,0,0,0.0,0.0
2024-10-18T23:47:00.000+02:00,350.71,25.58,36.51,0.0,70.09,0,0,0.0,0.0
2024-10-18T23:48:00.000+02:00,350.58,25.58,36.51,0.0,70.09,0,0,0.0,0.0
2024-10-18T23:49:00.000+02:00,350.46,25.58,36.51,0.0,70.09,0,0,0.0,0.0
2024-10-18T23:50:00.000+02:00,350.33,25.58,36.51,0.0,70.09,0,0,0.0,0.0
2024-10-18T23:51:00.000+02:00,350.2,25.57,36.52,0.0,70.09,0,0,0.0,0.0
2024-10-18T23:52:00.000+02:00,350.07,25.57,36.52,0.0,70.09,0,0,0.0,0.0
2024-10-18T23:53:00.000+02:00,349.95,25.57,36.52,0.0,70.09,0,0,0.0,0.0
2024-10-18T23:54:00.000+02:00,349.82,25.57,36.52,0.0,70.09,0,0,0.0,0.0
2024-10-18T23:55:00.000+02:00,349.69,25.57,36.52,0.0,70.09,0,0,0.0,0.0
2024-10-18T23:56:00.000+02:00,349.57,25.56,36.53,0.0,70.09,0,0,0.0,0.0
2024-10-18T23:57:00.000+02:00,349.45,25.56,36.53,0.0,70.09,0,0,0.0,0.0
2024-10-18T23:58:00.000+02:00,349.32,25.56,36.53,0.0,70.09,0,0,0.0,0.0
2024-10-18T23:59:00.000+02:00,349.2,25.56,36.53,0.0,70.09,0,0,0.0,0.0
2024-10-19T00:00:00.000+02:00,349.08,25.55,36.54,0.0,70.09,0,0,0.0,0.0
2024-10-19T00:01:00.000+02:00,348.96,25.55,36.54,0.0,70.09,0,0,0.0,0.0
2024-10-19T00:02:00.000+02:00,348.84,25.55,36.54,0.0,70.09,0,0,0.0,0.0
2024-10-19T00:03:00.000+02:00,348.72,25.55,36.54,0.0,70.09,0,0,0.0,0.0
2024-10-19T00:04:00.000+02:00,348.6,25.55,36.54,0.0,70.09,0,0,0.0,0.0
2024-10-19T00:05:00.000+02:00,348.48,25.54,36.55,0.0,70.09,0,0,0.0,0.0
2024-10-19T00:06:00.000+02:00,348.36,25.54,36.55,0.0,70.09,0,0,0.0,0.0
2024-10-19T00:07:00.000+02:00,348.25,25.54,36.55,0.0,70.09,0,0,0.0,0.0
2024-10-19T00:08:00.000+02:00,348.13,25.54,36.55,0.0,70.09,0,0,0.0,0.0
2024-10-19T00:09:00.000+02:00,348.01,25.53,36.56,0.0,70.09,0,0,0.0,0.0
2024-10-19T00:10:00.000+02:00,347.9,25.53,36.56,0.0,70.09,0,0,0.0,0.0
2024-10-19T00:11:00.000+02:00,347.78,25.53,36.56,0.0,70.09,0,0,0.0,0.0
2024-10-19T00:12:00.000+02:00,347.67,25.53,36.56,0.0,70.09,0,0,0.0,0.0
2024-10-19T00:13:00.000+02:00,347.56,25.53,36.57,0.0,70.09,0,0,0.0,0.0
2024-10-19T00:14:00.000+02:00,347.44,25.52,36.57,0.0,70.09,0,0,0.0,0.0
2024-10-19T00:15:00.000+02:00,347.33,25.52,36.57,0.0,70.09,0,0,0.0,0.0
2024-10-19T00:16:00.000+02:00,347.22,25.52,36.57,0.0,70.09,0,0,0.0,0.0
2024-10-19T00:17:00.000+02:00,347.11,25.52,36.58,0.0,70.09,0,0,0.0,0.0
2024-10-19T00:18:00.000+02:00,347.0,25.51,36.58,0.0,70.09,0,0,0.0,0.0
2024-10-19T00:19:00.000+02:00,346.89,25.51,36.58,0.0,70.09,0,0,0.0,0.0
2024-10-19T00:20:00.000+02:00,346.78,25.51,36.59,0.0,70.09,0,0,0.0,0.0
2024-10-19T00:21:00.000+02:00,346.67,25.51,36.59,0.0,70.09,0,0,0.0,0.0
2024-10-19T00:22:00.000+02:00,346.56,25.51,36.59,0.0,70.09,0,0,0.0,0.0
2024-10-19T00:23:00.000+02:00,346.46,25.5,36.59,0.0,70.09,0,0,0.0,0.0
2024-10-19T00:24:00.000+02:00,346.35,25.5,36.6,0.0,70.09,0,0,0.0,0.0
2024-10-19T00:25:00.000+02:00,346.24,25.5,36.6,0.0,70.09,0,0,0.0,0.0
2024-10-19T00:26:00.000+02:00,346.14,25.5,36.6,0.0,70.09,0,0,0.0,0.0
2024-10-19T00:27:00.000+02:00,346.03,25.5,36.61,0.0,70.09,0,0,0.0,0.0
2024-10-19T00:28:00.000+02:00,345.93,25.49,36.61,0.0,70.09,0,0,0.0,0.0
2024-10-19T00:29:00.000+02:00,345.83,25.49,36.61,0.0,70.09,0,0,0.0,0.0
2024-10-19T00:30:00.000+02:00,345.72,25.49,36.61,0.0,70.09,0,0,0.0,0.0
2024-10-19T00:31:00.000+02:00,345.62,25.49,36.62,0.0,70.09,0,0,0.0,0.0
2024-10-19T00:32:00.000+02:00,345.52,25.48,36.62,0.0,70.09,0,0,0.0,0.0
2024-10-19T00:33:00.000+02:00,345.42,25.48,36.62,0.0,70.09,0,0,0.0,0.0
2024-10-19T00:34:00.000+02:00,345.32,25.48,36.63,0.0,70.09,0,0,0.0,0.0
2024-10-19T00:35:00.000+02:00,345.21,25.48,36.63,0.0,70.09,0,0,0.0,0.0
2024-10-19T00:36:00.000+02:00,345.11,25.48,36.63,0.0,70.09,0,0,0.0,0.0
2024-10-19T00:37:00.000+02:00,345.02,25.47,36.64,0.0,70.09,0,0,0.0,0.0
2024-10-19T00:38:00.000+02:00,344.92,25.47,36.64,0.0,70.09,0,0,0.0,0.0
2024-10-19T00:39:00.000+02:00,344.82,25.47,36.64,0.0,70.09,0,0,0.0,0.0
2024-10-19T00:40:00.000+02:00,344.72,25.47,36.65,0.0,70.09,0,0,0.0,0.0
2024-10-19T00:41:00.000+02:00,344.62,25.47,36.65,0.0,70.09,0,0,0.0,0.0
2024-10-19T00:42:00.000+02:00,344.53,25.46,36.65,0.0,70.09,0,0,0.0,0.0
2024-10-19T00:43:00.000+02:00,344.43,25.46,36.66,0.0,70.09,0,0,0.0,0.0
2024-10-19T00:44:00.000+02:00,344.34,25.46,36.66,0.0,70.09,0,0,0.0,0.0
2024-10-19T00:45:00.000+02:00,344.24,25.46,36.67,0.0,70.09,0,0,0.0,0.0
2024-10-19T00:46:00.000+02:00,344.15,25.46,36.67,0.0,70.09,0,0,0.0,0.0
2024-10-19T00:47:00.000+02:00,344.05,25.45,36.67,0.0,70.09,0,0,0.0,0.0
2024-10-19T00:48:00.000+02:00,343.96,25.45,36.68,0.0,70.09,0,0,0.0,0.0
2024-10-19T00:49:00.000+02:00,343.87,25.45,36.68,0.0,70.09,0,0,0.0,0.0
2024-10-19T00:50:00.000+02:00,343.77,25.45,36.68,0.0,70.09,0,0,0.0,0.0
2024-10-19T00:51:00.000+02:00,343.68,25.44,36.69,0.0,70.09,0,0,0.0,0.0
2024-10-19T00:52:00.000+02:00,343.59,25.44,36.69,0.0,70.09,0,0,0.0,0.0
2024-10-19T00:53:00.000+02:00,343.5,25.44,36.7,0.0,70.09,0,0,0.0,0.0
2024-10-19T00:54:00.000+02:00,343.41,25.44,36.7,0.0,70.09,0,0,0.0,0.0
2024-10-19T00:55:00.000+02:00,343.32,25.44,36.7,0.0,70.09,0,0,0.0,0.0
2024-10-19T00:56:00.000+02:00,343.23,25.43,36.71,0.0,70.09,0,0,0.0,0.0
2024-10-19T00:57:00.000+02:00,343.14,25.43,36.71,0.0,70.09,0,0,0.0,0.0
2024-10-19T00:58:00.000+02:00,343.05,25.43,36.72,0.0,70.09,0,0,0.0,0.0
2024-10-19T00:59:00.000+02:00,342.96,25.43,36.72,0.0,70.09,0,0,0.0,0.0
2024-10-19T01:00:00.000+02:00,342.88,25.43,36.72,0.0,70.09,0,0,0.0,0.0
2024-10-19T01:01:00.000+02:00,342.79,25.42,36.73,0.0,70.09,0,0,0.0,0.0
2024-10-19T01:02:00.000+02:00,342.7,25.42,36.73,0.0,70.09,0,0,0.0,0.0
2024-10-19T01:03:00.000+02:00,342.62,25.42,36.74,0.0,70.09,0,0,0.0,0.0
2024-10-19T01:04:00.000+02:00,342.53,25.42,36.74,0.0,70.09,0,0,0.0,0.0
2024-10-19T01:05:00.000+02:00,342.44,25.42,36.74,0.0,70.09,0,0,0.0,0.0
2024-10-19T01:06:00.000+02:00,342.36,25.41,36.75,0.0,70.09,0,0,0.0,0.0
2024-10-19T01:07:00.000+02:00,342.28,25.41,36.75,0.0,70.09,0,0,0.0,0.0
2024-10-19T01:08:00.000+02:00,342.19,25.41,36.76,0.0,70.09,0,0,0.0,0.0
2024-10-19T01:09:00.000+02:00,342.11,25.41,36.76,0.0,70.09,0,0,0.0,0.0
2024-10-19T01:10:00.000+02:00,342.03,25.4,36.76,0.0,70.09,0,0,0.0,0.0
2024-10-19T01:11:00.000+02:00,341.94,25.4,36.77,0.0,70.09,0,0,0.0,0.0
2024-10-19T01:12:00.000+02:00,341.86,25.4,36.77,0.0,70.09,0,0,0.0,0.0
2024-10-19T01:13:00.000+02:00,341.78,25.4,36.78,0.0,70.09,0,0,0.0,0.0
2024-10-19T01:14:00.000+02:00,341.7,25.4,36.78,0.0,70.09,0,0,0.0,0.0
2024-10-19T01:15:00.000+02:00,341.62,25.39,36.78,0.0,70.09,0,0,0.0,0.0
2024-10-19T01:16:00.000+02:00,341.54,25.39,36.79,0.0,70.09,0,0,0.0,0.0
2024-10-19T01:17:00.000+02:00,341.46,25.39,36.79,0.0,70.09,0,0,0.0,0.0
2024-10-19T01:18:00.000+02:00,341.38,25.39,36.8,0.0,70.09,0,0,0.0,0.0
2024-10-19T01:19:00.000+02:00,341.3,25.38,36.8,0.0,70.09,0,0,0.0,0.0
2024-10-19T01:20:00.000+02:00,341.22,25.38,36.8,0.0,70.09,0,0,0.0,0.0
2024-10-19T01:21:00.000+02:00,341.14,25.38,36.81,0.0,70.09,0,0,0.0,0.0
2024-10-19T01:22:00.000+02:00,341.07,25.38,36.81,0.0,70.09,0,0,0.0,0.0
2024-10-19T01:23:00.000+02:00,340.99,25.37,36.81,0.0,70.09,0,0,0.0,0.0
2024-10-19T01:24:00.000+02:00,340.91,25.37,36.82,0.0,70.09,0,0,0.0,0.0
2024-10-19T01:25:00.000+02:00,340.84,25.37,36.82,0.0,70.09,0,0,0.0,0.0
2024-10-19T01:26:00.000+02:00,340.76,25.37,36.83,0.0,70.09,0,0,0.0,0.0
2024-10-19T01:27:00.000+02:00,340.68,25.37,36.83,0.0,70.09,0,0,0.0,0.0
2024-10-19T01:28:00.000+02:00,340.61,25.36,36.83,0.0,70.09,0,0,0.0,0.0
2024-10-19T01:29:00.000+02:00,340.53,25.36,36.84,0.0,70.09,0,0,0.0,0.0
2024-10-19T01:30:00.000+02:00,340.46,25.36,36.84,0.0,70.09,0,0,0.0,0.0
2024-10-19T01:31:00.000+02:00,340.39,25.36,36.84,0.0,70.09,0,0,0.0,0.0
2024-10-19T01:32:00.000+02:00,340.31,25.35,36.85,0.0,70.09,0,0,0.0,0.0
2024-10-19T01:33:00.000+02:00,340.24,25.35,36.85,0.0,70.09,0,0,0.0,0.0
2024-10-19T01:34:00.000+02:00,340.17,25.35,36.85,0.0,70.09,0,0,0.0,0.0
2024-10-19T01:35:00.000+02:00,340.1,25.35,36.86,0.0,70.09,0,0,0.0,0.0
2024-10-19T01:36:00.000+02:00,340.02,25.34,36.86,0.0,70.09,0,0,0.0,0.0
2024-10-19T01:37:00.000+02:00,339.95,25.34,36.86,0.0,70.09,0,0,0.0,0.0
2024-10-19T01:38:00.000+02:00,339.88,25.34,36.87,0.0,70.09,0,0,0.0,0.0
2024-10-19T01:39:00.000+02:00,339.81,25.34,36.87,0.0,70.09,0,0,0.0,0.0
2024-10-19T01:40:00.000+02:00,339.74,25.33,36.87,0.0,70.09,0,0,0.0,0.0
2024-10-19T01:41:00.000+02:00,339.67,25.33,36.88,0.0,70.09,0,0,0.0,0.0
2024-10-19T01:42:00.000+02:00,339.6,25.33,36.88,0.0,70.09,0,0,0.0,0.0
2024-10-19T01:43:00.000+02:00,339.53,25.33,36.88,0.0,70.09,0,0,0.0,0.0
2024-10-19T01:44:00.000+02:00,339.46,25.33,36.89,0.0,70.09,0,0,0.0,0.0
2024-10-19T01:45:00.000+02:00,339.39,25.32,36.89,0.0,70.09,0,0,0.0,0.0
2024-10-19T01:46:00.000+02:00,339.33,25.32,36.89,0.0,70.09,0,0,0.0,0.0
2024-10-19T01:47:00.000+02:00,339.26,25.32,36.9,0.0,70.09,0,0,0.0,0.0
2024-10-19T01:48:00.000+02:00,339.19,25.32,36.9,0.0,70.09,0,0,0.0,0.0
2024-10-19T01:49:00.000+02:00,339.12,25.31,36.9,0.0,70.09,0,0,0.0,0.0
2024-10-19T01:50:00.000+02:00,339.06,25.31,36.91,0.0,70.09,0,0,0.0,0.0
2024-10-19T01:51:00.000+02:00,338.99,25.31,36.91,0.0,70.09,0,0,0.0,0.0
2024-10-19T01:52:00.000+02:00,338.93,25.31,36.91,0.0,70.09,0,0,0.0,0.0
2024-10-19T01:53:00.000+02:00,338.86,25.3,36.91,0.0,70.09,0,0,0.0,0.0
2024-10-19T01:54:00.000+02:00,338.8,25.3,36.92,0.0,70.09,0,0,0.0,0.0
2024-10-19T01:55:00.000+02:00,338.73,25.3,36.92,0.0,70.09,0,0,0.0,0.0
2024-10-19T01:56:00.000+02:00,338.67,25.3,36.92,0.0,70.09,0,0,0.0,0.0
2024-10-19T01:57:00.000+02:00,338.6,25.29,36.93,0.0,70.09,0,0,0.0,0.0
2024-10-19T01:58:00.000+02:00,338.54,25.29,36.93,0.0,70.09,0,0,0.0,0.0
2024-10-19T01:59:00.000+02:00,338.47,25.29,36.93,0.0,70.09,0,0,0.0,0.0
2024-10-19T02:00:00.000+02:00,338.41,25.29,36.93,0.0,70.09,0,0,0.0,0.0
2024-10-19T02:01:00.000+02:00,338.35,25.29,36.94,0.0,70.09,0,0,0.0,0.0
2024-10-19T02:02:00.000+02:00,338.29,25.28,36.94,0.0,70.09,0,0,0.0,0.0
2024-10-19T02:03:00.000+02:00,338.22,25.28,36.94,0.0,70.09,0,0,0.0,0.0
2024-10-19T02:04:00.000+02:00,338.16,25.28,36.94,0.0,70.09,0,0,0.0,0.0
2024-10-19T02:05:00.000+02:00,338.1,25.28,36.95,0.0,70.09,0,0,0.0,0.0
2024-10-19T02:06:00.000+02:00,338.04,25.27,36.95,0.0,70.09,0,0,0.0,0.0
2024-10-19T02:07:00.000+02:00,337.98,25.27,36.95,0.0,70.09,0,0,0.0,0.0
2024-10-19T02:08:00.000+02:00,337.92,25.27,36.95,0.0,70.09,0,0,0.0,0.0
2024-10-19T02:09:00.000+02:00,337.86,25.27,36.95,0.0,70.09,0,0,0.0,0.0
2024-10-19T02:10:00.000+02:00,337.8,25.27,36.96,0.0,70.09,0,0,0.0,0.0
2024-10-19T02:11:00.000+02:00,337.74,25.26,36.96,0.0,70.09,0,0,0.0,0.0
2024-10-19T02:12:00.000+02:00,337.68,25.26,36.96,0.0,70.09,0,0,0.0,0.0
2024-10-19T02:13:00.000+02:00,337.62,25.26,36.96,0.0,70.09,0,0,0.0,0.0
2024-10-19T02:14:00.000+02:00,337.57,25.26,36.96,0.0,70.09,0,0,0.0,0.0
2024-10-19T02:15:00.000+02:00,337.51,25.26,36.96,0.0,70.09,0,0,0.0,0.0
2024-10-19T02:16:00.000+02:00,337.45,25.25,36.97,0.0,70.09,0,0,0.0,0.0
2024-10-19T02:17:00.000+02:00,337.39,25.25,36.97,0.0,70.09,0,0,0.0,0.0
2024-10-19T02:18:00.000+02:00,337.34,25.25,36.97,0.0,70.09,0,0,0.0,0.0
2024-10-19T02:19:00.000+02:00,337.28,25.25,36.97,0.0,70.09,0,0,0.0,0.0
2024-10-19T02:20:00.000+02:00,337.22,25.25,36.97,0.0,70.09,0,0,0.0,0.0
2024-10-19T02:21:00.000+02:00,337.17,25.25,36.97,0.0,70.09,0,0,0.0,0.0
2024-10-19T02:22:00.000+02:00,337.11,25.24,36.97,0.0,70.09,0,0,0.0,0.0
2024-10-19T02:23:00.000+02:00,337.05,25.24,36.98,0.0,70.09,0,0,0.0,0.0
2024-10-19T02:24:00.000+02:00,337.0,25.24,36.98,0.0,70.09,0,0,0.0,0.0
2024-10-19T02:25:00.000+02:00,336.94,25.24,36.98,0.0,70.09,0,0,0.0,0.0
2024-10-19T02:26:00.000+02:00,336.89,25.24,36.98,0.0,70.09,0,0,0.0,0.0
2024-10-19T02:27:00.000+02:00,336.84,25.24,36.98,0.0,70.09,0,0,0.0,0.0
2024-10-19T02:28:00.000+02:00,336.78,25.23,36.98,0.0,70.09,0,0,0.0,0.0
2024-10-19T02:29:00.000+02:00,336.73,25.23,36.98,0.0,70.09,0,0,0.0,0.0
2024-10-19T02:30:00.000+02:00,336.67,25.23,36.99,0.0,70.09,0,0,0.0,0.0
2024-10-19T02:31:00.000+02:00,336.62,25.23,36.99,0.0,70.09,0,0,0.0,0.0
2024-10-19T02:32:00.000+02:00,336.57,25.23,36.99,0.0,70.09,0,0,0.0,0.0
2024-10-19T02:33:00.000+02:00,336.52,25.23,36.99,0.0,70.09,0,0,0.0,0.0
2024-10-19T02:34:00.000+02:00,336.46,25.22,36.99,0.0,70.09,0,0,0.0,0.0
2024-10-19T02:35:00.000+02:00,336.41,25.22,36.99,0.0,70.09,0,0,0.0,0.0
2024-10-19T02:36:00.000+02:00,336.36,25.22,36.99,0.0,70.09,0,0,0.0,0.0
2024-10-19T02:37:00.000+02:00,336.31,25.22,37.0,0.0,70.09,0,0,0.0,0.0
2024-10-19T02:38:00.000+02:00,336.26,25.22,37.0,0.0,70.09,0,0,0.0,0.0
2024-10-19T02:39:00.000+02:00,336.21,25.22,37.0,0.0,70.09,0,0,0.0,0.0
2024-10-19T02:40:00.000+02:00,336.16,25.21,37.0,0.0,70.09,0,0,0.0,0.0
2024-10-19T02:41:00.000+02:00,336.11,25.21,37.0,0.0,70.09,0,0,0.0,0.0
2024-10-19T02:42:00.000+02:00,336.06,25.21,37.0,0.0,70.09,0,0,0.0,0.0
2024-10-19T02:43:00.000+02:00,336.01,25.21,37.0,0.0,70.09,0,0,0.0,0.0
2024-10-19T02:44:00.000+02:00,335.96,25.21,37.01,0.0,70.09,0,0,0.0,0.0
2024-10-19T02:45:00.000+02:00,335.91,25.21,37.01,0.0,70.09,0,0,0.0,0.0
2024-10-19T02:46:00.000+02:00,335.86,25.2,37.01,0.0,70.09,0,0,0.0,0.0
2024-10-19T02:47:00.000+02:00,335.81,25.2,37.01,0.0,70.09,0,0,0.0,0.0
2024-10-19T02:48:00.000+02:00,335.76,25.2,37.01,0.0,70.09,0,0,0.0,0.0
2024-10-19T02:49:00.000+02:00,335.71,25.2,37.01,0.0,70.09,0,0,0.0,0.0
2024-10-19T02:50:00.000+02:00,335.67,25.2,37.01,0.0,70.09,0,0,0.0,0.0
2024-10-19T02:51:00.000+02:00,335.62,25.2,37.02,0.0,70.09,0,0,0.0,0.0
2024-10-19T02:52:00.000+02:00,335.57,25.2,37.02,0.0,70.09,0,0,0.0,0.0
2024-10-19T02:53:00.000+02:00,335.52,25.19,37.02,0.0,70.09,0,0,0.0,0.0
2024-10-19T02:54:00.000+02:00,335.48,25.19,37.02,0.0,70.09,0,0,0.0,0.0
2024-10-19T02:55:00.000+02:00,335.43,25.19,37.02,0.0,70.09,0,0,0.0,0.0
2024-10-19T02:56:00.000+02:00,335.39,25.19,37.02,0.0,70.09,0,0,0.0,0.0
2024-10-19T02:57:00.000+02:00,335.34,25.19,37.02,0.0,70.09,0,0,0.0,0.0
2024-10-19T02:58:00.000+02:00,335.29,25.19,37.03,0.0,70.09,0,0,0.0,0.0
2024-10-19T02:59:00.000+02:00,335.25,25.18,37.03,0.0,70.09,0,0,0.0,0.0
2024-10-19T03:00:00.000+02:00,335.2,25.18,37.03,0.0,70.09,0,0,0.0,0.0
2024-10-19T03:01:00.000+02:00,335.16,25.18,37.03,0.0,70.09,0,0,0.0,0.0
2024-10-19T03:02:00.000+02:00,335.11,25.18,37.03,0.0,70.09,0,0,0.0,0.0
2024-10-19T03:03:00.000+02:00,335.07,25.18,37.03,0.0,70.09,0,0,0.0,0.0
2024-10-19T03:04:00.000+02:00,335.02,25.18,37.03,0.0,70.09,0,0,0.0,0.0
2024-10-19T03:05:00.000+02:00,334.98,25.18,37.04,0.0,70.09,0,0,0.0,0.0
2024-10-19T03:06:00.000+02:00,334.94,25.17,37.04,0.0,70.09,0,0,0.0,0.0
2024-10-19T03:07:00.000+02:00,334.89,25.17,37.04,0.0,70.09,0,0,0.0,0.0
2024-10-19T03:08:00.000+02:00,334.85,25.17,37.04,0.0,70.09,0,0,0.0,0.0
2024-10-19T03:09:00.000+02:00,334.81,25.17,37.04,0.0,70.09,0,0,0.0,0.0
2024-10-19T03:10:00.000+02:00,334.76,25.17,37.04,0.0,70.09,0,0,0.0,0.0
2024-10-19T03:11:00.000+02:00,334.72,25.17,37.04,0.0,70.09,0,0,0.0,0.0
2024-10-19T03:12:00.000+02:00,334.68,25.16,37.05,0.0,70.09,0,0,0.0,0.0
2024-10-19T03:13:00.000+02:00,334.64,25.16,37.05,0.0,70.09,0,0,0.0,0.0
2024-10-19T03:14:00.000+02:00,334.59,25.16,37.05,0.0,70.09,0,0,0.0,0.0
2024-10-19T03:15:00.000+02:00,334.55,25.16,37.05,0.0,70.09,0,0,0.0,0.0
2024-10-19T03:16:00.000+02:00,334.51,25.16,37.05,0.0,70.09,0,0,0.0,0.0
2024-10-19T03:17:00.000+02:00,334.47,25.16,37.05,0.0,70.09,0,0,0.0,0.0
2024-10-19T03:18:00.000+02:00,334.43,25.16,37.06,0.0,70.09,0,0,0.0,0.0
2024-10-19T03:19:00.000+02:00,334.39,25.15,37.06,0.0,70.09,0,0,0.0,0.0
2024-10-19T03:20:00.000+02:00,334.35,25.15,37.06,0.0,70.09,0,0,0.0,0.0
2024-10-19T03:21:00.000+02:00,334.31,25.15,37.06,0.0,70.09,0,0,0.0,0.0
2024-10-19T03:22:00.000+02:00,334.27,25.15,37.06,0.0,70.09,0,0,0.0,0.0
2024-10-19T03:23:00.000+02:00,334.23,25.15,37.06,0.0,70.09,0,0,0.0,0.0
2024-10-19T03:24:00.000+02:00,334.19,25.15,37.07,0.0,70.09,0,0,0.0,0.0
2024-10-19T03:25:00.000+02:00,334.15,25.14,37.07,0.0,70.09,0,0,0.0,0.0
2024-10-19T03:26:00.000+02:00,334.11,25.14,37.07,0.0,70.09,0,0,0.0,0.0
2024-10-19T03:27:00.000+02:00,334.07,25.14,37.07,0.0,70.09,0,0,0.0,0.0
2024-10-19T03:28:00.000+02:00,334.03,25.14,37.07,0.0,70.09,0,0,0.0,0.0
2024-10-19T03:29:00.000+02:00,333.99,25.14,37.07,0.0,70.09,0,0,0.0,0.0
2024-10-19T03:30:00.000+02:00,333.95,25.14,37.08,0.0,70.09,0,0,0.0,0.0
2024-10-19T03:31:00.000+02:00,333.92,25.14,37.08,0.0,70.09,0,0,0.0,0.0
2024-10-19T03:32:00.000+02:00,333.88,25.13,37.08,0.0,70.09,0,0,0.0,0.0
2024-10-19T03:33:00.000+02:00,333.84,25.13,37.08,0.0,70.09,0,0,0.0,0.0
2024-10-19T03:34:00.000+02:00,333.8,25.13,37.08,0.0,70.09,0,0,0.0,0.0
2024-10-19T03:35:00.000+02:00,333.77,25.13,37.09,0.0,70.09,0,0,0.0,0.0
2024-10-19T03:36:00.000+02:00,333.73,25.13,37.09,0.0,70.09,0,0,0.0,0.0
2024-10-19T03:37:00.000+02:00,333.69,25.13,37.09,0.0,70.09,0,0,0.0,0.0
2024-10-19T03:38:00.000+02:00,333.65,25.12,37.09,0.0,70.09,0,0,0.0,0.0
2024-10-19T03:39:00.000+02:00,333.62,25.12,37.09,0.0,70.09,0,0,0.0,0.0
2024-10-19T03:40:00.000+02:00,333.58,25.12,37.09,0.0,70.09,0,0,0.0,0.0
2024-10-19T03:41:00.000+02:00,333.55,25.12,37.1,0.0,70.09,0,0,0.0,0.0
2024-10-19T03:42:00.000+02:00,333.51,25.12,37.1,0.0,70.09,0,0,0.0,0.0
2024-10-19T03:43:00.000+02:00,333.47,25.12,37.1,0.0,70.09,0,0,0.0,0.0
2024-10-19T03:44:00.000+02:00,333.44,25.12,37.1,0.0,70.09,0,0,0.0,0.0
2024-10-19T03:45:00.000+02:00,333.4,25.11,37.1,0.0,70.09,0,0,0.0,0.0
2024-10-19T03:46:00.000+02:00,333.37,25.11,37.11,0.0,70.09,0,0,0.0,0.0
2024-10-19T03:47:00.000+02:00,333.33,25.11,37.11,0.0,70.09,0,0,0.0,0.0
2024-10-19T03:48:00.000+02:00,333.3,25.11,37.11,0.0,70.09,0,0,0.0,0.0
2024-10-19T03:49:00.000+02:00,333.26,25.11,37.11,0.0,70.09,0,0,0.0,0.0
2024-10-19T03:50:00.000+02:00,333.23,25.11,37.11,0.0,70.09,0,0,0.0,0.0
2024-10-19T03:51:00.000+02:00,333.2,25.11,37.11,0.0,70.09,0,0,0.0,0.0
2024-10-19T03:52:00.000+02:00,333.16,25.1,37.12,0.0,70.09,0,0,0.0,0.0
2024-10-19T03:53:00.000+02:00,333.13,25.1,37.12,0.0,70.09,0,0,0.0,0.0
2024-10-19T03:54:00.000+02:00,333.09,25.1,37.12,0.0,70.09,0,0,0.0,0.0
2024-10-19T03:55:00.000+02:00,333.06,25.1,37.12,0.0,70.09,0,0,0.0,0.0
2024-10-19T03:56:00.000+02:00,333.03,25.1,37.12,0.0,70.09,0,0,0.0,0.0
2024-10-19T03:57:00.000+02:00,332.99,25.1,37.13,0.0,70.09,0,0,0.0,0.0
2024-10-19T03:58:00.000+02:00,332.96,25.09,37.13,0.0,70.09,0,0,0.0,0.0
2024-10-19T03:59:00.000+02:00,332.93,25.09,37.13,0.0,70.09,0,0,0.0,0.0
2024-10-19T04:00:00.000+02:00,332.9,25.09,37.13,0.0,70.09,0,0,0.0,0.0
2024-10-19T04:01:00.000+02:00,332.86,25.09,37.13,0.0,70.09,0,0,0.0,0.0
2024-10-19T04:02:00.000+02:00,332.83,25.09,37.14,0.0,70.09,0,0,0.0,0.0
2024-10-19T04:03:00.000+02:00,332.8,25.09,37.14,0.0,70.09,0,0,0.0,0.0
2024-10-19T04:04:00.000+02:00,332.77,25.09,37.14,0.0,70.09,0,0,0.0,0.0
2024-10-19T04:05:00.000+02:00,332.74,25.08,37.14,0.0,70.09,0,0,0.0,0.0
2024-10-19T04:06:00.000+02:00,332.7,25.08,37.14,0.0,70.09,0,0,0.0,0.0
2024-10-19T04:07:00.000+02:00,332.67,25.08,37.14,0.0,70.09,0,0,0.0,0.0
2024-10-19T04:08:00.000+02:00,332.64,25.08,37.15,0.0,70.09,0,0,0.0,0.0
2024-10-19T04:09:00.000+02:00,332.61,25.08,37.15,0.0,70.09,0,0,0.0,0.0
2024-10-19T04:10:00.000+02:00,332.58,25.08,37.15,0.0,70.09,0,0,0.0,0.0
2024-10-19T04:11:00.000+02:00,332.55,25.08,37.15,0.0,70.09,0,0,0.0,0.0
2024-10-19T04:12:00.000+02:00,332.52,25.07,37.15,0.0,70.09,0,0,0.0,0.0
2024-10-19T04:13:00.000+02:00,332.49,25.07,37.16,0.0,70.09,0,0,0.0,0.0
2024-10-19T04:14:00.000+02:00,332.46,25.07,37.16,0.0,70.09,0,0,0.0,0.0
2024-10-19T04:15:00.000+02:00,332.43,25.07,37.16,0.0,70.09,0,0,0.0,0.0
2024-10-19T04:16:00.000+02:00,332.4,25.07,37.16,0.0,70.09,0,0,0.0,0.0
2024-10-19T04:17:00.000+02:00,332.37,25.07,37.16,0.0,70.09,0,0,0.0,0.0
2024-10-19T04:18:00.000+02:00,332.34,25.07,37.16,0.0,70.09,0,0,0.0,0.0
2024-10-19T04:19:00.000+02:00,332.31,25.07,37.17,0.0,70.09,0,0,0.0,0.0
2024-10-19T04:20:00.000+02:00,332.28,25.06,37.17,0.0,70.09,0,0,0.0,0.0
2024-10-19T04:21:00.000+02:00,332.25,25.06,37.17,0.0,70.09,0,0,0.0,0.0
2024-10-19T04:22:00.000+02:00,332.22,25.06,37.17,0.0,70.09,0,0,0.0,0.0
2024-10-19T04:23:00.000+02:00,332.2,25.06,37.17,0.0,70.09,0,0,0.0,0.0
2024-10-19T04:24:00.000+02:00,332.17,25.06,37.17,0.0,70.09,0,0,0.0,0.0
2024-10-19T04:25:00.000+02:00,332.14,25.06,37.17,0.0,70.09,0,0,0.0,0.0
2024-10-19T04:26:00.000+02:00,332.11,25.06,37.18,0.0,70.09,0,0,0.0,0.0
2024-10-19T04:27:00.000+02:00,332.08,25.06,37.18,0.0,70.09,0,0,0.0,0.0
2024-10-19T04:28:00.000+02:00,332.05,25.05,37.18,0.0,70.09,0,0,0.0,0.0
2024-10-19T04:29:00.000+02:00,332.03,25.05,37.18,0.0,70.09,0,0,0.0,0.0
2024-10-19T04:30:00.000+02:00,332.0,25.05,37.18,0.0,70.09,0,0,0.0,0.0
2024-10-19T04:31:00.000+02:00,331.97,25.05,37.18,0.0,70.09,0,0,0.0,0.0
2024-10-19T04:32:00.000+02:00,331.94,25.05,37.19,0.0,70.09,0,0,0.0,0.0
2024-10-19T04:33:00.000+02:00,331.92,25.05,37.19,0.0,70.09,0,0,0.0,0.0
2024-10-19T04:34:00.000+02:00,331.89,25.05,37.19,0.0,70.09,0,0,0.0,0.0
2024-10-19T04:35:00.000+02:00,331.86,25.05,37.19,0.0,70.09,0,0,0.0,0.0
2024-10-19T04:36:00.000+02:00,331.84,25.04,37.19,0.0,70.09,0,0,0.0,0.0
2024-10-19T04:37:00.000+02:00,331.81,25.04,37.19,0.0,70.09,0,0,0.0,0.0
2024-10-19T04:38:00.000+02:00,331.78,25.04,37.2,0.0,70.09,0,0,0.0,0.0
2024-10-19T04:39:00.000+02:00,331.76,25.04,37.2,0.0,70.09,0,0,0.0,0.0
2024-10-19T04:40:00.000+02:00,331.73,25.04,37.2,0.0,70.09,0,0,0.0,0.0
2024-10-19T04:41:00.000+02:00,331.71,25.04,37.2,0.0,70.09,0,0,0.0,0.0
2024-10-19T04:42:00.000+02:00,331.68,25.04,37.2,0.0,70.09,0,0,0.0,0.0
2024-10-19T04:43:00.000+02:00,331.65,25.04,37.2,0.0,70.09,0,0,0.0,0.0
2024-10-19T04:44:00.000+02:00,331.63,25.03,37.2,0.0,70.09,0,0,0.0,0.0
2024-10-19T04:45:00.000+02:00,331.6,25.03,37.21,0.0,70.09,0,0,0.0,0.0
2024-10-19T04:46:00.000+02:00,331.58,25.03,37.21,0.0,70.09,0,0,0.0,0.0
2024-10-19T04:47:00.000+02:00,331.55,25.03,37.21,0.0,70.09,0,0,0.0,0.0
2024-10-19T04:48:00.000+02:00,331.53,25.03,37.21,0.0,70.09,0,0,0.0,0.0
2024-10-19T04:49:00.000+02:00,331.5,25.03,37.21,0.0,70.09,0,0,0.0,0.0
2024-10-19T04:50:00.000+02:00,331.48,25.03,37.21,0.0,70.09,0,0,0.0,0.0
2024-10-19T04:51:00.000+02:00,331.45,25.03,37.21,0.0,70.09,0,0,0.0,0.0
2024-10-19T04:52:00.000+02:00,331.43,25.03,37.22,0.0,70.09,0,0,0.0,0.0
2024-10-19T04:53:00.000+02:00,331.41,25.02,37.22,0.0,70.09,0,0,0.0,0.0
2024-10-19T04:54:00.000+02:00,331.38,25.02,37.22,0.0,70.09,0,0,0.0,0.0
2024-10-19T04:55:00.000+02:00,331.36,25.02,37.22,0.0,70.09,0,0,0.0,0.0
2024-10-19T04:56:00.000+02:00,331.33,25.02,37.22,0.0,70.09,0,0,0.0,0.0
2024-10-19T04:57:00.000+02:00,331.31,25.02,37.22,0.0,70.09,0,0,0.0,0.0
2024-10-19T04:58:00.000+02:00,331.29,25.02,37.23,0.0,70.09,0,0,0.0,0.0
2024-10-19T04:59:00.000+02:00,331.26,25.02,37.23,0.0,70.09,0,0,0.0,0.0
2024-10-19T05:00:00.000+02:00,331.24,25.02,37.23,0.0,70.09,0,0,0.0,0.0
2024-10-19T05:01:00.000+02:00,331.22,25.02,37.23,0.0,70.09,0,0,0.0,0.0
2024-10-19T05:02:00.000+02:00,331.19,25.01,37.23,0.0,70.09,0,0,0.0,0.0
2024-10-19T05:03:00.000+02:00,331.17,25.01,37.23,0.0,70.09,0,0,0.0,0.0
2024-10-19T05:04:00.000+02:00,331.15,25.01,37.24,0.0,70.09,0,0,0.0,0.0
2024-10-19T05:05:00.000+02:00,331.12,25.01,37.24,0.0,70.09,0,0,0.0,0.0
2024-10-19T05:06:00.000+02:00,331.1,25.01,37.24,0.0,70.09,0,0,0.0,0.0
2024-10-19T05:07:00.000+02:00,331.08,25.01,37.25,0.0,70.09,0,0,0.0,0.0
2024-10-19T05:08:00.000+02:00,331.06,25.01,37.25,0.0,70.09,0,0,0.0,0.0
2024-10-19T05:09:00.000+02:00,331.03,25.01,37.25,0.0,70.09,0,0,0.0,0.0
2024-10-19T05:10:00.000+02:00,331.01,25.0,37.26,0.0,70.09,0,0,0.0,0.0
2024-10-19T05:11:00.000+02:00,330.99,25.0,37.26,0.0,70.09,0,0,0.0,0.0
2024-10-19T05:12:00.000+02:00,330.97,25.0,37.26,0.0,70.09,0,0,0.0,0.0
2024-10-19T05:13:00.000+02:00,330.95,25.0,37.27,0.0,70.09,0,0,0.0,0.0
2024-10-19T05:14:00.000+02:00,330.92,25.0,37.28,0.0,70.09,0,0,0.0,0.0
2024-10-19T05:15:00.000+02:00,330.9,24.99,37.29,0.0,70.09,0,0,0.0,0.0
2024-10-19T05:16:00.000+02:00,330.88,24.99,37.3,0.0,70.09,0,0,0.0,0.0
2024-10-19T05:17:00.000+02:00,330.86,24.98,37.32,0.0,70.09,0,0,0.0,0.0
2024-10-19T05:18:00.000+02:00,330.84,24.98,37.33,0.0,70.09,0,0,0.0,0.0
2024-10-19T05:19:00.000+02:00,330.82,24.97,37.34,0.0,70.09,0,0,0.0,0.0
2024-10-19T05:20:00.000+02:00,330.8,24.97,37.36,0.0,70.09,0,0,0.0,0.0
2024-10-19T05:21:00.000+02:00,330.78,24.96,37.37,0.0,70.09,0,0,0.0,0.0
2024-10-19T05:22:00.000+02:00,330.76,24.96,37.38,0.0,70.09,0,0,0.0,0.0
2024-10-19T05:23:00.000+02:00,330.74,24.95,37.39,0.0,70.09,0,0,0.0,0.0
2024-10-19T05:24:00.000+02:00,330.71,24.95,37.41,0.0,70.09,0,0,0.0,0.0
2024-10-19T05:25:00.000+02:00,330.69,24.95,37.42,0.0,70.09,0,0,0.0,0.0
2024-10-19T05:26:00.000+02:00,330.67,24.94,37.43,0.0,70.09,0,0,0.0,0.0
2024-10-19T05:27:00.000+02:00,330.65,24.94,37.44,0.0,70.09,0,0,0.0,0.0
2024-10-19T05:28:00.000+02:00,330.63,24.94,37.45,0.0,70.09,0,0,0.0,0.0
2024-10-19T05:29:00.000+02:00,330.61,24.93,37.47,0.0,70.09,0,0,0.0,0.0
2024-10-19T05:30:00.000+02:00,330.59,24.93,37.48,0.0,70.09,0,0,0.0,0.0
2024-10-19T05:31:00.000+02:00,330.57,24.92,37.49,0.0,70.09,0,0,0.0,0.0
2024-10-19T05:32:00.000+02:00,330.56,24.92,37.5,0.0,70.09,0,0,0.0,0.0
2024-10-19T05:33:00.000+02:00,330.54,24.92,37.51,0.0,70.09,0,0,0.0,0.0
2024-10-19T05:34:00.000+02:00,330.52,24.92,37.53,0.0,70.09,0,0,0.0,0.0
2024-10-19T05:35:00.000+02:00,330.5,24.91,37.54,0.0,70.09,0,0,0.0,0.0
2024-10-19T05:36:00.000+02:00,330.48,24.91,37.55,0.0,70.09,0,0,0.0,0.0
2024-10-19T05:37:00.000+02:00,330.46,24.91,37.56,0.0,70.09,0,0,0.0,0.0
2024-10-19T05:38:00.000+02:00,330.44,24.9,37.57,0.0,70.09,0,0,0.0,0.0
2024-10-19T05:39:00.000+02:00,330.42,24.9,37.59,0.0,70.09,0,0,0.0,0.0
2024-10-19T05:40:00.000+02:00,330.4,24.9,37.6,0.0,70.09,0,0,0.0,0.0
2024-10-19T05:41:00.000+02:00,330.38,24.9,37.61,0.0,70.09,0,0,0.0,0.0
2024-10-19T05:42:00.000+02:00,330.37,24.89,37.62,0.0,70.09,0,0,0.0,0.0
2024-10-19T05:43:00.000+02:00,330.35,24.89,37.63,0.0,70.09,0,0,0.0,0.0
2024-10-19T05:44:00.000+02:00,330.33,24.89,37.65,0.0,70.09,0,0,0.0,0.0
2024-10-19T05:45:00.000+02:00,330.31,24.88,37.66,0.0,70.09,0,0,0.0,0.0
2024-10-19T05:46:00.000+02:00,330.29,24.88,37.67,0.0,70.09,0,0,0.0,0.0
2024-10-19T05:47:00.000+02:00,330.27,24.88,37.68,0.0,70.09,0,0,0.0,0.0
2024-10-19T05:48:00.000+02:00,330.26,24.88,37.7,0.0,70.09,0,0,0.0,0.0
2024-10-19T05:49:00.000+02:00,330.24,24.87,37.71,0.0,70.09,0,0,0.0,0.0
2024-10-19T05:50:00.000+02:00,330.22,24.87,37.72,0.0,70.09,0,0,0.0,0.0
2024-10-19T05:51:00.000+02:00,330.2,24.87,37.74,0.0,70.09,0,0,0.0,0.0
2024-10-19T05:52:00.000+02:00,330.19,24.87,37.75,0.0,70.09,0,0,0.0,0.0
2024-10-19T05:53:00.000+02:00,330.17,24.87,37.76,0.0,70.09,0,0,0.0,0.0
2024-10-19T05:54:00.000+02:00,330.15,24.86,37.77,0.0,70.09,0,0,0.0,0.0
2024-10-19T05:55:00.000+02:00,331.96,24.88,37.78,0.0,70.09,1,1,1.0,1.0
2024-10-19T05:56:00.000+02:00,334.92,24.9,37.79,0.0,70.09,1,1,1.0,1.0
2024-10-19T05:57:00.000+02:00,338.27,24.93,37.8,0.0,70.09,1,1,1.0,1.0
2024-10-19T05:58:00.000+02:00,341.65,24.96,37.81,0.0,70.09,1,1,1.0,1.0
2024-10-19T05:59:00.000+02:00,344.96,24.98,37.82,0.0,70.09,1,1,1.0,1.0
2024-10-19T06:00:00.000+02:00,348.23,25.0,37.84,0.0,70.09,1,1,1.0,1.0
2024-10-19T06:01:00.000+02:00,351.45,25.02,37.86,0.0,70.09,1,1,1.0,1.0
2024-10-19T06:02:00.000+02:00,354.66,25.05,37.88,0.0,70.09,1,1,1.0,1.0
2024-10-19T06:03:00.000+02:00,357.85,25.07,37.89,0.0,70.09,1,1,1.0,1.0
2024-10-19T06:04:00.000+02:00,361.03,25.09,37.92,0.0,70.09,1,1,1.0,1.0
2024-10-19T06:05:00.000+02:00,364.19,25.11,37.94,0.0,70.09,1,1,1.0,1.0
2024-10-19T06:06:00.000+02:00,367.33,25.12,37.97,0.0,70.09,1,1,1.0,1.0
2024-10-19T06:07:00.000+02:00,370.45,25.14,38.0,0.0,70.09,1,1,1.0,1.0
2024-10-19T06:08:00.000+02:00,373.56,25.15,38.03,0.0,70.09,1,1,1.0,1.0
2024-10-19T06:09:00.000+02:00,376.65,25.17,38.07,0.0,70.09,1,1,1.0,1.0
2024-10-19T06:10:00.000+02:00,379.72,25.18,38.11,0.0,70.09,1,1,1.0,1.0
2024-10-19T06:11:00.000+02:00,382.78,25.19,38.15,0.0,70.09,1,1,1.0,1.0
2024-10-19T06:12:00.000+02:00,385.82,25.2,38.19,0.0,70.09,1,1,1.0,1.0
2024-10-19T06:13:00.000+02:00,388.84,25.21,38.24,0.0,70.09,1,1,1.0,1.0
2024-10-19T06:14:00.000+02:00,391.84,25.22,38.28,0.0,70.09,1,1,1.0,1.0
2024-10-19T06:15:00.000+02:00,394.83,25.23,38.33,0.0,70.09,1,1,1.0,1.0
2024-10-19T06:16:00.000+02:00,397.81,25.23,38.38,0.0,70.09,1,1,1.0,1.0
2024-10-19T06:17:00.000+02:00,400.76,25.24,38.43,0.0,70.09,1,1,1.0,1.0
2024-10-19T06:18:00.000+02:00,403.7,25.25,38.48,0.0,70.09,1,1,1.0,1.0
2024-10-19T06:19:00.000+02:00,406.63,25.25,38.53,0.0,70.09,1,1,1.0,1.0
2024-10-19T06:20:00.000+02:00,409.53,25.26,38.58,0.0,70.09,1,1,1.0,1.0
2024-10-19T06:21:00.000+02:00,412.43,25.26,38.63,0.0,70.09,1,1,1.0,1.0
2024-10-19T06:22:00.000+02:00,415.3,25.27,38.69,0.0,70.09,1,1,1.0,1.0
2024-10-19T06:23:00.000+02:00,418.16,25.27,38.74,0.0,70.09,1,1,1.0,1.0
2024-10-19T06:24:00.000+02:00,421.01,25.28,38.8,0.0,70.09,1,1,1.0,1.0
2024-10-19T06:25:00.000+02:00,423.84,25.28,38.85,0.0,70.09,1,1,1.0,1.0
2024-10-19T06:26:00.000+02:00,426.65,25.28,38.91,0.0,70.09,1,1,1.0,1.0
2024-10-19T06:27:00.000+02:00,429.45,25.29,38.96,0.0,70.09,1,1,1.0,1.0
2024-10-19T06:28:00.000+02:00,432.23,25.29,39.02,0.0,70.09,1,1,1.0,1.0
2024-10-19T06:29:00.000+02:00,435.0,25.29,39.07,0.0,70.09,1,1,1.0,1.0
2024-10-19T06:30:00.000+02:00,437.75,25.3,39.13,0.0,70.09,1,1,1.0,1.0
2024-10-19T06:31:00.000+02:00,440.49,25.3,39.19,0.0,70.09,1,1,1.0,1.0
2024-10-19T06:32:00.000+02:00,443.21,25.3,39.25,0.0,70.09,1,1,1.0,1.0
2024-10-19T06:33:00.000+02:00,445.92,25.3,39.3,0.0,70.09,1,1,1.0,1.0
2024-10-19T06:34:00.000+02:00,448.61,25.31,39.36,0.0,70.09,1,1,1.0,1.0
2024-10-19T06:35:00.000+02:00,451.29,25.31,39.42,0.0,70.09,1,1,1.0,1.0
2024-10-19T06:36:00.000+02:00,453.95,25.31,39.48,0.0,70.09,1,1,1.0,1.0
2024-10-19T06:37:00.000+02:00,456.6,25.31,39.53,0.0,70.09,1,1,1.0,1.0
2024-10-19T06:38:00.000+02:00,459.23,25.31,39.59,0.0,70.09,1,1,1.0,1.0
2024-10-19T06:39:00.000+02:00,461.85,25.31,39.65,0.0,70.09,1,1,1.0,1.0
2024-10-19T06:40:00.000+02:00,464.45,25.32,39.71,0.0,70.09,1,1,1.0,1.0
2024-10-19T06:41:00.000+02:00,467.05,25.32,39.77,0.0,70.09,1,1,1.0,1.0
2024-10-19T06:42:00.000+02:00,469.62,25.32,39.83,0.0,70.09,1,1,1.0,1.0
2024-10-19T06:43:00.000+02:00,472.18,25.32,39.88,0.0,70.09,1,1,1.0,1.0
2024-10-19T06:44:00.000+02:00,474.73,25.36,39.86,0.0,70.09,1,1,1.0,1.0
2024-10-19T06:45:00.000+02:00,477.26,25.41,39.78,0.0,70.09,1,1,1.0,1.0
2024-10-19T06:46:00.000+02:00,479.78,25.48,39.69,0.0,70.09,1,1,1.0,1.0
2024-10-19T06:47:00.000+02:00,482.29,25.54,39.6,0.0,70.09,1,1,1.0,1.0
2024-10-19T06:48:00.000+02:00,484.78,25.6,39.52,0.0,70.09,1,1,1.0,1.0
2024-10-19T06:49:00.000+02:00,487.26,25.66,39.44,0.0,70.09,1,1,1.0,1.0
2024-10-19T06:50:00.000+02:00,489.72,25.72,39.37,0.0,70.09,1,1,1.0,1.0
2024-10-19T06:51:00.000+02:00,490.35,25.75,39.32,0.0,70.09,0,1,0.0,
2024-10-19T06:52:00.000+02:00,489.81,25.78,39.26,0.0,70.09,0,1,0.0,
2024-10-19T06:53:00.000+02:00,490.69,25.82,39.21,0.0,70.09,1,1,1.0,
2024-10-19T06:54:00.000+02:00,492.68,25.86,39.15,0.0,70.09,1,1,1.0,
2024-10-19T06:55:00.000+02:00,495.11,25.91,39.1,0.0,70.09,1,1,1.0,
2024-10-19T06:56:00.000+02:00,497.61,25.96,39.05,0.0,70.09,1,1,1.0,
2024-10-19T06:57:00.000+02:00,500.07,26.0,39.01,0.0,70.09,1,1,1.0,
2024-10-19T06:58:00.000+02:00,502.48,26.05,38.97,0.0,70.09,1,1,1.0,
2024-10-19T06:59:00.000+02:00,504.86,26.09,38.94,0.0,70.09,1,1,1.0,
2024-10-19T07:00:00.000+02:00,507.22,26.13,38.91,0.0,70.09,1,1,1.0,
2024-10-19T07:01:00.000+02:00,509.58,26.17,38.88,0.0,70.09,1,1,1.0,
2024-10-19T07:02:00.000+02:00,511.91,26.2,38.86,0.0,70.09,1,1,1.0,
2024-10-19T07:03:00.000+02:00,514.24,26.24,38.84,0.0,70.09,1,1,1.0,
2024-10-19T07:04:00.000+02:00,516.55,26.27,38.82,0.0,70.09,1,1,1.0,
2024-10-19T07:05:00.000+02:00,520.68,26.32,38.8,0.0,70.09,1,1,2.0,
2024-10-19T07:06:00.000+02:00,525.94,26.38,38.79,0.0,70.09,1,1,2.0,
2024-10-19T07:07:00.000+02:00,531.59,26.44,38.78,0.0,70.09,1,1,2.0,
2024-10-19T07:08:00.000+02:00,537.24,26.49,38.78,0.0,70.09,1,1,2.0,
2024-10-19T07:09:00.000+02:00,542.83,26.54,38.79,0.0,70.09,1,1,2.0,
2024-10-19T07:10:00.000+02:00,548.34,26.59,38.81,0.0,70.09,1,1,2.0,
2024-10-19T07:11:00.000+02:00,553.81,26.64,38.83,0.0,70.09,1,1,2.0,
2024-10-19T07:12:00.000+02:00,559.25,26.68,38.85,0.0,70.09,1,1,2.0,
2024-10-19T07:13:00.000+02:00,564.65,26.72,38.88,0.0,70.09,1,1,2.0,
2024-10-19T07:14:00.000+02:00,570.03,26.76,38.92,0.0,70.09,1,1,2.0,
2024-10-19T07:15:00.000+02:00,575.38,26.8,38.95,0.0,70.09,1,1,2.0,
2024-10-19T07:16:00.000+02:00,580.7,26.83,39.0,0.0,70.09,1,1,2.0,
2024-10-19T07:17:00.000+02:00,585.99,26.86,39.04,0.0,70.09,1,1,2.0,
2024-10-19T07:18:00.000+02:00,591.25,26.89,39.1,0.0,70.09,1,1,2.0,
2024-10-19T07:19:00.000+02:00,596.48,26.92,39.15,0.0,70.09,1,1,2.0,
2024-10-19T07:20:00.000+02:00,601.68,26.95,39.22,0.0,70.09,1,1,2.0,
2024-10-19T07:21:00.000+02:00,606.85,26.97,39.28,0.0,70.09,1,1,2.0,
2024-10-19T07:22:00.000+02:00,612.0,27.0,39.35,0.0,70.09,1,1,2.0,
2024-10-19T07:23:00.000+02:00,617.11,27.02,39.42,0.0,70.09,1,1,2.0,
2024-10-19T07:24:00.000+02:00,622.2,27.04,39.5,0.0,70.09,1,1,2.0,
2024-10-19T07:25:00.000+02:00,627.26,27.06,39.57,0.0,70.09,1,1,2.0,
2024-10-19T07:26:00.000+02:00,632.29,27.07,39.65,0.0,70.09,1,1,2.0,
2024-10-19T07:27:00.000+02:00,637.29,27.09,39.73,0.0,70.09,1,1,2.0,
2024-10-19T07:28:00.000+02:00,642.27,27.11,39.81,0.0,70.09,1,1,2.0,
2024-10-19T07:29:00.000+02:00,647.21,27.12,39.89,0.0,70.09,1,1,2.0,
2024-10-19T07:30:00.000+02:00,652.13,27.14,39.97,0.0,70.09,1,1,2.0,
2024-10-19T07:31:00.000+02:00,657.02,27.15,40.05,0.0,70.09,1,1,2.0,2.0
2024-10-19T07:32:00.000+02:00,661.89,27.17,40.14,0.0,70.09,1,1,2.0,2.0
2024-10-19T07:33:00.000+02:00,666.73,27.18,40.22,0.0,70.09,1,1,2.0,2.0
2024-10-19T07:34:00.000+02:00,671.54,27.2,40.31,0.0,70.09,1,1,2.0,2.0
2024-10-19T07:35:00.000+02:00,676.32,27.21,40.4,0.0,70.09,1,1,2.0,2.0
2024-10-19T07:36:00.000+02:00,681.08,27.22,40.48,0.0,70.09,1,1,2.0,2.0
2024-10-19T07:37:00.000+02:00,685.81,27.23,40.57,0.0,70.09,1,1,2.0,2.0
2024-10-19T07:38:00.000+02:00,690.52,27.24,40.66,0.0,70.09,1,1,2.0,2.0
2024-10-19T07:39:00.000+02:00,695.2,27.25,40.75,0.0,70.09,1,1,2.0,2.0
2024-10-19T07:40:00.000+02:00,699.85,27.26,40.84,0.0,70.09,1,1,2.0,2.0
2024-10-19T07:41:00.000+02:00,704.48,27.28,40.93,0.0,70.09,1,1,2.0,2.0
2024-10-19T07:42:00.000+02:00,709.08,27.29,41.01,0.0,70.09,1,1,2.0,2.0
2024-10-19T07:43:00.000+02:00,713.65,27.3,41.1,0.0,70.09,1,1,2.0,2.0
2024-10-19T07:44:00.000+02:00,716.38,27.29,41.19,0.0,70.09,1,1,1.0,1.0
2024-10-19T07:45:00.000+02:00,717.93,27.28,41.27,0.0,70.09,1,1,1.0,1.0
2024-10-19T07:46:00.000+02:00,719.06,27.27,41.35,0.0,70.09,1,1,1.0,1.0
2024-10-19T07:47:00.000+02:00,720.14,27.25,41.42,0.0,70.09,1,1,1.0,1.0
2024-10-19T07:48:00.000+02:00,721.26,27.24,41.5,0.0,70.09,1,1,1.0,1.0
2024-10-19T07:49:00.000+02:00,722.41,27.23,41.58,0.0,70.09,1,1,1.0,1.0
2024-10-19T07:50:00.000+02:00,723.56,27.21,41.66,0.0,70.09,1,1,1.0,1.0
2024-10-19T07:51:00.000+02:00,724.72,27.2,41.74,0.0,70.09,1,1,1.0,1.0
2024-10-19T07:52:00.000+02:00,725.86,27.19,41.81,0.0,70.09,1,1,1.0,1.0
2024-10-19T07:53:00.000+02:00,727.0,27.18,41.88,0.0,70.09,1,1,1.0,1.0
2024-10-19T07:54:00.000+02:00,729.96,27.19,41.94,0.0,70.09,1,1,2.0,2.0
2024-10-19T07:55:00.000+02:00,734.06,27.2,42.01,0.0,70.09,1,1,2.0,2.0
2024-10-19T07:56:00.000+02:00,738.55,27.22,42.07,0.0,70.09,1,1,2.0,2.0
2024-10-19T07:57:00.000+02:00,743.05,27.24,42.14,0.0,70.09,1,1,2.0,2.0
2024-10-19T07:58:00.000+02:00,747.49,27.26,42.21,0.0,70.09,1,1,2.0,2.0
2024-10-19T07:59:00.000+02:00,751.87,27.27,42.28,0.0,70.09,1,1,2.0,2.0
2024-10-19T08:00:00.000+02:00,756.21,27.29,42.36,0.0,70.09,1,1,2.0,2.0
2024-10-19T08:01:00.000+02:00,760.52,27.3,42.43,0.0,70.09,1,1,2.0,2.0
2024-10-19T08:02:00.000+02:00,764.81,27.32,42.51,0.0,70.09,1,1,2.0,2.0
2024-10-19T08:03:00.000+02:00,769.08,27.33,42.58,0.0,70.09,1,1,2.0,2.0
2024-10-19T08:04:00.000+02:00,773.32,27.34,42.66,0.0,70.09,1,1,2.0,2.0
2024-10-19T08:05:00.000+02:00,777.54,27.35,42.73,0.0,70.09,1,1,2.0,2.0
2024-10-19T08:06:00.000+02:00,781.73,27.36,42.81,0.0,70.09,1,1,2.0,2.0
2024-10-19T08:07:00.000+02:00,785.9,27.38,42.89,0.0,70.09,1,1,2.0,2.0
2024-10-19T08:08:00.000+02:00,790.05,27.39,42.96,0.0,70.09,1,1,2.0,2.0
2024-10-19T08:09:00.000+02:00,794.18,27.4,43.04,0.0,70.09,1,1,2.0,2.0
2024-10-19T08:10:00.000+02:00,798.28,27.41,43.12,0.0,70.09,1,1,2.0,2.0
2024-10-19T08:11:00.000+02:00,802.36,27.42,43.19,0.0,70.09,1,1,2.0,2.0
2024-10-19T08:12:00.000+02:00,806.42,27.43,43.27,0.0,70.09,1,1,2.0,2.0
2024-10-19T08:13:00.000+02:00,810.45,27.44,43.33,0.0,70.09,1,1,2.0,2.0
2024-10-19T08:14:00.000+02:00,814.46,27.46,43.38,0.0,70.09,1,1,2.0,2.0
2024-10-19T08:15:00.000+02:00,818.45,27.48,43.44,0.0,70.09,1,1,2.0,2.0
2024-10-19T08:16:00.000+02:00,822.42,27.5,43.49,0.0,70.09,1,1,2.0,2.0
2024-10-19T08:17:00.000+02:00,826.36,27.51,43.54,0.0,70.09,1,1,2.0,2.0
2024-10-19T08:18:00.000+02:00,830.28,27.53,43.6,0.0,70.09,1,1,2.0,2.0
2024-10-19T08:19:00.000+02:00,834.18,27.55,43.65,0.0,70.09,1,1,2.0,2.0
2024-10-19T08:20:00.000+02:00,838.06,27.56,43.71,0.0,70.09,1,1,2.0,2.0
2024-10-19T08:21:00.000+02:00,841.92,27.58,43.76,0.0,70.09,1,1,2.0,2.0
2024-10-19T08:22:00.000+02:00,845.75,27.59,43.82,0.0,70.09,1,1,2.0,2.0
2024-10-19T08:23:00.000+02:00,849.57,27.61,43.88,0.0,70.09,1,1,2.0,2.0
2024-10-19T08:24:00.000+02:00,853.36,27.62,43.93,0.0,70.09,1,1,2.0,2.0
2024-10-19T08:25:00.000+02:00,857.13,27.63,43.99,0.0,70.09,1,1,2.0,2.0
2024-10-19T08:26:00.000+02:00,860.88,27.65,44.04,0.0,70.09,1,1,2.0,2.0
2024-10-19T08:27:00.000+02:00,864.61,27.66,44.1,0.0,70.09,1,1,2.0,2.0
2024-10-19T08:28:00.000+02:00,868.31,27.67,44.16,0.0,70.09,1,1,2.0,2.0
2024-10-19T08:29:00.000+02:00,872.0,27.69,44.21,0.0,70.09,1,1,2.0,2.0
2024-10-19T08:30:00.000+02:00,875.67,27.7,44.27,0.0,70.09,1,1,2.0,2.0
2024-10-19T08:31:00.000+02:00,879.31,27.71,44.32,0.0,70.09,1,1,2.0,2.0
2024-10-19T08:32:00.000+02:00,882.94,27.72,44.38,0.0,70.09,1,1,2.0,2.0
2024-10-19T08:33:00.000+02:00,886.54,27.74,44.43,0.0,70.09,1,1,2.0,2.0
2024-10-19T08:34:00.000+02:00,890.13,27.75,44.49,0.0,70.09,1,1,2.0,2.0
2024-10-19T08:35:00.000+02:00,893.69,27.76,44.54,0.0,70.09,1,1,2.0,2.0
2024-10-19T08:36:00.000+02:00,897.24,27.77,44.6,0.0,70.09,1,1,2.0,2.0
2024-10-19T08:37:00.000+02:00,900.76,27.78,44.65,0.0,70.09,1,1,2.0,2.0
2024-10-19T08:38:00.000+02:00,904.27,27.8,44.7,0.0,70.09,1,1,2.0,2.0
2024-10-19T08:39:00.000+02:00,907.75,27.81,44.75,0.0,70.09,1,1,2.0,2.0
2024-10-19T08:40:00.000+02:00,911.22,27.82,44.8,0.0,70.09,1,1,2.0,2.0
2024-10-19T08:41:00.000+02:00,914.66,27.83,44.85,0.0,70.09,1,1,2.0,2.0
2024-10-19T08:42:00.000+02:00,918.09,27.84,44.9,0.0,70.09,1,1,2.0,2.0
2024-10-19T08:43:00.000+02:00,921.5,27.85,44.95,0.0,70.09,1,1,2.0,2.0
2024-10-19T08:44:00.000+02:00,924.89,27.87,45.0,0.0,70.09,1,1,2.0,2.0
2024-10-19T08:45:00.000+02:00,928.26,27.88,45.05,0.0,70.09,1,1,2.0,2.0
2024-10-19T08:46:00.000+02:00,931.61,27.89,45.1,0.0,70.09,1,1,2.0,2.0
2024-10-19T08:47:00.000+02:00,934.94,27.9,45.14,0.0,70.09,1,1,2.0,2.0
2024-10-19T08:48:00.000+02:00,938.25,27.91,45.19,0.0,70.09,1,1,2.0,2.0
2024-10-19T08:49:00.000+02:00,941.55,27.92,45.24,0.0,70.09,1,1,2.0,2.0
2024-10-19T08:50:00.000+02:00,944.82,27.94,45.28,0.0,70.09,1,1,2.0,2.0
2024-10-19T08:51:00.000+02:00,948.08,27.95,45.33,0.0,70.09,1,1,2.0,2.0
2024-10-19T08:52:00.000+02:00,951.32,27.96,45.37,0.0,70.09,1,1,2.0,2.0
2024-10-19T08:53:00.000+02:00,954.54,27.97,45.41,0.0,70.09,1,1,2.0,2.0
2024-10-19T08:54:00.000+02:00,957.74,27.98,45.46,0.0,70.09,1,1,2.0,2.0
2024-10-19T08:55:00.000+02:00,960.93,27.99,45.5,0.0,70.09,1,1,2.0,2.0
2024-10-19T08:56:00.000+02:00,964.09,28.0,45.54,0.0,70.09,1,1,2.0,2.0
2024-10-19T08:57:00.000+02:00,967.24,28.02,45.58,0.0,70.09,1,1,2.0,2.0
2024-10-19T08:58:00.000+02:00,970.37,28.03,45.62,0.0,70.09,1,1,2.0,2.0
2024-10-19T08:59:00.000+02:00,973.49,28.04,45.66,0.0,70.09,1,1,2.0,2.0
2024-10-19T09:00:00.000+02:00,976.58,28.05,45.7,0.0,70.09,1,1,2.0,2.0
2024-10-19T09:01:00.000+02:00,979.66,28.06,45.74,0.0,70.09,1,1,2.0,2.0
2024-10-19T09:02:00.000+02:00,982.72,28.07,45.78,0.0,70.09,1,1,2.0,2.0
2024-10-19T09:03:00.000+02:00,985.77,28.08,45.82,0.0,70.09,1,1,2.0,2.0
2024-10-19T09:04:00.000+02:00,988.79,28.09,45.86,0.0,70.09,1,1,2.0,2.0
2024-10-19T09:05:00.000+02:00,991.8,28.11,45.89,0.0,70.09,1,1,2.0,2.0
2024-10-19T09:06:00.000+02:00,994.79,28.12,45.93,0.0,70.09,1,1,2.0,2.0
2024-10-19T09:07:00.000+02:00,997.77,28.13,45.97,0.0,70.09,1,1,2.0,2.0
2024-10-19T09:08:00.000+02:00,1000.73,28.14,46.0,0.0,70.09,1,1,2.0,2.0
2024-10-19T09:09:00.000+02:00,1003.67,28.15,46.04,0.0,70.09,1,1,2.0,2.0
2024-10-19T09:10:00.000+02:00,1006.6,28.16,46.07,0.0,70.09,1,1,2.0,2.0
2024-10-19T09:11:00.000+02:00,1009.51,28.18,46.1,0.0,70.09,1,1,2.0,2.0
2024-10-19T09:12:00.000+02:00,1010.58,28.18,46.13,0.0,70.09,1,1,1.0,1.0
2024-10-19T09:13:00.000+02:00,1010.48,28.17,46.15,0.0,70.09,1,1,1.0,1.0
2024-10-19T09:14:00.000+02:00,1009.97,28.16,46.16,0.0,70.09,1,1,1.0,1.0
2024-10-19T09:15:00.000+02:00,1009.42,28.15,46.18,0.0,70.09,1,1,1.0,1.0
2024-10-19T09:16:00.000+02:00,1008.92,28.15,46.18,0.0,70.09,1,1,1.0,1.0
2024-10-19T09:17:00.000+02:00,1008.45,28.14,46.19,0.0,70.09,1,1,1.0,1.0
2024-10-19T09:18:00.000+02:00,1008.01,28.14,46.19,0.0,70.09,1,1,1.0,1.0
2024-10-19T09:19:00.000+02:00,1007.57,28.14,46.18,0.0,70.09,1,1,1.0,1.0
2024-10-19T09:20:00.000+02:00,1007.13,28.14,46.17,0.0,70.09,1,1,1.0,1.0
2024-10-19T09:21:00.000+02:00,1006.69,28.14,46.16,0.0,70.09,1,1,1.0,1.0
2024-10-19T09:22:00.000+02:00,1006.26,28.15,46.15,0.0,70.09,1,1,1.0,1.0
2024-10-19T09:23:00.000+02:00,1005.82,28.15,46.13,0.0,70.09,1,1,1.0,1.0
2024-10-19T09:24:00.000+02:00,1005.39,28.15,46.12,0.0,70.09,1,1,1.0,1.0
2024-10-19T09:25:00.000+02:00,1004.96,28.16,46.1,0.0,70.09,1,1,1.0,1.0
2024-10-19T09:26:00.000+02:00,1004.54,28.16,46.07,0.0,70.09,1,1,1.0,1.0
2024-10-19T09:27:00.000+02:00,1004.11,28.17,46.05,0.0,70.09,1,1,1.0,1.0
2024-10-19T09:28:00.000+02:00,1003.69,28.17,46.03,0.0,70.09,1,1,1.0,1.0
2024-10-19T09:29:00.000+02:00,1003.27,28.18,46.0,0.0,70.09,1,1,1.0,1.0
2024-10-19T09:30:00.000+02:00,1002.86,28.19,45.97,0.0,70.09,1,1,1.0,1.0
2024-10-19T09:31:00.000+02:00,1002.44,28.2,45.94,0.0,70.09,1,1,1.0,1.0
2024-10-19T09:32:00.000+02:00,1002.03,28.2,45.92,0.0,70.09,1,1,1.0,1.0
2024-10-19T09:33:00.000+02:00,1001.62,28.21,45.89,0.0,70.09,1,1,1.0,1.0
2024-10-19T09:34:00.000+02:00,1001.21,28.22,45.86,0.0,70.09,1,1,1.0,1.0
2024-10-19T09:35:00.000+02:00,1000.8,28.23,45.83,0.0,70.09,1,1,1.0,1.0
2024-10-19T09:36:00.000+02:00,1000.4,28.24,45.8,0.0,70.09,1,1,1.0,1.0
2024-10-19T09:37:00.000+02:00,1000.0,28.24,45.77,0.0,70.09,1,1,1.0,1.0
2024-10-19T09:38:00.000+02:00,999.6,28.25,45.73,0.0,70.09,1,1,1.0,1.0
2024-10-19T09:39:00.000+02:00,999.2,28.26,45.7,0.0,70.09,1,1,1.0,1.0
2024-10-19T09:40:00.000+02:00,998.81,28.27,45.67,0.0,70.09,1,1,1.0,1.0
2024-10-19T09:41:00.000+02:00,998.41,28.28,45.64,0.0,70.09,1,1,1.0,1.0
2024-10-19T09:42:00.000+02:00,998.02,28.29,45.61,0.0,70.09,1,1,1.0,1.0
2024-10-19T09:43:00.000+02:00,997.63,28.29,45.58,0.0,70.09,1,1,1.0,1.0
2024-10-19T09:44:00.000+02:00,997.25,28.3,45.55,0.0,70.09,1,1,1.0,1.0
2024-10-19T09:45:00.000+02:00,996.86,28.31,45.51,0.0,70.09,1,1,1.0,1.0
2024-10-19T09:46:00.000+02:00,996.48,28.32,45.48,0.0,70.09,1,1,1.0,1.0
2024-10-19T09:47:00.000+02:00,996.1,28.33,45.45,0.0,70.09,1,1,1.0,1.0
2024-10-19T09:48:00.000+02:00,995.72,28.33,45.42,0.0,70.09,1,1,1.0,1.0
2024-10-19T09:49:00.000+02:00,995.34,28.34,45.39,0.0,70.09,1,1,1.0,1.0
2024-10-19T09:50:00.000+02:00,994.97,28.35,45.36,0.0,70.09,1,1,1.0,1.0
2024-10-19T09:51:00.000+02:00,994.6,28.36,45.32,0.0,70.09,1,1,1.0,1.0
2024-10-19T09:52:00.000+02:00,994.23,28.37,45.29,0.0,70.09,1,1,1.0,1.0
2024-10-19T09:53:00.000+02:00,993.86,28.37,45.26,0.0,70.09,1,1,1.0,1.0
2024-10-19T09:54:00.000+02:00,993.49,28.38,45.23,0.0,70.09,1,1,1.0,1.0
2024-10-19T09:55:00.000+02:00,993.13,28.39,45.2,0.0,70.09,1,1,1.0,1.0
2024-10-19T09:56:00.000+02:00,992.76,28.4,45.17,0.0,70.09,1,1,1.0,1.0
2024-10-19T09:57:00.000+02:00,992.4,28.41,45.13,0.0,70.09,1,1,1.0,1.0
2024-10-19T09:58:00.000+02:00,992.04,28.41,45.1,0.0,70.09,1,1,1.0,1.0
2024-10-19T09:59:00.000+02:00,991.69,28.42,45.07,0.0,70.09,1,1,1.0,1.0
2024-10-19T10:00:00.000+02:00,991.33,28.43,45.04,0.0,70.09,1,1,1.0,1.0
2024-10-19T10:01:00.000+02:00,990.98,28.44,45.01,0.0,70.09,1,1,1.0,1.0
2024-10-19T10:02:00.000+02:00,988.8,28.43,44.98,0.0,70.09,0,1,0.0,
2024-10-19T10:03:00.000+02:00,985.48,28.42,44.93,0.0,70.09,0,1,0.0,
2024-10-19T10:04:00.000+02:00,983.59,28.42,44.89,0.0,70.09,1,1,1.0,
2024-10-19T10:05:00.000+02:00,982.83,28.42,44.85,0.0,70.09,1,1,1.0,
2024-10-19T10:06:00.000+02:00,982.52,28.44,44.81,0.0,70.09,1,1,1.0,
2024-10-19T10:07:00.000+02:00,982.29,28.45,44.77,0.0,70.09,1,1,1.0,
2024-10-19T10:08:00.000+02:00,982.04,28.46,44.74,0.0,70.09,1,1,1.0,
2024-10-19T10:09:00.000+02:00,981.76,28.47,44.7,0.0,70.09,1,1,1.0,
2024-10-19T10:10:00.000+02:00,981.46,28.48,44.67,0.0,70.09,1,1,1.0,
2024-10-19T10:11:00.000+02:00,981.16,28.48,44.63,0.0,70.09,1,1,1.0,
2024-10-19T10:12:00.000+02:00,980.87,28.49,44.6,0.0,70.09,1,1,1.0,
2024-10-19T10:13:00.000+02:00,980.57,28.5,44.56,0.0,70.09,1,1,1.0,
2024-10-19T10:14:00.000+02:00,980.28,28.51,44.53,0.0,70.09,1,1,1.0,
2024-10-19T10:15:00.000+02:00,979.99,28.52,44.49,0.0,70.09,1,1,1.0,
2024-10-19T10:16:00.000+02:00,979.7,28.53,44.46,0.0,70.09,1,1,1.0,
2024-10-19T10:17:00.000+02:00,979.41,28.54,44.43,0.0,70.09,1,1,1.0,
2024-10-19T10:18:00.000+02:00,979.12,28.54,44.39,0.0,70.09,1,1,1.0,
2024-10-19T10:19:00.000+02:00,978.83,28.55,44.36,0.0,70.09,1,1,1.0,
2024-10-19T10:20:00.000+02:00,978.55,28.56,44.33,0.0,70.09,1,1,1.0,
2024-10-19T10:21:00.000+02:00,978.27,28.57,44.3,0.0,70.09,1,1,1.0,
2024-10-19T10:22:00.000+02:00,977.99,28.57,44.27,0.0,70.09,1,1,1.0,
2024-10-19T10:23:00.000+02:00,977.71,28.58,44.24,0.0,70.09,1,1,1.0,
2024-10-19T10:24:00.000+02:00,977.43,28.59,44.21,0.0,70.09,1,1,1.0,
2024-10-19T10:25:00.000+02:00,977.15,28.59,44.18,0.0,70.09,1,1,1.0,
2024-10-19T10:26:00.000+02:00,976.88,28.6,44.15,0.0,70.09,1,1,1.0,
2024-10-19T10:27:00.000+02:00,976.61,28.61,44.12,0.0,70.09,1,1,1.0,
2024-10-19T10:28:00.000+02:00,976.34,28.61,44.09,0.0,70.09,1,1,1.0,
2024-10-19T10:29:00.000+02:00,976.06,28.62,44.06,0.0,70.09,1,1,1.0,
2024-10-19T10:30:00.000+02:00,975.8,28.62,44.03,0.0,70.09,1,1,1.0,
2024-10-19T10:31:00.000+02:00,975.53,28.63,44.0,0.0,70.09,1,1,1.0,
2024-10-19T10:32:00.000+02:00,975.26,28.63,43.98,0.0,70.09,1,1,1.0,
2024-10-19T10:33:00.000+02:00,975.0,28.64,43.95,0.0,70.09,1,1,1.0,
2024-10-19T10:34:00.000+02:00,974.74,28.64,43.92,0.0,70.09,1,1,1.0,
2024-10-19T10:35:00.000+02:00,974.47,28.65,43.9,0.0,70.09,1,1,1.0,
2024-10-19T10:36:00.000+02:00,974.21,28.65,43.87,0.0,70.09,1,1,1.0,
2024-10-19T10:37:00.000+02:00,973.96,28.66,43.85,0.0,70.09,1,1,1.0,
2024-10-19T10:38:00.000+02:00,973.7,28.66,43.82,0.0,70.09,1,1,1.0,
2024-10-19T10:39:00.000+02:00,973.44,28.67,43.8,0.0,70.09,1,1,1.0,
2024-10-19T10:40:00.000+02:00,973.19,28.67,43.78,0.0,70.09,1,1,1.0,
2024-10-19T10:41:00.000+02:00,972.94,28.67,43.75,0.0,70.09,1,1,1.0,
2024-10-19T10:42:00.000+02:00,972.69,28.68,43.73,0.0,70.09,1,1,1.0,1.0
2024-10-19T10:43:00.000+02:00,972.44,28.68,43.71,0.0,70.09,1,1,1.0,1.0
2024-10-19T10:44:00.000+02:00,972.19,28.68,43.68,0.0,70.09,1,1,1.0,1.0
2024-10-19T10:45:00.000+02:00,971.94,28.68,43.66,0.0,70.09,1,1,1.0,1.0
2024-10-19T10:46:00.000+02:00,971.69,28.69,43.64,0.0,70.09,1,1,1.0,1.0
2024-10-19T10:47:00.000+02:00,971.45,28.69,43.62,0.0,70.09,1,1,1.0,1.0
2024-10-19T10:48:00.000+02:00,971.21,28.69,43.6,0.0,70.09,1,1,1.0,1.0
2024-10-19T10:49:00.000+02:00,970.96,28.69,43.58,0.0,70.09,1,1,1.0,1.0
2024-10-19T10:50:00.000+02:00,970.72,28.7,43.56,0.0,70.09,1,1,1.0,1.0
2024-10-19T10:51:00.000+02:00,970.49,28.7,43.53,0.0,70.09,1,1,1.0,1.0
2024-10-19T10:52:00.000+02:00,970.25,28.7,43.51,0.0,70.09,1,1,1.0,1.0
2024-10-19T10:53:00.000+02:00,970.01,28.7,43.49,0.0,70.09,1,1,1.0,1.0
2024-10-19T10:54:00.000+02:00,969.78,28.7,43.47,0.0,70.09,1,1,1.0,1.0
2024-10-19T10:55:00.000+02:00,969.54,28.71,43.45,0.0,70.09,1,1,1.0,1.0
2024-10-19T10:56:00.000+02:00,969.31,28.71,43.43,0.0,70.09,1,1,1.0,1.0
2024-10-19T10:57:00.000+02:00,969.08,28.71,43.41,0.0,70.09,1,1,1.0,1.0
2024-10-19T10:58:00.000+02:00,968.85,28.71,43.4,0.0,70.09,1,1,1.0,1.0
2024-10-19T10:59:00.000+02:00,968.62,28.71,43.38,0.0,70.09,1,1,1.0,1.0
2024-10-19T11:00:00.000+02:00,968.4,28.71,43.36,0.0,70.09,1,1,1.0,1.0
2024-10-19T11:01:00.000+02:00,969.99,28.72,43.35,0.0,70.09,1,1,2.0,2.0
2024-10-19T11:02:00.000+02:00,972.75,28.74,43.34,0.0,70.09,1,1,2.0,2.0
2024-10-19T11:03:00.000+02:00,975.89,28.76,43.34,0.0,70.09,1,1,2.0,2.0
2024-10-19T11:04:00.000+02:00,979.06,28.78,43.35,0.0,70.09,1,1,2.0,2.0
2024-10-19T11:05:00.000+02:00,982.17,28.8,43.36,0.0,70.09,1,1,2.0,2.0
2024-10-19T11:06:00.000+02:00,985.23,28.82,43.37,0.0,70.09,1,1,2.0,2.0
2024-10-19T11:07:00.000+02:00,988.25,28.83,43.39,0.0,70.09,1,1,2.0,2.0
2024-10-19T11:08:00.000+02:00,991.26,28.84,43.41,0.0,70.09,1,1,2.0,2.0
2024-10-19T11:09:00.000+02:00,994.25,28.85,43.44,0.0,70.09,1,1,2.0,2.0
2024-10-19T11:10:00.000+02:00,997.22,28.86,43.46,0.0,70.09,1,1,2.0,2.0
2024-10-19T11:11:00.000+02:00,1000.18,28.87,43.49,0.0,70.09,1,1,2.0,2.0
2024-10-19T11:12:00.000+02:00,1003.12,28.88,43.52,0.0,70.09,1,1,2.0,2.0
2024-10-19T11:13:00.000+02:00,1006.04,28.89,43.55,0.0,70.09,1,1,2.0,2.0
2024-10-19T11:14:00.000+02:00,1008.95,28.89,43.59,0.0,70.09,1,1,2.0,2.0
2024-10-19T11:15:00.000+02:00,1011.84,28.9,43.62,0.0,70.09,1,1,2.0,2.0
2024-10-19T11:16:00.000+02:00,1014.71,28.9,43.66,0.0,70.09,1,1,2.0,2.0
2024-10-19T11:17:00.000+02:00,1017.57,28.91,43.69,0.0,70.09,1,1,2.0,2.0
2024-10-19T11:18:00.000+02:00,1020.42,28.91,43.73,0.0,70.09,1,1,2.0,2.0
2024-10-19T11:19:00.000+02:00,1023.24,28.92,43.77,0.0,70.09,1,1,2.0,2.0
2024-10-19T11:20:00.000+02:00,1026.05,28.92,43.81,0.0,70.09,1,1,2.0,2.0
2024-10-19T11:21:00.000+02:00,1028.85,28.92,43.85,0.0,70.09,1,1,2.0,2.0
2024-10-19T11:22:00.000+02:00,1031.63,28.93,43.89,0.0,70.09,1,1,2.0,2.0
2024-10-19T11:23:00.000+02:00,1034.39,28.93,43.93,0.0,70.09,1,1,2.0,2.0
2024-10-19T11:24:00.000+02:00,1037.14,28.93,43.97,0.0,70.09,1,1,2.0,2.0
2024-10-19T11:25:00.000+02:00,1039.88,28.93,44.02,0.0,70.09,1,1,2.0,2.0
2024-10-19T11:26:00.000+02:00,1042.59,28.93,44.06,0.0,70.09,1,1,2.0,2.0
2024-10-19T11:27:00.000+02:00,1045.3,28.94,44.1,0.0,70.09,1,1,2.0,2.0
2024-10-19T11:28:00.000+02:00,1047.99,28.94,44.14,0.0,70.09,1,1,2.0,2.0
2024-10-19T11:29:00.000+02:00,1050.66,28.94,44.19,0.0,70.09,1,1,2.0,2.0
2024-10-19T11:30:00.000+02:00,1053.32,28.94,44.23,0.0,70.09,1,1,2.0,2.0
2024-10-19T11:31:00.000+02:00,1055.96,28.94,44.27,0.0,70.09,1,1,2.0,2.0
2024-10-19T11:32:00.000+02:00,1058.59,28.94,44.32,0.0,70.09,1,1,2.0,2.0
2024-10-19T11:33:00.000+02:00,1061.2,28.94,44.36,0.0,70.09,1,1,2.0,2.0
2024-10-19T11:34:00.000+02:00,1063.8,28.94,44.41,0.0,70.09,1,1,2.0,2.0
2024-10-19T11:35:00.000+02:00,1066.39,28.94,44.45,0.0,70.09,1,1,2.0,2.0
2024-10-19T11:36:00.000+02:00,1068.96,28.94,44.5,0.0,70.09,1,1,2.0,2.0
2024-10-19T11:37:00.000+02:00,1069.69,28.93,44.54,0.0,70.09,1,1,1.0,1.0
2024-10-19T11:38:00.000+02:00,1069.26,28.91,44.57,0.0,70.09,1,1,1.0,1.0
2024-10-19T11:39:00.000+02:00,1068.42,28.88,44.59,0.0,70.09,1,1,1.0,1.0
2024-10-19T11:40:00.000+02:00,1067.54,28.86,44.62,0.0,70.09,1,1,1.0,1.0
2024-10-19T11:41:00.000+02:00,1066.7,28.85,44.64,0.0,70.09,1,1,1.0,1.0
2024-10-19T11:42:00.000+02:00,1065.91,28.83,44.65,0.0,70.09,1,1,1.0,1.0
2024-10-19T11:43:00.000+02:00,1065.14,28.81,44.67,0.0,70.09,1,1,1.0,1.0
2024-10-19T11:44:00.000+02:00,1064.38,28.8,44.68,0.0,70.09,1,1,1.0,1.0
2024-10-19T11:45:00.000+02:00,1065.45,28.79,44.7,0.0,70.09,1,1,2.0,2.0
2024-10-19T11:46:00.000+02:00,1067.67,28.8,44.72,0.0,70.09,1,1,2.0,2.0
2024-10-19T11:47:00.000+02:00,1070.28,28.81,44.74,0.0,70.09,1,1,2.0,2.0
2024-10-19T11:48:00.000+02:00,1072.93,28.81,44.77,0.0,70.09,1,1,2.0,2.0
2024-10-19T11:49:00.000+02:00,1075.52,28.82,44.8,0.0,70.09,1,1,2.0,2.0
2024-10-19T11:50:00.000+02:00,1078.06,28.82,44.83,0.0,70.09,1,1,2.0,2.0
2024-10-19T11:51:00.000+02:00,1080.57,28.83,44.86,0.0,70.09,1,1,2.0,2.0
2024-10-19T11:52:00.000+02:00,1083.06,28.83,44.9,0.0,70.09,1,1,2.0,2.0
2024-10-19T11:53:00.000+02:00,1085.54,28.83,44.93,0.0,70.09,1,1,2.0,2.0
2024-10-19T11:54:00.000+02:00,1088.0,28.83,44.97,0.0,70.09,1,1,2.0,2.0
2024-10-19T11:55:00.000+02:00,1090.46,28.83,45.01,0.0,70.09,1,1,2.0,2.0
2024-10-19T11:56:00.000+02:00,1091.07,28.82,45.04,0.0,70.09,1,1,1.0,1.0
2024-10-19T11:57:00.000+02:00,1090.52,28.8,45.07,0.0,70.09,1,1,1.0,1.0
2024-10-19T11:58:00.000+02:00,1089.57,28.78,45.09,0.0,70.09,1,1,1.0,1.0
2024-10-19T11:59:00.000+02:00,1088.57,28.76,45.11,0.0,70.09,1,1,1.0,1.0
2024-10-19T12:00:00.000+02:00,1087.62,28.74,45.13,0.0,70.09,1,1,1.0,1.0
2024-10-19T12:01:00.000+02:00,1086.72,28.72,45.14,0.0,70.09,1,1,1.0,1.0
2024-10-19T12:02:00.000+02:00,1085.84,28.71,45.15,0.0,70.09,1,1,1.0,1.0
2024-10-19T12:03:00.000+02:00,1084.96,28.69,45.16,0.0,70.09,1,1,1.0,1.0
2024-10-19T12:04:00.000+02:00,1084.09,28.68,45.17,0.0,70.09,1,1,1.0,1.0
2024-10-19T12:05:00.000+02:00,1083.23,28.66,45.18,0.0,70.09,1,1,1.0,1.0
2024-10-19T12:06:00.000+02:00,1082.36,28.65,45.18,0.0,70.09,1,1,1.0,1.0
2024-10-19T12:07:00.000+02:00,1081.51,28.64,45.18,0.0,70.09,1,1,1.0,1.0
2024-10-19T12:08:00.000+02:00,1080.65,28.63,45.19,0.0,70.09,1,1,1.0,1.0
2024-10-19T12:09:00.000+02:00,1079.81,28.61,45.19,0.0,70.09,1,1,1.0,1.0
2024-10-19T12:10:00.000+02:00,1078.97,28.6,45.19,0.0,70.09,1,1,1.0,1.0
2024-10-19T12:11:00.000+02:00,1078.13,28.59,45.19,0.0,70.09,1,1,1.0,1.0
2024-10-19T12:12:00.000+02:00,1077.3,28.58,45.18,0.0,70.09,1,1,1.0,1.0
2024-10-19T12:13:00.000+02:00,1076.47,28.57,45.18,0.0,70.09,1,1,1.0,1.0
2024-10-19T12:14:00.000+02:00,1075.65,28.56,45.18,0.0,70.09,1,1,1.0,1.0
2024-10-19T12:15:00.000+02:00,1074.83,28.55,45.18,0.0,70.09,1,1,1.0,1.0
2024-10-19T12:16:00.000+02:00,1074.02,28.54,45.17,0.0,70.09,1,1,1.0,1.0
2024-10-19T12:17:00.000+02:00,1073.21,28.53,45.17,0.0,70.09,1,1,1.0,1.0
2024-10-19T12:18:00.000+02:00,1072.41,28.52,45.16,0.0,70.09,1,1,1.0,1.0
2024-10-19T12:19:00.000+02:00,1071.61,28.51,45.16,0.0,70.09,1,1,1.0,1.0
2024-10-19T12:20:00.000+02:00,1070.81,28.5,45.15,0.0,70.09,1,1,1.0,1.0
2024-10-19T12:21:00.000+02:00,1070.02,28.49,45.15,0.0,70.09,1,1,1.0,1.0
2024-10-19T12:22:00.000+02:00,1069.24,28.48,45.14,0.0,70.09,1,1,1.0,1.0
2024-10-19T12:23:00.000+02:00,1068.46,28.47,45.13,0.0,70.09,1,1,1.0,1.0
2024-10-19T12:24:00.000+02:00,1067.68,28.46,45.13,0.0,70.09,1,1,1.0,1.0
2024-10-19T12:25:00.000+02:00,1066.91,28.45,45.12,0.0,70.09,1,1,1.0,1.0
2024-10-19T12:26:00.000+02:00,1066.15,28.44,45.11,0.0,70.09,1,1,1.0,1.0
2024-10-19T12:27:00.000+02:00,1065.38,28.44,45.11,0.0,70.09,1,1,1.0,1.0
2024-10-19T12:28:00.000+02:00,1064.63,28.43,45.1,0.0,70.09,1,1,1.0,1.0
2024-10-19T12:29:00.000+02:00,1063.87,28.42,45.09,0.0,70.09,1,1,1.0,1.0
2024-10-19T12:30:00.000+02:00,1063.13,28.41,45.09,0.0,70.09,1,1,1.0,1.0
2024-10-19T12:31:00.000+02:00,1060.56,28.39,45.08,0.0,70.09,0,1,0.0,
2024-10-19T12:32:00.000+02:00,1056.84,28.36,45.06,0.0,70.09,0,1,0.0,
2024-10-19T12:33:00.000+02:00,1052.74,28.33,45.04,0.0,70.09,0,1,0.0,
2024-10-19T12:34:00.000+02:00,1048.61,28.3,45.01,0.0,70.09,0,1,0.0,
2024-10-19T12:35:00.000+02:00,1046.38,28.29,44.99,0.0,70.09,1,1,1.0,
2024-10-19T12:36:00.000+02:00,1045.36,28.28,44.96,0.0,70.09,1,1,1.0,
2024-10-19T12:37:00.000+02:00,1044.76,28.28,44.94,0.0,70.09,1,1,1.0,
2024-10-19T12:38:00.000+02:00,1044.22,28.28,44.92,0.0,70.09,1,1,1.0,
2024-10-19T12:39:00.000+02:00,1043.64,28.27,44.9,0.0,70.09,1,1,1.0,
2024-10-19T12:40:00.000+02:00,1043.02,28.27,44.88,0.0,70.09,1,1,1.0,
2024-10-19T12:41:00.000+02:00,1042.39,28.27,44.86,0.0,70.09,1,1,1.0,
2024-10-19T12:42:00.000+02:00,1041.76,28.26,44.84,0.0,70.09,1,1,1.0,
2024-10-19T12:43:00.000+02:00,1041.14,28.26,44.82,0.0,70.09,1,1,1.0,
2024-10-19T12:44:00.000+02:00,1040.52,28.25,44.8,0.0,70.09,1,1,1.0,
2024-10-19T12:45:00.000+02:00,993.62,27.46,45.71,0.03,70.09,1,1,1.0,
2024-10-19T12:46:00.000+02:00,922.6,26.31,46.92,0.03,70.09,1,1,1.0,
2024-10-19T12:47:00.000+02:00,850.03,25.26,47.8,0.03,70.09,1,1,1.0,
2024-10-19T12:48:00.000+02:00,785.61,24.45,48.13,0.03,70.09,1,1,1.0,
2024-10-19T12:49:00.000+02:00,730.67,23.9,47.97,0.03,70.09,1,1,1.0,
2024-10-19T12:50:00.000+02:00,683.67,23.52,47.51,0.03,70.09,1,1,1.0,
2024-10-19T12:51:00.000+02:00,642.95,23.24,46.89,0.03,70.09,1,1,1.0,
2024-10-19T12:52:00.000+02:00,607.35,23.04,46.22,0.03,70.09,1,1,1.0,
2024-10-19T12:53:00.000+02:00,576.1,22.89,45.55,0.03,70.09,1,1,1.0,
2024-10-19T12:54:00.000+02:00,548.65,22.77,44.9,0.03,70.09,1,1,1.0,
2024-10-19T12:55:00.000+02:00,524.57,22.68,44.29,0.03,70.09,1,1,1.0,
2024-10-19T12:56:00.000+02:00,503.44,22.6,43.73,0.03,70.09,1,1,1.0,
2024-10-19T12:57:00.000+02:00,495.71,22.97,42.45,0.0,70.09,1,1,1.0,
2024-10-19T12:58:00.000+02:00,495.95,23.55,40.93,0.0,70.09,1,1,1.0,
2024-10-19T12:59:00.000+02:00,498.83,24.14,39.56,0.0,70.09,1,1,1.0,
2024-10-19T13:00:00.000+02:00,501.93,24.63,38.46,0.0,70.09,1,1,1.0,
2024-10-19T13:01:00.000+02:00,504.67,25.02,37.61,0.0,70.09,1,1,1.0,
2024-10-19T13:02:00.000+02:00,507.15,25.34,36.93,0.0,70.09,1,1,1.0,
2024-10-19T13:03:00.000+02:00,509.51,25.61,36.39,0.0,70.09,1,1,1.0,
2024-10-19T13:04:00.000+02:00,511.84,25.83,35.93,0.0,70.09,1,1,1.0,
2024-10-19T13:05:00.000+02:00,514.16,26.03,35.55,0.0,70.09,1,1,1.0,
2024-10-19T13:06:00.000+02:00,516.47,26.2,35.23,0.0,70.09,1,1,1.0,
2024-10-19T13:07:00.000+02:00,518.78,26.35,34.95,0.0,70.09,1,1,1.0,
2024-10-19T13:08:00.000+02:00,521.07,26.48,34.72,0.0,70.09,1,1,1.0,
2024-10-19T13:09:00.000+02:00,523.35,26.6,34.52,0.0,70.09,1,1,1.0,
2024-10-19T13:10:00.000+02:00,525.62,26.7,34.35,0.0,70.09,1,1,1.0,
2024-10-19T13:11:00.000+02:00,527.88,26.79,34.21,0.0,70.09,1,1,1.0,1.0
2024-10-19T13:12:00.000+02:00,530.12,26.87,34.09,0.0,70.09,1,1,1.0,1.0
2024-10-19T13:13:00.000+02:00,532.35,26.94,33.98,0.0,70.09,1,1,1.0,1.0
2024-10-19T13:14:00.000+02:00,534.56,27.0,33.9,0.0,70.09,1,1,1.0,1.0
2024-10-19T13:15:00.000+02:00,536.77,27.06,33.82,0.0,70.09,1,1,1.0,1.0
2024-10-19T13:16:00.000+02:00,538.96,27.11,33.76,0.0,70.09,1,1,1.0,1.0
2024-10-19T13:17:00.000+02:00,541.14,27.16,33.71,0.0,70.09,1,1,1.0,1.0
2024-10-19T13:18:00.000+02:00,543.31,27.2,33.66,0.0,70.09,1,1,1.0,1.0
2024-10-19T13:19:00.000+02:00,545.46,27.24,33.63,0.0,70.09,1,1,1.0,1.0
2024-10-19T13:20:00.000+02:00,547.61,27.27,33.6,0.0,70.09,1,1,1.0,1.0
2024-10-19T13:21:00.000+02:00,549.74,27.3,33.57,0.0,70.09,1,1,1.0,1.0
2024-10-19T13:22:00.000+02:00,551.86,27.33,33.56,0.0,70.09,1,1,1.0,1.0
2024-10-19T13:23:00.000+02:00,553.97,27.36,33.54,0.0,70.09,1,1,1.0,1.0
2024-10-19T13:24:00.000+02:00,556.06,27.38,33.53,0.0,70.09,1,1,1.0,1.0
2024-10-19T13:25:00.000+02:00,558.15,27.4,33.53,0.0,70.09,1,1,1.0,1.0
2024-10-19T13:26:00.000+02:00,560.22,27.42,33.52,0.0,70.09,1,1,1.0,1.0
2024-10-19T13:27:00.000+02:00,562.28,27.44,33.53,0.0,70.09,1,1,1.0,1.0
2024-10-19T13:28:00.000+02:00,564.33,27.46,33.53,0.0,70.09,1,1,1.0,1.0
2024-10-19T13:29:00.000+02:00,566.37,27.48,33.53,0.0,70.09,1,1,1.0,1.0
2024-10-19T13:30:00.000+02:00,568.4,27.49,33.54,0.0,70.09,1,1,1.0,1.0
2024-10-19T13:31:00.000+02:00,570.42,27.5,33.55,0.0,70.09,1,1,1.0,1.0
2024-10-19T13:32:00.000+02:00,572.42,27.52,33.56,0.0,70.09,1,1,1.0,1.0
2024-10-19T13:33:00.000+02:00,574.42,27.53,33.57,0.0,70.09,1,1,1.0,1.0
2024-10-19T13:34:00.000+02:00,576.4,27.54,33.59,0.0,70.09,1,1,1.0,1.0
2024-10-19T13:35:00.000+02:00,578.37,27.55,33.6,0.0,70.09,1,1,1.0,1.0
2024-10-19T13:36:00.000+02:00,580.33,27.56,33.62,0.0,70.09,1,1,1.0,1.0
2024-10-19T13:37:00.000+02:00,582.28,27.57,33.63,0.0,70.09,1,1,1.0,1.0
2024-10-19T13:38:00.000+02:00,584.22,27.58,33.65,0.0,70.09,1,1,1.0,1.0
2024-10-19T13:39:00.000+02:00,586.15,27.59,33.67,0.0,70.09,1,1,1.0,1.0
2024-10-19T13:40:00.000+02:00,588.07,27.6,33.69,0.0,70.09,1,1,1.0,1.0
2024-10-19T13:41:00.000+02:00,589.98,27.61,33.71,0.0,70.09,1,1,1.0,1.0
2024-10-19T13:42:00.000+02:00,591.88,27.61,33.73,0.0,70.09,1,1,1.0,1.0
2024-10-19T13:43:00.000+02:00,593.76,27.62,33.75,0.0,70.09,1,1,1.0,1.0
2024-10-19T13:44:00.000+02:00,595.64,27.63,33.77,0.0,70.09,1,1,1.0,1.0
2024-10-19T13:45:00.000+02:00,597.51,27.64,33.79,0.0,70.09,1,1,1.0,1.0
2024-10-19T13:46:00.000+02:00,599.36,27.64,33.81,0.0,70.09,1,1,1.0,1.0
2024-10-19T13:47:00.000+02:00,601.21,27.65,33.84,0.0,70.09,1,1,1.0,1.0
2024-10-19T13:48:00.000+02:00,601.22,27.64,33.85,0.0,70.09,0,1,0.0,
2024-10-19T13:49:00.000+02:00,601.89,27.64,33.87,0.0,70.09,1,1,1.0,
2024-10-19T13:50:00.000+02:00,603.32,27.64,33.89,0.0,70.09,1,1,1.0,
2024-10-19T13:51:00.000+02:00,605.09,27.64,33.91,0.0,70.09,1,1,1.0,
2024-10-19T13:52:00.000+02:00,606.95,27.65,33.93,0.0,70.09,1,1,1.0,
2024-10-19T13:53:00.000+02:00,608.79,27.66,33.95,0.0,70.09,1,1,1.0,
2024-10-19T13:54:00.000+02:00,610.6,27.66,33.98,0.0,70.09,1,1,1.0,
2024-10-19T13:55:00.000+02:00,612.39,27.67,34.0,0.0,70.09,1,1,1.0,
2024-10-19T13:56:00.000+02:00,614.16,27.67,34.02,0.0,70.09,1,1,1.0,
2024-10-19T13:57:00.000+02:00,615.92,27.67,34.05,0.0,70.09,1,1,1.0,
2024-10-19T13:58:00.000+02:00,617.68,27.68,34.07,0.0,70.09,1,1,1.0,
2024-10-19T13:59:00.000+02:00,619.42,27.68,34.1,0.0,70.09,1,1,1.0,
2024-10-19T14:00:00.000+02:00,621.16,27.68,34.12,0.0,70.09,1,1,1.0,
2024-10-19T14:01:00.000+02:00,622.88,27.69,34.15,0.0,70.09,1,1,1.0,
2024-10-19T14:02:00.000+02:00,624.6,27.69,34.17,0.0,70.09,1,1,1.0,
2024-10-19T14:03:00.000+02:00,626.3,27.69,34.2,0.0,70.09,1,1,1.0,
2024-10-19T14:04:00.000+02:00,628.0,27.7,34.23,0.0,70.09,1,1,1.0,
2024-10-19T14:05:00.000+02:00,629.69,27.7,34.26,0.0,70.09,1,1,1.0,
2024-10-19T14:06:00.000+02:00,631.37,27.7,34.29,0.0,70.09,1,1,1.0,
2024-10-19T14:07:00.000+02:00,633.03,27.7,34.31,0.0,70.09,1,1,1.0,
2024-10-19T14:08:00.000+02:00,634.69,27.7,34.34,0.0,70.09,1,1,1.0,
2024-10-19T14:09:00.000+02:00,636.34,27.7,34.37,0.0,70.09,1,1,1.0,
2024-10-19T14:10:00.000+02:00,637.98,27.7,34.4,0.0,70.09,1,1,1.0,
2024-10-19T14:11:00.000+02:00,639.62,27.7,34.43,0.0,70.09,1,1,1.0,
2024-10-19T14:12:00.000+02:00,641.24,27.7,34.46,0.0,70.09,1,1,1.0,
2024-10-19T14:13:00.000+02:00,642.85,27.7,34.5,0.0,70.09,1,1,1.0,
2024-10-19T14:14:00.000+02:00,644.45,27.7,34.53,0.0,70.09,1,1,1.0,
2024-10-19T14:15:00.000+02:00,646.05,27.7,34.56,0.0,70.09,1,1,1.0,
2024-10-19T14:16:00.000+02:00,647.64,27.7,34.59,0.0,70.09,1,1,1.0,
2024-10-19T14:17:00.000+02:00,649.21,27.7,34.62,0.0,70.09,1,1,1.0,
2024-10-19T14:18:00.000+02:00,650.78,27.7,34.65,0.0,70.09,1,1,1.0,
2024-10-19T14:19:00.000+02:00,652.34,27.7,34.69,0.0,70.09,1,1,1.0,
2024-10-19T14:20:00.000+02:00,653.89,27.69,34.72,0.0,70.09,1,1,1.0,
2024-10-19T14:21:00.000+02:00,655.43,27.69,34.75,0.0,70.09,1,1,1.0,
2024-10-19T14:22:00.000+02:00,656.97,27.69,34.78,0.0,70.09,1,1,1.0,
2024-10-19T14:23:00.000+02:00,658.49,27.69,34.82,0.0,70.09,1,1,1.0,
2024-10-19T14:24:00.000+02:00,660.01,27.69,34.85,0.0,70.09,1,1,1.0,
2024-10-19T14:25:00.000+02:00,661.52,27.68,34.88,0.0,70.09,1,1,1.0,
2024-10-19T14:26:00.000+02:00,663.02,27.68,34.91,0.0,70.09,1,1,1.0,
2024-10-19T14:27:00.000+02:00,664.51,27.68,34.95,0.0,70.09,1,1,1.0,
2024-10-19T14:28:00.000+02:00,665.99,27.68,34.98,0.0,70.09,1,1,1.0,1.0
2024-10-19T14:29:00.000+02:00,667.46,27.68,35.01,0.0,70.09,1,1,1.0,1.0
2024-10-19T14:30:00.000+02:00,668.93,27.67,35.04,0.0,70.09,1,1,1.0,1.0
2024-10-19T14:31:00.000+02:00,670.39,27.67,35.08,0.0,70.09,1,1,1.0,1.0
2024-10-19T14:32:00.000+02:00,671.84,27.67,35.11,0.0,70.09,1,1,1.0,1.0
2024-10-19T14:33:00.000+02:00,673.28,27.66,35.14,0.0,70.09,1,1,1.0,1.0
2024-10-19T14:34:00.000+02:00,674.71,27.66,35.17,0.0,70.09,1,1,1.0,1.0
2024-10-19T14:35:00.000+02:00,676.14,27.66,35.21,0.0,70.09,1,1,1.0,1.0
2024-10-19T14:36:00.000+02:00,677.55,27.66,35.24,0.0,70.09,1,1,1.0,1.0
2024-10-19T14:37:00.000+02:00,678.96,27.65,35.27,0.0,70.09,1,1,1.0,1.0
2024-10-19T14:38:00.000+02:00,680.37,27.65,35.31,0.0,70.09,1,1,1.0,1.0
2024-10-19T14:39:00.000+02:00,681.76,27.65,35.34,0.0,70.09,1,1,1.0,1.0
2024-10-19T14:40:00.000+02:00,683.14,27.64,35.37,0.0,70.09,1,1,1.0,1.0
2024-10-19T14:41:00.000+02:00,684.52,27.64,35.41,0.0,70.09,1,1,1.0,1.0
2024-10-19T14:42:00.000+02:00,685.89,27.63,35.44,0.0,70.09,1,1,1.0,1.0
2024-10-19T14:43:00.000+02:00,687.26,27.63,35.47,0.0,70.09,1,1,1.0,1.0
2024-10-19T14:44:00.000+02:00,688.61,27.63,35.51,0.0,70.09,1,1,1.0,1.0
2024-10-19T14:45:00.000+02:00,689.96,27.62,35.54,0.0,70.09,1,1,1.0,1.0
2024-10-19T14:46:00.000+02:00,691.3,27.62,35.57,0.0,70.09,1,1,1.0,1.0
2024-10-19T14:47:00.000+02:00,692.63,27.62,35.6,0.0,70.09,1,1,1.0,1.0
2024-10-19T14:48:00.000+02:00,693.95,27.61,35.64,0.0,70.09,1,1,1.0,1.0
2024-10-19T14:49:00.000+02:00,695.27,27.61,35.67,0.0,70.09,1,1,1.0,1.0
2024-10-19T14:50:00.000+02:00,696.58,27.6,35.7,0.0,70.09,1,1,1.0,1.0
2024-10-19T14:51:00.000+02:00,697.88,27.6,35.74,0.0,70.09,1,1,1.0,1.0
2024-10-19T14:52:00.000+02:00,699.18,27.6,35.77,0.0,70.09,1,1,1.0,1.0
2024-10-19T14:53:00.000+02:00,700.46,27.59,35.8,0.0,70.09,1,1,1.0,1.0
2024-10-19T14:54:00.000+02:00,701.74,27.59,35.83,0.0,70.09,1,1,1.0,1.0
2024-10-19T14:55:00.000+02:00,703.02,27.58,35.87,0.0,70.09,1,1,1.0,1.0
2024-10-19T14:56:00.000+02:00,704.28,27.58,35.9,0.0,70.09,1,1,1.0,1.0
2024-10-19T14:57:00.000+02:00,705.54,27.57,35.93,0.0,70.09,1,1,1.0,1.0
2024-10-19T14:58:00.000+02:00,706.79,27.57,35.96,0.0,70.09,1,1,1.0,1.0
2024-10-19T14:59:00.000+02:00,706.21,27.55,35.99,0.0,70.09,0,1,0.0,
2024-10-19T15:00:00.000+02:00,704.48,27.52,36.01,0.0,70.09,0,1,0.0,
2024-10-19T15:01:00.000+02:00,702.34,27.5,36.02,0.0,70.09,0,1,0.0,
2024-10-19T15:02:00.000+02:00,700.17,27.47,36.03,0.0,70.09,0,1,0.0,
2024-10-19T15:03:00.000+02:00,698.05,27.44,36.04,0.0,70.09,0,1,0.0,
2024-10-19T15:04:00.000+02:00,695.98,27.42,36.05,0.0,70.09,0,1,0.0,
2024-10-19T15:05:00.000+02:00,693.94,27.4,36.05,0.0,70.09,0,1,0.0,
2024-10-19T15:06:00.000+02:00,691.92,27.37,36.06,0.0,70.09,0,1,0.0,
2024-10-19T15:07:00.000+02:00,689.9,27.35,36.06,0.0,70.09,0,1,0.0,
2024-10-19T15:08:00.000+02:00,687.9,27.34,36.05,0.0,70.09,0,1,0.0,
2024-10-19T15:09:00.000+02:00,685.9,27.32,36.05,0.0,70.09,0,1,0.0,
2024-10-19T15:10:00.000+02:00,683.92,27.3,36.04,0.0,70.09,0,1,0.0,
2024-10-19T15:11:00.000+02:00,681.94,27.28,36.04,0.0,70.09,0,1,0.0,
2024-10-19T15:12:00.000+02:00,679.98,27.27,36.03,0.0,70.09,0,1,0.0,
2024-10-19T15:13:00.000+02:00,678.03,27.25,36.01,0.0,70.09,0,1,0.0,
2024-10-19T15:14:00.000+02:00,676.09,27.24,36.0,0.0,70.09,0,1,0.0,
2024-10-19T15:15:00.000+02:00,674.16,27.23,35.99,0.0,70.09,0,1,0.0,
2024-10-19T15:16:00.000+02:00,672.24,27.22,35.97,0.0,70.09,0,1,0.0,
2024-10-19T15:17:00.000+02:00,670.33,27.2,35.96,0.0,70.09,0,1,0.0,
2024-10-19T15:18:00.000+02:00,668.43,27.19,35.94,0.0,70.09,0,1,0.0,
2024-10-19T15:19:00.000+02:00,666.54,27.18,35.92,0.0,70.09,0,1,0.0,
2024-10-19T15:20:00.000+02:00,664.67,27.17,35.91,0.0,70.09,0,1,0.0,
2024-10-19T15:21:00.000+02:00,662.8,27.16,35.89,0.0,70.09,0,1,0.0,
2024-10-19T15:22:00.000+02:00,660.94,27.15,35.87,0.0,70.09,0,1,0.0,
2024-10-19T15:23:00.000+02:00,659.09,27.14,35.85,0.0,70.09,0,1,0.0,
2024-10-19T15:24:00.000+02:00,657.26,27.13,35.83,0.0,70.09,0,1,0.0,
2024-10-19T15:25:00.000+02:00,655.43,27.12,35.81,0.0,70.09,0,1,0.0,
2024-10-19T15:26:00.000+02:00,653.62,27.12,35.79,0.0,70.09,0,1,0.0,
2024-10-19T15:27:00.000+02:00,651.81,27.11,35.77,0.0,70.09,0,1,0.0,
2024-10-19T15:28:00.000+02:00,650.01,27.1,35.74,0.0,70.09,0,1,0.0,
2024-10-19T15:29:00.000+02:00,648.23,27.09,35.72,0.0,70.09,0,1,0.0,
2024-10-19T15:30:00.000+02:00,646.45,27.08,35.7,0.0,70.09,0,1,0.0,
2024-10-19T15:31:00.000+02:00,644.68,27.08,35.68,0.0,70.09,0,1,0.0,
2024-10-19T15:32:00.000+02:00,642.92,27.07,35.66,0.0,70.09,0,1,0.0,
2024-10-19T15:33:00.000+02:00,641.18,27.06,35.64,0.0,70.09,0,1,0.0,
2024-10-19T15:34:00.000+02:00,639.44,27.05,35.61,0.0,70.09,0,1,0.0,
2024-10-19T15:35:00.000+02:00,637.71,27.05,35.59,0.0,70.09,0,1,0.0,
2024-10-19T15:36:00.000+02:00,635.99,27.04,35.57,0.0,70.09,0,1,0.0,
2024-10-19T15:37:00.000+02:00,634.28,27.03,35.55,0.0,70.09,0,1,0.0,
2024-10-19T15:38:00.000+02:00,632.58,27.03,35.52,0.0,70.09,0,1,0.0,
2024-10-19T15:39:00.000+02:00,630.89,27.02,35.5,0.0,70.09,0,0,0.0,0.0
2024-10-19T15:40:00.000+02:00,629.21,27.01,35.48,0.0,70.09,0,0,0.0,0.0
2024-10-19T15:41:00.000+02:00,627.54,27.01,35.46,0.0,70.09,0,0,0.0,0.0
2024-10-19T15:42:00.000+02:00,625.87,27.0,35.44,0.0,70.09,0,0,0.0,0.0
2024-10-19T15:43:00.000+02:00,624.22,26.99,35.41,0.0,70.09,0,0,0.0,0.0
2024-10-19T15:44:00.000+02:00,622.58,26.99,35.39,0.0,70.09,0,0,0.0,0.0
2024-10-19T15:45:00.000+02:00,620.94,26.98,35.37,0.0,70.09,0,0,0.0,0.0
2024-10-19T15:46:00.000+02:00,619.31,26.97,35.35,0.0,70.09,0,0,0.0,0.0
2024-10-19T15:47:00.000+02:00,617.7,26.97,35.33,0.0,70.09,0,0,0.0,0.0
2024-10-19T15:48:00.000+02:00,616.09,26.96,35.31,0.0,70.09,0,0,0.0,0.0
2024-10-19T15:49:00.000+02:00,614.49,26.96,35.28,0.0,70.09,0,0,0.0,0.0
2024-10-19T15:50:00.000+02:00,612.89,26.95,35.26,0.0,70.09,0,0,0.0,0.0
2024-10-19T15:51:00.000+02:00,611.31,26.94,35.24,0.0,70.09,0,0,0.0,0.0
2024-10-19T15:52:00.000+02:00,609.74,26.94,35.22,0.0,70.09,0,0,0.0,0.0
2024-10-19T15:53:00.000+02:00,608.17,26.93,35.2,0.0,70.09,0,0,0.0,0.0
2024-10-19T15:54:00.000+02:00,606.62,26.93,35.18,0.0,70.09,0,0,0.0,0.0
2024-10-19T15:55:00.000+02:00,605.07,26.92,35.16,0.0,70.09,0,0,0.0,0.0
2024-10-19T15:56:00.000+02:00,603.53,26.91,35.14,0.0,70.09,0,0,0.0,0.0
2024-10-19T15:57:00.000+02:00,602.0,26.91,35.12,0.0,70.09,0,0,0.0,0.0
2024-10-19T15:58:00.000+02:00,600.47,26.9,35.1,0.0,70.09,0,0,0.0,0.0
2024-10-19T15:59:00.000+02:00,598.96,26.9,35.08,0.0,70.09,0,0,0.0,0.0
2024-10-19T16:00:00.000+02:00,597.45,26.89,35.06,0.0,70.09,0,0,0.0,0.0
2024-10-19T16:01:00.000+02:00,595.96,26.88,35.04,0.0,70.09,0,0,0.0,0.0
2024-10-19T16:02:00.000+02:00,594.47,26.88,35.02,0.0,70.09,0,0,0.0,0.0
2024-10-19T16:03:00.000+02:00,592.99,26.87,35.0,0.0,70.09,0,0,0.0,0.0
2024-10-19T16:04:00.000+02:00,591.51,26.87,34.98,0.0,70.09,0,0,0.0,0.0
2024-10-19T16:05:00.000+02:00,590.05,26.86,34.96,0.0,70.09,0,0,0.0,0.0
2024-10-19T16:06:00.000+02:00,588.59,26.86,34.94,0.0,70.09,0,0,0.0,0.0
2024-10-19T16:07:00.000+02:00,587.14,26.85,34.92,0.0,70.09,0,0,0.0,0.0
2024-10-19T16:08:00.000+02:00,585.7,26.84,34.91,0.0,70.09,0,0,0.0,0.0
2024-10-19T16:09:00.000+02:00,584.27,26.84,34.89,0.0,70.09,0,0,0.0,0.0
2024-10-19T16:10:00.000+02:00,582.84,26.83,34.87,0.0,70.09,0,0,0.0,0.0
2024-10-19T16:11:00.000+02:00,581.42,26.83,34.85,0.0,70.09,0,0,0.0,0.0
2024-10-19T16:12:00.000+02:00,580.01,26.82,34.83,0.0,70.09,0,0,0.0,0.0
2024-10-19T16:13:00.000+02:00,578.61,26.81,34.82,0.0,70.09,0,0,0.0,0.0
2024-10-19T16:14:00.000+02:00,577.22,26.81,34.8,0.0,70.09,0,0,0.0,0.0
2024-10-19T16:15:00.000+02:00,575.83,26.8,34.78,0.0,70.09,0,0,0.0,0.0
2024-10-19T16:16:00.000+02:00,574.45,26.8,34.77,0.0,70.09,0,0,0.0,0.0
2024-10-19T16:17:00.000+02:00,573.08,26.79,34.75,0.0,70.09,0,0,0.0,0.0
2024-10-19T16:18:00.000+02:00,571.72,26.79,34.73,0.0,70.09,0,0,0.0,0.0
2024-10-19T16:19:00.000+02:00,570.36,26.78,34.72,0.0,70.09,0,0,0.0,0.0
2024-10-19T16:20:00.000+02:00,569.01,26.77,34.7,0.0,70.09,0,0,0.0,0.0
2024-10-19T16:21:00.000+02:00,567.67,26.77,34.68,0.0,70.09,0,0,0.0,0.0
2024-10-19T16:22:00.000+02:00,566.34,26.76,34.67,0.0,70.09,0,0,0.0,0.0
2024-10-19T16:23:00.000+02:00,565.01,26.76,34.65,0.0,70.09,0,0,0.0,0.0
2024-10-19T16:24:00.000+02:00,563.69,26.75,34.64,0.0,70.09,0,0,0.0,0.0
2024-10-19T16:25:00.000+02:00,562.38,26.75,34.62,0.0,70.09,0,0,0.0,0.0
2024-10-19T16:26:00.000+02:00,561.07,26.74,34.61,0.0,70.09,0,0,0.0,0.0
2024-10-19T16:27:00.000+02:00,559.78,26.73,34.59,0.0,70.09,0,0,0.0,0.0
2024-10-19T16:28:00.000+02:00,558.49,26.73,34.58,0.0,70.09,0,0,0.0,0.0
2024-10-19T16:29:00.000+02:00,557.2,26.72,34.56,0.0,70.09,0,0,0.0,0.0
2024-10-19T16:30:00.000+02:00,555.93,26.72,34.55,0.0,70.09,0,0,0.0,0.0
2024-10-19T16:31:00.000+02:00,554.66,26.71,34.53,0.0,70.09,0,0,0.0,0.0
2024-10-19T16:32:00.000+02:00,553.39,26.7,34.52,0.0,70.09,0,0,0.0,0.0
2024-10-19T16:33:00.000+02:00,552.14,26.7,34.51,0.0,70.09,0,0,0.0,0.0
2024-10-19T16:34:00.000+02:00,550.89,26.69,34.49,0.0,70.09,0,0,0.0,0.0
2024-10-19T16:35:00.000+02:00,549.65,26.69,34.48,0.0,70.09,0,0,0.0,0.0
2024-10-19T16:36:00.000+02:00,548.41,26.68,34.46,0.0,70.09,0,0,0.0,0.0
2024-10-19T16:37:00.000+02:00,547.19,26.68,34.45,0.0,70.09,0,0,0.0,0.0
2024-10-19T16:38:00.000+02:00,545.96,26.67,34.44,0.0,70.09,0,0,0.0,0.0
2024-10-19T16:39:00.000+02:00,544.75,26.67,34.42,0.0,70.09,0,0,0.0,0.0
2024-10-19T16:40:00.000+02:00,543.54,26.66,34.41,0.0,70.09,0,0,0.0,0.0
2024-10-19T16:41:00.000+02:00,542.34,26.65,34.4,0.0,70.09,0,0,0.0,0.0
2024-10-19T16:42:00.000+02:00,541.15,26.65,34.38,0.0,70.09,0,0,0.0,0.0
2024-10-19T16:43:00.000+02:00,539.96,26.64,34.37,0.0,70.09,0,0,0.0,0.0
2024-10-19T16:44:00.000+02:00,538.78,26.64,34.36,0.0,70.09,0,0,0.0,0.0
2024-10-19T16:45:00.000+02:00,537.6,26.63,34.34,0.0,70.09,0,0,0.0,0.0
2024-10-19T16:46:00.000+02:00,536.43,26.63,34.33,0.0,70.09,0,0,0.0,0.0
2024-10-19T16:47:00.000+02:00,535.27,26.62,34.32,0.0,70.09,0,0,0.0,0.0
2024-10-19T16:48:00.000+02:00,534.11,26.62,34.31,0.0,70.09,0,0,0.0,0.0
2024-10-19T16:49:00.000+02:00,532.97,26.61,34.29,0.0,70.09,0,0,0.0,0.0
2024-10-19T16:50:00.000+02:00,531.82,26.61,34.28,0.0,70.09,0,0,0.0,0.0
2024-10-19T16:51:00.000+02:00,530.69,26.6,34.27,0.0,70.09,0,0,0.0,0.0
2024-10-19T16:52:00.000+02:00,529.55,26.6,34.26,0.0,70.09,0,0,0.0,0.0
2024-10-19T16:53:00.000+02:00,528.43,26.59,34.25,0.0,70.09,0,0,0.0,0.0
2024-10-19T16:54:00.000+02:00,527.31,26.59,34.23,0.0,70.09,0,0,0.0,0.0
2024-10-19T16:55:00.000+02:00,526.2,26.58,34.22,0.0,70.09,0,0,0.0,0.0
2024-10-19T16:56:00.000+02:00,525.09,26.58,34.21,0.0,70.09,0,0,0.0,0.0
2024-10-19T16:57:00.000+02:00,523.99,26.57,34.2,0.0,70.09,0,0,0.0,0.0
2024-10-19T16:58:00.000+02:00,522.9,26.57,34.19,0.0,70.09,0,0,0.0,0.0
2024-10-19T16:59:00.000+02:00,521.81,26.56,34.18,0.0,70.09,0,0,0.0,0.0
2024-10-19T17:00:00.000+02:00,520.73,26.56,34.16,0.0,70.09,0,0,0.0,0.0
2024-10-19T17:01:00.000+02:00,519.66,26.55,34.15,0.0,70.09,0,0,0.0,0.0
2024-10-19T17:02:00.000+02:00,518.59,26.55,34.14,0.0,70.09,0,0,0.0,0.0
2024-10-19T17:03:00.000+02:00,517.52,26.54,34.13,0.0,70.09,0,0,0.0,0.0
2024-10-19T17:04:00.000+02:00,516.46,26.54,34.12,0.0,70.09,0,0,0.0,0.0
2024-10-19T17:05:00.000+02:00,515.41,26.53,34.11,0.0,70.09,0,0,0.0,0.0
2024-10-19T17:06:00.000+02:00,514.37,26.53,34.1,0.0,70.09,0,0,0.0,0.0
2024-10-19T17:07:00.000+02:00,513.33,26.52,34.08,0.0,70.09,0,0,0.0,0.0
2024-10-19T17:08:00.000+02:00,512.29,26.52,34.07,0.0,70.09,0,0,0.0,0.0
2024-10-19T17:09:00.000+02:00,511.26,26.51,34.06,0.0,70.09,0,0,0.0,0.0
2024-10-19T17:10:00.000+02:00,510.24,26.51,34.05,0.0,70.09,0,0,0.0,0.0
2024-10-19T17:11:00.000+02:00,509.22,26.51,34.04,0.0,70.09,0,0,0.0,0.0
2024-10-19T17:12:00.000+02:00,508.21,26.5,34.02,0.0,70.09,0,0,0.0,0.0
2024-10-19T17:13:00.000+02:00,507.21,26.5,34.01,0.0,70.09,0,0,0.0,0.0
2024-10-19T17:14:00.000+02:00,506.21,26.49,34.0,0.0,70.09,0,0,0.0,0.0
2024-10-19T17:15:00.000+02:00,505.21,26.49,33.99,0.0,70.09,0,0,0.0,0.0
2024-10-19T17:16:00.000+02:00,504.22,26.49,33.97,0.0,70.09,0,0,0.0,0.0
2024-10-19T17:17:00.000+02:00,503.24,26.48,33.96,0.0,70.09,0,0,0.0,0.0
2024-10-19T17:18:00.000+02:00,502.26,26.48,33.95,0.0,70.09,0,0,0.0,0.0
2024-10-19T17:19:00.000+02:00,501.29,26.48,33.94,0.0,70.09,0,0,0.0,0.0
2024-10-19T17:20:00.000+02:00,500.32,26.47,33.93,0.0,70.09,0,0,0.0,0.0
2024-10-19T17:21:00.000+02:00,499.36,26.47,33.92,0.0,70.09,0,0,0.0,0.0
2024-10-19T17:22:00.000+02:00,498.4,26.46,33.9,0.0,70.09,0,0,0.0,0.0
2024-10-19T17:23:00.000+02:00,497.45,26.46,33.89,0.0,70.09,0,0,0.0,0.0
2024-10-19T17:24:00.000+02:00,496.5,26.46,33.88,0.0,70.09,0,0,0.0,0.0
2024-10-19T17:25:00.000+02:00,495.56,26.45,33.87,0.0,70.09,0,0,0.0,0.0
2024-10-19T17:26:00.000+02:00,494.63,26.45,33.86,0.0,70.09,0,0,0.0,0.0
2024-10-19T17:27:00.000+02:00,493.7,26.45,33.85,0.0,70.09,0,0,0.0,0.0
2024-10-19T17:28:00.000+02:00,492.77,26.44,33.83,0.0,70.09,0,0,0.0,0.0
2024-10-19T17:29:00.000+02:00,491.85,26.44,33.82,0.0,70.09,0,0,0.0,0.0
2024-10-19T17:30:00.000+02:00,490.94,26.44,33.81,0.0,70.09,0,0,0.0,0.0
2024-10-19T17:31:00.000+02:00,490.03,26.43,33.8,0.0,70.09,0,0,0.0,0.0
2024-10-19T17:32:00.000+02:00,489.12,26.43,33.79,0.0,70.09,0,0,0.0,0.0
2024-10-19T17:33:00.000+02:00,488.22,26.43,33.78,0.0,70.09,0,0,0.0,0.0
2024-10-19T17:34:00.000+02:00,487.33,26.42,33.77,0.0,70.09,0,0,0.0,0.0
2024-10-19T17:35:00.000+02:00,486.44,26.42,33.75,0.0,70.09,0,0,0.0,0.0
2024-10-19T17:36:00.000+02:00,485.55,26.42,33.74,0.0,70.09,0,0,0.0,0.0
2024-10-19T17:37:00.000+02:00,484.67,26.41,33.73,0.0,70.09,0,0,0.0,0.0
2024-10-19T17:38:00.000+02:00,483.8,26.41,33.72,0.0,70.09,0,0,0.0,0.0
2024-10-19T17:39:00.000+02:00,482.93,26.41,33.71,0.0,70.09,0,0,0.0,0.0
2024-10-19T17:40:00.000+02:00,482.06,26.4,33.7,0.0,70.09,0,0,0.0,0.0
2024-10-19T17:41:00.000+02:00,481.2,26.4,33.69,0.0,70.09,0,0,0.0,0.0
2024-10-19T17:42:00.000+02:00,480.35,26.4,33.68,0.0,70.09,0,0,0.0,0.0
2024-10-19T17:43:00.000+02:00,479.5,26.39,33.67,0.0,70.09,0,0,0.0,0.0
2024-10-19T17:44:00.000+02:00,478.65,26.39,33.66,0.0,70.09,0,0,0.0,0.0
2024-10-19T17:45:00.000+02:00,477.81,26.39,33.65,0.0,70.09,0,0,0.0,0.0
2024-10-19T17:46:00.000+02:00,476.97,26.38,33.64,0.0,70.09,0,0,0.0,0.0
2024-10-19T17:47:00.000+02:00,476.14,26.38,33.62,0.0,70.09,0,0,0.0,0.0
2024-10-19T17:48:00.000+02:00,475.31,26.38,33.61,0.0,70.09,0,0,0.0,0.0
2024-10-19T17:49:00.000+02:00,474.49,26.37,33.6,0.0,70.09,0,0,0.0,0.0
2024-10-19T17:50:00.000+02:00,473.67,26.37,33.59,0.0,70.09,0,0,0.0,0.0
2024-10-19T17:51:00.000+02:00,472.86,26.37,33.58,0.0,70.09,0,0,0.0,0.0
2024-10-19T17:52:00.000+02:00,472.05,26.36,33.57,0.0,70.09,0,0,0.0,0.0
2024-10-19T17:53:00.000+02:00,471.25,26.36,33.56,0.0,70.09,0,0,0.0,0.0
2024-10-19T17:54:00.000+02:00,470.45,26.36,33.55,0.0,70.09,0,0,0.0,0.0
2024-10-19T17:55:00.000+02:00,469.65,26.36,33.54,0.0,70.09,0,0,0.0,0.0
2024-10-19T17:56:00.000+02:00,468.86,26.35,33.53,0.0,70.09,0,0,0.0,0.0
2024-10-19T17:57:00.000+02:00,468.07,26.35,33.52,0.0,70.09,0,0,0.0,0.0
2024-10-19T17:58:00.000+02:00,467.29,26.35,33.51,0.0,70.09,0,0,0.0,0.0
2024-10-19T17:59:00.000+02:00,466.51,26.34,33.51,0.0,70.09,0,0,0.0,0.0
2024-10-19T18:00:00.000+02:00,465.74,26.34,33.5,0.0,70.09,0,0,0.0,0.0
2024-10-19T18:01:00.000+02:00,464.97,26.34,33.49,0.0,70.09,0,0,0.0,0.0
2024-10-19T18:02:00.000+02:00,464.2,26.33,33.48,0.0,70.09,0,0,0.0,0.0
2024-10-19T18:03:00.000+02:00,463.44,26.33,33.47,0.0,70.09,0,0,0.0,0.0
2024-10-19T18:04:00.000+02:00,462.68,26.33,33.46,0.0,70.09,0,0,0.0,0.0
2024-10-19T18:05:00.000+02:00,461.93,26.32,33.45,0.0,70.09,0,0,0.0,0.0
2024-10-19T18:06:00.000+02:00,461.18,26.32,33.44,0.0,70.09,0,0,0.0,0.0
2024-10-19T18:07:00.000+02:00,460.44,26.32,33.43,0.0,70.09,0,0,0.0,0.0
2024-10-19T18:08:00.000+02:00,459.7,26.32,33.42,0.0,70.09,0,0,0.0,0.0
2024-10-19T18:09:00.000+02:00,458.96,26.31,33.41,0.0,70.09,0,0,0.0,0.0
2024-10-19T18:10:00.000+02:00,458.23,26.31,33.4,0.0,70.09,0,0,0.0,0.0
2024-10-19T18:11:00.000+02:00,457.5,26.31,33.4,0.0,70.09,0,0,0.0,0.0
2024-10-19T18:12:00.000+02:00,456.78,26.3,33.39,0.0,70.09,0,0,0.0,0.0
2024-10-19T18:13:00.000+02:00,456.06,26.3,33.38,0.0,70.09,0,0,0.0,0.0
2024-10-19T18:14:00.000+02:00,455.34,26.3,33.37,0.0,70.09,0,0,0.0,0.0
2024-10-19T18:15:00.000+02:00,454.63,26.3,33.36,0.0,70.09,0,0,0.0,0.0
2024-10-19T18:16:00.000+02:00,453.93,26.29,33.35,0.0,70.09,0,0,0.0,0.0
2024-10-19T18:17:00.000+02:00,453.22,26.29,33.34,0.0,70.09,0,0,0.0,0.0
2024-10-19T18:18:00.000+02:00,452.52,26.29,33.33,0.0,70.09,0,0,0.0,0.0
2024-10-19T18:19:00.000+02:00,451.83,26.28,33.33,0.0,70.09,0,0,0.0,0.0
2024-10-19T18:20:00.000+02:00,451.13,26.28,33.32,0.0,70.09,0,0,0.0,0.0
2024-10-19T18:21:00.000+02:00,450.45,26.28,33.31,0.0,70.09,0,0,0.0,0.0
2024-10-19T18:22:00.000+02:00,449.76,26.28,33.3,0.0,70.09,0,0,0.0,0.0
2024-10-19T18:23:00.000+02:00,449.08,26.27,33.29,0.0,70.09,0,0,0.0,0.0
2024-10-19T18:24:00.000+02:00,448.4,26.27,33.28,0.0,70.09,0,0,0.0,0.0
2024-10-19T18:25:00.000+02:00,447.73,26.27,33.28,0.0,70.09,0,0,0.0,0.0
2024-10-19T18:26:00.000+02:00,447.06,26.26,33.27,0.0,70.09,0,0,0.0,0.0
2024-10-19T18:27:00.000+02:00,446.4,26.26,33.26,0.0,70.09,0,0,0.0,0.0
2024-10-19T18:28:00.000+02:00,445.73,26.26,33.25,0.0,70.09,0,0,0.0,0.0
2024-10-19T18:29:00.000+02:00,445.07,26.26,33.24,0.0,70.09,0,0,0.0,0.0
2024-10-19T18:30:00.000+02:00,444.42,26.25,33.24,0.0,70.09,0,0,0.0,0.0
2024-10-19T18:31:00.000+02:00,443.77,26.25,33.23,0.0,70.09,0,0,0.0,0.0
2024-10-19T18:32:00.000+02:00,443.12,26.25,33.22,0.0,70.09,0,0,0.0,0.0
2024-10-19T18:33:00.000+02:00,442.48,26.25,33.21,0.0,70.09,0,0,0.0,0.0
2024-10-19T18:34:00.000+02:00,441.84,26.24,33.2,0.0,70.09,0,0,0.0,0.0
2024-10-19T18:35:00.000+02:00,441.2,26.24,33.2,0.0,70.09,0,0,0.0,0.0
2024-10-19T18:36:00.000+02:00,440.57,26.24,33.19,0.0,70.09,0,0,0.0,0.0
2024-10-19T18:37:00.000+02:00,439.94,26.23,33.18,0.0,70.09,0,0,0.0,0.0
2024-10-19T18:38:00.000+02:00,439.31,26.23,33.17,0.0,70.09,0,0,0.0,0.0
2024-10-19T18:39:00.000+02:00,438.69,26.23,33.17,0.0,70.09,0,0,0.0,0.0
2024-10-19T18:40:00.000+02:00,438.07,26.23,33.16,0.0,70.09,0,0,0.0,0.0
2024-10-19T18:41:00.000+02:00,437.46,26.22,33.15,0.0,70.09,0,0,0.0,0.0
2024-10-19T18:42:00.000+02:00,436.84,26.22,33.15,0.0,70.09,0,0,0.0,0.0
2024-10-19T18:43:00.000+02:00,436.23,26.22,33.14,0.0,70.09,0,0,0.0,0.0
2024-10-19T18:44:00.000+02:00,435.63,26.22,33.13,0.0,70.09,0,0,0.0,0.0
2024-10-19T18:45:00.000+02:00,435.03,26.21,33.12,0.0,70.09,0,0,0.0,0.0
2024-10-19T18:46:00.000+02:00,434.43,26.21,33.12,0.0,70.09,0,0,0.0,0.0
2024-10-19T18:47:00.000+02:00,433.83,26.21,33.11,0.0,70.09,0,0,0.0,0.0
2024-10-19T18:48:00.000+02:00,433.24,26.21,33.1,0.0,70.09,0,0,0.0,0.0
2024-10-19T18:49:00.000+02:00,432.65,26.2,33.1,0.0,70.09,0,0,0.0,0.0
2024-10-19T18:50:00.000+02:00,432.07,26.2,33.09,0.0,70.09,0,0,0.0,0.0
2024-10-19T18:51:00.000+02:00,431.48,26.2,33.08,0.0,70.09,0,0,0.0,0.0
2024-10-19T18:52:00.000+02:00,430.9,26.2,33.08,0.0,70.09,0,0,0.0,0.0
2024-10-19T18:53:00.000+02:00,430.33,26.19,33.07,0.0,70.09,0,0,0.0,0.0
2024-10-19T18:54:00.000+02:00,429.76,26.19,33.06,0.0,70.09,0,0,0.0,0.0
2024-10-19T18:55:00.000+02:00,429.19,26.19,33.06,0.0,70.09,0,0,0.0,0.0
2024-10-19T18:56:00.000+02:00,428.62,26.18,33.05,0.0,70.09,0,0,0.0,0.0
2024-10-19T18:57:00.000+02:00,428.06,26.18,33.04,0.0,70.09,0,0,0.0,0.0
2024-10-19T18:58:00.000+02:00,427.5,26.18,33.04,0.0,70.09,0,0,0.0,0.0
2024-10-19T18:59:00.000+02:00,426.94,26.18,33.03,0.0,70.09,0,0,0.0,0.0
2024-10-19T19:00:00.000+02:00,426.39,26.17,33.02,0.0,70.09,0,0,0.0,0.0
2024-10-19T19:01:00.000+02:00,425.83,26.17,33.02,0.0,70.09,0,0,0.0,0.0
2024-10-19T19:02:00.000+02:00,425.29,26.17,33.01,0.0,70.09,0,0,0.0,0.0
2024-10-19T19:03:00.000+02:00,424.74,26.17,33.01,0.0,70.09,0,0,0.0,0.0
2024-10-19T19:04:00.000+02:00,424.2,26.16,33.0,0.0,70.09,0,0,0.0,0.0
2024-10-19T19:05:00.000+02:00,423.66,26.16,32.99,0.0,70.09,0,0,0.0,0.0
2024-10-19T19:06:00.000+02:00,423.13,26.16,32.99,0.0,70.09,0,0,0.0,0.0
2024-10-19T19:07:00.000+02:00,422.59,26.16,32.98,0.0,70.09,0,0,0.0,0.0
2024-10-19T19:08:00.000+02:00,422.06,26.15,32.98,0.0,70.09,0,0,0.0,0.0
2024-10-19T19:09:00.000+02:00,421.54,26.15,32.97,0.0,70.09,0,0,0.0,0.0
2024-10-19T19:10:00.000+02:00,421.01,26.15,32.96,0.0,70.09,0,0,0.0,0.0
2024-10-19T19:11:00.000+02:00,420.49,26.15,32.96,0.0,70.09,0,0,0.0,0.0
2024-10-19T19:12:00.000+02:00,419.97,26.14,32.95,0.0,70.09,0,0,0.0,0.0
2024-10-19T19:13:00.000+02:00,419.46,26.14,32.95,0.0,70.09,0,0,0.0,0.0
2024-10-19T19:14:00.000+02:00,418.95,26.14,32.94,0.0,70.09,0,0,0.0,0.0
2024-10-19T19:15:00.000+02:00,418.44,26.14,32.94,0.0,70.09,0,0,0.0,0.0
2024-10-19T19:16:00.000+02:00,417.93,26.13,32.93,0.0,70.09,0,0,0.0,0.0
2024-10-19T19:17:00.000+02:00,417.43,26.13,32.92,0.0,70.09,0,0,0.0,0.0
2024-10-19T19:18:00.000+02:00,416.93,26.13,32.92,0.0,70.09,0,0,0.0,0.0
2024-10-19T19:19:00.000+02:00,416.43,26.13,32.91,0.0,70.09,0,0,0.0,0.0
2024-10-19T19:20:00.000+02:00,415.93,26.13,32.91,0.0,70.09,0,0,0.0,0.0
2024-10-19T19:21:00.000+02:00,415.44,26.12,32.9,0.0,70.09,0,0,0.0,0.0
2024-10-19T19:22:00.000+02:00,414.95,26.12,32.9,0.0,70.09,0,0,0.0,0.0
2024-10-19T19:23:00.000+02:00,414.46,26.12,32.89,0.0,70.09,0,0,0.0,0.0
2024-10-19T19:24:00.000+02:00,413.98,26.12,32.89,0.0,70.09,0,0,0.0,0.0
2024-10-19T19:25:00.000+02:00,413.5,26.11,32.88,0.0,70.09,0,0,0.0,0.0
2024-10-19T19:26:00.000+02:00,413.02,26.11,32.88,0.0,70.09,0,0,0.0,0.0
2024-10-19T19:27:00.000+02:00,412.54,26.11,32.87,0.0,70.09,0,0,0.0,0.0
2024-10-19T19:28:00.000+02:00,412.07,26.11,32.87,0.0,70.09,0,0,0.0,0.0
2024-10-19T19:29:00.000+02:00,411.59,26.1,32.86,0.0,70.09,0,0,0.0,0.0
2024-10-19T19:30:00.000+02:00,411.13,26.1,32.85,0.0,70.09,0,0,0.0,0.0
2024-10-19T19:31:00.000+02:00,410.66,26.1,32.85,0.0,70.09,0,0,0.0,0.0
2024-10-19T19:32:00.000+02:00,410.2,26.1,32.84,0.0,70.09,0,0,0.0,0.0
2024-10-19T19:33:00.000+02:00,409.74,26.09,32.84,0.0,70.09,0,0,0.0,0.0
2024-10-19T19:34:00.000+02:00,409.28,26.09,32.84,0.0,70.09,0,0,0.0,0.0
2024-10-19T19:35:00.000+02:00,408.82,26.09,32.83,0.0,70.09,0,0,0.0,0.0
2024-10-19T19:36:00.000+02:00,408.37,26.09,32.83,0.0,70.09,0,0,0.0,0.0
2024-10-19T19:37:00.000+02:00,407.92,26.09,32.82,0.0,70.09,0,0,0.0,0.0
2024-10-19T19:38:00.000+02:00,407.47,26.08,32.82,0.0,70.09,0,0,0.0,0.0
2024-10-19T19:39:00.000+02:00,407.02,26.08,32.81,0.0,70.09,0,0,0.0,0.0
2024-10-19T19:40:00.000+02:00,406.58,26.08,32.81,0.0,70.09,0,0,0.0,0.0
2024-10-19T19:41:00.000+02:00,406.14,26.08,32.8,0.0,70.09,0,0,0.0,0.0
2024-10-19T19:42:00.000+02:00,405.7,26.07,32.8,0.0,70.09,0,0,0.0,0.0
2024-10-19T19:43:00.000+02:00,405.27,26.07,32.79,0.0,70.09,0,0,0.0,0.0
2024-10-19T19:44:00.000+02:00,404.83,26.07,32.79,0.0,70.09,0,0,0.0,0.0
2024-10-19T19:45:00.000+02:00,404.4,26.07,32.78,0.0,70.09,0,0,0.0,0.0
2024-10-19T19:46:00.000+02:00,403.97,26.07,32.78,0.0,70.09,0,0,0.0,0.0
2024-10-19T19:47:00.000+02:00,403.55,26.06,32.77,0.0,70.09,0,0,0.0,0.0
2024-10-19T19:48:00.000+02:00,403.12,26.06,32.77,0.0,70.09,0,0,0.0,0.0
2024-10-19T19:49:00.000+02:00,402.7,26.06,32.77,0.0,70.09,0,0,0.0,0.0
2024-10-19T19:50:00.000+02:00,402.28,26.06,32.76,0.0,70.09,0,0,0.0,0.0
2024-10-19T19:51:00.000+02:00,401.86,26.05,32.76,0.0,70.09,0,0,0.0,0.0
2024-10-19T19:52:00.000+02:00,401.45,26.05,32.75,0.0,70.09,0,0,0.0,0.0
2024-10-19T19:53:00.000+02:00,401.04,26.05,32.75,0.0,70.09,0,0,0.0,0.0
2024-10-19T19:54:00.000+02:00,400.63,26.05,32.75,0.0,70.09,0,0,0.0,0.0
2024-10-19T19:55:00.000+02:00,400.22,26.05,32.74,0.0,70.09,0,0,0.0,0.0
2024-10-19T19:56:00.000+02:00,399.81,26.04,32.74,0.0,70.09,0,0,0.0,0.0
2024-10-19T19:57:00.000+02:00,399.41,26.04,32.73,0.0,70.09,0,0,0.0,0.0
2024-10-19T19:58:00.000+02:00,399.01,26.04,32.73,0.0,70.09,0,0,0.0,0.0
2024-10-19T19:59:00.000+02:00,398.61,26.04,32.73,0.0,70.09,0,0,0.0,0.0
2024-10-19T20:00:00.000+02:00,398.21,26.03,32.72,0.0,70.09,0,0,0.0,0.0
2024-10-19T20:01:00.000+02:00,397.82,26.03,32.72,0.0,70.09,0,0,0.0,0.0
2024-10-19T20:02:00.000+02:00,397.43,26.03,32.71,0.0,70.09,0,0,0.0,0.0
2024-10-19T20:03:00.000+02:00,397.04,26.03,32.71,0.0,70.09,0,0,0.0,0.0
2024-10-19T20:04:00.000+02:00,396.65,26.02,32.71,0.0,70.09,0,0,0.0,0.0
2024-10-19T20:05:00.000+02:00,396.26,26.02,32.7,0.0,70.09,0,0,0.0,0.0
2024-10-19T20:06:00.000+02:00,395.88,26.02,32.7,0.0,70.09,0,0,0.0,0.0
2024-10-19T20:07:00.000+02:00,395.5,26.02,32.7,0.0,70.09,0,0,0.0,0.0
2024-10-19T20:08:00.000+02:00,395.12,26.01,32.69,0.0,70.09,0,0,0.0,0.0
2024-10-19T20:09:00.000+02:00,394.74,26.01,32.69,0.0,70.09,0,0,0.0,0.0
2024-10-19T20:10:00.000+02:00,394.37,26.01,32.69,0.0,70.09,0,0,0.0,0.0
2024-10-19T20:11:00.000+02:00,393.99,26.01,32.69,0.0,70.09,0,0,0.0,0.0
2024-10-19T20:12:00.000+02:00,393.62,26.0,32.68,0.0,70.09,0,0,0.0,0.0
2024-10-19T20:13:00.000+02:00,393.25,26.0,32.68,0.0,70.09,0,0,0.0,0.0
2024-10-19T20:14:00.000+02:00,392.89,26.0,32.68,0.0,70.09,0,0,0.0,0.0
2024-10-19T20:15:00.000+02:00,392.52,25.99,32.68,0.0,70.09,0,0,0.0,0.0
2024-10-19T20:16:00.000+02:00,392.16,25.99,32.67,0.0,70.09,0,0,0.0,0.0
2024-10-19T20:17:00.000+02:00,391.8,25.99,32.67,0.0,70.09,0,0,0.0,0.0
2024-10-19T20:18:00.000+02:00,391.44,25.98,32.67,0.0,70.09,0,0,0.0,0.0
2024-10-19T20:19:00.000+02:00,391.08,25.98,32.67,0.0,70.09,0,0,0.0,0.0
2024-10-19T20:20:00.000+02:00,390.72,25.98,32.66,0.0,70.09,0,0,0.0,0.0
2024-10-19T20:21:00.000+02:00,390.37,25.97,32.66,0.0,70.09,0,0,0.0,0.0
2024-10-19T20:22:00.000+02:00,390.02,25.97,32.66,0.0,70.09,0,0,0.0,0.0
2024-10-19T20:23:00.000+02:00,389.67,25.97,32.66,0.0,70.09,0,0,0.0,0.0
2024-10-19T20:24:00.000+02:00,389.32,25.96,32.66,0.0,70.09,0,0,0.0,0.0
2024-10-19T20:25:00.000+02:00,388.98,25.96,32.65,0.0,70.09,0,0,0.0,0.0
2024-10-19T20:26:00.000+02:00,388.64,25.96,32.65,0.0,70.09,0,0,0.0,0.0
2024-10-19T20:27:00.000+02:00,388.29,25.95,32.65,0.0,70.09,0,0,0.0,0.0
2024-10-19T20:28:00.000+02:00,387.95,25.95,32.65,0.0,70.09,0,0,0.0,0.0
2024-10-19T20:29:00.000+02:00,387.62,25.95,32.65,0.0,70.09,0,0,0.0,0.0
2024-10-19T20:30:00.000+02:00,387.28,25.95,32.64,0.0,70.09,0,0,0.0,0.0
2024-10-19T20:31:00.000+02:00,386.95,25.94,32.64,0.0,70.09,0,0,0.0,0.0
2024-10-19T20:32:00.000+02:00,386.61,25.94,32.64,0.0,70.09,0,0,0.0,0.0
2024-10-19T20:33:00.000+02:00,386.28,25.93,32.64,0.0,70.09,0,0,0.0,0.0
2024-10-19T20:34:00.000+02:00,385.95,25.93,32.64,0.0,70.09,0,0,0.0,0.0
2024-10-19T20:35:00.000+02:00,385.63,25.93,32.63,0.0,70.09,0,0,0.0,0.0
2024-10-19T20:36:00.000+02:00,385.3,25.92,32.63,0.0,70.09,0,0,0.0,0.0
2024-10-19T20:37:00.000+02:00,384.98,25.92,32.63,0.0,70.09,0,0,0.0,0.0
2024-10-19T20:38:00.000+02:00,384.66,25.92,32.63,0.0,70.09,0,0,0.0,0.0
2024-10-19T20:39:00.000+02:00,384.34,25.91,32.63,0.0,70.09,0,0,0.0,0.0
2024-10-19T20:40:00.000+02:00,384.02,25.91,32.62,0.0,70.09,0,0,0.0,0.0
2024-10-19T20:41:00.000+02:00,383.7,25.91,32.62,0.0,70.09,0,0,0.0,0.0
2024-10-19T20:42:00.000+02:00,383.39,25.9,32.62,0.0,70.09,0,0,0.0,0.0
2024-10-19T20:43:00.000+02:00,383.08,25.9,32.62,0.0,70.09,0,0,0.0,0.0
2024-10-19T20:44:00.000+02:00,382.77,25.9,32.61,0.0,70.09,0,0,0.0,0.0
2024-10-19T20:45:00.000+02:00,382.46,25.89,32.61,0.0,70.09,0,0,0.0,0.0
2024-10-19T20:46:00.000+02:00,382.15,25.89,32.61,0.0,70.09,0,0,0.0,0.0
2024-10-19T20:47:00.000+02:00,381.84,25.89,32.61,0.0,70.09,0,0,0.0,0.0
2024-10-19T20:48:00.000+02:00,381.54,25.88,32.61,0.0,70.09,0,0,0.0,0.0
2024-10-19T20:49:00.000+02:00,381.24,25.88,32.6,0.0,70.09,0,0,0.0,0.0
2024-10-19T20:50:00.000+02:00,380.94,25.88,32.6,0.0,70.09,0,0,0.0,0.0
2024-10-19T20:51:00.000+02:00,380.64,25.87,32.6,0.0,70.09,0,0,0.0,0.0
2024-10-19T20:52:00.000+02:00,380.34,25.87,32.6,0.0,70.09,0,0,0.0,0.0
2024-10-19T20:53:00.000+02:00,380.04,25.87,32.6,0.0,70.09,0,0,0.0,0.0
2024-10-19T20:54:00.000+02:00,379.75,25.86,32.59,0.0,70.09,0,0,0.0,0.0
2024-10-19T20:55:00.000+02:00,379.46,25.86,32.59,0.0,70.09,0,0,0.0,0.0
2024-10-19T20:56:00.000+02:00,379.16,25.86,32.59,0.0,70.09,0,0,0.0,0.0
2024-10-19T20:57:00.000+02:00,378.88,25.85,32.59,0.0,70.09,0,0,0.0,0.0
2024-10-19T20:58:00.000+02:00,378.59,25.85,32.59,0.0,70.09,0,0,0.0,0.0
2024-10-19T20:59:00.000+02:00,378.3,25.85,32.58,0.0,70.09,0,0,0.0,0.0
2024-10-19T21:00:00.000+02:00,378.02,25.84,32.58,0.0,70.09,0,0,0.0,0.0
2024-10-19T21:01:00.000+02:00,377.73,25.84,32.58,0.0,70.09,0,0,0.0,0.0
2024-10-19T21:02:00.000+02:00,377.45,25.83,32.58,0.0,70.09,0,0,0.0,0.0
2024-10-19T21:03:00.000+02:00,377.17,25.83,32.58,0.0,70.09,0,0,0.0,0.0
2024-10-19T21:04:00.000+02:00,376.89,25.83,32.57,0.0,70.09,0,0,0.0,0.0
2024-10-19T21:05:00.000+02:00,376.62,25.82,32.57,0.0,70.09,0,0,0.0,0.0
2024-10-19T21:06:00.000+02:00,376.34,25.82,32.57,0.0,70.09,0,0,0.0,0.0
2024-10-19T21:07:00.000+02:00,376.07,25.82,32.57,0.0,70.09,0,0,0.0,0.0
2024-10-19T21:08:00.000+02:00,375.8,25.81,32.57,0.0,70.09,0,0,0.0,0.0
2024-10-19T21:09:00.000+02:00,375.52,25.81,32.56,0.0,70.09,0,0,0.0,0.0
2024-10-19T21:10:00.000+02:00,375.26,25.81,32.56,0.0,70.09,0,0,0.0,0.0
2024-10-19T21:11:00.000+02:00,374.99,25.8,32.56,0.0,70.09,0,0,0.0,0.0
2024-10-19T21:12:00.000+02:00,374.72,25.8,32.56,0.0,70.09,0,0,0.0,0.0
2024-10-19T21:13:00.000+02:00,374.46,25.79,32.56,0.0,70.09,0,0,0.0,0.0
2024-10-19T21:14:00.000+02:00,374.19,25.79,32.55,0.0,70.09,0,0,0.0,0.0
2024-10-19T21:15:00.000+02:00,373.93,25.79,32.55,0.0,70.09,0,0,0.0,0.0
2024-10-19T21:16:00.000+02:00,373.67,25.78,32.55,0.0,70.09,0,0,0.0,0.0
2024-10-19T21:17:00.000+02:00,373.41,25.78,32.55,0.0,70.09,0,0,0.0,0.0
2024-10-19T21:18:00.000+02:00,373.15,25.78,32.54,0.0,70.09,0,0,0.0,0.0
2024-10-19T21:19:00.000+02:00,372.9,25.77,32.54,0.0,70.09,0,0,0.0,0.0
2024-10-19T21:20:00.000+02:00,372.64,25.77,32.54,0.0,70.09,0,0,0.0,0.0
2024-10-19T21:21:00.000+02:00,372.39,25.77,32.54,0.0,70.09,0,0,0.0,0.0
2024-10-19T21:22:00.000+02:00,372.14,25.76,32.53,0.0,70.09,0,0,0.0,0.0
2024-10-19T21:23:00.000+02:00,371.89,25.76,32.53,0.0,70.09,0,0,0.0,0.0
2024-10-19T21:24:00.000+02:00,371.64,25.75,32.53,0.0,70.09,0,0,0.0,0.0
2024-10-19T21:25:00.000+02:00,371.39,25.75,32.53,0.0,70.09,0,0,0.0,0.0
2024-10-19T21:26:00.000+02:00,371.14,25.75,32.52,0.0,70.09,0,0,0.0,0.0
2024-10-19T21:27:00.000+02:00,370.9,25.74,32.52,0.0,70.09,0,0,0.0,0.0
2024-10-19T21:28:00.000+02:00,370.65,25.74,32.52,0.0,70.09,0,0,0.0,0.0
2024-10-19T21:29:00.000+02:00,370.41,25.74,32.52,0.0,70.09,0,0,0.0,0.0
2024-10-19T21:30:00.000+02:00,370.17,25.73,32.51,0.0,70.09,0,0,0.0,0.0
2024-10-19T21:31:00.000+02:00,369.93,25.73,32.51,0.0,70.09,0,0,0.0,0.0
2024-10-19T21:32:00.000+02:00,369.69,25.73,32.51,0.0,70.09,0,0,0.0,0.0
2024-10-19T21:33:00.000+02:00,369.45,25.72,32.51,0.0,70.09,0,0,0.0,0.0
2024-10-19T21:34:00.000+02:00,369.22,25.72,32.5,0.0,70.09,0,0,0.0,0.0
2024-10-19T21:35:00.000+02:00,368.98,25.71,32.5,0.0,70.09,0,0,0.0,0.0
2024-10-19T21:36:00.000+02:00,368.75,25.71,32.5,0.0,70.09,0,0,0.0,0.0
2024-10-19T21:37:00.000+02:00,368.52,25.71,32.5,0.0,70.09,0,0,0.0,0.0
2024-10-19T21:38:00.000+02:00,368.29,25.7,32.49,0.0,70.09,0,0,0.0,0.0
2024-10-19T21:39:00.000+02:00,368.06,25.7,32.49,0.0,70.09,0,0,0.0,0.0
2024-10-19T21:40:00.000+02:00,367.83,25.7,32.49,0.0,70.09,0,0,0.0,0.0
2024-10-19T21:41:00.000+02:00,367.6,25.69,32.48,0.0,70.09,0,0,0.0,0.0
2024-10-19T21:42:00.000+02:00,367.38,25.69,32.48,0.0,70.09,0,0,0.0,0.0
2024-10-19T21:43:00.000+02:00,367.15,25.69,32.48,0.0,70.09,0,0,0.0,0.0
2024-10-19T21:44:00.000+02:00,366.93,25.68,32.47,0.0,70.09,0,0,0.0,0.0
2024-10-19T21:45:00.000+02:00,366.71,25.68,32.47,0.0,70.09,0,0,0.0,0.0
2024-10-19T21:46:00.000+02:00,366.49,25.67,32.47,0.0,70.09,0,0,0.0,0.0
2024-10-19T21:47:00.000+02:00,366.27,25.67,32.47,0.0,70.09,0,0,0.0,0.0
2024-10-19T21:48:00.000+02:00,366.05,25.67,32.46,0.0,70.09,0,0,0.0,0.0
2024-10-19T21:49:00.000+02:00,365.83,25.66,32.46,0.0,70.09,0,0,0.0,0.0
2024-10-19T21:50:00.000+02:00,365.62,25.66,32.46,0.0,70.09,0,0,0.0,0.0
2024-10-19T21:51:00.000+02:00,365.4,25.66,32.45,0.0,70.09,0,0,0.0,0.0
2024-10-19T21:52:00.000+02:00,365.19,25.65,32.45,0.0,70.09,0,0,0.0,0.0
2024-10-19T21:53:00.000+02:00,364.98,25.65,32.45,0.0,70.09,0,0,0.0,0.0
2024-10-19T21:54:00.000+02:00,364.77,25.65,32.44,0.0,70.09,0,0,0.0,0.0
2024-10-19T21:55:00.000+02:00,364.56,25.64,32.44,0.0,70.09,0,0,0.0,0.0
2024-10-19T21:56:00.000+02:00,364.35,25.64,32.44,0.0,70.09,0,0,0.0,0.0
2024-10-19T21:57:00.000+02:00,364.14,25.63,32.43,0.0,70.09,0,0,0.0,0.0
2024-10-19T21:58:00.000+02:00,363.93,25.63,32.43,0.0,70.09,0,0,0.0,0.0
2024-10-19T21:59:00.000+02:00,363.73,25.63,32.43,0.0,70.09,0,0,0.0,0.0
2024-10-19T22:00:00.000+02:00,363.52,25.62,32.42,0.0,70.09,0,0,0.0,0.0
2024-10-19T22:01:00.000+02:00,363.32,25.62,32.42,0.0,70.09,0,0,0.0,0.0
2024-10-19T22:02:00.000+02:00,363.12,25.62,32.42,0.0,70.09,0,0,0.0,0.0
2024-10-19T22:03:00.000+02:00,362.92,25.61,32.41,0.0,70.09,0,0,0.0,0.0
2024-10-19T22:04:00.000+02:00,362.72,25.61,32.41,0.0,70.09,0,0,0.0,0.0
2024-10-19T22:05:00.000+02:00,362.52,25.6,32.41,0.0,70.09,0,0,0.0,0.0
2024-10-19T22:06:00.000+02:00,362.32,25.6,32.4,0.0,70.09,0,0,0.0,0.0
2024-10-19T22:07:00.000+02:00,362.13,25.6,32.4,0.0,70.09,0,0,0.0,0.0
2024-10-19T22:08:00.000+02:00,361.93,25.59,32.4,0.0,70.09,0,0,0.0,0.0
2024-10-19T22:09:00.000+02:00,361.74,25.59,32.39,0.0,70.09,0,0,0.0,0.0
2024-10-19T22:10:00.000+02:00,361.54,25.59,32.39,0.0,70.09,0,0,0.0,0.0
2024-10-19T22:11:00.000+02:00,361.35,25.58,32.39,0.0,70.09,0,0,0.0,0.0
2024-10-19T22:12:00.000+02:00,361.16,25.58,32.38,0.0,70.09,0,0,0.0,0.0
2024-10-19T22:13:00.000+02:00,360.97,25.58,32.38,0.0,70.09,0,0,0.0,0.0
2024-10-19T22:14:00.000+02:00,360.78,25.57,32.38,0.0,70.09,0,0,0.0,0.0
2024-10-19T22:15:00.000+02:00,360.59,25.57,32.37,0.0,70.09,0,0,0.0,0.0
2024-10-19T22:16:00.000+02:00,360.41,25.57,32.37,0.0,70.09,0,0,0.0,0.0
2024-10-19T22:17:00.000+02:00,360.22,25.56,32.37,0.0,70.09,0,0,0.0,0.0
2024-10-19T22:18:00.000+02:00,360.04,25.56,32.36,0.0,70.09,0,0,0.0,0.0
2024-10-19T22:19:00.000+02:00,359.85,25.55,32.36,0.0,70.09,0,0,0.0,0.0
2024-10-19T22:20:00.000+02:00,359.67,25.55,32.35,0.0,70.09,0,0,0.0,0.0
2024-10-19T22:21:00.000+02:00,359.49,25.55,32.35,0.0,70.09,0,0,0.0,0.0
2024-10-19T22:22:00.000+02:00,359.31,25.54,32.35,0.0,70.09,0,0,0.0,0.0
2024-10-19T22:23:00.000+02:00,359.13,25.54,32.34,0.0,70.09,0,0,0.0,0.0
2024-10-19T22:24:00.000+02:00,358.95,25.54,32.34,0.0,70.09,0,0,0.0,0.0
2024-10-19T22:25:00.000+02:00,358.77,25.53,32.34,0.0,70.09,0,0,0.0,0.0
2024-10-19T22:26:00.000+02:00,358.59,25.53,32.33,0.0,70.09,0,0,0.0,0.0
2024-10-19T22:27:00.000+02:00,358.42,25.53,32.33,0.0,70.09,0,0,0.0,0.0
2024-10-19T22:28:00.000+02:00,358.24,25.52,32.33,0.0,70.09,0,0,0.0,0.0
2024-10-19T22:29:00.000+02:00,358.07,25.52,32.32,0.0,70.09,0,0,0.0,0.0
2024-10-19T22:30:00.000+02:00,357.9,25.51,32.32,0.0,70.09,0,0,0.0,0.0
2024-10-19T22:31:00.000+02:00,357.72,25.51,32.31,0.0,70.09,0,0,0.0,0.0
2024-10-19T22:32:00.000+02:00,357.55,25.51,32.31,0.0,70.09,0,0,0.0,0.0
2024-10-19T22:33:00.000+02:00,357.38,25.5,32.31,0.0,70.09,0,0,0.0,0.0
2024-10-19T22:34:00.000+02:00,357.21,25.5,32.3,0.0,70.09,0,0,0.0,0.0
2024-10-19T22:35:00.000+02:00,357.05,25.5,32.3,0.0,70.09,0,0,0.0,0.0
2024-10-19T22:36:00.000+02:00,356.88,25.49,32.3,0.0,70.09,0,0,0.0,0.0
2024-10-19T22:37:00.000+02:00,356.71,25.49,32.29,0.0,70.09,0,0,0.0,0.0
2024-10-19T22:38:00.000+02:00,356.55,25.49,32.29,0.0,70.09,0,0,0.0,0.0
2024-10-19T22:39:00.000+02:00,356.38,25.48,32.29,0.0,70.09,0,0,0.0,0.0
2024-10-19T22:40:00.000+02:00,356.22,25.48,32.28,0.0,70.09,0,0,0.0,0.0
