Datetime,co2,Zone Mean Air Temperature,Zone Air Relative Humidity,Ventilation,_volume,presence,#occupants,presence_shift,event_start,occupants_modified,presence_modified
2024-02-03 00:01:00+01:00,1518.27,19.11,27.39,0.0,68.56,False,0,,False,0,False
2024-02-03 00:02:00+01:00,1516.56,19.11,27.37,0.0,68.56,False,0,False,False,0,False
2024-02-03 00:03:00+01:00,1514.86,19.11,27.34,0.0,68.56,False,0,False,False,0,False
2024-02-03 00:04:00+01:00,1513.16,19.1,27.31,0.0,68.56,False,0,False,False,0,False
2024-02-03 00:05:00+01:00,1511.46,19.1,27.29,0.0,68.56,False,0,False,False,0,False
2024-02-03 00:06:00+01:00,1509.77,19.1,27.26,0.0,68.56,False,0,False,False,0,False
2024-02-03 00:07:00+01:00,1508.08,19.1,27.23,0.0,68.56,False,0,False,False,0,False
2024-02-03 00:08:00+01:00,1506.39,19.09,27.21,0.0,68.56,False,0,False,False,0,False
2024-02-03 00:09:00+01:00,1504.7,19.09,27.18,0.0,68.56,False,0,False,False,0,False
2024-02-03 00:10:00+01:00,1503.02,19.09,27.15,0.0,68.56,False,0,False,False,0,False
2024-02-03 00:11:00+01:00,1501.35,19.09,27.13,0.0,68.56,False,0,False,False,0,False
2024-02-03 00:12:00+01:00,1499.67,19.09,27.1,0.0,68.56,False,0,False,False,0,False
2024-02-03 00:13:00+01:00,1498.0,19.09,27.07,0.0,68.56,False,0,False,False,0,False
2024-02-03 00:14:00+01:00,1496.33,19.08,27.05,0.0,68.56,False,0,False,False,0,False
2024-02-03 00:15:00+01:00,1494.67,19.08,27.02,0.0,68.56,False,0,False,False,0,False
2024-02-03 00:16:00+01:00,1493.0,19.08,26.99,0.0,68.56,False,0,False,False,0,False
2024-02-03 00:17:00+01:00,1491.34,19.08,26.97,0.0,68.56,False,0,False,False,0,False
2024-02-03 00:18:00+01:00,1489.69,19.08,26.94,0.0,68.56,False,0,False,False,0,False
2024-02-03 00:19:00+01:00,1488.04,19.08,26.91,0.0,68.56,False,0,False,False,0,False
2024-02-03 00:20:00+01:00,1486.39,19.07,26.89,0.0,68.56,False,0,False,False,0,False
2024-02-03 00:21:00+01:00,1484.74,19.07,26.86,0.0,68.56,False,0,False,False,0,False
2024-02-03 00:22:00+01:00,1483.1,19.07,26.83,0.0,68.56,False,0,False,False,0,False
2024-02-03 00:23:00+01:00,1481.46,19.07,26.81,0.0,68.56,False,0,False,False,0,False
2024-02-03 00:24:00+01:00,1479.82,19.07,26.78,0.0,68.56,False,0,False,False,0,False
2024-02-03 00:25:00+01:00,1478.19,19.07,26.76,0.0,68.56,False,0,False,False,0,False
2024-02-03 00:26:00+01:00,1476.55,19.07,26.73,0.0,68.56,False,0,False,False,0,False
2024-02-03 00:27:00+01:00,1474.93,19.07,26.71,0.0,68.56,False,0,False,False,0,False
2024-02-03 00:28:00+01:00,1473.3,19.06,26.68,0.0,68.56,False,0,False,False,0,False
2024-02-03 00:29:00+01:00,1471.68,19.06,26.66,0.0,68.56,False,0,False,False,0,False
2024-02-03 00:30:00+01:00,1470.06,19.06,26.63,0.0,68.56,False,0,False,False,0,False
2024-02-03 00:31:00+01:00,1468.45,19.06,26.61,0.0,68.56,False,0,False,False,0,False
2024-02-03 00:32:00+01:00,1466.83,19.06,26.58,0.0,68.56,False,0,False,False,0,False
2024-02-03 00:33:00+01:00,1465.22,19.06,26.56,0.0,68.56,False,0,False,False,0,False
2024-02-03 00:34:00+01:00,1463.62,19.06,26.53,0.0,68.56,False,0,False,False,0,False
2024-02-03 00:35:00+01:00,1462.01,19.06,26.51,0.0,68.56,False,0,False,False,0,False
2024-02-03 00:36:00+01:00,1460.41,19.06,26.48,0.0,68.56,False,0,False,False,0,False
2024-02-03 00:37:00+01:00,1458.82,19.06,26.46,0.0,68.56,False,0,False,False,0,False
2024-02-03 00:38:00+01:00,1457.22,19.05,26.44,0.0,68.56,False,0,False,False,0,False
2024-02-03 00:39:00+01:00,1455.63,19.05,26.41,0.0,68.56,False,0,False,False,0,False
2024-02-03 00:40:00+01:00,1454.04,19.05,26.39,0.0,68.56,False,0,False,False,0,False
2024-02-03 00:41:00+01:00,1452.46,19.05,26.36,0.0,68.56,False,0,False,False,0,False
2024-02-03 00:42:00+01:00,1450.87,19.05,26.34,0.0,68.56,False,0,False,False,0,False
2024-02-03 00:43:00+01:00,1449.29,19.05,26.32,0.0,68.56,False,0,False,False,0,False
2024-02-03 00:44:00+01:00,1447.72,19.05,26.3,0.0,68.56,False,0,False,False,0,False
2024-02-03 00:45:00+01:00,1446.14,19.05,26.27,0.0,68.56,False,0,False,False,0,False
2024-02-03 00:46:00+01:00,1444.57,19.05,26.25,0.0,68.56,False,0,False,False,0,False
2024-02-03 00:47:00+01:00,1443.01,19.05,26.23,0.0,68.56,False,0,False,False,0,False
2024-02-03 00:48:00+01:00,1441.44,19.05,26.2,0.0,68.56,False,0,False,False,0,False
2024-02-03 00:49:00+01:00,1439.88,19.04,26.18,0.0,68.56,False,0,False,False,0,False
2024-02-03 00:50:00+01:00,1438.32,19.04,26.16,0.0,68.56,False,0,False,False,0,False
2024-02-03 00:51:00+01:00,1436.76,19.04,26.14,0.0,68.56,False,0,False,False,0,False
2024-02-03 00:52:00+01:00,1435.21,19.04,26.12,0.0,68.56,False,0,False,False,0,False
2024-02-03 00:53:00+01:00,1433.66,19.04,26.09,0.0,68.56,False,0,False,False,0,False
2024-02-03 00:54:00+01:00,1432.11,19.04,26.07,0.0,68.56,False,0,False,False,0,False
2024-02-03 00:55:00+01:00,1430.57,19.04,26.05,0.0,68.56,False,0,False,False,0,False
2024-02-03 00:56:00+01:00,1429.03,19.04,26.03,0.0,68.56,False,0,False,False,0,False
2024-02-03 00:57:00+01:00,1427.49,19.04,26.01,0.0,68.56,False,0,False,False,0,False
2024-02-03 00:58:00+01:00,1425.95,19.04,25.99,0.0,68.56,False,0,False,False,0,False
2024-02-03 00:59:00+01:00,1424.42,19.04,25.97,0.0,68.56,False,0,False,False,0,False
2024-02-03 01:00:00+01:00,1422.89,19.04,25.95,0.0,68.56,False,0,False,False,0,False
2024-02-03 01:01:00+01:00,1421.36,19.04,25.93,0.0,68.56,False,0,False,False,0,False
2024-02-03 01:02:00+01:00,1419.84,19.04,25.91,0.0,68.56,False,0,False,False,0,False
2024-02-03 01:03:00+01:00,1418.32,19.03,25.89,0.0,68.56,False,0,False,False,0,False
2024-02-03 01:04:00+01:00,1416.8,19.03,25.88,0.0,68.56,False,0,False,False,0,False
2024-02-03 01:05:00+01:00,1415.28,19.03,25.86,0.0,68.56,False,0,False,False,0,False
2024-02-03 01:06:00+01:00,1413.77,19.03,25.84,0.0,68.56,False,0,False,False,0,False
2024-02-03 01:07:00+01:00,1412.25,19.03,25.83,0.0,68.56,False,0,False,False,0,False
2024-02-03 01:08:00+01:00,1410.74,19.03,25.81,0.0,68.56,False,0,False,False,0,False
2024-02-03 01:09:00+01:00,1409.24,19.03,25.79,0.0,68.56,False,0,False,False,0,False
2024-02-03 01:10:00+01:00,1407.73,19.03,25.78,0.0,68.56,False,0,False,False,0,False
2024-02-03 01:11:00+01:00,1406.23,19.03,25.76,0.0,68.56,False,0,False,False,0,False
2024-02-03 01:12:00+01:00,1404.73,19.02,25.74,0.0,68.56,False,0,False,False,0,False
2024-02-03 01:13:00+01:00,1403.23,19.02,25.73,0.0,68.56,False,0,False,False,0,False
2024-02-03 01:14:00+01:00,1401.74,19.02,25.71,0.0,68.56,False,0,False,False,0,False
2024-02-03 01:15:00+01:00,1400.24,19.02,25.69,0.0,68.56,False,0,False,False,0,False
2024-02-03 01:16:00+01:00,1398.75,19.02,25.68,0.0,68.56,False,0,False,False,0,False
2024-02-03 01:17:00+01:00,1397.27,19.02,25.66,0.0,68.56,False,0,False,False,0,False
2024-02-03 01:18:00+01:00,1395.78,19.01,25.65,0.0,68.56,False,0,False,False,0,False
2024-02-03 01:19:00+01:00,1394.3,19.01,25.63,0.0,68.56,False,0,False,False,0,False
2024-02-03 01:20:00+01:00,1392.82,19.01,25.62,0.0,68.56,False,0,False,False,0,False
2024-02-03 01:21:00+01:00,1391.34,19.01,25.6,0.0,68.56,False,0,False,False,0,False
2024-02-03 01:22:00+01:00,1389.86,19.01,25.58,0.0,68.56,False,0,False,False,0,False
2024-02-03 01:23:00+01:00,1388.39,19.01,25.57,0.0,68.56,False,0,False,False,0,False
2024-02-03 01:24:00+01:00,1386.92,19.0,25.55,0.0,68.56,False,0,False,False,0,False
2024-02-03 01:25:00+01:00,1385.45,19.0,25.54,0.0,68.56,False,0,False,False,0,False
2024-02-03 01:26:00+01:00,1383.98,19.0,25.52,0.0,68.56,False,0,False,False,0,False
2024-02-03 01:27:00+01:00,1382.52,19.0,25.51,0.0,68.56,False,0,False,False,0,False
2024-02-03 01:28:00+01:00,1381.06,19.0,25.49,0.0,68.56,False,0,False,False,0,False
2024-02-03 01:29:00+01:00,1379.6,18.99,25.48,0.0,68.56,False,0,False,False,0,False
2024-02-03 01:30:00+01:00,1378.14,18.99,25.46,0.0,68.56,False,0,False,False,0,False
2024-02-03 01:31:00+01:00,1376.69,18.99,25.45,0.0,68.56,False,0,False,False,0,False
2024-02-03 01:32:00+01:00,1375.24,18.99,25.43,0.0,68.56,False,0,False,False,0,False
2024-02-03 01:33:00+01:00,1373.79,18.99,25.42,0.0,68.56,False,0,False,False,0,False
2024-02-03 01:34:00+01:00,1372.34,18.98,25.4,0.0,68.56,False,0,False,False,0,False
2024-02-03 01:35:00+01:00,1370.9,18.98,25.39,0.0,68.56,False,0,False,False,0,False
2024-02-03 01:36:00+01:00,1369.46,18.98,25.37,0.0,68.56,False,0,False,False,0,False
2024-02-03 01:37:00+01:00,1368.02,18.98,25.36,0.0,68.56,False,0,False,False,0,False
2024-02-03 01:38:00+01:00,1366.58,18.98,25.34,0.0,68.56,False,0,False,False,0,False
2024-02-03 01:39:00+01:00,1365.14,18.98,25.33,0.0,68.56,False,0,False,False,0,False
2024-02-03 01:40:00+01:00,1363.71,18.97,25.31,0.0,68.56,False,0,False,False,0,False
2024-02-03 01:41:00+01:00,1362.28,18.97,25.3,0.0,68.56,False,0,False,False,0,False
2024-02-03 01:42:00+01:00,1360.85,18.97,25.28,0.0,68.56,False,0,False,False,0,False
2024-02-03 01:43:00+01:00,1359.43,18.97,25.27,0.0,68.56,False,0,False,False,0,False
2024-02-03 01:44:00+01:00,1358.0,18.97,25.25,0.0,68.56,False,0,False,False,0,False
2024-02-03 01:45:00+01:00,1356.58,18.96,25.24,0.0,68.56,False,0,False,False,0,False
2024-02-03 01:46:00+01:00,1355.16,18.96,25.22,0.0,68.56,False,0,False,False,0,False
2024-02-03 01:47:00+01:00,1353.75,18.96,25.21,0.0,68.56,False,0,False,False,0,False
2024-02-03 01:48:00+01:00,1352.33,18.96,25.2,0.0,68.56,False,0,False,False,0,False
2024-02-03 01:49:00+01:00,1350.92,18.96,25.18,0.0,68.56,False,0,False,False,0,False
2024-02-03 01:50:00+01:00,1349.51,18.95,25.17,0.0,68.56,False,0,False,False,0,False
2024-02-03 01:51:00+01:00,1348.1,18.95,25.15,0.0,68.56,False,0,False,False,0,False
2024-02-03 01:52:00+01:00,1346.7,18.95,25.14,0.0,68.56,False,0,False,False,0,False
2024-02-03 01:53:00+01:00,1345.3,18.95,25.12,0.0,68.56,False,0,False,False,0,False
2024-02-03 01:54:00+01:00,1343.9,18.95,25.11,0.0,68.56,False,0,False,False,0,False
2024-02-03 01:55:00+01:00,1342.5,18.94,25.09,0.0,68.56,False,0,False,False,0,False
2024-02-03 01:56:00+01:00,1341.1,18.94,25.08,0.0,68.56,False,0,False,False,0,False
2024-02-03 01:57:00+01:00,1339.71,18.94,25.07,0.0,68.56,False,0,False,False,0,False
2024-02-03 01:58:00+01:00,1338.32,18.94,25.05,0.0,68.56,False,0,False,False,0,False
2024-02-03 01:59:00+01:00,1336.93,18.94,25.04,0.0,68.56,False,0,False,False,0,False
2024-02-03 02:00:00+01:00,1335.54,18.94,25.02,0.0,68.56,False,0,False,False,0,False
2024-02-03 02:01:00+01:00,1334.16,18.93,25.01,0.0,68.56,False,0,False,False,0,False
2024-02-03 02:02:00+01:00,1332.78,18.93,25.0,0.0,68.56,False,0,False,False,0,False
2024-02-03 02:03:00+01:00,1331.4,18.93,24.98,0.0,68.56,False,0,False,False,0,False
2024-02-03 02:04:00+01:00,1330.02,18.93,24.97,0.0,68.56,False,0,False,False,0,False
2024-02-03 02:05:00+01:00,1328.64,18.93,24.95,0.0,68.56,False,0,False,False,0,False
2024-02-03 02:06:00+01:00,1327.27,18.92,24.94,0.0,68.56,False,0,False,False,0,False
2024-02-03 02:07:00+01:00,1325.9,18.92,24.93,0.0,68.56,False,0,False,False,0,False
2024-02-03 02:08:00+01:00,1324.53,18.92,24.91,0.0,68.56,False,0,False,False,0,False
2024-02-03 02:09:00+01:00,1323.16,18.92,24.9,0.0,68.56,False,0,False,False,0,False
2024-02-03 02:10:00+01:00,1321.8,18.91,24.88,0.0,68.56,False,0,False,False,0,False
2024-02-03 02:11:00+01:00,1320.43,18.91,24.87,0.0,68.56,False,0,False,False,0,False
2024-02-03 02:12:00+01:00,1319.07,18.91,24.86,0.0,68.56,False,0,False,False,0,False
2024-02-03 02:13:00+01:00,1317.71,18.91,24.84,0.0,68.56,False,0,False,False,0,False
2024-02-03 02:14:00+01:00,1316.36,18.91,24.83,0.0,68.56,False,0,False,False,0,False
2024-02-03 02:15:00+01:00,1315.0,18.9,24.81,0.0,68.56,False,0,False,False,0,False
2024-02-03 02:16:00+01:00,1313.65,18.9,24.8,0.0,68.56,False,0,False,False,0,False
2024-02-03 02:17:00+01:00,1312.3,18.9,24.79,0.0,68.56,False,0,False,False,0,False
2024-02-03 02:18:00+01:00,1310.95,18.9,24.77,0.0,68.56,False,0,False,False,0,False
2024-02-03 02:19:00+01:00,1309.61,18.89,24.76,0.0,68.56,False,0,False,False,0,False
2024-02-03 02:20:00+01:00,1308.26,18.89,24.74,0.0,68.56,False,0,False,False,0,False
2024-02-03 02:21:00+01:00,1306.92,18.89,24.73,0.0,68.56,False,0,False,False,0,False
2024-02-03 02:22:00+01:00,1305.58,18.89,24.72,0.0,68.56,False,0,False,False,0,False
2024-02-03 02:23:00+01:00,1304.25,18.88,24.7,0.0,68.56,False,0,False,False,0,False
2024-02-03 02:24:00+01:00,1302.91,18.88,24.69,0.0,68.56,False,0,False,False,0,False
2024-02-03 02:25:00+01:00,1301.58,18.88,24.68,0.0,68.56,False,0,False,False,0,False
2024-02-03 02:26:00+01:00,1300.25,18.88,24.66,0.0,68.56,False,0,False,False,0,False
2024-02-03 02:27:00+01:00,1298.92,18.88,24.65,0.0,68.56,False,0,False,False,0,False
2024-02-03 02:28:00+01:00,1297.59,18.87,24.63,0.0,68.56,False,0,False,False,0,False
2024-02-03 02:29:00+01:00,1296.27,18.87,24.62,0.0,68.56,False,0,False,False,0,False
2024-02-03 02:30:00+01:00,1294.94,18.87,24.61,0.0,68.56,False,0,False,False,0,False
2024-02-03 02:31:00+01:00,1293.62,18.87,24.59,0.0,68.56,False,0,False,False,0,False
2024-02-03 02:32:00+01:00,1292.3,18.86,24.58,0.0,68.56,False,0,False,False,0,False
2024-02-03 02:33:00+01:00,1290.99,18.86,24.56,0.0,68.56,False,0,False,False,0,False
2024-02-03 02:34:00+01:00,1289.67,18.86,24.55,0.0,68.56,False,0,False,False,0,False
2024-02-03 02:35:00+01:00,1288.36,18.86,24.54,0.0,68.56,False,0,False,False,0,False
2024-02-03 02:36:00+01:00,1287.05,18.85,24.52,0.0,68.56,False,0,False,False,0,False
2024-02-03 02:37:00+01:00,1285.74,18.85,24.51,0.0,68.56,False,0,False,False,0,False
2024-02-03 02:38:00+01:00,1284.44,18.85,24.5,0.0,68.56,False,0,False,False,0,False
2024-02-03 02:39:00+01:00,1283.13,18.85,24.48,0.0,68.56,False,0,False,False,0,False
2024-02-03 02:40:00+01:00,1281.83,18.84,24.47,0.0,68.56,False,0,False,False,0,False
2024-02-03 02:41:00+01:00,1280.53,18.84,24.45,0.0,68.56,False,0,False,False,0,False
2024-02-03 02:42:00+01:00,1279.23,18.84,24.44,0.0,68.56,False,0,False,False,0,False
2024-02-03 02:43:00+01:00,1277.94,18.84,24.43,0.0,68.56,False,0,False,False,0,False
2024-02-03 02:44:00+01:00,1276.64,18.83,24.41,0.0,68.56,False,0,False,False,0,False
2024-02-03 02:45:00+01:00,1275.35,18.83,24.4,0.0,68.56,False,0,False,False,0,False
2024-02-03 02:46:00+01:00,1274.06,18.83,24.38,0.0,68.56,False,0,False,False,0,False
2024-02-03 02:47:00+01:00,1272.77,18.83,24.37,0.0,68.56,False,0,False,False,0,False
2024-02-03 02:48:00+01:00,1271.49,18.82,24.36,0.0,68.56,False,0,False,False,0,False
2024-02-03 02:49:00+01:00,1270.2,18.82,24.34,0.0,68.56,False,0,False,False,0,False
2024-02-03 02:50:00+01:00,1268.92,18.82,24.33,0.0,68.56,False,0,False,False,0,False
2024-02-03 02:51:00+01:00,1267.64,18.82,24.31,0.0,68.56,False,0,False,False,0,False
2024-02-03 02:52:00+01:00,1266.37,18.81,24.3,0.0,68.56,False,0,False,False,0,False
2024-02-03 02:53:00+01:00,1265.09,18.81,24.29,0.0,68.56,False,0,False,False,0,False
2024-02-03 02:54:00+01:00,1263.82,18.81,24.27,0.0,68.56,False,0,False,False,0,False
2024-02-03 02:55:00+01:00,1262.54,18.81,24.26,0.0,68.56,False,0,False,False,0,False
2024-02-03 02:56:00+01:00,1261.27,18.81,24.24,0.0,68.56,False,0,False,False,0,False
2024-02-03 02:57:00+01:00,1260.01,18.8,24.23,0.0,68.56,False,0,False,False,0,False
2024-02-03 02:58:00+01:00,1258.74,18.8,24.21,0.0,68.56,False,0,False,False,0,False
2024-02-03 02:59:00+01:00,1257.48,18.8,24.2,0.0,68.56,False,0,False,False,0,False
2024-02-03 03:00:00+01:00,1256.22,18.8,24.19,0.0,68.56,False,0,False,False,0,False
2024-02-03 03:01:00+01:00,1254.96,18.79,24.17,0.0,68.56,False,0,False,False,0,False
2024-02-03 03:02:00+01:00,1253.7,18.79,24.16,0.0,68.56,False,0,False,False,0,False
2024-02-03 03:03:00+01:00,1252.44,18.79,24.14,0.0,68.56,False,0,False,False,0,False
2024-02-03 03:04:00+01:00,1251.19,18.79,24.13,0.0,68.56,False,0,False,False,0,False
2024-02-03 03:05:00+01:00,1249.94,18.78,24.12,0.0,68.56,False,0,False,False,0,False
2024-02-03 03:06:00+01:00,1248.69,18.78,24.1,0.0,68.56,False,0,False,False,0,False
2024-02-03 03:07:00+01:00,1247.44,18.78,24.09,0.0,68.56,False,0,False,False,0,False
2024-02-03 03:08:00+01:00,1246.19,18.78,24.07,0.0,68.56,False,0,False,False,0,False
2024-02-03 03:09:00+01:00,1244.95,18.77,24.06,0.0,68.56,False,0,False,False,0,False
2024-02-03 03:10:00+01:00,1243.71,18.77,24.04,0.0,68.56,False,0,False,False,0,False
2024-02-03 03:11:00+01:00,1242.47,18.77,24.03,0.0,68.56,False,0,False,False,0,False
2024-02-03 03:12:00+01:00,1241.23,18.77,24.02,0.0,68.56,False,0,False,False,0,False
2024-02-03 03:13:00+01:00,1239.99,18.76,24.0,0.0,68.56,False,0,False,False,0,False
2024-02-03 03:14:00+01:00,1238.76,18.76,23.99,0.0,68.56,False,0,False,False,0,False
2024-02-03 03:15:00+01:00,1237.53,18.76,23.97,0.0,68.56,False,0,False,False,0,False
2024-02-03 03:16:00+01:00,1236.3,18.76,23.96,0.0,68.56,False,0,False,False,0,False
2024-02-03 03:17:00+01:00,1235.07,18.75,23.94,0.0,68.56,False,0,False,False,0,False
2024-02-03 03:18:00+01:00,1233.84,18.75,23.93,0.0,68.56,False,0,False,False,0,False
2024-02-03 03:19:00+01:00,1232.62,18.75,23.92,0.0,68.56,False,0,False,False,0,False
2024-02-03 03:20:00+01:00,1231.4,18.75,23.9,0.0,68.56,False,0,False,False,0,False
2024-02-03 03:21:00+01:00,1230.18,18.74,23.89,0.0,68.56,False,0,False,False,0,False
2024-02-03 03:22:00+01:00,1228.96,18.74,23.87,0.0,68.56,False,0,False,False,0,False
2024-02-03 03:23:00+01:00,1227.74,18.74,23.86,0.0,68.56,False,0,False,False,0,False
2024-02-03 03:24:00+01:00,1226.53,18.74,23.84,0.0,68.56,False,0,False,False,0,False
2024-02-03 03:25:00+01:00,1225.31,18.73,23.83,0.0,68.56,False,0,False,False,0,False
2024-02-03 03:26:00+01:00,1224.1,18.73,23.82,0.0,68.56,False,0,False,False,0,False
2024-02-03 03:27:00+01:00,1222.89,18.73,23.8,0.0,68.56,False,0,False,False,0,False
2024-02-03 03:28:00+01:00,1221.69,18.73,23.79,0.0,68.56,False,0,False,False,0,False
2024-02-03 03:29:00+01:00,1220.48,18.72,23.77,0.0,68.56,False,0,False,False,0,False
2024-02-03 03:30:00+01:00,1219.28,18.72,23.76,0.0,68.56,False,0,False,False,0,False
2024-02-03 03:31:00+01:00,1218.08,18.72,23.74,0.0,68.56,False,0,False,False,0,False
2024-02-03 03:32:00+01:00,1216.88,18.72,23.73,0.0,68.56,False,0,False,False,0,False
2024-02-03 03:33:00+01:00,1215.68,18.71,23.72,0.0,68.56,False,0,False,False,0,False
2024-02-03 03:34:00+01:00,1214.48,18.71,23.7,0.0,68.56,False,0,False,False,0,False
2024-02-03 03:35:00+01:00,1213.29,18.71,23.69,0.0,68.56,False,0,False,False,0,False
2024-02-03 03:36:00+01:00,1212.1,18.71,23.67,0.0,68.56,False,0,False,False,0,False
2024-02-03 03:37:00+01:00,1210.91,18.7,23.66,0.0,68.56,False,0,False,False,0,False
2024-02-03 03:38:00+01:00,1209.72,18.7,23.64,0.0,68.56,False,0,False,False,0,False
2024-02-03 03:39:00+01:00,1208.53,18.7,23.63,0.0,68.56,False,0,False,False,0,False
2024-02-03 03:40:00+01:00,1207.35,18.7,23.61,0.0,68.56,False,0,False,False,0,False
2024-02-03 03:41:00+01:00,1206.17,18.69,23.6,0.0,68.56,False,0,False,False,0,False
2024-02-03 03:42:00+01:00,1204.99,18.69,23.59,0.0,68.56,False,0,False,False,0,False
2024-02-03 03:43:00+01:00,1203.81,18.69,23.57,0.0,68.56,False,0,False,False,0,False
2024-02-03 03:44:00+01:00,1202.63,18.69,23.56,0.0,68.56,False,0,False,False,0,False
2024-02-03 03:45:00+01:00,1201.46,18.68,23.54,0.0,68.56,False,0,False,False,0,False
2024-02-03 03:46:00+01:00,1200.28,18.68,23.53,0.0,68.56,False,0,False,False,0,False
2024-02-03 03:47:00+01:00,1199.11,18.68,23.51,0.0,68.56,False,0,False,False,0,False
2024-02-03 03:48:00+01:00,1197.94,18.68,23.5,0.0,68.56,False,0,False,False,0,False
2024-02-03 03:49:00+01:00,1196.77,18.67,23.48,0.0,68.56,False,0,False,False,0,False
2024-02-03 03:50:00+01:00,1195.61,18.67,23.47,0.0,68.56,False,0,False,False,0,False
2024-02-03 03:51:00+01:00,1194.44,18.67,23.45,0.0,68.56,False,0,False,False,0,False
2024-02-03 03:52:00+01:00,1193.28,18.67,23.44,0.0,68.56,False,0,False,False,0,False
2024-02-03 03:53:00+01:00,1192.12,18.66,23.43,0.0,68.56,False,0,False,False,0,False
2024-02-03 03:54:00+01:00,1190.96,18.66,23.41,0.0,68.56,False,0,False,False,0,False
2024-02-03 03:55:00+01:00,1189.81,18.66,23.4,0.0,68.56,False,0,False,False,0,False
2024-02-03 03:56:00+01:00,1188.65,18.66,23.38,0.0,68.56,False,0,False,False,0,False
2024-02-03 03:57:00+01:00,1187.5,18.65,23.37,0.0,68.56,False,0,False,False,0,False
2024-02-03 03:58:00+01:00,1186.35,18.65,23.35,0.0,68.56,False,0,False,False,0,False
2024-02-03 03:59:00+01:00,1185.2,18.65,23.34,0.0,68.56,False,0,False,False,0,False
2024-02-03 04:00:00+01:00,1184.05,18.65,23.32,0.0,68.56,False,0,False,False,0,False
2024-02-03 04:01:00+01:00,1182.91,18.64,23.31,0.0,68.56,False,0,False,False,0,False
2024-02-03 04:02:00+01:00,1181.76,18.64,23.29,0.0,68.56,False,0,False,False,0,False
2024-02-03 04:03:00+01:00,1180.62,18.64,23.28,0.0,68.56,False,0,False,False,0,False
2024-02-03 04:04:00+01:00,1179.48,18.63,23.27,0.0,68.56,False,0,False,False,0,False
2024-02-03 04:05:00+01:00,1178.34,18.63,23.25,0.0,68.56,False,0,False,False,0,False
2024-02-03 04:06:00+01:00,1177.2,18.63,23.24,0.0,68.56,False,0,False,False,0,False
2024-02-03 04:07:00+01:00,1176.07,18.63,23.22,0.0,68.56,False,0,False,False,0,False
2024-02-03 04:08:00+01:00,1174.94,18.62,23.21,0.0,68.56,False,0,False,False,0,False
2024-02-03 04:09:00+01:00,1173.81,18.62,23.19,0.0,68.56,False,0,False,False,0,False
2024-02-03 04:10:00+01:00,1172.68,18.62,23.18,0.0,68.56,False,0,False,False,0,False
2024-02-03 04:11:00+01:00,1171.55,18.62,23.16,0.0,68.56,False,0,False,False,0,False
2024-02-03 04:12:00+01:00,1170.42,18.61,23.15,0.0,68.56,False,0,False,False,0,False
2024-02-03 04:13:00+01:00,1169.3,18.61,23.13,0.0,68.56,False,0,False,False,0,False
2024-02-03 04:14:00+01:00,1168.18,18.61,23.12,0.0,68.56,False,0,False,False,0,False
2024-02-03 04:15:00+01:00,1167.06,18.61,23.1,0.0,68.56,False,0,False,False,0,False
2024-02-03 04:16:00+01:00,1165.94,18.6,23.09,0.0,68.56,False,0,False,False,0,False
2024-02-03 04:17:00+01:00,1164.82,18.6,23.07,0.0,68.56,False,0,False,False,0,False
2024-02-03 04:18:00+01:00,1163.7,18.6,23.06,0.0,68.56,False,0,False,False,0,False
2024-02-03 04:19:00+01:00,1162.59,18.6,23.04,0.0,68.56,False,0,False,False,0,False
2024-02-03 04:20:00+01:00,1161.48,18.59,23.03,0.0,68.56,False,0,False,False,0,False
2024-02-03 04:21:00+01:00,1160.37,18.59,23.02,0.0,68.56,False,0,False,False,0,False
2024-02-03 04:22:00+01:00,1159.26,18.59,23.0,0.0,68.56,False,0,False,False,0,False
2024-02-03 04:23:00+01:00,1158.15,18.59,22.99,0.0,68.56,False,0,False,False,0,False
2024-02-03 04:24:00+01:00,1157.05,18.58,22.97,0.0,68.56,False,0,False,False,0,False
2024-02-03 04:25:00+01:00,1155.95,18.58,22.96,0.0,68.56,False,0,False,False,0,False
2024-02-03 04:26:00+01:00,1154.85,18.58,22.94,0.0,68.56,False,0,False,False,0,False
2024-02-03 04:27:00+01:00,1153.75,18.58,22.93,0.0,68.56,False,0,False,False,0,False
2024-02-03 04:28:00+01:00,1152.65,18.57,22.91,0.0,68.56,False,0,False,False,0,False
2024-02-03 04:29:00+01:00,1151.55,18.57,22.9,0.0,68.56,False,0,False,False,0,False
2024-02-03 04:30:00+01:00,1150.46,18.57,22.88,0.0,68.56,False,0,False,False,0,False
2024-02-03 04:31:00+01:00,1149.37,18.57,22.87,0.0,68.56,False,0,False,False,0,False
2024-02-03 04:32:00+01:00,1148.28,18.56,22.85,0.0,68.56,False,0,False,False,0,False
2024-02-03 04:33:00+01:00,1147.19,18.56,22.84,0.0,68.56,False,0,False,False,0,False
2024-02-03 04:34:00+01:00,1146.1,18.56,22.82,0.0,68.56,False,0,False,False,0,False
2024-02-03 04:35:00+01:00,1145.01,18.56,22.81,0.0,68.56,False,0,False,False,0,False
2024-02-03 04:36:00+01:00,1143.93,18.55,22.79,0.0,68.56,False,0,False,False,0,False
2024-02-03 04:37:00+01:00,1142.85,18.55,22.78,0.0,68.56,False,0,False,False,0,False
2024-02-03 04:38:00+01:00,1141.77,18.55,22.76,0.0,68.56,False,0,False,False,0,False
2024-02-03 04:39:00+01:00,1140.69,18.54,22.75,0.0,68.56,False,0,False,False,0,False
2024-02-03 04:40:00+01:00,1139.61,18.54,22.73,0.0,68.56,False,0,False,False,0,False
2024-02-03 04:41:00+01:00,1138.54,18.54,22.72,0.0,68.56,False,0,False,False,0,False
2024-02-03 04:42:00+01:00,1137.46,18.54,22.7,0.0,68.56,False,0,False,False,0,False
2024-02-03 04:43:00+01:00,1136.39,18.53,22.69,0.0,68.56,False,0,False,False,0,False
2024-02-03 04:44:00+01:00,1135.32,18.53,22.67,0.0,68.56,False,0,False,False,0,False
2024-02-03 04:45:00+01:00,1134.25,18.53,22.66,0.0,68.56,False,0,False,False,0,False
2024-02-03 04:46:00+01:00,1133.19,18.53,22.65,0.0,68.56,False,0,False,False,0,False
2024-02-03 04:47:00+01:00,1132.12,18.52,22.63,0.0,68.56,False,0,False,False,0,False
2024-02-03 04:48:00+01:00,1131.06,18.52,22.62,0.0,68.56,False,0,False,False,0,False
2024-02-03 04:49:00+01:00,1130.0,18.52,22.6,0.0,68.56,False,0,False,False,0,False
2024-02-03 04:50:00+01:00,1128.94,18.52,22.59,0.0,68.56,False,0,False,False,0,False
2024-02-03 04:51:00+01:00,1127.88,18.51,22.57,0.0,68.56,False,0,False,False,0,False
2024-02-03 04:52:00+01:00,1126.82,18.51,22.56,0.0,68.56,False,0,False,False,0,False
2024-02-03 04:53:00+01:00,1125.77,18.51,22.54,0.0,68.56,False,0,False,False,0,False
2024-02-03 04:54:00+01:00,1124.71,18.51,22.53,0.0,68.56,False,0,False,False,0,False
2024-02-03 04:55:00+01:00,1123.66,18.5,22.51,0.0,68.56,False,0,False,False,0,False
2024-02-03 04:56:00+01:00,1122.61,18.5,22.5,0.0,68.56,False,0,False,False,0,False
2024-02-03 04:57:00+01:00,1121.56,18.5,22.48,0.0,68.56,False,0,False,False,0,False
2024-02-03 04:58:00+01:00,1120.52,18.5,22.47,0.0,68.56,False,0,False,False,0,False
2024-02-03 04:59:00+01:00,1119.47,18.49,22.45,0.0,68.56,False,0,False,False,0,False
2024-02-03 05:00:00+01:00,1118.43,18.49,22.44,0.0,68.56,False,0,False,False,0,False
2024-02-03 05:01:00+01:00,1117.39,18.49,22.42,0.0,68.56,False,0,False,False,0,False
2024-02-03 05:02:00+01:00,1116.35,18.49,22.41,0.0,68.56,False,0,False,False,0,False
2024-02-03 05:03:00+01:00,1115.31,18.48,22.39,0.0,68.56,False,0,False,False,0,False
2024-02-03 05:04:00+01:00,1114.27,18.48,22.38,0.0,68.56,False,0,False,False,0,False
2024-02-03 05:05:00+01:00,1113.24,18.48,22.36,0.0,68.56,False,0,False,False,0,False
2024-02-03 05:06:00+01:00,1112.2,18.48,22.35,0.0,68.56,False,0,False,False,0,False
2024-02-03 05:07:00+01:00,1111.17,18.47,22.33,0.0,68.56,False,0,False,False,0,False
2024-02-03 05:08:00+01:00,1110.14,18.47,22.32,0.0,68.56,False,0,False,False,0,False
2024-02-03 05:09:00+01:00,1109.12,18.47,22.3,0.0,68.56,False,0,False,False,0,False
2024-02-03 05:10:00+01:00,1108.09,18.47,22.28,0.0,68.56,False,0,False,False,0,False
2024-02-03 05:11:00+01:00,1107.07,18.46,22.27,0.0,68.56,False,0,False,False,0,False
2024-02-03 05:12:00+01:00,1106.04,18.46,22.25,0.0,68.56,False,0,False,False,0,False
2024-02-03 05:13:00+01:00,1105.02,18.46,22.24,0.0,68.56,False,0,False,False,0,False
2024-02-03 05:14:00+01:00,1104.0,18.46,22.22,0.0,68.56,False,0,False,False,0,False
2024-02-03 05:15:00+01:00,1102.99,18.46,22.21,0.0,68.56,False,0,False,False,0,False
2024-02-03 05:16:00+01:00,1101.97,18.45,22.19,0.0,68.56,False,0,False,False,0,False
2024-02-03 05:17:00+01:00,1100.96,18.45,22.18,0.0,68.56,False,0,False,False,0,False
2024-02-03 05:18:00+01:00,1099.95,18.45,22.16,0.0,68.56,False,0,False,False,0,False
2024-02-03 05:19:00+01:00,1098.94,18.45,22.15,0.0,68.56,False,0,False,False,0,False
2024-02-03 05:20:00+01:00,1097.93,18.45,22.13,0.0,68.56,False,0,False,False,0,False
2024-02-03 05:21:00+01:00,1096.92,18.44,22.12,0.0,68.56,False,0,False,False,0,False
2024-02-03 05:22:00+01:00,1095.91,18.44,22.1,0.0,68.56,False,0,False,False,0,False
2024-02-03 05:23:00+01:00,1094.91,18.44,22.09,0.0,68.56,False,0,False,False,0,False
2024-02-03 05:24:00+01:00,1093.91,18.44,22.07,0.0,68.56,False,0,False,False,0,False
2024-02-03 05:25:00+01:00,1092.91,18.44,22.06,0.0,68.56,False,0,False,False,0,False
2024-02-03 05:26:00+01:00,1091.91,18.43,22.04,0.0,68.56,False,0,False,False,0,False
2024-02-03 05:27:00+01:00,1090.91,18.43,22.03,0.0,68.56,False,0,False,False,0,False
2024-02-03 05:28:00+01:00,1089.92,18.43,22.01,0.0,68.56,False,0,False,False,0,False
2024-02-03 05:29:00+01:00,1088.92,18.43,22.0,0.0,68.56,False,0,False,False,0,False
2024-02-03 05:30:00+01:00,1087.93,18.43,21.98,0.0,68.56,False,0,False,False,0,False
2024-02-03 05:31:00+01:00,1086.94,18.42,21.97,0.0,68.56,False,0,False,False,0,False
2024-02-03 05:32:00+01:00,1085.95,18.42,21.95,0.0,68.56,False,0,False,False,0,False
2024-02-03 05:33:00+01:00,1084.97,18.42,21.94,0.0,68.56,False,0,False,False,0,False
2024-02-03 05:34:00+01:00,1083.98,18.42,21.92,0.0,68.56,False,0,False,False,0,False
2024-02-03 05:35:00+01:00,1083.0,18.42,21.91,0.0,68.56,False,0,False,False,0,False
2024-02-03 05:36:00+01:00,1082.02,18.41,21.89,0.0,68.56,False,0,False,False,0,False
2024-02-03 05:37:00+01:00,1081.04,18.41,21.88,0.0,68.56,False,0,False,False,0,False
2024-02-03 05:38:00+01:00,1080.06,18.41,21.86,0.0,68.56,False,0,False,False,0,False
2024-02-03 05:39:00+01:00,1079.08,18.41,21.85,0.0,68.56,False,0,False,False,0,False
2024-02-03 05:40:00+01:00,1078.11,18.41,21.83,0.0,68.56,False,0,False,False,0,False
2024-02-03 05:41:00+01:00,1077.13,18.4,21.82,0.0,68.56,False,0,False,False,0,False
2024-02-03 05:42:00+01:00,1076.16,18.4,21.8,0.0,68.56,False,0,False,False,0,False
2024-02-03 05:43:00+01:00,1075.19,18.4,21.79,0.0,68.56,False,0,False,False,0,False
2024-02-03 05:44:00+01:00,1074.22,18.4,21.77,0.0,68.56,False,0,False,False,0,False
2024-02-03 05:45:00+01:00,1073.25,18.4,21.76,0.0,68.56,False,0,False,False,0,False
2024-02-03 05:46:00+01:00,1072.29,18.4,21.74,0.0,68.56,False,0,False,False,0,False
2024-02-03 05:47:00+01:00,1071.32,18.39,21.73,0.0,68.56,False,0,False,False,0,False
2024-02-03 05:48:00+01:00,1070.36,18.39,21.71,0.0,68.56,False,0,False,False,0,False
2024-02-03 05:49:00+01:00,1069.4,18.39,21.7,0.0,68.56,False,0,False,False,0,False
2024-02-03 05:50:00+01:00,1068.44,18.39,21.68,0.0,68.56,False,0,False,False,0,False
2024-02-03 05:51:00+01:00,1067.49,18.39,21.67,0.0,68.56,False,0,False,False,0,False
2024-02-03 05:52:00+01:00,1066.53,18.38,21.65,0.0,68.56,False,0,False,False,0,False
2024-02-03 05:53:00+01:00,1065.58,18.38,21.64,0.0,68.56,False,0,False,False,0,False
2024-02-03 05:54:00+01:00,1064.62,18.38,21.63,0.0,68.56,False,0,False,False,0,False
2024-02-03 05:55:00+01:00,1063.67,18.38,21.61,0.0,68.56,False,0,False,False,0,False
2024-02-03 05:56:00+01:00,1062.72,18.38,21.6,0.0,68.56,False,0,False,False,0,False
2024-02-03 05:57:00+01:00,1061.77,18.38,21.58,0.0,68.56,False,0,False,False,0,False
2024-02-03 05:58:00+01:00,1060.83,18.37,21.57,0.0,68.56,False,0,False,False,0,False
2024-02-03 05:59:00+01:00,1059.88,18.37,21.55,0.0,68.56,False,0,False,False,0,False
2024-02-03 06:00:00+01:00,1058.94,18.37,21.54,0.0,68.56,False,0,False,False,0,False
2024-02-03 06:01:00+01:00,1058.0,18.37,21.52,0.0,68.56,False,0,False,False,0,False
2024-02-03 06:02:00+01:00,1057.06,18.37,21.51,0.0,68.56,False,0,False,False,0,False
2024-02-03 06:03:00+01:00,1056.12,18.36,21.5,0.0,68.56,False,0,False,False,0,False
2024-02-03 06:04:00+01:00,1055.18,18.36,21.48,0.0,68.56,False,0,False,False,0,False
2024-02-03 06:05:00+01:00,1054.25,18.36,21.47,0.0,68.56,False,0,False,False,0,False
2024-02-03 06:06:00+01:00,1053.32,18.36,21.45,0.0,68.56,False,0,False,False,0,False
2024-02-03 06:07:00+01:00,1052.38,18.36,21.44,0.0,68.56,False,0,False,False,0,False
2024-02-03 06:08:00+01:00,1051.45,18.36,21.42,0.0,68.56,False,0,False,False,0,False
2024-02-03 06:09:00+01:00,1050.52,18.35,21.41,0.0,68.56,False,0,False,False,0,False
2024-02-03 06:10:00+01:00,1049.6,18.35,21.4,0.0,68.56,False,0,False,False,0,False
2024-02-03 06:11:00+01:00,1048.67,18.35,21.38,0.0,68.56,False,0,False,False,0,False
2024-02-03 06:12:00+01:00,1047.75,18.35,21.37,0.0,68.56,False,0,False,False,0,False
2024-02-03 06:13:00+01:00,1046.82,18.35,21.35,0.0,68.56,False,0,False,False,0,False
2024-02-03 06:14:00+01:00,1045.9,18.34,21.34,0.0,68.56,False,0,False,False,0,False
2024-02-03 06:15:00+01:00,1044.98,18.34,21.32,0.0,68.56,False,0,False,False,0,False
2024-02-03 06:16:00+01:00,1044.07,18.34,21.31,0.0,68.56,False,0,False,False,0,False
2024-02-03 06:17:00+01:00,1043.15,18.34,21.3,0.0,68.56,False,0,False,False,0,False
2024-02-03 06:18:00+01:00,1042.23,18.34,21.28,0.0,68.56,False,0,False,False,0,False
2024-02-03 06:19:00+01:00,1041.32,18.34,21.27,0.0,68.56,False,0,False,False,0,False
2024-02-03 06:20:00+01:00,1040.41,18.33,21.25,0.0,68.56,False,0,False,False,0,False
2024-02-03 06:21:00+01:00,1039.5,18.33,21.24,0.0,68.56,False,0,False,False,0,False
2024-02-03 06:22:00+01:00,1038.59,18.33,21.23,0.0,68.56,False,0,False,False,0,False
2024-02-03 06:23:00+01:00,1037.68,18.33,21.21,0.0,68.56,False,0,False,False,0,False
2024-02-03 06:24:00+01:00,1036.78,18.33,21.2,0.0,68.56,False,0,False,False,0,False
2024-02-03 06:25:00+01:00,1035.87,18.33,21.18,0.0,68.56,False,0,False,False,0,False
2024-02-03 06:26:00+01:00,1034.97,18.32,21.17,0.0,68.56,False,0,False,False,0,False
2024-02-03 06:27:00+01:00,1034.07,18.32,21.16,0.0,68.56,False,0,False,False,0,False
2024-02-03 06:28:00+01:00,1033.17,18.32,21.14,0.0,68.56,False,0,False,False,0,False
2024-02-03 06:29:00+01:00,1032.27,18.32,21.13,0.0,68.56,False,0,False,False,0,False
2024-02-03 06:30:00+01:00,1031.37,18.32,21.11,0.0,68.56,False,0,False,False,0,False
2024-02-03 06:31:00+01:00,1030.48,18.31,21.1,0.0,68.56,False,0,False,False,0,False
2024-02-03 06:32:00+01:00,1029.59,18.31,21.09,0.0,68.56,False,0,False,False,0,False
2024-02-03 06:33:00+01:00,1028.69,18.31,21.07,0.0,68.56,False,0,False,False,0,False
2024-02-03 06:34:00+01:00,1027.8,18.31,21.06,0.0,68.56,False,0,False,False,0,False
2024-02-03 06:35:00+01:00,1026.91,18.31,21.05,0.0,68.56,False,0,False,False,0,False
2024-02-03 06:36:00+01:00,1026.02,18.31,21.03,0.0,68.56,False,0,False,False,0,False
2024-02-03 06:37:00+01:00,1025.14,18.3,21.02,0.0,68.56,False,0,False,False,0,False
2024-02-03 06:38:00+01:00,1024.25,18.3,21.0,0.0,68.56,False,0,False,False,0,False
2024-02-03 06:39:00+01:00,1023.37,18.3,20.99,0.0,68.56,False,0,False,False,0,False
2024-02-03 06:40:00+01:00,1022.49,18.3,20.98,0.0,68.56,False,0,False,False,0,False
2024-02-03 06:41:00+01:00,1021.61,18.3,20.96,0.0,68.56,False,0,False,False,0,False
2024-02-03 06:42:00+01:00,1020.73,18.3,20.95,0.0,68.56,False,0,False,False,0,False
2024-02-03 06:43:00+01:00,1019.85,18.29,20.94,0.0,68.56,False,0,False,False,0,False
2024-02-03 06:44:00+01:00,1018.98,18.29,20.92,0.0,68.56,False,0,False,False,0,False
2024-02-03 06:45:00+01:00,1018.1,18.29,20.91,0.0,68.56,False,0,False,False,0,False
2024-02-03 06:46:00+01:00,1017.23,18.29,20.9,0.0,68.56,False,0,False,False,0,False
2024-02-03 06:47:00+01:00,1016.36,18.29,20.88,0.0,68.56,False,0,False,False,0,False
2024-02-03 06:48:00+01:00,1015.49,18.29,20.87,0.0,68.56,False,0,False,False,0,False
2024-02-03 06:49:00+01:00,1014.62,18.28,20.86,0.0,68.56,False,0,False,False,0,False
2024-02-03 06:50:00+01:00,1013.75,18.28,20.84,0.0,68.56,False,0,False,False,0,False
2024-02-03 06:51:00+01:00,1012.88,18.28,20.83,0.0,68.56,False,0,False,False,0,False
2024-02-03 06:52:00+01:00,1012.02,18.28,20.82,0.0,68.56,False,0,False,False,0,False
2024-02-03 06:53:00+01:00,1011.16,18.28,20.8,0.0,68.56,False,0,False,False,0,False
2024-02-03 06:54:00+01:00,997.92,17.83,21.13,0.44,68.56,True,1,False,False,1,True
2024-02-03 06:55:00+01:00,978.02,17.18,21.61,0.44,68.56,True,1,True,False,1,True
2024-02-03 06:56:00+01:00,957.27,16.57,22.01,0.44,68.56,True,1,True,False,1,True
2024-02-03 06:57:00+01:00,938.03,16.09,22.26,0.44,68.56,True,1,True,False,1,True
2024-02-03 06:58:00+01:00,920.53,15.73,22.38,0.44,68.56,True,1,True,False,1,True
2024-02-03 06:59:00+01:00,904.41,15.45,22.39,0.44,68.56,True,1,True,False,1,True
2024-02-03 07:00:00+01:00,889.33,15.23,22.34,0.44,68.56,True,1,True,False,1,True
2024-02-03 07:01:00+01:00,884.91,15.62,21.67,0.0,68.56,True,1,True,False,1,True
2024-02-03 07:02:00+01:00,886.13,16.27,20.77,0.0,68.56,True,1,True,False,1,True
2024-02-03 07:03:00+01:00,888.81,16.95,19.92,0.0,68.56,True,1,True,False,1,True
2024-02-03 07:04:00+01:00,891.45,17.55,19.2,0.0,68.56,True,1,True,False,1,True
2024-02-03 07:05:00+01:00,893.86,18.08,18.58,0.0,68.56,True,1,True,False,1,True
2024-02-03 07:06:00+01:00,896.18,18.58,18.03,0.0,68.56,True,1,True,False,1,True
2024-02-03 07:07:00+01:00,898.5,19.05,17.53,0.0,68.56,True,1,True,False,1,True
2024-02-03 07:08:00+01:00,900.88,19.49,17.08,0.0,68.56,True,1,True,False,1,True
2024-02-03 07:09:00+01:00,903.3,19.89,16.69,0.0,68.56,True,1,True,False,1,True
2024-02-03 07:10:00+01:00,905.77,20.24,16.36,0.0,68.56,True,1,True,False,1,True
2024-02-03 07:11:00+01:00,908.29,20.55,16.08,0.0,68.56,True,1,True,False,1,True
2024-02-03 07:12:00+01:00,910.84,20.82,15.84,0.0,68.56,True,1,True,False,1,True
2024-02-03 07:13:00+01:00,913.43,21.0,15.71,0.0,68.56,True,1,True,False,1,True
2024-02-03 07:14:00+01:00,916.05,21.0,15.74,0.0,68.56,True,1,True,False,1,True
2024-02-03 07:15:00+01:00,918.66,21.0,15.78,0.0,68.56,True,1,True,False,1,True
2024-02-03 07:16:00+01:00,921.27,21.0,15.82,0.0,68.56,True,1,True,False,1,True
2024-02-03 07:17:00+01:00,923.87,21.0,15.85,0.0,68.56,True,1,True,False,1,True
2024-02-03 07:18:00+01:00,926.47,21.0,15.89,0.0,68.56,True,1,True,False,1,True
2024-02-03 07:19:00+01:00,929.06,21.0,15.93,0.0,68.56,True,1,True,False,1,True
2024-02-03 07:20:00+01:00,931.66,21.0,15.96,0.0,68.56,True,1,True,False,1,True
2024-02-03 07:21:00+01:00,934.24,21.0,16.0,0.0,68.56,True,1,True,False,1,True
2024-02-03 07:22:00+01:00,936.83,21.0,16.04,0.0,68.56,True,1,True,False,1,True
2024-02-03 07:23:00+01:00,939.41,21.0,16.07,0.0,68.56,True,1,True,False,1,True
2024-02-03 07:24:00+01:00,941.98,21.0,16.11,0.0,68.56,True,1,True,False,1,True
2024-02-03 07:25:00+01:00,944.55,21.0,16.15,0.0,68.56,True,1,True,False,1,True
2024-02-03 07:26:00+01:00,947.12,21.0,16.18,0.0,68.56,True,1,True,False,1,True
2024-02-03 07:27:00+01:00,949.68,21.0,16.22,0.0,68.56,True,1,True,False,1,True
2024-02-03 07:28:00+01:00,952.24,21.0,16.26,0.0,68.56,True,1,True,False,1,True
2024-02-03 07:29:00+01:00,954.8,21.0,16.29,0.0,68.56,True,1,True,False,1,True
2024-02-03 07:30:00+01:00,957.35,21.0,16.33,0.0,68.56,True,1,True,False,1,True
2024-02-03 07:31:00+01:00,959.9,21.0,16.37,0.0,68.56,True,1,True,False,1,True
2024-02-03 07:32:00+01:00,962.44,21.0,16.4,0.0,68.56,True,1,True,False,1,True
2024-02-03 07:33:00+01:00,964.98,21.0,16.44,0.0,68.56,True,1,True,False,1,True
2024-02-03 07:34:00+01:00,967.52,21.0,16.47,0.0,68.56,True,1,True,False,1,True
2024-02-03 07:35:00+01:00,970.05,21.0,16.51,0.0,68.56,True,1,True,False,1,True
2024-02-03 07:36:00+01:00,972.58,21.0,16.55,0.0,68.56,True,1,True,False,1,True
2024-02-03 07:37:00+01:00,975.1,21.0,16.58,0.0,68.56,True,1,True,False,1,True
2024-02-03 07:38:00+01:00,977.62,21.0,16.62,0.0,68.56,True,1,True,False,1,True
2024-02-03 07:39:00+01:00,980.14,21.0,16.65,0.0,68.56,True,1,True,False,1,True
2024-02-03 07:40:00+01:00,982.65,21.0,16.69,0.0,68.56,True,1,True,False,1,True
2024-02-03 07:41:00+01:00,985.16,21.0,16.72,0.0,68.56,True,1,True,False,1,True
2024-02-03 07:42:00+01:00,987.66,21.0,16.76,0.0,68.56,True,1,True,False,1,True
2024-02-03 07:43:00+01:00,990.16,21.0,16.8,0.0,68.56,True,1,True,False,1,True
2024-02-03 07:44:00+01:00,992.66,21.0,16.83,0.0,68.56,True,1,True,False,1,True
2024-02-03 07:45:00+01:00,995.15,21.0,16.87,0.0,68.56,True,1,True,False,1,True
2024-02-03 07:46:00+01:00,997.64,21.0,16.9,0.0,68.56,True,1,True,False,1,True
2024-02-03 07:47:00+01:00,1000.13,21.0,16.94,0.0,68.56,True,1,True,False,1,True
2024-02-03 07:48:00+01:00,1002.61,21.0,16.97,0.0,68.56,True,1,True,False,1,True
2024-02-03 07:49:00+01:00,1005.08,21.0,17.01,0.0,68.56,True,1,True,False,1,True
2024-02-03 07:50:00+01:00,1007.56,21.0,17.04,0.0,68.56,True,1,True,False,1,True
2024-02-03 07:51:00+01:00,1010.03,21.0,17.08,0.0,68.56,True,1,True,False,1,True
2024-02-03 07:52:00+01:00,1010.67,21.0,17.09,0.0,68.56,False,0,True,True,1,True
2024-02-03 07:53:00+01:00,1010.16,21.0,17.08,0.0,68.56,False,0,False,False,1,True
2024-02-03 07:54:00+01:00,1009.25,21.0,17.07,0.0,68.56,False,0,False,False,1,True
2024-02-03 07:55:00+01:00,1008.3,21.0,17.05,0.0,68.56,False,0,False,False,1,True
2024-02-03 07:56:00+01:00,1007.39,21.0,17.04,0.0,68.56,False,0,False,False,1,True
2024-02-03 07:57:00+01:00,1006.53,21.0,17.03,0.0,68.56,False,0,False,False,1,True
2024-02-03 07:58:00+01:00,1005.67,21.0,17.02,0.0,68.56,False,0,False,False,1,True
2024-02-03 07:59:00+01:00,1004.82,21.0,17.0,0.0,68.56,False,0,False,False,1,True
2024-02-03 08:00:00+01:00,1003.98,21.0,16.99,0.0,68.56,False,0,False,False,1,True
2024-02-03 08:01:00+01:00,1003.13,21.0,16.98,0.0,68.56,False,0,False,False,1,True
2024-02-03 08:02:00+01:00,1002.28,21.0,16.97,0.0,68.56,False,0,False,False,1,True
2024-02-03 08:03:00+01:00,1001.43,21.0,16.95,0.0,68.56,False,0,False,False,1,True
2024-02-03 08:04:00+01:00,1000.59,21.0,16.94,0.0,68.56,False,0,False,False,1,True
2024-02-03 08:05:00+01:00,999.75,21.0,16.93,0.0,68.56,False,0,False,False,1,True
2024-02-03 08:06:00+01:00,998.91,21.0,16.92,0.0,68.56,False,0,False,False,1,True
2024-02-03 08:07:00+01:00,998.07,21.0,16.91,0.0,68.56,False,0,False,False,1,True
2024-02-03 08:08:00+01:00,997.23,21.0,16.89,0.0,68.56,False,0,False,False,1,True
2024-02-03 08:09:00+01:00,996.39,21.0,16.88,0.0,68.56,False,0,False,False,1,True
2024-02-03 08:10:00+01:00,995.55,21.0,16.87,0.0,68.56,False,0,False,False,1,True
2024-02-03 08:11:00+01:00,994.72,21.0,16.86,0.0,68.56,False,0,False,False,1,True
2024-02-03 08:12:00+01:00,993.88,21.0,16.85,0.0,68.56,False,0,False,False,1,True
2024-02-03 08:13:00+01:00,993.05,21.0,16.84,0.0,68.56,False,0,False,False,1,True
2024-02-03 08:14:00+01:00,992.22,21.0,16.82,0.0,68.56,False,0,False,False,1,True
2024-02-03 08:15:00+01:00,991.39,21.0,16.81,0.0,68.56,False,0,False,False,1,True
2024-02-03 08:16:00+01:00,990.56,21.0,16.8,0.0,68.56,False,0,False,False,1,True
2024-02-03 08:17:00+01:00,991.56,21.0,16.81,0.0,68.56,True,1,False,False,1,True
2024-02-03 08:18:00+01:00,993.7,21.0,16.85,0.0,68.56,True,1,True,False,1,True
2024-02-03 08:19:00+01:00,996.25,21.0,16.88,0.0,68.56,True,1,True,False,1,True
2024-02-03 08:20:00+01:00,998.84,21.0,16.92,0.0,68.56,True,1,True,False,1,True
2024-02-03 08:21:00+01:00,1001.38,21.0,16.95,0.0,68.56,True,1,True,False,1,True
2024-02-03 08:22:00+01:00,1003.88,21.0,16.99,0.0,68.56,True,1,True,False,1,True
2024-02-03 08:23:00+01:00,1006.36,21.0,17.03,0.0,68.56,True,1,True,False,1,True
2024-02-03 08:24:00+01:00,1008.83,21.0,17.06,0.0,68.56,True,1,True,False,1,True
2024-02-03 08:25:00+01:00,1011.3,21.0,17.1,0.0,68.56,True,1,True,False,1,True
2024-02-03 08:26:00+01:00,1013.77,21.0,17.13,0.0,68.56,True,1,True,False,1,True
2024-02-03 08:27:00+01:00,1016.23,21.0,17.17,0.0,68.56,True,1,True,False,1,True
2024-02-03 08:28:00+01:00,1018.69,21.0,17.2,0.0,68.56,True,1,True,False,1,True
2024-02-03 08:29:00+01:00,1021.15,21.0,17.24,0.0,68.56,True,1,True,False,1,True
2024-02-03 08:30:00+01:00,1023.6,21.0,17.27,0.0,68.56,True,1,True,False,1,True
2024-02-03 08:31:00+01:00,1026.05,21.0,17.31,0.0,68.56,True,1,True,False,1,True
2024-02-03 08:32:00+01:00,1028.49,21.0,17.34,0.0,68.56,True,1,True,False,1,True
2024-02-03 08:33:00+01:00,1030.93,21.0,17.38,0.0,68.56,True,1,True,False,1,True
2024-02-03 08:34:00+01:00,1033.37,21.0,17.41,0.0,68.56,True,1,True,False,1,True
2024-02-03 08:35:00+01:00,1035.8,21.0,17.45,0.0,68.56,True,1,True,False,1,True
2024-02-03 08:36:00+01:00,1038.23,21.0,17.48,0.0,68.56,True,1,True,False,1,True
2024-02-03 08:37:00+01:00,1040.65,21.0,17.52,0.0,68.56,True,1,True,False,1,True
2024-02-03 08:38:00+01:00,1043.07,21.0,17.55,0.0,68.56,True,1,True,False,1,True
2024-02-03 08:39:00+01:00,1045.49,21.0,17.59,0.0,68.56,True,1,True,False,1,True
2024-02-03 08:40:00+01:00,1047.9,21.0,17.62,0.0,68.56,True,1,True,False,1,True
2024-02-03 08:41:00+01:00,1050.31,21.0,17.66,0.0,68.56,True,1,True,False,1,True
2024-02-03 08:42:00+01:00,1052.72,21.0,17.69,0.0,68.56,True,1,True,False,1,True
2024-02-03 08:43:00+01:00,1055.12,21.0,17.72,0.0,68.56,True,1,True,False,1,True
2024-02-03 08:44:00+01:00,1057.51,21.0,17.76,0.0,68.56,True,1,True,False,1,True
2024-02-03 08:45:00+01:00,1059.91,21.0,17.79,0.0,68.56,True,1,True,False,1,True
2024-02-03 08:46:00+01:00,1062.3,21.0,17.83,0.0,68.56,True,1,True,False,1,True
2024-02-03 08:47:00+01:00,1064.68,21.0,17.86,0.0,68.56,True,1,True,False,1,True
2024-02-03 08:48:00+01:00,1067.07,21.0,17.9,0.0,68.56,True,1,True,False,1,True
2024-02-03 08:49:00+01:00,1069.44,21.0,17.93,0.0,68.56,True,1,True,False,1,True
2024-02-03 08:50:00+01:00,1071.82,21.0,17.96,0.0,68.56,True,1,True,False,1,True
2024-02-03 08:51:00+01:00,1074.19,21.0,18.0,0.0,68.56,True,1,True,False,1,True
2024-02-03 08:52:00+01:00,1076.56,21.0,18.03,0.0,68.56,True,1,True,False,1,True
2024-02-03 08:53:00+01:00,1078.92,21.0,18.07,0.0,68.56,True,1,True,False,1,True
2024-02-03 08:54:00+01:00,1081.28,21.0,18.1,0.0,68.56,True,1,True,False,1,True
2024-02-03 08:55:00+01:00,1083.63,21.0,18.13,0.0,68.56,True,1,True,False,1,True
2024-02-03 08:56:00+01:00,1085.98,21.0,18.17,0.0,68.56,True,1,True,False,1,True
2024-02-03 08:57:00+01:00,1088.33,21.0,18.2,0.0,68.56,True,1,True,False,1,True
2024-02-03 08:58:00+01:00,1090.67,21.0,18.24,0.0,68.56,True,1,True,False,1,True
2024-02-03 08:59:00+01:00,1093.01,21.0,18.27,0.0,68.56,True,1,True,False,1,True
2024-02-03 09:00:00+01:00,1095.35,21.0,18.3,0.0,68.56,True,1,True,False,1,True
2024-02-03 09:01:00+01:00,1097.68,21.0,18.34,0.0,68.56,True,1,True,False,1,True
2024-02-03 09:02:00+01:00,1100.01,21.0,18.37,0.0,68.56,True,1,True,False,1,True
2024-02-03 09:03:00+01:00,1102.34,21.0,18.4,0.0,68.56,True,1,True,False,1,True
2024-02-03 09:04:00+01:00,1104.66,21.0,18.44,0.0,68.56,True,1,True,False,1,True
2024-02-03 09:05:00+01:00,1106.98,21.0,18.47,0.0,68.56,True,1,True,False,1,True
2024-02-03 09:06:00+01:00,1109.29,21.0,18.5,0.0,68.56,True,1,True,False,1,True
2024-02-03 09:07:00+01:00,1111.6,21.0,18.54,0.0,68.56,True,1,True,False,1,True
2024-02-03 09:08:00+01:00,1113.91,21.0,18.57,0.0,68.56,True,1,True,False,1,True
2024-02-03 09:09:00+01:00,1116.21,21.0,18.6,0.0,68.56,True,1,True,False,1,True
2024-02-03 09:10:00+01:00,1118.51,21.0,18.64,0.0,68.56,True,1,True,False,1,True
2024-02-03 09:11:00+01:00,1120.8,21.0,18.67,0.0,68.56,True,1,True,False,1,True
2024-02-03 09:12:00+01:00,1123.09,21.0,18.7,0.0,68.56,True,1,True,False,1,True
2024-02-03 09:13:00+01:00,1125.38,21.0,18.74,0.0,68.56,True,1,True,False,1,True
2024-02-03 09:14:00+01:00,1127.66,21.0,18.77,0.0,68.56,True,1,True,False,1,True
2024-02-03 09:15:00+01:00,1129.94,21.0,18.8,0.0,68.56,True,1,True,False,1,True
2024-02-03 09:16:00+01:00,1132.22,21.0,18.84,0.0,68.56,True,1,True,False,1,True
2024-02-03 09:17:00+01:00,1134.49,21.0,18.87,0.0,68.56,True,1,True,False,1,True
2024-02-03 09:18:00+01:00,1136.76,21.0,18.9,0.0,68.56,True,1,True,False,1,True
2024-02-03 09:19:00+01:00,1139.03,21.0,18.93,0.0,68.56,True,1,True,False,1,True
2024-02-03 09:20:00+01:00,1141.29,21.0,18.97,0.0,68.56,True,1,True,False,1,True
2024-02-03 09:21:00+01:00,1143.55,21.0,19.0,0.0,68.56,True,1,True,False,1,True
2024-02-03 09:22:00+01:00,1145.8,21.0,19.03,0.0,68.56,True,1,True,False,1,True
2024-02-03 09:23:00+01:00,1148.05,21.0,19.06,0.0,68.56,True,1,True,False,1,True
2024-02-03 09:24:00+01:00,1150.3,21.0,19.1,0.0,68.56,True,1,True,False,1,True
2024-02-03 09:25:00+01:00,1152.54,21.0,19.13,0.0,68.56,True,1,True,False,1,True
2024-02-03 09:26:00+01:00,1154.78,21.0,19.16,0.0,68.56,True,1,True,False,1,True
2024-02-03 09:27:00+01:00,1157.02,21.0,19.19,0.0,68.56,True,1,True,False,1,True
2024-02-03 09:28:00+01:00,1159.25,21.0,19.23,0.0,68.56,True,1,True,False,1,True
2024-02-03 09:29:00+01:00,1161.48,21.0,19.26,0.0,68.56,True,1,True,False,1,True
2024-02-03 09:30:00+01:00,1163.7,21.0,19.29,0.0,68.56,True,1,True,False,1,True
2024-02-03 09:31:00+01:00,1165.93,21.0,19.32,0.0,68.56,True,1,True,False,1,True
2024-02-03 09:32:00+01:00,1168.14,21.0,19.36,0.0,68.56,True,1,True,False,1,True
2024-02-03 09:33:00+01:00,1170.36,21.0,19.39,0.0,68.56,True,1,True,False,1,True
2024-02-03 09:34:00+01:00,1172.57,21.0,19.42,0.0,68.56,True,1,True,False,1,True
2024-02-03 09:35:00+01:00,1174.78,21.0,19.45,0.0,68.56,True,1,True,False,1,True
2024-02-03 09:36:00+01:00,1176.98,21.0,19.48,0.0,68.56,True,1,True,False,1,True
2024-02-03 09:37:00+01:00,1179.18,21.0,19.51,0.0,68.56,True,1,True,False,1,True
2024-02-03 09:38:00+01:00,1181.38,21.0,19.55,0.0,68.56,True,1,True,False,1,True
2024-02-03 09:39:00+01:00,1183.57,21.0,19.58,0.0,68.56,True,1,True,False,1,True
2024-02-03 09:40:00+01:00,1185.76,21.0,19.61,0.0,68.56,True,1,True,False,1,True
2024-02-03 09:41:00+01:00,1187.94,21.0,19.64,0.0,68.56,True,1,True,False,1,True
2024-02-03 09:42:00+01:00,1190.13,21.0,19.67,0.0,68.56,True,1,True,False,1,True
2024-02-03 09:43:00+01:00,1192.31,21.0,19.71,0.0,68.56,True,1,True,False,1,True
2024-02-03 09:44:00+01:00,1194.48,21.0,19.74,0.0,68.56,True,1,True,False,1,True
2024-02-03 09:45:00+01:00,1196.65,21.0,19.77,0.0,68.56,True,1,True,False,1,True
2024-02-03 09:46:00+01:00,1198.82,21.0,19.8,0.0,68.56,True,1,True,False,1,True
2024-02-03 09:47:00+01:00,1200.98,21.0,19.83,0.0,68.56,True,1,True,False,1,True
2024-02-03 09:48:00+01:00,1203.15,21.0,19.86,0.0,68.56,True,1,True,False,1,True
2024-02-03 09:49:00+01:00,1205.3,21.0,19.89,0.0,68.56,True,1,True,False,1,True
2024-02-03 09:50:00+01:00,1207.46,21.0,19.93,0.0,68.56,True,1,True,False,1,True
2024-02-03 09:51:00+01:00,1209.61,21.0,19.96,0.0,68.56,True,1,True,False,1,True
2024-02-03 09:52:00+01:00,1211.75,21.0,19.99,0.0,68.56,True,1,True,False,1,True
2024-02-03 09:53:00+01:00,1213.9,21.0,20.02,0.0,68.56,True,1,True,False,1,True
2024-02-03 09:54:00+01:00,1216.04,21.0,20.05,0.0,68.56,True,1,True,False,1,True
2024-02-03 09:55:00+01:00,1218.17,21.0,20.08,0.0,68.56,True,1,True,False,1,True
2024-02-03 09:56:00+01:00,1220.31,21.0,20.11,0.0,68.56,True,1,True,False,1,True
2024-02-03 09:57:00+01:00,1222.44,21.0,20.14,0.0,68.56,True,1,True,False,1,True
2024-02-03 09:58:00+01:00,1224.56,21.0,20.17,0.0,68.56,True,1,True,False,1,True
2024-02-03 09:59:00+01:00,1226.68,21.0,20.2,0.0,68.56,True,1,True,False,1,True
2024-02-03 10:00:00+01:00,1228.8,21.0,20.24,0.0,68.56,True,1,True,False,1,True
2024-02-03 10:01:00+01:00,1230.92,21.0,20.27,0.0,68.56,True,1,True,False,1,True
2024-02-03 10:02:00+01:00,1233.03,21.0,20.3,0.0,68.56,True,1,True,False,1,True
2024-02-03 10:03:00+01:00,1235.14,21.0,20.33,0.0,68.56,True,1,True,False,1,True
2024-02-03 10:04:00+01:00,1237.25,21.0,20.36,0.0,68.56,True,1,True,False,1,True
2024-02-03 10:05:00+01:00,1239.35,21.0,20.39,0.0,68.56,True,1,True,False,1,True
2024-02-03 10:06:00+01:00,1241.45,21.0,20.42,0.0,68.56,True,1,True,False,1,True
2024-02-03 10:07:00+01:00,1243.54,21.0,20.45,0.0,68.56,True,1,True,False,1,True
2024-02-03 10:08:00+01:00,1245.63,21.0,20.48,0.0,68.56,True,1,True,False,1,True
2024-02-03 10:09:00+01:00,1247.72,21.0,20.51,0.0,68.56,True,1,True,False,1,True
2024-02-03 10:10:00+01:00,1249.81,21.0,20.54,0.0,68.56,True,1,True,False,1,True
2024-02-03 10:11:00+01:00,1251.89,21.0,20.57,0.0,68.56,True,1,True,False,1,True
2024-02-03 10:12:00+01:00,1253.97,21.0,20.6,0.0,68.56,True,1,True,False,1,True
2024-02-03 10:13:00+01:00,1256.04,21.0,20.63,0.0,68.56,True,1,True,False,1,True
2024-02-03 10:14:00+01:00,1258.11,21.0,20.66,0.0,68.56,True,1,True,False,1,True
2024-02-03 10:15:00+01:00,1260.18,21.0,20.69,0.0,68.56,True,1,True,False,1,True
2024-02-03 10:16:00+01:00,1262.24,21.0,20.72,0.0,68.56,True,1,True,False,1,True
2024-02-03 10:17:00+01:00,1264.31,21.0,20.75,0.0,68.56,True,1,True,False,1,True
2024-02-03 10:18:00+01:00,1266.36,21.0,20.78,0.0,68.56,True,1,True,False,1,True
2024-02-03 10:19:00+01:00,1266.59,21.0,20.79,0.0,68.56,False,0,True,True,1,True
2024-02-03 10:20:00+01:00,1265.67,21.0,20.77,0.0,68.56,False,0,False,False,1,True
2024-02-03 10:21:00+01:00,1264.34,21.0,20.76,0.0,68.56,False,0,False,False,1,True
2024-02-03 10:22:00+01:00,1262.96,21.0,20.74,0.0,68.56,False,0,False,False,1,True
2024-02-03 10:23:00+01:00,1261.63,21.0,20.72,0.0,68.56,False,0,False,False,1,True
2024-02-03 10:24:00+01:00,1260.34,21.0,20.7,0.0,68.56,False,0,False,False,1,True
2024-02-03 10:25:00+01:00,1260.9,21.0,20.71,0.0,68.56,True,1,False,False,1,True
2024-02-03 10:26:00+01:00,1262.61,21.0,20.73,0.0,68.56,True,1,True,False,1,True
2024-02-03 10:27:00+01:00,1264.72,21.0,20.76,0.0,68.56,True,1,True,False,1,True
2024-02-03 10:28:00+01:00,1266.87,21.0,20.8,0.0,68.56,True,1,True,False,1,True
2024-02-03 10:29:00+01:00,1268.98,21.0,20.83,0.0,68.56,True,1,True,False,1,True
2024-02-03 10:30:00+01:00,1271.04,21.0,20.86,0.0,68.56,True,1,True,False,1,True
2024-02-03 10:31:00+01:00,1273.09,21.0,20.89,0.0,68.56,True,1,True,False,1,True
2024-02-03 10:32:00+01:00,1275.13,21.0,20.92,0.0,68.56,True,1,True,False,1,True
2024-02-03 10:33:00+01:00,1277.17,21.0,20.95,0.0,68.56,True,1,True,False,1,True
2024-02-03 10:34:00+01:00,1279.21,21.0,20.98,0.0,68.56,True,1,True,False,1,True
2024-02-03 10:35:00+01:00,1281.24,21.0,21.01,0.0,68.56,True,1,True,False,1,True
2024-02-03 10:36:00+01:00,1283.28,21.0,21.04,0.0,68.56,True,1,True,False,1,True
2024-02-03 10:37:00+01:00,1285.3,21.0,21.07,0.0,68.56,True,1,True,False,1,True
2024-02-03 10:38:00+01:00,1287.33,21.0,21.1,0.0,68.56,True,1,True,False,1,True
2024-02-03 10:39:00+01:00,1289.35,21.0,21.12,0.0,68.56,True,1,True,False,1,True
2024-02-03 10:40:00+01:00,1291.37,21.0,21.15,0.0,68.56,True,1,True,False,1,True
2024-02-03 10:41:00+01:00,1293.38,21.0,21.18,0.0,68.56,True,1,True,False,1,True
2024-02-03 10:42:00+01:00,1295.39,21.0,21.21,0.0,68.56,True,1,True,False,1,True
2024-02-03 10:43:00+01:00,1297.4,21.0,21.24,0.0,68.56,True,1,True,False,1,True
2024-02-03 10:44:00+01:00,1299.4,21.0,21.27,0.0,68.56,True,1,True,False,1,True
2024-02-03 10:45:00+01:00,1301.41,21.0,21.3,0.0,68.56,True,1,True,False,1,True
2024-02-03 10:46:00+01:00,1303.4,21.0,21.33,0.0,68.56,True,1,True,False,1,True
2024-02-03 10:47:00+01:00,1305.4,21.0,21.36,0.0,68.56,True,1,True,False,1,True
2024-02-03 10:48:00+01:00,1307.39,21.0,21.39,0.0,68.56,True,1,True,False,1,True
2024-02-03 10:49:00+01:00,1309.38,21.0,21.42,0.0,68.56,True,1,True,False,1,True
2024-02-03 10:50:00+01:00,1311.36,21.0,21.45,0.0,68.56,True,1,True,False,1,True
2024-02-03 10:51:00+01:00,1313.35,21.0,21.48,0.0,68.56,True,1,True,False,1,True
2024-02-03 10:52:00+01:00,1315.33,21.0,21.5,0.0,68.56,True,1,True,False,1,True
2024-02-03 10:53:00+01:00,1317.3,21.0,21.53,0.0,68.56,True,1,True,False,1,True
2024-02-03 10:54:00+01:00,1319.27,21.0,21.56,0.0,68.56,True,1,True,False,1,True
2024-02-03 10:55:00+01:00,1321.24,21.0,21.59,0.0,68.56,True,1,True,False,1,True
2024-02-03 10:56:00+01:00,1323.21,21.0,21.62,0.0,68.56,True,1,True,False,1,True
2024-02-03 10:57:00+01:00,1325.17,21.0,21.65,0.0,68.56,True,1,True,False,1,True
2024-02-03 10:58:00+01:00,1327.13,21.0,21.68,0.0,68.56,True,1,True,False,1,True
2024-02-03 10:59:00+01:00,1329.09,21.0,21.71,0.0,68.56,True,1,True,False,1,True
2024-02-03 11:00:00+01:00,1329.22,21.0,21.71,0.0,68.56,False,0,True,True,1,True
2024-02-03 11:01:00+01:00,1328.19,21.0,21.7,0.0,68.56,False,0,False,False,1,True
2024-02-03 11:02:00+01:00,1326.75,21.0,21.68,0.0,68.56,False,0,False,False,1,True
2024-02-03 11:03:00+01:00,1325.28,21.0,21.66,0.0,68.56,False,0,False,False,1,True
2024-02-03 11:04:00+01:00,1323.85,21.0,21.64,0.0,68.56,False,0,False,False,1,True
2024-02-03 11:05:00+01:00,1322.45,21.0,21.62,0.0,68.56,False,0,False,False,1,True
2024-02-03 11:06:00+01:00,1321.08,21.0,21.6,0.0,68.56,False,0,False,False,1,True
2024-02-03 11:07:00+01:00,1319.71,21.0,21.58,0.0,68.56,False,0,False,False,1,True
2024-02-03 11:08:00+01:00,1318.34,21.0,21.56,0.0,68.56,False,0,False,False,1,True
2024-02-03 11:09:00+01:00,1316.98,21.0,21.54,0.0,68.56,False,0,False,False,1,True
2024-02-03 11:10:00+01:00,1315.61,21.0,21.52,0.0,68.56,False,0,False,False,1,True
2024-02-03 11:11:00+01:00,1314.25,21.0,21.5,0.0,68.56,False,0,False,False,1,True
2024-02-03 11:12:00+01:00,1312.89,21.0,21.49,0.0,68.56,False,0,False,False,1,True
2024-02-03 11:13:00+01:00,1311.53,21.0,21.47,0.0,68.56,False,0,False,False,1,True
2024-02-03 11:14:00+01:00,1312.0,21.0,21.47,0.0,68.56,True,1,False,False,1,True
2024-02-03 11:15:00+01:00,1313.63,21.0,21.5,0.0,68.56,True,1,True,False,1,True
2024-02-03 11:16:00+01:00,1315.66,21.0,21.53,0.0,68.56,True,1,True,False,1,True
2024-02-03 11:17:00+01:00,1317.73,21.0,21.56,0.0,68.56,True,1,True,False,1,True
2024-02-03 11:18:00+01:00,1319.75,21.0,21.59,0.0,68.56,True,1,True,False,1,True
2024-02-03 11:19:00+01:00,1321.74,21.0,21.62,0.0,68.56,True,1,True,False,1,True
2024-02-03 11:20:00+01:00,1323.71,21.0,21.65,0.0,68.56,True,1,True,False,1,True
2024-02-03 11:21:00+01:00,1325.67,21.0,21.68,0.0,68.56,True,1,True,False,1,True
2024-02-03 11:22:00+01:00,1327.63,21.0,21.7,0.0,68.56,True,1,True,False,1,True
2024-02-03 11:23:00+01:00,1329.59,21.0,21.73,0.0,68.56,True,1,True,False,1,True
2024-02-03 11:24:00+01:00,1331.54,21.0,21.76,0.0,68.56,True,1,True,False,1,True
2024-02-03 11:25:00+01:00,1333.49,21.0,21.79,0.0,68.56,True,1,True,False,1,True
2024-02-03 11:26:00+01:00,1335.44,21.0,21.82,0.0,68.56,True,1,True,False,1,True
2024-02-03 11:27:00+01:00,1337.39,21.0,21.85,0.0,68.56,True,1,True,False,1,True
2024-02-03 11:28:00+01:00,1339.33,21.0,21.88,0.0,68.56,True,1,True,False,1,True
2024-02-03 11:29:00+01:00,1341.27,21.0,21.91,0.0,68.56,True,1,True,False,1,True
2024-02-03 11:30:00+01:00,1343.2,21.0,21.93,0.0,68.56,True,1,True,False,1,True
2024-02-03 11:31:00+01:00,1345.14,21.0,21.96,0.0,68.56,True,1,True,False,1,True
2024-02-03 11:32:00+01:00,1347.07,21.0,21.99,0.0,68.56,True,1,True,False,1,True
2024-02-03 11:33:00+01:00,1348.99,21.0,22.02,0.0,68.56,True,1,True,False,1,True
2024-02-03 11:34:00+01:00,1350.92,21.0,22.05,0.0,68.56,True,1,True,False,1,True
2024-02-03 11:35:00+01:00,1352.84,21.0,22.08,0.0,68.56,True,1,True,False,1,True
2024-02-03 11:36:00+01:00,1354.76,21.0,22.11,0.0,68.56,True,1,True,False,1,True
2024-02-03 11:37:00+01:00,1356.67,21.0,22.13,0.0,68.56,True,1,True,False,1,True
2024-02-03 11:38:00+01:00,1358.58,21.0,22.16,0.0,68.56,True,1,True,False,1,True
2024-02-03 11:39:00+01:00,1360.49,21.0,22.19,0.0,68.56,True,1,True,False,1,True
2024-02-03 11:40:00+01:00,1362.4,21.0,22.22,0.0,68.56,True,1,True,False,1,True
2024-02-03 11:41:00+01:00,1331.69,20.19,22.93,0.81,68.56,True,1,True,False,1,True
2024-02-03 11:42:00+01:00,1285.1,19.01,23.96,0.81,68.56,True,1,True,False,1,True
2024-02-03 11:43:00+01:00,1238.29,17.93,24.87,0.81,68.56,True,1,True,False,1,True
2024-02-03 11:44:00+01:00,1196.59,17.1,25.48,0.81,68.56,True,1,True,False,1,True
2024-02-03 11:45:00+01:00,1159.79,16.49,25.83,0.81,68.56,True,1,True,False,1,True
2024-02-03 11:46:00+01:00,1126.51,16.02,25.98,0.81,68.56,True,1,True,False,1,True
2024-02-03 11:47:00+01:00,1113.49,16.37,25.17,0.0,68.56,False,0,True,True,1,True
2024-02-03 11:48:00+01:00,1111.03,17.09,23.99,0.0,68.56,False,0,False,False,1,True
2024-02-03 11:49:00+01:00,1106.14,17.59,23.15,0.26,68.56,True,1,False,False,1,True
2024-02-03 11:50:00+01:00,1098.21,17.88,22.6,0.26,68.56,True,1,True,False,1,True
2024-02-03 11:51:00+01:00,1089.05,18.06,22.17,0.26,68.56,True,1,True,False,1,True
2024-02-03 11:52:00+01:00,1079.79,18.21,21.81,0.26,68.56,True,1,True,False,1,True
2024-02-03 11:53:00+01:00,1070.77,18.35,21.47,0.26,68.56,True,1,True,False,1,True
2024-02-03 11:54:00+01:00,1062.01,18.47,21.15,0.26,68.56,True,1,True,False,1,True
2024-02-03 11:55:00+01:00,1053.48,18.59,20.86,0.26,68.56,True,1,True,False,1,True
2024-02-03 11:56:00+01:00,1045.13,18.69,20.59,0.26,68.56,True,1,True,False,1,True
2024-02-03 11:57:00+01:00,1036.97,18.78,20.35,0.26,68.56,True,1,True,False,1,True
2024-02-03 11:58:00+01:00,1028.99,18.86,20.11,0.26,68.56,True,1,True,False,1,True
2024-02-03 11:59:00+01:00,1021.19,18.94,19.89,0.26,68.56,True,1,True,False,1,True
2024-02-03 12:00:00+01:00,1013.57,19.01,19.69,0.26,68.56,True,1,True,False,1,True
2024-02-03 12:01:00+01:00,1006.16,19.07,19.49,0.26,68.56,True,1,True,False,1,True
2024-02-03 12:02:00+01:00,998.96,19.13,19.31,0.26,68.56,True,1,True,False,1,True
2024-02-03 12:03:00+01:00,991.98,19.19,19.13,0.26,68.56,True,1,True,False,1,True
2024-02-03 12:04:00+01:00,985.21,19.25,18.95,0.26,68.56,True,1,True,False,1,True
2024-02-03 12:05:00+01:00,978.65,19.31,18.78,0.26,68.56,True,1,True,False,1,True
2024-02-03 12:06:00+01:00,972.29,19.37,18.62,0.26,68.56,True,1,True,False,1,True
2024-02-03 12:07:00+01:00,966.12,19.43,18.46,0.26,68.56,True,1,True,False,1,True
2024-02-03 12:08:00+01:00,964.82,19.75,18.07,0.0,68.56,True,1,True,False,1,True
2024-02-03 12:09:00+01:00,966.46,20.24,17.55,0.0,68.56,True,1,True,False,1,True
2024-02-03 12:10:00+01:00,969.08,20.75,17.04,0.0,68.56,True,1,True,False,1,True
2024-02-03 12:11:00+01:00,971.84,21.0,16.82,0.0,68.56,True,1,True,False,1,True
2024-02-03 12:12:00+01:00,974.51,21.0,16.85,0.0,68.56,True,1,True,False,1,True
2024-02-03 12:13:00+01:00,977.09,21.0,16.89,0.0,68.56,True,1,True,False,1,True
2024-02-03 12:14:00+01:00,979.63,21.0,16.93,0.0,68.56,True,1,True,False,1,True
2024-02-03 12:15:00+01:00,982.15,21.0,16.97,0.0,68.56,True,1,True,False,1,True
2024-02-03 12:16:00+01:00,984.68,21.0,17.0,0.0,68.56,True,1,True,False,1,True
2024-02-03 12:17:00+01:00,987.2,21.0,17.04,0.0,68.56,True,1,True,False,1,True
2024-02-03 12:18:00+01:00,989.72,21.0,17.08,0.0,68.56,True,1,True,False,1,True
2024-02-03 12:19:00+01:00,992.23,21.0,17.12,0.0,68.56,True,1,True,False,1,True
2024-02-03 12:20:00+01:00,994.74,21.0,17.15,0.0,68.56,True,1,True,False,1,True
2024-02-03 12:21:00+01:00,997.25,21.0,17.19,0.0,68.56,True,1,True,False,1,True
2024-02-03 12:22:00+01:00,999.75,21.0,17.23,0.0,68.56,True,1,True,False,1,True
2024-02-03 12:23:00+01:00,1002.25,21.0,17.26,0.0,68.56,True,1,True,False,1,True
2024-02-03 12:24:00+01:00,1004.75,21.0,17.3,0.0,68.56,True,1,True,False,1,True
2024-02-03 12:25:00+01:00,1007.24,21.0,17.34,0.0,68.56,True,1,True,False,1,True
2024-02-03 12:26:00+01:00,1009.73,21.0,17.37,0.0,68.56,True,1,True,False,1,True
2024-02-03 12:27:00+01:00,1012.21,21.0,17.41,0.0,68.56,True,1,True,False,1,True
2024-02-03 12:28:00+01:00,1014.69,21.0,17.45,0.0,68.56,True,1,True,False,1,True
2024-02-03 12:29:00+01:00,1018.99,21.0,17.51,0.0,68.56,True,2,True,False,2,True
2024-02-03 12:30:00+01:00,1024.45,21.0,17.59,0.0,68.56,True,2,True,False,2,True
2024-02-03 12:31:00+01:00,1030.31,21.0,17.67,0.0,68.56,True,2,True,False,2,True
2024-02-03 12:32:00+01:00,1036.21,21.0,17.76,0.0,68.56,True,2,True,False,2,True
2024-02-03 12:33:00+01:00,1042.05,21.0,17.84,0.0,68.56,True,2,True,False,2,True
2024-02-03 12:34:00+01:00,1047.84,21.0,17.93,0.0,68.56,True,2,True,False,2,True
2024-02-03 12:35:00+01:00,1053.61,21.0,18.01,0.0,68.56,True,2,True,False,2,True
2024-02-03 12:36:00+01:00,1059.37,21.0,18.1,0.0,68.56,True,2,True,False,2,True
2024-02-03 12:37:00+01:00,1065.12,21.0,18.18,0.0,68.56,True,2,True,False,2,True
2024-02-03 12:38:00+01:00,1070.87,21.0,18.26,0.0,68.56,True,2,True,False,2,True
2024-02-03 12:39:00+01:00,1076.6,21.0,18.35,0.0,68.56,True,2,True,False,2,True
2024-02-03 12:40:00+01:00,1082.32,21.0,18.43,0.0,68.56,True,2,True,False,2,True
2024-02-03 12:41:00+01:00,1088.04,21.0,18.51,0.0,68.56,True,2,True,False,2,True
2024-02-03 12:42:00+01:00,1093.75,21.0,18.59,0.0,68.56,True,2,True,False,2,True
2024-02-03 12:43:00+01:00,1099.44,21.0,18.68,0.0,68.56,True,2,True,False,2,True
2024-02-03 12:44:00+01:00,1105.13,21.0,18.76,0.0,68.56,True,2,True,False,2,True
2024-02-03 12:45:00+01:00,1110.81,21.0,18.84,0.0,68.56,True,2,True,False,2,True
2024-02-03 12:46:00+01:00,1116.48,21.0,18.92,0.0,68.56,True,2,True,False,2,True
2024-02-03 12:47:00+01:00,1122.14,21.0,19.01,0.0,68.56,True,2,True,False,2,True
2024-02-03 12:48:00+01:00,1127.79,21.0,19.09,0.0,68.56,True,2,True,False,2,True
2024-02-03 12:49:00+01:00,1133.43,21.0,19.17,0.0,68.56,True,2,True,False,2,True
2024-02-03 12:50:00+01:00,1139.07,21.0,19.25,0.0,68.56,True,2,True,False,2,True
2024-02-03 12:51:00+01:00,1144.69,21.0,19.33,0.0,68.56,True,2,True,False,2,True
2024-02-03 12:52:00+01:00,1150.31,21.0,19.41,0.0,68.56,True,2,True,False,2,True
2024-02-03 12:53:00+01:00,1155.91,21.0,19.5,0.0,68.56,True,2,True,False,2,True
2024-02-03 12:54:00+01:00,1161.51,21.0,19.58,0.0,68.56,True,2,True,False,2,True
2024-02-03 12:55:00+01:00,1167.1,21.0,19.66,0.0,68.56,True,2,True,False,2,True
2024-02-03 12:56:00+01:00,1172.68,21.0,19.74,0.0,68.56,True,2,True,False,2,True
2024-02-03 12:57:00+01:00,1178.25,21.0,19.82,0.0,68.56,True,2,True,False,2,True
2024-02-03 12:58:00+01:00,1183.81,21.0,19.9,0.0,68.56,True,2,True,False,2,True
2024-02-03 12:59:00+01:00,1189.36,21.0,19.98,0.0,68.56,True,2,True,False,2,True
2024-02-03 13:00:00+01:00,1194.9,21.0,20.06,0.0,68.56,True,2,True,False,2,True
2024-02-03 13:01:00+01:00,1200.44,21.0,20.14,0.0,68.56,True,2,True,False,2,True
2024-02-03 13:02:00+01:00,1205.96,21.0,20.22,0.0,68.56,True,2,True,False,2,True
2024-02-03 13:03:00+01:00,1209.65,21.0,20.28,0.0,68.56,True,1,True,False,1,True
2024-02-03 13:04:00+01:00,1212.17,21.0,20.31,0.0,68.56,True,1,True,False,1,True
2024-02-03 13:05:00+01:00,1214.28,21.0,20.35,0.0,68.56,True,1,True,False,1,True
2024-02-03 13:06:00+01:00,1216.33,21.0,20.38,0.0,68.56,True,1,True,False,1,True
2024-02-03 13:07:00+01:00,1220.26,21.0,20.43,0.0,68.56,True,2,True,False,2,True
2024-02-03 13:08:00+01:00,1225.38,21.0,20.51,0.0,68.56,True,2,True,False,2,True
2024-02-03 13:09:00+01:00,1230.91,21.0,20.59,0.0,68.56,True,2,True,False,2,True
2024-02-03 13:10:00+01:00,1236.48,21.0,20.67,0.0,68.56,True,2,True,False,2,True
2024-02-03 13:11:00+01:00,1242.01,21.0,20.75,0.0,68.56,True,2,True,False,2,True
2024-02-03 13:12:00+01:00,1247.48,21.0,20.83,0.0,68.56,True,2,True,False,2,True
2024-02-03 13:13:00+01:00,1252.93,21.0,20.91,0.0,68.56,True,2,True,False,2,True
2024-02-03 13:14:00+01:00,1258.37,21.0,20.99,0.0,68.56,True,2,True,False,2,True
2024-02-03 13:15:00+01:00,1263.8,21.0,21.07,0.0,68.56,True,2,True,False,2,True
2024-02-03 13:16:00+01:00,1269.22,21.0,21.15,0.0,68.56,True,2,True,False,2,True
2024-02-03 13:17:00+01:00,1274.64,21.0,21.23,0.0,68.56,True,2,True,False,2,True
2024-02-03 13:18:00+01:00,1280.04,21.0,21.3,0.0,68.56,True,2,True,False,2,True
2024-02-03 13:19:00+01:00,1285.44,21.0,21.38,0.0,68.56,True,2,True,False,2,True
2024-02-03 13:20:00+01:00,1290.83,21.0,21.46,0.0,68.56,True,2,True,False,2,True
2024-02-03 13:21:00+01:00,1296.21,21.0,21.54,0.0,68.56,True,2,True,False,2,True
2024-02-03 13:22:00+01:00,1301.58,21.0,21.62,0.0,68.56,True,2,True,False,2,True
2024-02-03 13:23:00+01:00,1306.94,21.0,21.7,0.0,68.56,True,2,True,False,2,True
2024-02-03 13:24:00+01:00,1310.47,21.0,21.75,0.0,68.56,True,1,True,False,1,True
2024-02-03 13:25:00+01:00,1312.82,21.0,21.78,0.0,68.56,True,1,True,False,1,True
2024-02-03 13:26:00+01:00,1314.77,21.0,21.81,0.0,68.56,True,1,True,False,1,True
2024-02-03 13:27:00+01:00,1316.66,21.0,21.84,0.0,68.56,True,1,True,False,1,True
2024-02-03 13:28:00+01:00,1318.59,21.0,21.87,0.0,68.56,True,1,True,False,1,True
2024-02-03 13:29:00+01:00,1320.56,21.0,21.9,0.0,68.56,True,1,True,False,1,True
2024-02-03 13:30:00+01:00,1322.54,21.0,21.93,0.0,68.56,True,1,True,False,1,True
2024-02-03 13:31:00+01:00,1326.35,21.0,21.99,0.0,68.56,True,2,True,False,2,True
2024-02-03 13:32:00+01:00,1331.31,21.0,22.06,0.0,68.56,True,2,True,False,2,True
2024-02-03 13:33:00+01:00,1336.68,21.0,22.14,0.0,68.56,True,2,True,False,2,True
2024-02-03 13:34:00+01:00,1342.08,21.0,22.22,0.0,68.56,True,2,True,False,2,True
2024-02-03 13:35:00+01:00,1347.43,21.0,22.3,0.0,68.56,True,2,True,False,2,True
2024-02-03 13:36:00+01:00,1352.74,21.0,22.37,0.0,68.56,True,2,True,False,2,True
2024-02-03 13:37:00+01:00,1358.02,21.0,22.45,0.0,68.56,True,2,True,False,2,True
2024-02-03 13:38:00+01:00,1363.29,21.0,22.53,0.0,68.56,True,2,True,False,2,True
2024-02-03 13:39:00+01:00,1368.55,21.0,22.6,0.0,68.56,True,2,True,False,2,True
2024-02-03 13:40:00+01:00,1373.8,21.0,22.68,0.0,68.56,True,2,True,False,2,True
2024-02-03 13:41:00+01:00,1379.05,21.0,22.76,0.0,68.56,True,2,True,False,2,True
2024-02-03 13:42:00+01:00,1384.29,21.0,22.83,0.0,68.56,True,2,True,False,2,True
2024-02-03 13:43:00+01:00,1389.52,21.0,22.91,0.0,68.56,True,2,True,False,2,True
2024-02-03 13:44:00+01:00,1394.74,21.0,22.99,0.0,68.56,True,2,True,False,2,True
2024-02-03 13:45:00+01:00,1399.95,21.0,23.06,0.0,68.56,True,2,True,False,2,True
2024-02-03 13:46:00+01:00,1405.15,21.0,23.14,0.0,68.56,True,2,True,False,2,True
2024-02-03 13:47:00+01:00,1410.35,21.0,23.21,0.0,68.56,True,2,True,False,2,True
2024-02-03 13:48:00+01:00,1415.54,21.0,23.29,0.0,68.56,True,2,True,False,2,True
2024-02-03 13:49:00+01:00,1420.71,21.0,23.37,0.0,68.56,True,2,True,False,2,True
2024-02-03 13:50:00+01:00,1425.88,21.0,23.44,0.0,68.56,True,2,True,False,2,True
2024-02-03 13:51:00+01:00,1431.05,21.0,23.52,0.0,68.56,True,2,True,False,2,True
2024-02-03 13:52:00+01:00,1436.2,21.0,23.59,0.0,68.56,True,2,True,False,2,True
2024-02-03 13:53:00+01:00,1441.35,21.0,23.67,0.0,68.56,True,2,True,False,2,True
2024-02-03 13:54:00+01:00,1446.48,21.0,23.74,0.0,68.56,True,2,True,False,2,True
2024-02-03 13:55:00+01:00,1449.78,21.0,23.79,0.0,68.56,True,1,True,False,1,True
2024-02-03 13:56:00+01:00,1451.91,21.0,23.83,0.0,68.56,True,1,True,False,1,True
2024-02-03 13:57:00+01:00,1453.63,21.0,23.85,0.0,68.56,True,1,True,False,1,True
2024-02-03 13:58:00+01:00,1455.3,21.0,23.88,0.0,68.56,True,1,True,False,1,True
2024-02-03 13:59:00+01:00,1457.01,21.0,23.9,0.0,68.56,True,1,True,False,1,True
2024-02-03 14:00:00+01:00,1458.75,21.0,23.93,0.0,68.56,True,1,True,False,1,True
2024-02-03 14:01:00+01:00,1460.51,21.0,23.96,0.0,68.56,True,1,True,False,1,True
2024-02-03 14:02:00+01:00,1462.26,21.0,23.99,0.0,68.56,True,1,True,False,1,True
2024-02-03 14:03:00+01:00,1464.01,21.0,24.01,0.0,68.56,True,1,True,False,1,True
2024-02-03 14:04:00+01:00,1465.76,21.0,24.04,0.0,68.56,True,1,True,False,1,True
2024-02-03 14:05:00+01:00,1467.51,21.0,24.07,0.0,68.56,True,1,True,False,1,True
2024-02-03 14:06:00+01:00,1469.25,21.0,24.09,0.0,68.56,True,1,True,False,1,True
2024-02-03 14:07:00+01:00,1470.99,21.0,24.12,0.0,68.56,True,1,True,False,1,True
2024-02-03 14:08:00+01:00,1472.72,21.0,24.15,0.0,68.56,True,1,True,False,1,True
2024-02-03 14:09:00+01:00,1474.45,21.0,24.17,0.0,68.56,True,1,True,False,1,True
2024-02-03 14:10:00+01:00,1476.18,21.0,24.2,0.0,68.56,True,1,True,False,1,True
2024-02-03 14:11:00+01:00,1477.91,21.0,24.23,0.0,68.56,True,1,True,False,1,True
2024-02-03 14:12:00+01:00,1479.64,21.0,24.26,0.0,68.56,True,1,True,False,1,True
2024-02-03 14:13:00+01:00,1481.36,21.0,24.28,0.0,68.56,True,1,True,False,1,True
2024-02-03 14:14:00+01:00,1483.08,21.0,24.31,0.0,68.56,True,1,True,False,1,True
2024-02-03 14:15:00+01:00,1484.79,21.0,24.33,0.0,68.56,True,1,True,False,1,True
2024-02-03 14:16:00+01:00,1478.52,21.0,24.26,0.47,68.56,True,1,True,False,1,True
2024-02-03 14:17:00+01:00,1467.19,21.0,24.11,0.47,68.56,True,1,True,False,1,True
2024-02-03 14:18:00+01:00,1454.1,21.0,23.95,0.47,68.56,True,1,True,False,1,True
2024-02-03 14:19:00+01:00,1440.81,21.0,23.78,0.47,68.56,True,1,True,False,1,True
2024-02-03 14:20:00+01:00,1427.73,21.0,23.61,0.47,68.56,True,1,True,False,1,True
2024-02-03 14:21:00+01:00,1414.81,21.0,23.45,0.47,68.56,True,1,True,False,1,True
2024-02-03 14:22:00+01:00,1401.97,21.0,23.29,0.47,68.56,True,1,True,False,1,True
2024-02-03 14:23:00+01:00,1389.16,21.0,23.12,0.47,68.56,True,1,True,False,1,True
2024-02-03 14:24:00+01:00,1376.38,21.0,22.96,0.47,68.56,True,1,True,False,1,True
2024-02-03 14:25:00+01:00,1363.62,21.0,22.8,0.47,68.56,True,1,True,False,1,True
2024-02-03 14:26:00+01:00,1350.9,21.0,22.64,0.47,68.56,True,1,True,False,1,True
2024-02-03 14:27:00+01:00,1338.22,21.0,22.47,0.47,68.56,True,1,True,False,1,True
2024-02-03 14:28:00+01:00,1333.54,21.0,22.42,0.0,68.56,True,1,True,False,1,True
2024-02-03 14:29:00+01:00,1333.94,21.0,22.43,0.0,68.56,True,1,True,False,1,True
2024-02-03 14:30:00+01:00,1336.11,21.0,22.46,0.0,68.56,True,1,True,False,1,True
2024-02-03 14:31:00+01:00,1338.49,21.0,22.49,0.0,68.56,True,1,True,False,1,True
2024-02-03 14:32:00+01:00,1340.67,21.0,22.53,0.0,68.56,True,1,True,False,1,True
2024-02-03 14:33:00+01:00,1342.69,21.0,22.56,0.0,68.56,True,1,True,False,1,True
2024-02-03 14:34:00+01:00,1344.63,21.0,22.59,0.0,68.56,True,1,True,False,1,True
2024-02-03 14:35:00+01:00,1346.56,21.0,22.61,0.0,68.56,True,1,True,False,1,True
2024-02-03 14:36:00+01:00,1348.5,21.0,22.64,0.0,68.56,True,1,True,False,1,True
2024-02-03 14:37:00+01:00,1350.43,21.0,22.67,0.0,68.56,True,1,True,False,1,True
2024-02-03 14:38:00+01:00,1352.36,21.0,22.7,0.0,68.56,True,1,True,False,1,True
2024-02-03 14:39:00+01:00,1354.29,21.0,22.73,0.0,68.56,True,1,True,False,1,True
2024-02-03 14:40:00+01:00,1356.22,21.0,22.76,0.0,68.56,True,1,True,False,1,True
2024-02-03 14:41:00+01:00,1358.14,21.0,22.79,0.0,68.56,True,1,True,False,1,True
2024-02-03 14:42:00+01:00,1360.06,21.0,22.82,0.0,68.56,True,1,True,False,1,True
2024-02-03 14:43:00+01:00,1361.98,21.0,22.85,0.0,68.56,True,1,True,False,1,True
2024-02-03 14:44:00+01:00,1363.89,21.0,22.88,0.0,68.56,True,1,True,False,1,True
2024-02-03 14:45:00+01:00,1365.8,21.0,22.9,0.0,68.56,True,1,True,False,1,True
2024-02-03 14:46:00+01:00,1367.71,21.0,22.93,0.0,68.56,True,1,True,False,1,True
2024-02-03 14:47:00+01:00,1367.78,21.0,22.94,0.0,68.56,False,0,True,True,1,True
2024-02-03 14:48:00+01:00,1366.7,21.0,22.92,0.0,68.56,False,0,False,False,1,True
2024-02-03 14:49:00+01:00,1365.22,21.0,22.9,0.0,68.56,False,0,False,False,1,True
2024-02-03 14:50:00+01:00,1363.68,21.0,22.88,0.0,68.56,False,0,False,False,1,True
2024-02-03 14:51:00+01:00,1362.2,21.0,22.86,0.0,68.56,False,0,False,False,1,True
2024-02-03 14:52:00+01:00,1360.75,21.0,22.84,0.0,68.56,False,0,False,False,1,True
2024-02-03 14:53:00+01:00,1359.32,21.0,22.82,0.0,68.56,False,0,False,False,1,True
2024-02-03 14:54:00+01:00,1357.9,21.0,22.81,0.0,68.56,False,0,False,False,1,True
2024-02-03 14:55:00+01:00,1356.48,21.0,22.79,0.0,68.56,False,0,False,False,1,True
2024-02-03 14:56:00+01:00,1355.06,21.0,22.77,0.0,68.56,False,0,False,False,1,True
2024-02-03 14:57:00+01:00,1353.64,21.0,22.75,0.0,68.56,False,0,False,False,1,True
2024-02-03 14:58:00+01:00,1352.22,21.0,22.73,0.0,68.56,False,0,False,False,1,True
2024-02-03 14:59:00+01:00,1350.81,21.0,22.71,0.0,68.56,False,0,False,False,1,True
2024-02-03 15:00:00+01:00,1349.39,21.0,22.69,0.0,68.56,False,0,False,False,1,True
2024-02-03 15:01:00+01:00,1347.98,21.0,22.67,0.0,68.56,False,0,False,False,1,True
2024-02-03 15:02:00+01:00,1346.58,21.0,22.66,0.0,68.56,False,0,False,False,1,True
2024-02-03 15:03:00+01:00,1345.17,21.0,22.64,0.0,68.56,False,0,False,False,1,True
2024-02-03 15:04:00+01:00,1343.77,21.0,22.62,0.0,68.56,False,0,False,False,1,True
2024-02-03 15:05:00+01:00,1342.37,21.0,22.6,0.0,68.56,False,0,False,False,1,True
2024-02-03 15:06:00+01:00,1340.97,21.0,22.58,0.0,68.56,False,0,False,False,1,True
2024-02-03 15:07:00+01:00,1339.57,21.0,22.56,0.0,68.56,False,0,False,False,1,True
2024-02-03 15:08:00+01:00,1338.18,21.0,22.55,0.0,68.56,False,0,False,False,1,True
2024-02-03 15:09:00+01:00,1336.79,21.0,22.53,0.0,68.56,False,0,False,False,1,True
2024-02-03 15:10:00+01:00,1335.4,21.0,22.51,0.0,68.56,False,0,False,False,1,True
2024-02-03 15:11:00+01:00,1334.01,21.0,22.49,0.0,68.56,False,0,False,False,1,True
2024-02-03 15:12:00+01:00,1332.63,21.0,22.47,0.0,68.56,False,0,False,False,1,True
2024-02-03 15:13:00+01:00,1333.07,21.0,22.48,0.0,68.56,True,1,False,False,1,True
2024-02-03 15:14:00+01:00,1334.67,21.0,22.5,0.0,68.56,True,1,True,False,1,True
2024-02-03 15:15:00+01:00,1336.68,21.0,22.53,0.0,68.56,True,1,True,False,1,True
2024-02-03 15:16:00+01:00,1338.73,21.0,22.56,0.0,68.56,True,1,True,False,1,True
2024-02-03 15:17:00+01:00,1340.73,21.0,22.59,0.0,68.56,True,1,True,False,1,True
2024-02-03 15:18:00+01:00,1342.69,21.0,22.62,0.0,68.56,True,1,True,False,1,True
2024-02-03 15:19:00+01:00,1344.64,21.0,22.65,0.0,68.56,True,1,True,False,1,True
2024-02-03 15:20:00+01:00,1346.57,21.0,22.68,0.0,68.56,True,1,True,False,1,True
2024-02-03 15:21:00+01:00,1346.68,21.0,22.68,0.0,68.56,False,0,True,True,1,True
2024-02-03 15:22:00+01:00,1345.63,21.0,22.67,0.0,68.56,False,0,False,False,1,True
2024-02-03 15:23:00+01:00,1344.18,21.0,22.65,0.0,68.56,False,0,False,False,1,True
2024-02-03 15:24:00+01:00,1342.68,21.0,22.63,0.0,68.56,False,0,False,False,1,True
2024-02-03 15:25:00+01:00,1341.23,21.0,22.61,0.0,68.56,False,0,False,False,1,True
2024-02-03 15:26:00+01:00,1339.82,21.0,22.59,0.0,68.56,False,0,False,False,1,True
2024-02-03 15:27:00+01:00,1338.42,21.0,22.57,0.0,68.56,False,0,False,False,1,True
2024-02-03 15:28:00+01:00,1337.03,21.0,22.56,0.0,68.56,False,0,False,False,1,True
2024-02-03 15:29:00+01:00,1335.65,21.0,22.54,0.0,68.56,False,0,False,False,1,True
2024-02-03 15:30:00+01:00,1334.26,21.0,22.52,0.0,68.56,False,0,False,False,1,True
2024-02-03 15:31:00+01:00,1332.87,21.0,22.5,0.0,68.56,False,0,False,False,1,True
2024-02-03 15:32:00+01:00,1331.49,21.0,22.48,0.0,68.56,False,0,False,False,1,True
2024-02-03 15:33:00+01:00,1330.11,21.0,22.46,0.0,68.56,False,0,False,False,1,True
2024-02-03 15:34:00+01:00,1328.73,21.0,22.45,0.0,68.56,False,0,False,False,1,True
2024-02-03 15:35:00+01:00,1327.35,21.0,22.43,0.0,68.56,False,0,False,False,1,True
2024-02-03 15:36:00+01:00,1325.98,21.0,22.41,0.0,68.56,False,0,False,False,1,True
2024-02-03 15:37:00+01:00,1324.61,21.0,22.39,0.0,68.56,False,0,False,False,1,True
2024-02-03 15:38:00+01:00,1323.24,21.0,22.37,0.0,68.56,False,0,False,False,1,True
2024-02-03 15:39:00+01:00,1321.87,21.0,22.35,0.0,68.56,False,0,False,False,1,True
2024-02-03 15:40:00+01:00,1322.33,21.0,22.36,0.0,68.56,True,1,False,False,1,True
2024-02-03 15:41:00+01:00,1323.95,21.0,22.39,0.0,68.56,True,1,True,False,1,True
2024-02-03 15:42:00+01:00,1325.97,21.0,22.42,0.0,68.56,True,1,True,False,1,True
2024-02-03 15:43:00+01:00,1328.04,21.0,22.45,0.0,68.56,True,1,True,False,1,True
2024-02-03 15:44:00+01:00,1330.05,21.0,22.48,0.0,68.56,True,1,True,False,1,True
2024-02-03 15:45:00+01:00,1332.03,21.0,22.51,0.0,68.56,True,1,True,False,1,True
2024-02-03 15:46:00+01:00,1333.99,21.0,22.53,0.0,68.56,True,1,True,False,1,True
2024-02-03 15:47:00+01:00,1335.95,21.0,22.56,0.0,68.56,True,1,True,False,1,True
2024-02-03 15:48:00+01:00,1337.9,21.0,22.59,0.0,68.56,True,1,True,False,1,True
2024-02-03 15:49:00+01:00,1339.85,21.0,22.62,0.0,68.56,True,1,True,False,1,True
2024-02-03 15:50:00+01:00,1341.8,21.0,22.65,0.0,68.56,True,1,True,False,1,True
2024-02-03 15:51:00+01:00,1343.74,21.0,22.68,0.0,68.56,True,1,True,False,1,True
2024-02-03 15:52:00+01:00,1345.68,21.0,22.71,0.0,68.56,True,1,True,False,1,True
2024-02-03 15:53:00+01:00,1347.62,21.0,22.74,0.0,68.56,True,1,True,False,1,True
2024-02-03 15:54:00+01:00,1349.55,21.0,22.77,0.0,68.56,True,1,True,False,1,True
2024-02-03 15:55:00+01:00,1351.48,21.0,22.79,0.0,68.56,True,1,True,False,1,True
2024-02-03 15:56:00+01:00,1351.59,21.0,22.8,0.0,68.56,False,0,True,True,1,True
2024-02-03 15:57:00+01:00,1350.53,21.0,22.78,0.0,68.56,False,0,False,False,1,True
2024-02-03 15:58:00+01:00,1349.07,21.0,22.76,0.0,68.56,False,0,False,False,1,True
2024-02-03 15:59:00+01:00,1347.56,21.0,22.74,0.0,68.56,False,0,False,False,1,True
2024-02-03 16:00:00+01:00,1346.1,21.0,22.72,0.0,68.56,False,0,False,False,1,True
2024-02-03 16:01:00+01:00,1344.68,21.0,22.7,0.0,68.56,False,0,False,False,1,True
2024-02-03 16:02:00+01:00,1343.27,21.0,22.68,0.0,68.56,False,0,False,False,1,True
2024-02-03 16:03:00+01:00,1341.88,21.0,22.67,0.0,68.56,False,0,False,False,1,True
2024-02-03 16:04:00+01:00,1340.48,21.0,22.65,0.0,68.56,False,0,False,False,1,True
2024-02-03 16:05:00+01:00,1339.08,21.0,22.63,0.0,68.56,False,0,False,False,1,True
2024-02-03 16:06:00+01:00,1337.69,21.0,22.61,0.0,68.56,False,0,False,False,1,True
2024-02-03 16:07:00+01:00,1336.3,21.0,22.59,0.0,68.56,False,0,False,False,1,True
2024-02-03 16:08:00+01:00,1334.91,21.0,22.57,0.0,68.56,False,0,False,False,1,True
2024-02-03 16:09:00+01:00,1333.52,21.0,22.55,0.0,68.56,False,0,False,False,1,True
2024-02-03 16:10:00+01:00,1332.13,21.0,22.53,0.0,68.56,False,0,False,False,1,True
2024-02-03 16:11:00+01:00,1330.75,21.0,22.52,0.0,68.56,False,0,False,False,1,True
2024-02-03 16:12:00+01:00,1329.37,21.0,22.5,0.0,68.56,False,0,False,False,1,True
2024-02-03 16:13:00+01:00,1327.99,21.0,22.48,0.0,68.56,False,0,False,False,1,True
2024-02-03 16:14:00+01:00,1326.62,21.0,22.46,0.0,68.56,False,0,False,False,1,True
2024-02-03 16:15:00+01:00,1325.24,21.0,22.44,0.0,68.56,False,0,False,False,1,True
2024-02-03 16:16:00+01:00,1323.87,21.0,22.42,0.0,68.56,False,0,False,False,1,True
2024-02-03 16:17:00+01:00,1322.5,21.0,22.4,0.0,68.56,False,0,False,False,1,True
2024-02-03 16:18:00+01:00,1321.13,21.0,22.39,0.0,68.56,False,0,False,False,1,True
2024-02-03 16:19:00+01:00,1319.77,21.0,22.37,0.0,68.56,False,0,False,False,1,True
2024-02-03 16:20:00+01:00,1318.41,21.0,22.35,0.0,68.56,False,0,False,False,1,True
2024-02-03 16:21:00+01:00,1317.05,21.0,22.33,0.0,68.56,False,0,False,False,1,True
2024-02-03 16:22:00+01:00,1315.69,21.0,22.31,0.0,68.56,False,0,False,False,1,True
2024-02-03 16:23:00+01:00,1314.33,21.0,22.29,0.0,68.56,False,0,False,False,1,True
2024-02-03 16:24:00+01:00,1312.98,21.0,22.28,0.0,68.56,False,0,False,False,1,True
2024-02-03 16:25:00+01:00,1311.63,21.0,22.26,0.0,68.56,False,0,False,False,1,True
2024-02-03 16:26:00+01:00,1310.28,21.0,22.24,0.0,68.56,False,0,False,False,1,True
2024-02-03 16:27:00+01:00,1308.93,21.0,22.22,0.0,68.56,False,0,False,False,1,True
2024-02-03 16:28:00+01:00,1307.58,21.0,22.2,0.0,68.56,False,0,False,False,1,True
2024-02-03 16:29:00+01:00,1306.24,21.0,22.19,0.0,68.56,False,0,False,False,1,True
2024-02-03 16:30:00+01:00,1304.9,21.0,22.17,0.0,68.56,False,0,False,False,1,True
2024-02-03 16:31:00+01:00,1303.56,21.0,22.15,0.0,68.56,False,0,False,False,1,True
2024-02-03 16:32:00+01:00,1304.05,21.0,22.16,0.0,68.56,True,1,False,False,1,True
2024-02-03 16:33:00+01:00,1305.7,21.0,22.18,0.0,68.56,True,1,True,False,1,True
2024-02-03 16:34:00+01:00,1307.75,21.0,22.21,0.0,68.56,True,1,True,False,1,True
2024-02-03 16:35:00+01:00,1309.84,21.0,22.24,0.0,68.56,True,1,True,False,1,True
2024-02-03 16:36:00+01:00,1311.89,21.0,22.27,0.0,68.56,True,1,True,False,1,True
2024-02-03 16:37:00+01:00,1313.9,21.0,22.3,0.0,68.56,True,1,True,False,1,True
2024-02-03 16:38:00+01:00,1315.88,21.0,22.33,0.0,68.56,True,1,True,False,1,True
2024-02-03 16:39:00+01:00,1317.87,21.0,22.36,0.0,68.56,True,1,True,False,1,True
2024-02-03 16:40:00+01:00,1319.85,21.0,22.39,0.0,68.56,True,1,True,False,1,True
2024-02-03 16:41:00+01:00,1319.17,21.0,22.38,0.05,68.56,True,1,True,False,1,True
2024-02-03 16:42:00+01:00,1316.81,21.0,22.35,0.05,68.56,True,1,True,False,1,True
2024-02-03 16:43:00+01:00,1315.05,21.0,22.33,0.05,68.56,True,1,True,False,1,True
2024-02-03 16:44:00+01:00,1315.45,21.0,22.34,0.0,68.56,True,1,True,False,1,True
2024-02-03 16:45:00+01:00,1317.1,21.0,22.36,0.0,68.56,True,1,True,False,1,True
2024-02-03 16:46:00+01:00,1319.16,21.0,22.39,0.0,68.56,True,1,True,False,1,True
2024-02-03 16:47:00+01:00,1321.25,21.0,22.42,0.0,68.56,True,1,True,False,1,True
2024-02-03 16:48:00+01:00,1323.29,21.0,22.45,0.0,68.56,True,1,True,False,1,True
2024-02-03 16:49:00+01:00,1325.27,21.0,22.48,0.0,68.56,True,1,True,False,1,True
2024-02-03 16:50:00+01:00,1327.24,21.0,22.51,0.0,68.56,True,1,True,False,1,True
2024-02-03 16:51:00+01:00,1329.2,21.0,22.54,0.0,68.56,True,1,True,False,1,True
2024-02-03 16:52:00+01:00,1331.16,21.0,22.57,0.0,68.56,True,1,True,False,1,True
2024-02-03 16:53:00+01:00,1333.12,21.0,22.6,0.0,68.56,True,1,True,False,1,True
2024-02-03 16:54:00+01:00,1335.08,21.0,22.63,0.0,68.56,True,1,True,False,1,True
2024-02-03 16:55:00+01:00,1337.03,21.0,22.66,0.0,68.56,True,1,True,False,1,True
2024-02-03 16:56:00+01:00,1338.98,21.0,22.69,0.0,68.56,True,1,True,False,1,True
2024-02-03 16:57:00+01:00,1340.93,21.0,22.71,0.0,68.56,True,1,True,False,1,True
2024-02-03 16:58:00+01:00,1342.87,21.0,22.74,0.0,68.56,True,1,True,False,1,True
2024-02-03 16:59:00+01:00,1344.81,21.0,22.77,0.0,68.56,True,1,True,False,1,True
2024-02-03 17:00:00+01:00,1346.75,21.0,22.8,0.0,68.56,True,1,True,False,1,True
2024-02-03 17:01:00+01:00,1348.68,21.0,22.83,0.0,68.56,True,1,True,False,1,True
2024-02-03 17:02:00+01:00,1350.61,21.0,22.86,0.0,68.56,True,1,True,False,1,True
2024-02-03 17:03:00+01:00,1352.54,21.0,22.88,0.0,68.56,True,1,True,False,1,True
2024-02-03 17:04:00+01:00,1354.46,21.0,22.91,0.0,68.56,True,1,True,False,1,True
2024-02-03 17:05:00+01:00,1356.38,21.0,22.94,0.0,68.56,True,1,True,False,1,True
2024-02-03 17:06:00+01:00,1358.3,21.0,22.97,0.0,68.56,True,1,True,False,1,True
2024-02-03 17:07:00+01:00,1360.21,21.0,23.0,0.0,68.56,True,1,True,False,1,True
2024-02-03 17:08:00+01:00,1362.12,21.0,23.03,0.0,68.56,True,1,True,False,1,True
2024-02-03 17:09:00+01:00,1364.03,21.0,23.05,0.0,68.56,True,1,True,False,1,True
2024-02-03 17:10:00+01:00,1365.94,21.0,23.08,0.0,68.56,True,1,True,False,1,True
2024-02-03 17:11:00+01:00,1367.84,21.0,23.11,0.0,68.56,True,1,True,False,1,True
2024-02-03 17:12:00+01:00,1369.74,21.0,23.14,0.0,68.56,True,1,True,False,1,True
2024-02-03 17:13:00+01:00,1371.63,21.0,23.17,0.0,68.56,True,1,True,False,1,True
2024-02-03 17:14:00+01:00,1373.52,21.0,23.19,0.0,68.56,True,1,True,False,1,True
2024-02-03 17:15:00+01:00,1375.41,21.0,23.22,0.0,68.56,True,1,True,False,1,True
2024-02-03 17:16:00+01:00,1377.3,21.0,23.25,0.0,68.56,True,1,True,False,1,True
2024-02-03 17:17:00+01:00,1379.18,21.0,23.28,0.0,68.56,True,1,True,False,1,True
2024-02-03 17:18:00+01:00,1381.06,21.0,23.3,0.0,68.56,True,1,True,False,1,True
2024-02-03 17:19:00+01:00,1382.94,21.0,23.33,0.0,68.56,True,1,True,False,1,True
2024-02-03 17:20:00+01:00,1384.81,21.0,23.36,0.0,68.56,True,1,True,False,1,True
2024-02-03 17:21:00+01:00,1386.68,21.0,23.39,0.0,68.56,True,1,True,False,1,True
2024-02-03 17:22:00+01:00,1388.55,21.0,23.41,0.0,68.56,True,1,True,False,1,True
2024-02-03 17:23:00+01:00,1390.41,21.0,23.44,0.0,68.56,True,1,True,False,1,True
2024-02-03 17:24:00+01:00,1392.27,21.0,23.47,0.0,68.56,True,1,True,False,1,True
2024-02-03 17:25:00+01:00,1394.13,21.0,23.49,0.0,68.56,True,1,True,False,1,True
2024-02-03 17:26:00+01:00,1395.98,21.0,23.52,0.0,68.56,True,1,True,False,1,True
2024-02-03 17:27:00+01:00,1397.83,21.0,23.55,0.0,68.56,True,1,True,False,1,True
2024-02-03 17:28:00+01:00,1399.68,21.0,23.58,0.0,68.56,True,1,True,False,1,True
2024-02-03 17:29:00+01:00,1401.53,21.0,23.6,0.0,68.56,True,1,True,False,1,True
2024-02-03 17:30:00+01:00,1403.37,21.0,23.63,0.0,68.56,True,1,True,False,1,True
2024-02-03 17:31:00+01:00,1403.38,21.0,23.63,0.0,68.56,False,0,True,True,1,True
2024-02-03 17:32:00+01:00,1402.24,21.0,23.61,0.0,68.56,False,0,False,False,1,True
2024-02-03 17:33:00+01:00,1400.69,21.0,23.59,0.0,68.56,False,0,False,False,1,True
2024-02-03 17:34:00+01:00,1399.09,21.0,23.57,0.0,68.56,False,0,False,False,1,True
2024-02-03 17:35:00+01:00,1397.55,21.0,23.55,0.0,68.56,False,0,False,False,1,True
2024-02-03 17:36:00+01:00,1396.04,21.0,23.53,0.0,68.56,False,0,False,False,1,True
2024-02-03 17:37:00+01:00,1394.55,21.0,23.51,0.0,68.56,False,0,False,False,1,True
2024-02-03 17:38:00+01:00,1393.06,21.0,23.49,0.0,68.56,False,0,False,False,1,True
2024-02-03 17:39:00+01:00,1393.4,21.0,23.49,0.0,68.56,True,1,False,False,1,True
2024-02-03 17:40:00+01:00,1394.9,21.0,23.52,0.0,68.56,True,1,True,False,1,True
2024-02-03 17:41:00+01:00,1396.8,21.0,23.54,0.0,68.56,True,1,True,False,1,True
2024-02-03 17:42:00+01:00,1398.75,21.0,23.57,0.0,68.56,True,1,True,False,1,True
2024-02-03 17:43:00+01:00,1400.64,21.0,23.6,0.0,68.56,True,1,True,False,1,True
2024-02-03 17:44:00+01:00,1402.5,21.0,23.63,0.0,68.56,True,1,True,False,1,True
2024-02-03 17:45:00+01:00,1404.34,21.0,23.65,0.0,68.56,True,1,True,False,1,True
2024-02-03 17:46:00+01:00,1406.18,21.0,23.68,0.0,68.56,True,1,True,False,1,True
2024-02-03 17:47:00+01:00,1408.01,21.0,23.71,0.0,68.56,True,1,True,False,1,True
2024-02-03 17:48:00+01:00,1409.84,21.0,23.73,0.0,68.56,True,1,True,False,1,True
2024-02-03 17:49:00+01:00,1411.67,21.0,23.76,0.0,68.56,True,1,True,False,1,True
2024-02-03 17:50:00+01:00,1413.49,21.0,23.79,0.0,68.56,True,1,True,False,1,True
2024-02-03 17:51:00+01:00,1415.31,21.0,23.81,0.0,68.56,True,1,True,False,1,True
2024-02-03 17:52:00+01:00,1417.13,21.0,23.84,0.0,68.56,True,1,True,False,1,True
2024-02-03 17:53:00+01:00,1418.95,21.0,23.86,0.0,68.56,True,1,True,False,1,True
2024-02-03 17:54:00+01:00,1420.76,21.0,23.89,0.0,68.56,True,1,True,False,1,True
2024-02-03 17:55:00+01:00,1422.57,21.0,23.92,0.0,68.56,True,1,True,False,1,True
2024-02-03 17:56:00+01:00,1424.38,21.0,23.94,0.0,68.56,True,1,True,False,1,True
2024-02-03 17:57:00+01:00,1426.18,21.0,23.97,0.0,68.56,True,1,True,False,1,True
2024-02-03 17:58:00+01:00,1427.98,21.0,24.0,0.0,68.56,True,1,True,False,1,True
2024-02-03 17:59:00+01:00,1429.78,21.0,24.02,0.0,68.56,True,1,True,False,1,True
2024-02-03 18:00:00+01:00,1431.57,21.0,24.05,0.0,68.56,True,1,True,False,1,True
2024-02-03 18:01:00+01:00,1433.36,21.0,24.07,0.0,68.56,True,1,True,False,1,True
2024-02-03 18:02:00+01:00,1435.15,21.0,24.1,0.0,68.56,True,1,True,False,1,True
2024-02-03 18:03:00+01:00,1436.94,21.0,24.13,0.0,68.56,True,1,True,False,1,True
2024-02-03 18:04:00+01:00,1438.72,21.0,24.15,0.0,68.56,True,1,True,False,1,True
2024-02-03 18:05:00+01:00,1440.5,21.0,24.18,0.0,68.56,True,1,True,False,1,True
2024-02-03 18:06:00+01:00,1442.27,21.0,24.2,0.0,68.56,True,1,True,False,1,True
2024-02-03 18:07:00+01:00,1444.05,21.0,24.23,0.0,68.56,True,1,True,False,1,True
2024-02-03 18:08:00+01:00,1445.82,21.0,24.25,0.0,68.56,True,1,True,False,1,True
2024-02-03 18:09:00+01:00,1447.59,21.0,24.28,0.0,68.56,True,1,True,False,1,True
2024-02-03 18:10:00+01:00,1449.35,21.0,24.3,0.0,68.56,True,1,True,False,1,True
2024-02-03 18:11:00+01:00,1451.11,21.0,24.33,0.0,68.56,True,1,True,False,1,True
2024-02-03 18:12:00+01:00,1452.87,21.0,24.36,0.0,68.56,True,1,True,False,1,True
2024-02-03 18:13:00+01:00,1454.63,21.0,24.38,0.0,68.56,True,1,True,False,1,True
2024-02-03 18:14:00+01:00,1456.38,21.0,24.41,0.0,68.56,True,1,True,False,1,True
2024-02-03 18:15:00+01:00,1458.13,21.0,24.43,0.0,68.56,True,1,True,False,1,True
2024-02-03 18:16:00+01:00,1459.88,21.0,24.46,0.0,68.56,True,1,True,False,1,True
2024-02-03 18:17:00+01:00,1459.8,21.0,24.46,0.0,68.56,False,0,True,True,1,True
2024-02-03 18:18:00+01:00,1460.38,21.0,24.46,0.0,68.56,True,1,False,False,1,True
2024-02-03 18:19:00+01:00,1461.72,21.0,24.48,0.0,68.56,True,1,True,False,1,True
2024-02-03 18:20:00+01:00,1463.41,21.0,24.51,0.0,68.56,True,1,True,False,1,True
2024-02-03 18:21:00+01:00,1465.19,21.0,24.53,0.0,68.56,True,1,True,False,1,True
2024-02-03 18:22:00+01:00,1466.96,21.0,24.56,0.0,68.56,True,1,True,False,1,True
2024-02-03 18:23:00+01:00,1468.71,21.0,24.58,0.0,68.56,True,1,True,False,1,True
2024-02-03 18:24:00+01:00,1470.44,21.0,24.61,0.0,68.56,True,1,True,False,1,True
2024-02-03 18:25:00+01:00,1472.17,21.0,24.63,0.0,68.56,True,1,True,False,1,True
2024-02-03 18:26:00+01:00,1473.89,21.0,24.66,0.0,68.56,True,1,True,False,1,True
2024-02-03 18:27:00+01:00,1475.61,21.0,24.68,0.0,68.56,True,1,True,False,1,True
2024-02-03 18:28:00+01:00,1477.33,21.0,24.71,0.0,68.56,True,1,True,False,1,True
2024-02-03 18:29:00+01:00,1479.04,21.0,24.73,0.0,68.56,True,1,True,False,1,True
2024-02-03 18:30:00+01:00,1480.76,21.0,24.76,0.0,68.56,True,1,True,False,1,True
2024-02-03 18:31:00+01:00,1482.47,21.0,24.78,0.0,68.56,True,1,True,False,1,True
2024-02-03 18:32:00+01:00,1484.17,21.0,24.81,0.0,68.56,True,1,True,False,1,True
2024-02-03 18:33:00+01:00,1485.88,21.0,24.83,0.0,68.56,True,1,True,False,1,True
2024-02-03 18:34:00+01:00,1487.58,21.0,24.86,0.0,68.56,True,1,True,False,1,True
2024-02-03 18:35:00+01:00,1489.27,21.0,24.88,0.0,68.56,True,1,True,False,1,True
2024-02-03 18:36:00+01:00,1490.97,21.0,24.91,0.0,68.56,True,1,True,False,1,True
2024-02-03 18:37:00+01:00,1492.66,21.0,24.93,0.0,68.56,True,1,True,False,1,True
2024-02-03 18:38:00+01:00,1494.35,21.0,24.95,0.0,68.56,True,1,True,False,1,True
2024-02-03 18:39:00+01:00,1496.04,21.0,24.98,0.0,68.56,True,1,True,False,1,True
2024-02-03 18:40:00+01:00,1497.72,21.0,25.0,0.0,68.56,True,1,True,False,1,True
2024-02-03 18:41:00+01:00,1499.4,21.0,25.03,0.0,68.56,True,1,True,False,1,True
2024-02-03 18:42:00+01:00,1501.08,21.0,25.05,0.0,68.56,True,1,True,False,1,True
2024-02-03 18:43:00+01:00,1502.76,21.0,25.08,0.0,68.56,True,1,True,False,1,True
2024-02-03 18:44:00+01:00,1504.43,21.0,25.1,0.0,68.56,True,1,True,False,1,True
2024-02-03 18:45:00+01:00,1506.1,21.0,25.12,0.0,68.56,True,1,True,False,1,True
2024-02-03 18:46:00+01:00,1507.77,21.0,25.15,0.0,68.56,True,1,True,False,1,True
2024-02-03 18:47:00+01:00,1509.43,21.0,25.17,0.0,68.56,True,1,True,False,1,True
2024-02-03 18:48:00+01:00,1511.09,21.0,25.19,0.0,68.56,True,1,True,False,1,True
2024-02-03 18:49:00+01:00,1512.75,21.0,25.22,0.0,68.56,True,1,True,False,1,True
2024-02-03 18:50:00+01:00,1514.41,21.0,25.24,0.0,68.56,True,1,True,False,1,True
2024-02-03 18:51:00+01:00,1516.06,21.0,25.27,0.0,68.56,True,1,True,False,1,True
2024-02-03 18:52:00+01:00,1517.71,21.0,25.29,0.0,68.56,True,1,True,False,1,True
2024-02-03 18:53:00+01:00,1519.36,21.0,25.31,0.0,68.56,True,1,True,False,1,True
2024-02-03 18:54:00+01:00,1521.0,21.0,25.34,0.0,68.56,True,1,True,False,1,True
2024-02-03 18:55:00+01:00,1522.64,21.0,25.36,0.0,68.56,True,1,True,False,1,True
2024-02-03 18:56:00+01:00,1524.28,21.0,25.38,0.0,68.56,True,1,True,False,1,True
2024-02-03 18:57:00+01:00,1525.92,21.0,25.41,0.0,68.56,True,1,True,False,1,True
2024-02-03 18:58:00+01:00,1527.55,21.0,25.43,0.0,68.56,True,1,True,False,1,True
2024-02-03 18:59:00+01:00,1529.18,21.0,25.45,0.0,68.56,True,1,True,False,1,True
2024-02-03 19:00:00+01:00,1530.81,21.0,25.48,0.0,68.56,True,1,True,False,1,True
2024-02-03 19:01:00+01:00,1532.44,20.96,25.56,0.0,68.56,True,1,True,False,1,True
2024-02-03 19:02:00+01:00,1534.07,20.91,25.66,0.0,68.56,True,1,True,False,1,True
2024-02-03 19:03:00+01:00,1535.69,20.86,25.78,0.0,68.56,True,1,True,False,1,True
2024-02-03 19:04:00+01:00,1537.31,20.81,25.88,0.0,68.56,True,1,True,False,1,True
2024-02-03 19:05:00+01:00,1538.93,20.76,25.97,0.0,68.56,True,1,True,False,1,True
2024-02-03 19:06:00+01:00,1540.55,20.72,26.05,0.0,68.56,True,1,True,False,1,True
2024-02-03 19:07:00+01:00,1542.17,20.69,26.13,0.0,68.56,True,1,True,False,1,True
2024-02-03 19:08:00+01:00,1543.78,20.66,26.2,0.0,68.56,True,1,True,False,1,True
2024-02-03 19:09:00+01:00,1545.39,20.63,26.26,0.0,68.56,True,1,True,False,1,True
2024-02-03 19:10:00+01:00,1547.0,20.61,26.32,0.0,68.56,True,1,True,False,1,True
2024-02-03 19:11:00+01:00,1548.6,20.59,26.38,0.0,68.56,True,1,True,False,1,True
2024-02-03 19:12:00+01:00,1550.2,20.57,26.43,0.0,68.56,True,1,True,False,1,True
2024-02-03 19:13:00+01:00,1551.8,20.55,26.48,0.0,68.56,True,1,True,False,1,True
2024-02-03 19:14:00+01:00,1553.4,20.53,26.53,0.0,68.56,True,1,True,False,1,True
2024-02-03 19:15:00+01:00,1554.99,20.52,26.58,0.0,68.56,True,1,True,False,1,True
2024-02-03 19:16:00+01:00,1556.58,20.5,26.62,0.0,68.56,True,1,True,False,1,True
2024-02-03 19:17:00+01:00,1558.17,20.49,26.66,0.0,68.56,True,1,True,False,1,True
2024-02-03 19:18:00+01:00,1559.76,20.48,26.7,0.0,68.56,True,1,True,False,1,True
2024-02-03 19:19:00+01:00,1561.34,20.47,26.74,0.0,68.56,True,1,True,False,1,True
2024-02-03 19:20:00+01:00,1562.93,20.46,26.78,0.0,68.56,True,1,True,False,1,True
2024-02-03 19:21:00+01:00,1564.5,20.45,26.81,0.0,68.56,True,1,True,False,1,True
2024-02-03 19:22:00+01:00,1566.08,20.44,26.85,0.0,68.56,True,1,True,False,1,True
2024-02-03 19:23:00+01:00,1567.65,20.43,26.88,0.0,68.56,True,1,True,False,1,True
2024-02-03 19:24:00+01:00,1569.22,20.42,26.91,0.0,68.56,True,1,True,False,1,True
2024-02-03 19:25:00+01:00,1570.79,20.41,26.94,0.0,68.56,True,1,True,False,1,True
2024-02-03 19:26:00+01:00,1572.36,20.41,26.98,0.0,68.56,True,1,True,False,1,True
2024-02-03 19:27:00+01:00,1573.92,20.4,27.01,0.0,68.56,True,1,True,False,1,True
2024-02-03 19:28:00+01:00,1575.48,20.39,27.04,0.0,68.56,True,1,True,False,1,True
2024-02-03 19:29:00+01:00,1577.04,20.39,27.06,0.0,68.56,True,1,True,False,1,True
2024-02-03 19:30:00+01:00,1578.6,20.38,27.09,0.0,68.56,True,1,True,False,1,True
2024-02-03 19:31:00+01:00,1580.15,20.38,27.12,0.0,68.56,True,1,True,False,1,True
2024-02-03 19:32:00+01:00,1581.7,20.37,27.15,0.0,68.56,True,1,True,False,1,True
2024-02-03 19:33:00+01:00,1583.25,20.37,27.18,0.0,68.56,True,1,True,False,1,True
2024-02-03 19:34:00+01:00,1584.79,20.36,27.2,0.0,68.56,True,1,True,False,1,True
2024-02-03 19:35:00+01:00,1586.33,20.36,27.23,0.0,68.56,True,1,True,False,1,True
2024-02-03 19:36:00+01:00,1587.87,20.35,27.26,0.0,68.56,True,1,True,False,1,True
2024-02-03 19:37:00+01:00,1589.41,20.35,27.28,0.0,68.56,True,1,True,False,1,True
2024-02-03 19:38:00+01:00,1590.95,20.35,27.31,0.0,68.56,True,1,True,False,1,True
2024-02-03 19:39:00+01:00,1592.48,20.34,27.33,0.0,68.56,True,1,True,False,1,True
2024-02-03 19:40:00+01:00,1594.01,20.34,27.36,0.0,68.56,True,1,True,False,1,True
2024-02-03 19:41:00+01:00,1595.53,20.33,27.38,0.0,68.56,True,1,True,False,1,True
2024-02-03 19:42:00+01:00,1597.06,20.33,27.41,0.0,68.56,True,1,True,False,1,True
2024-02-03 19:43:00+01:00,1598.58,20.33,27.43,0.0,68.56,True,1,True,False,1,True
2024-02-03 19:44:00+01:00,1600.1,20.32,27.45,0.0,68.56,True,1,True,False,1,True
2024-02-03 19:45:00+01:00,1601.62,20.32,27.48,0.0,68.56,True,1,True,False,1,True
2024-02-03 19:46:00+01:00,1603.13,20.32,27.5,0.0,68.56,True,1,True,False,1,True
2024-02-03 19:47:00+01:00,1604.64,20.31,27.53,0.0,68.56,True,1,True,False,1,True
2024-02-03 19:48:00+01:00,1606.15,20.31,27.55,0.0,68.56,True,1,True,False,1,True
2024-02-03 19:49:00+01:00,1607.66,20.31,27.57,0.0,68.56,True,1,True,False,1,True
2024-02-03 19:50:00+01:00,1609.16,20.3,27.6,0.0,68.56,True,1,True,False,1,True
2024-02-03 19:51:00+01:00,1610.67,20.3,27.62,0.0,68.56,True,1,True,False,1,True
2024-02-03 19:52:00+01:00,1612.16,20.3,27.64,0.0,68.56,True,1,True,False,1,True
2024-02-03 19:53:00+01:00,1613.66,20.29,27.66,0.0,68.56,True,1,True,False,1,True
2024-02-03 19:54:00+01:00,1615.16,20.29,27.69,0.0,68.56,True,1,True,False,1,True
2024-02-03 19:55:00+01:00,1616.65,20.29,27.71,0.0,68.56,True,1,True,False,1,True
2024-02-03 19:56:00+01:00,1618.14,20.29,27.73,0.0,68.56,True,1,True,False,1,True
2024-02-03 19:57:00+01:00,1619.62,20.28,27.75,0.0,68.56,True,1,True,False,1,True
2024-02-03 19:58:00+01:00,1621.11,20.28,27.78,0.0,68.56,True,1,True,False,1,True
2024-02-03 19:59:00+01:00,1622.59,20.28,27.8,0.0,68.56,True,1,True,False,1,True
2024-02-03 20:00:00+01:00,1624.07,20.27,27.82,0.0,68.56,True,1,True,False,1,True
2024-02-03 20:01:00+01:00,1625.55,20.27,27.84,0.0,68.56,True,1,True,False,1,True
2024-02-03 20:02:00+01:00,1627.02,20.27,27.86,0.0,68.56,True,1,True,False,1,True
2024-02-03 20:03:00+01:00,1628.49,20.27,27.89,0.0,68.56,True,1,True,False,1,True
2024-02-03 20:04:00+01:00,1629.96,20.26,27.91,0.0,68.56,True,1,True,False,1,True
2024-02-03 20:05:00+01:00,1631.43,20.26,27.93,0.0,68.56,True,1,True,False,1,True
2024-02-03 20:06:00+01:00,1632.89,20.26,27.95,0.0,68.56,True,1,True,False,1,True
2024-02-03 20:07:00+01:00,1634.35,20.26,27.97,0.0,68.56,True,1,True,False,1,True
2024-02-03 20:08:00+01:00,1635.81,20.25,27.99,0.0,68.56,True,1,True,False,1,True
2024-02-03 20:09:00+01:00,1637.27,20.25,28.01,0.0,68.56,True,1,True,False,1,True
2024-02-03 20:10:00+01:00,1638.73,20.25,28.04,0.0,68.56,True,1,True,False,1,True
2024-02-03 20:11:00+01:00,1640.18,20.25,28.06,0.0,68.56,True,1,True,False,1,True
2024-02-03 20:12:00+01:00,1641.63,20.24,28.08,0.0,68.56,True,1,True,False,1,True
2024-02-03 20:13:00+01:00,1643.07,20.24,28.1,0.0,68.56,True,1,True,False,1,True
2024-02-03 20:14:00+01:00,1644.52,20.24,28.12,0.0,68.56,True,1,True,False,1,True
2024-02-03 20:15:00+01:00,1645.96,20.24,28.14,0.0,68.56,True,1,True,False,1,True
2024-02-03 20:16:00+01:00,1647.4,20.23,28.16,0.0,68.56,True,1,True,False,1,True
2024-02-03 20:17:00+01:00,1648.84,20.23,28.18,0.0,68.56,True,1,True,False,1,True
2024-02-03 20:18:00+01:00,1650.27,20.23,28.2,0.0,68.56,True,1,True,False,1,True
2024-02-03 20:19:00+01:00,1651.71,20.23,28.22,0.0,68.56,True,1,True,False,1,True
2024-02-03 20:20:00+01:00,1653.14,20.22,28.24,0.0,68.56,True,1,True,False,1,True
2024-02-03 20:21:00+01:00,1654.56,20.22,28.26,0.0,68.56,True,1,True,False,1,True
2024-02-03 20:22:00+01:00,1655.99,20.22,28.28,0.0,68.56,True,1,True,False,1,True
2024-02-03 20:23:00+01:00,1657.41,20.22,28.3,0.0,68.56,True,1,True,False,1,True
2024-02-03 20:24:00+01:00,1658.83,20.22,28.32,0.0,68.56,True,1,True,False,1,True
2024-02-03 20:25:00+01:00,1660.25,20.21,28.34,0.0,68.56,True,1,True,False,1,True
2024-02-03 20:26:00+01:00,1661.67,20.21,28.36,0.0,68.56,True,1,True,False,1,True
2024-02-03 20:27:00+01:00,1663.08,20.21,28.38,0.0,68.56,True,1,True,False,1,True
2024-02-03 20:28:00+01:00,1664.49,20.21,28.4,0.0,68.56,True,1,True,False,1,True
2024-02-03 20:29:00+01:00,1665.9,20.2,28.42,0.0,68.56,True,1,True,False,1,True
2024-02-03 20:30:00+01:00,1667.31,20.2,28.44,0.0,68.56,True,1,True,False,1,True
2024-02-03 20:31:00+01:00,1668.71,20.2,28.46,0.0,68.56,True,1,True,False,1,True
2024-02-03 20:32:00+01:00,1670.11,20.2,28.48,0.0,68.56,True,1,True,False,1,True
2024-02-03 20:33:00+01:00,1671.51,20.19,28.5,0.0,68.56,True,1,True,False,1,True
2024-02-03 20:34:00+01:00,1672.91,20.19,28.52,0.0,68.56,True,1,True,False,1,True
2024-02-03 20:35:00+01:00,1674.3,20.19,28.54,0.0,68.56,True,1,True,False,1,True
2024-02-03 20:36:00+01:00,1675.69,20.19,28.56,0.0,68.56,True,1,True,False,1,True
2024-02-03 20:37:00+01:00,1677.08,20.19,28.58,0.0,68.56,True,1,True,False,1,True
2024-02-03 20:38:00+01:00,1678.47,20.18,28.6,0.0,68.56,True,1,True,False,1,True
2024-02-03 20:39:00+01:00,1679.86,20.18,28.62,0.0,68.56,True,1,True,False,1,True
2024-02-03 20:40:00+01:00,1679.41,20.16,28.65,0.0,68.56,False,0,True,True,1,True
2024-02-03 20:41:00+01:00,1677.8,20.12,28.69,0.0,68.56,False,0,False,False,1,True
2024-02-03 20:42:00+01:00,1677.62,20.1,28.72,0.0,68.56,True,1,False,False,1,True
2024-02-03 20:43:00+01:00,1678.55,20.1,28.73,0.0,68.56,True,1,True,False,1,True
2024-02-03 20:44:00+01:00,1679.93,20.1,28.74,0.0,68.56,True,1,True,False,1,True
2024-02-03 20:45:00+01:00,1681.39,20.11,28.75,0.0,68.56,True,1,True,False,1,True
2024-02-03 20:46:00+01:00,1682.82,20.11,28.76,0.0,68.56,True,1,True,False,1,True
2024-02-03 20:47:00+01:00,1684.22,20.11,28.77,0.0,68.56,True,1,True,False,1,True
2024-02-03 20:48:00+01:00,1685.6,20.12,28.78,0.0,68.56,True,1,True,False,1,True
2024-02-03 20:49:00+01:00,1686.97,20.12,28.79,0.0,68.56,True,1,True,False,1,True
2024-02-03 20:50:00+01:00,1688.34,20.12,28.8,0.0,68.56,True,1,True,False,1,True
2024-02-03 20:51:00+01:00,1689.7,20.12,28.82,0.0,68.56,True,1,True,False,1,True
2024-02-03 20:52:00+01:00,1691.07,20.12,28.83,0.0,68.56,True,1,True,False,1,True
2024-02-03 20:53:00+01:00,1692.43,20.12,28.84,0.0,68.56,True,1,True,False,1,True
2024-02-03 20:54:00+01:00,1693.79,20.12,28.86,0.0,68.56,True,1,True,False,1,True
2024-02-03 20:55:00+01:00,1695.15,20.12,28.87,0.0,68.56,True,1,True,False,1,True
2024-02-03 20:56:00+01:00,1696.51,20.12,28.89,0.0,68.56,True,1,True,False,1,True
2024-02-03 20:57:00+01:00,1697.86,20.12,28.9,0.0,68.56,True,1,True,False,1,True
2024-02-03 20:58:00+01:00,1699.22,20.12,28.92,0.0,68.56,True,1,True,False,1,True
2024-02-03 20:59:00+01:00,1700.57,20.12,28.93,0.0,68.56,True,1,True,False,1,True
2024-02-03 21:00:00+01:00,1701.91,20.12,28.95,0.0,68.56,True,1,True,False,1,True
2024-02-03 21:01:00+01:00,1703.26,20.12,28.96,0.0,68.56,True,1,True,False,1,True
2024-02-03 21:02:00+01:00,1704.6,20.12,28.98,0.0,68.56,True,1,True,False,1,True
2024-02-03 21:03:00+01:00,1705.94,20.12,29.0,0.0,68.56,True,1,True,False,1,True
2024-02-03 21:04:00+01:00,1707.28,20.11,29.01,0.0,68.56,True,1,True,False,1,True
2024-02-03 21:05:00+01:00,1708.62,20.11,29.03,0.0,68.56,True,1,True,False,1,True
2024-02-03 21:06:00+01:00,1709.95,20.11,29.04,0.0,68.56,True,1,True,False,1,True
2024-02-03 21:07:00+01:00,1711.28,20.11,29.06,0.0,68.56,True,1,True,False,1,True
2024-02-03 21:08:00+01:00,1712.61,20.11,29.08,0.0,68.56,True,1,True,False,1,True
2024-02-03 21:09:00+01:00,1713.94,20.11,29.09,0.0,68.56,True,1,True,False,1,True
2024-02-03 21:10:00+01:00,1715.26,20.11,29.11,0.0,68.56,True,1,True,False,1,True
2024-02-03 21:11:00+01:00,1716.58,20.11,29.13,0.0,68.56,True,1,True,False,1,True
2024-02-03 21:12:00+01:00,1717.9,20.1,29.14,0.0,68.56,True,1,True,False,1,True
2024-02-03 21:13:00+01:00,1719.22,20.1,29.16,0.0,68.56,True,1,True,False,1,True
2024-02-03 21:14:00+01:00,1720.54,20.1,29.18,0.0,68.56,True,1,True,False,1,True
2024-02-03 21:15:00+01:00,1721.85,20.1,29.19,0.0,68.56,True,1,True,False,1,True
2024-02-03 21:16:00+01:00,1723.16,20.1,29.21,0.0,68.56,True,1,True,False,1,True
2024-02-03 21:17:00+01:00,1722.64,20.07,29.24,0.0,68.56,False,0,True,True,1,True
2024-02-03 21:18:00+01:00,1720.96,20.04,29.28,0.0,68.56,False,0,False,False,1,True
2024-02-03 21:19:00+01:00,1718.87,20.0,29.32,0.0,68.56,False,0,False,False,1,True
2024-02-03 21:20:00+01:00,1716.74,19.96,29.35,0.0,68.56,False,0,False,False,1,True
2024-02-03 21:21:00+01:00,1714.66,19.93,29.38,0.0,68.56,False,0,False,False,1,True
2024-02-03 21:22:00+01:00,1712.61,19.9,29.41,0.0,68.56,False,0,False,False,1,True
2024-02-03 21:23:00+01:00,1710.59,19.87,29.43,0.0,68.56,False,0,False,False,1,True
2024-02-03 21:24:00+01:00,1708.57,19.84,29.45,0.0,68.56,False,0,False,False,1,True
2024-02-03 21:25:00+01:00,1706.56,19.81,29.47,0.0,68.56,False,0,False,False,1,True
2024-02-03 21:26:00+01:00,1704.54,19.79,29.49,0.0,68.56,False,0,False,False,1,True
2024-02-03 21:27:00+01:00,1702.53,19.76,29.5,0.0,68.56,False,0,False,False,1,True
2024-02-03 21:28:00+01:00,1700.53,19.74,29.51,0.0,68.56,False,0,False,False,1,True
2024-02-03 21:29:00+01:00,1698.52,19.72,29.52,0.0,68.56,False,0,False,False,1,True
2024-02-03 21:30:00+01:00,1696.52,19.7,29.53,0.0,68.56,False,0,False,False,1,True
2024-02-03 21:31:00+01:00,1694.53,19.68,29.53,0.0,68.56,False,0,False,False,1,True
2024-02-03 21:32:00+01:00,1692.53,19.66,29.53,0.0,68.56,False,0,False,False,1,True
2024-02-03 21:33:00+01:00,1690.54,19.64,29.53,0.0,68.56,False,0,False,False,1,True
2024-02-03 21:34:00+01:00,1688.56,19.63,29.53,0.0,68.56,False,0,False,False,1,True
2024-02-03 21:35:00+01:00,1686.57,19.61,29.52,0.0,68.56,False,0,False,False,1,True
2024-02-03 21:36:00+01:00,1686.42,19.62,29.5,0.0,68.56,True,1,False,False,1,True
2024-02-03 21:37:00+01:00,1687.43,19.64,29.47,0.0,68.56,True,1,True,False,1,True
2024-02-03 21:38:00+01:00,1688.85,19.67,29.43,0.0,68.56,True,1,True,False,1,True
2024-02-03 21:39:00+01:00,1690.31,19.69,29.4,0.0,68.56,True,1,True,False,1,True
2024-02-03 21:40:00+01:00,1691.73,19.71,29.37,0.0,68.56,True,1,True,False,1,True
2024-02-03 21:41:00+01:00,1693.1,19.73,29.35,0.0,68.56,True,1,True,False,1,True
2024-02-03 21:42:00+01:00,1694.46,19.75,29.33,0.0,68.56,True,1,True,False,1,True
2024-02-03 21:43:00+01:00,1695.82,19.77,29.31,0.0,68.56,True,1,True,False,1,True
2024-02-03 21:44:00+01:00,1697.17,19.78,29.3,0.0,68.56,True,1,True,False,1,True
2024-02-03 21:45:00+01:00,1698.52,19.8,29.28,0.0,68.56,True,1,True,False,1,True
2024-02-03 21:46:00+01:00,1699.87,19.81,29.27,0.0,68.56,True,1,True,False,1,True
2024-02-03 21:47:00+01:00,1701.22,19.82,29.26,0.0,68.56,True,1,True,False,1,True
2024-02-03 21:48:00+01:00,1702.56,19.84,29.25,0.0,68.56,True,1,True,False,1,True
2024-02-03 21:49:00+01:00,1703.91,19.85,29.24,0.0,68.56,True,1,True,False,1,True
2024-02-03 21:50:00+01:00,1705.24,19.86,29.24,0.0,68.56,True,1,True,False,1,True
2024-02-03 21:51:00+01:00,1706.58,19.86,29.23,0.0,68.56,True,1,True,False,1,True
2024-02-03 21:52:00+01:00,1707.92,19.87,29.23,0.0,68.56,True,1,True,False,1,True
2024-02-03 21:53:00+01:00,1709.25,19.88,29.23,0.0,68.56,True,1,True,False,1,True
2024-02-03 21:54:00+01:00,1710.58,19.89,29.23,0.0,68.56,True,1,True,False,1,True
2024-02-03 21:55:00+01:00,1711.91,19.89,29.23,0.0,68.56,True,1,True,False,1,True
2024-02-03 21:56:00+01:00,1713.23,19.9,29.23,0.0,68.56,True,1,True,False,1,True
2024-02-03 21:57:00+01:00,1714.56,19.9,29.24,0.0,68.56,True,1,True,False,1,True
2024-02-03 21:58:00+01:00,1715.88,19.91,29.24,0.0,68.56,True,1,True,False,1,True
2024-02-03 21:59:00+01:00,1717.2,19.91,29.25,0.0,68.56,True,1,True,False,1,True
2024-02-03 22:00:00+01:00,1718.51,19.92,29.25,0.0,68.56,True,1,True,False,1,True
2024-02-03 22:01:00+01:00,1719.83,19.92,29.26,0.0,68.56,True,1,True,False,1,True
2024-02-03 22:02:00+01:00,1721.14,19.92,29.27,0.0,68.56,True,1,True,False,1,True
2024-02-03 22:03:00+01:00,1722.45,19.92,29.27,0.0,68.56,True,1,True,False,1,True
2024-02-03 22:04:00+01:00,1723.76,19.93,29.28,0.0,68.56,True,1,True,False,1,True
2024-02-03 22:05:00+01:00,1725.06,19.93,29.29,0.0,68.56,True,1,True,False,1,True
2024-02-03 22:06:00+01:00,1726.36,19.93,29.3,0.0,68.56,True,1,True,False,1,True
2024-02-03 22:07:00+01:00,1727.67,19.93,29.31,0.0,68.56,True,1,True,False,1,True
2024-02-03 22:08:00+01:00,1728.96,19.93,29.32,0.0,68.56,True,1,True,False,1,True
2024-02-03 22:09:00+01:00,1728.43,19.91,29.35,0.0,68.56,False,0,True,True,1,True
2024-02-03 22:10:00+01:00,1726.74,19.88,29.38,0.0,68.56,False,0,False,False,1,True
2024-02-03 22:11:00+01:00,1724.64,19.84,29.42,0.0,68.56,False,0,False,False,1,True
2024-02-03 22:12:00+01:00,1722.49,19.8,29.45,0.0,68.56,False,0,False,False,1,True
2024-02-03 22:13:00+01:00,1720.4,19.77,29.48,0.0,68.56,False,0,False,False,1,True
2024-02-03 22:14:00+01:00,1718.34,19.74,29.5,0.0,68.56,False,0,False,False,1,True
2024-02-03 22:15:00+01:00,1716.3,19.71,29.52,0.0,68.56,False,0,False,False,1,True
2024-02-03 22:16:00+01:00,1714.27,19.69,29.53,0.0,68.56,False,0,False,False,1,True
2024-02-03 22:17:00+01:00,1712.25,19.66,29.55,0.0,68.56,False,0,False,False,1,True
2024-02-03 22:18:00+01:00,1710.22,19.64,29.56,0.0,68.56,False,0,False,False,1,True
2024-02-03 22:19:00+01:00,1708.2,19.61,29.57,0.0,68.56,False,0,False,False,1,True
2024-02-03 22:20:00+01:00,1706.18,19.59,29.58,0.0,68.56,False,0,False,False,1,True
2024-02-03 22:21:00+01:00,1704.16,19.57,29.58,0.0,68.56,False,0,False,False,1,True
2024-02-03 22:22:00+01:00,1702.15,19.55,29.59,0.0,68.56,False,0,False,False,1,True
2024-02-03 22:23:00+01:00,1700.14,19.54,29.59,0.0,68.56,False,0,False,False,1,True
2024-02-03 22:24:00+01:00,1698.13,19.52,29.59,0.0,68.56,False,0,False,False,1,True
2024-02-03 22:25:00+01:00,1696.13,19.5,29.58,0.0,68.56,False,0,False,False,1,True
2024-02-03 22:26:00+01:00,1694.13,19.49,29.58,0.0,68.56,False,0,False,False,1,True
2024-02-03 22:27:00+01:00,1692.14,19.48,29.57,0.0,68.56,False,0,False,False,1,True
2024-02-03 22:28:00+01:00,1690.15,19.46,29.56,0.0,68.56,False,0,False,False,1,True
2024-02-03 22:29:00+01:00,1688.16,19.45,29.55,0.0,68.56,False,0,False,False,1,True
2024-02-03 22:30:00+01:00,1686.17,19.44,29.54,0.0,68.56,False,0,False,False,1,True
2024-02-03 22:31:00+01:00,1684.19,19.43,29.53,0.0,68.56,False,0,False,False,1,True
2024-02-03 22:32:00+01:00,1682.21,19.42,29.52,0.0,68.56,False,0,False,False,1,True
2024-02-03 22:33:00+01:00,1680.23,19.41,29.5,0.0,68.56,False,0,False,False,1,True
2024-02-03 22:34:00+01:00,1678.26,19.4,29.49,0.0,68.56,False,0,False,False,1,True
2024-02-03 22:35:00+01:00,1676.29,19.39,29.47,0.0,68.56,False,0,False,False,1,True
2024-02-03 22:36:00+01:00,1674.32,19.39,29.45,0.0,68.56,False,0,False,False,1,True
2024-02-03 22:37:00+01:00,1672.36,19.38,29.43,0.0,68.56,False,0,False,False,1,True
2024-02-03 22:38:00+01:00,1670.4,19.37,29.42,0.0,68.56,False,0,False,False,1,True
2024-02-03 22:39:00+01:00,1668.44,19.36,29.4,0.0,68.56,False,0,False,False,1,True
2024-02-03 22:40:00+01:00,1666.49,19.36,29.38,0.0,68.56,False,0,False,False,1,True
2024-02-03 22:41:00+01:00,1664.54,19.35,29.36,0.0,68.56,False,0,False,False,1,True
2024-02-03 22:42:00+01:00,1662.59,19.34,29.34,0.0,68.56,False,0,False,False,1,True
2024-02-03 22:43:00+01:00,1660.65,19.34,29.32,0.0,68.56,False,0,False,False,1,True
2024-02-03 22:44:00+01:00,1658.71,19.33,29.29,0.0,68.56,False,0,False,False,1,True
2024-02-03 22:45:00+01:00,1656.77,19.33,29.27,0.0,68.56,False,0,False,False,1,True
2024-02-03 22:46:00+01:00,1654.84,19.32,29.25,0.0,68.56,False,0,False,False,1,True
2024-02-03 22:47:00+01:00,1652.91,19.32,29.23,0.0,68.56,False,0,False,False,1,True
2024-02-03 22:48:00+01:00,1650.98,19.31,29.21,0.0,68.56,False,0,False,False,1,True
2024-02-03 22:49:00+01:00,1649.06,19.31,29.18,0.0,68.56,False,0,False,False,0,False
2024-02-03 22:50:00+01:00,1647.13,19.3,29.16,0.0,68.56,False,0,False,False,0,False
2024-02-03 22:51:00+01:00,1645.22,19.3,29.14,0.0,68.56,False,0,False,False,0,False
2024-02-03 22:52:00+01:00,1643.3,19.29,29.12,0.0,68.56,False,0,False,False,0,False
2024-02-03 22:53:00+01:00,1641.39,19.29,29.09,0.0,68.56,False,0,False,False,0,False
2024-02-03 22:54:00+01:00,1639.48,19.28,29.07,0.0,68.56,False,0,False,False,0,False
2024-02-03 22:55:00+01:00,1637.57,19.28,29.05,0.0,68.56,False,0,False,False,0,False
2024-02-03 22:56:00+01:00,1635.67,19.28,29.02,0.0,68.56,False,0,False,False,0,False
2024-02-03 22:57:00+01:00,1633.77,19.27,29.0,0.0,68.56,False,0,False,False,0,False
2024-02-03 22:58:00+01:00,1631.87,19.27,28.98,0.0,68.56,False,0,False,False,0,False
2024-02-03 22:59:00+01:00,1629.98,19.26,28.95,0.0,68.56,False,0,False,False,0,False
2024-02-03 23:00:00+01:00,1628.09,19.26,28.93,0.0,68.56,False,0,False,False,0,False
2024-02-03 23:01:00+01:00,1626.2,19.26,28.9,0.0,68.56,False,0,False,False,0,False
2024-02-03 23:02:00+01:00,1624.32,19.25,28.88,0.0,68.56,False,0,False,False,0,False
2024-02-03 23:03:00+01:00,1622.44,19.25,28.86,0.0,68.56,False,0,False,False,0,False
2024-02-03 23:04:00+01:00,1620.56,19.24,28.83,0.0,68.56,False,0,False,False,0,False
2024-02-03 23:05:00+01:00,1618.69,19.24,28.81,0.0,68.56,False,0,False,False,0,False
2024-02-03 23:06:00+01:00,1616.81,19.24,28.78,0.0,68.56,False,0,False,False,0,False
2024-02-03 23:07:00+01:00,1614.95,19.23,28.76,0.0,68.56,False,0,False,False,0,False
2024-02-03 23:08:00+01:00,1613.08,19.23,28.74,0.0,68.56,False,0,False,False,0,False
2024-02-03 23:09:00+01:00,1611.22,19.22,28.71,0.0,68.56,False,0,False,False,0,False
2024-02-03 23:10:00+01:00,1609.36,19.22,28.69,0.0,68.56,False,0,False,False,0,False
2024-02-03 23:11:00+01:00,1607.5,19.22,28.66,0.0,68.56,False,0,False,False,0,False
2024-02-03 23:12:00+01:00,1605.65,19.21,28.64,0.0,68.56,False,0,False,False,0,False
2024-02-03 23:13:00+01:00,1603.8,19.21,28.62,0.0,68.56,False,0,False,False,0,False
2024-02-03 23:14:00+01:00,1601.95,19.21,28.59,0.0,68.56,False,0,False,False,0,False
2024-02-03 23:15:00+01:00,1600.11,19.2,28.57,0.0,68.56,False,0,False,False,0,False
2024-02-03 23:16:00+01:00,1598.26,19.2,28.54,0.0,68.56,False,0,False,False,0,False
2024-02-03 23:17:00+01:00,1596.43,19.2,28.52,0.0,68.56,False,0,False,False,0,False
2024-02-03 23:18:00+01:00,1594.59,19.19,28.49,0.0,68.56,False,0,False,False,0,False
2024-02-03 23:19:00+01:00,1592.76,19.19,28.47,0.0,68.56,False,0,False,False,0,False
2024-02-03 23:20:00+01:00,1590.93,19.19,28.45,0.0,68.56,False,0,False,False,0,False
2024-02-03 23:21:00+01:00,1589.1,19.18,28.42,0.0,68.56,False,0,False,False,0,False
2024-02-03 23:22:00+01:00,1587.28,19.18,28.4,0.0,68.56,False,0,False,False,0,False
2024-02-03 23:23:00+01:00,1585.46,19.18,28.37,0.0,68.56,False,0,False,False,0,False
2024-02-03 23:24:00+01:00,1583.64,19.17,28.35,0.0,68.56,False,0,False,False,0,False
2024-02-03 23:25:00+01:00,1581.83,19.17,28.32,0.0,68.56,False,0,False,False,0,False
2024-02-03 23:26:00+01:00,1580.02,19.16,28.3,0.0,68.56,False,0,False,False,0,False
2024-02-03 23:27:00+01:00,1578.21,19.16,28.28,0.0,68.56,False,0,False,False,0,False
2024-02-03 23:28:00+01:00,1576.4,19.16,28.25,0.0,68.56,False,0,False,False,0,False
2024-02-03 23:29:00+01:00,1574.6,19.15,28.23,0.0,68.56,False,0,False,False,0,False
2024-02-03 23:30:00+01:00,1572.8,19.15,28.2,0.0,68.56,False,0,False,False,0,False
2024-02-03 23:31:00+01:00,1571.0,19.15,28.18,0.0,68.56,False,0,False,False,0,False
2024-02-03 23:32:00+01:00,1569.21,19.14,28.15,0.0,68.56,False,0,False,False,0,False
2024-02-03 23:33:00+01:00,1567.42,19.14,28.13,0.0,68.56,False,0,False,False,0,False
2024-02-03 23:34:00+01:00,1565.63,19.14,28.11,0.0,68.56,False,0,False,False,0,False
2024-02-03 23:35:00+01:00,1563.85,19.13,28.08,0.0,68.56,False,0,False,False,0,False
2024-02-03 23:36:00+01:00,1562.07,19.13,28.06,0.0,68.56,False,0,False,False,0,False
2024-02-03 23:37:00+01:00,1560.29,19.13,28.03,0.0,68.56,False,0,False,False,0,False
2024-02-03 23:38:00+01:00,1558.51,19.12,28.01,0.0,68.56,False,0,False,False,0,False
2024-02-03 23:39:00+01:00,1556.74,19.12,27.99,0.0,68.56,False,0,False,False,0,False
2024-02-03 23:40:00+01:00,1554.97,19.12,27.96,0.0,68.56,False,0,False,False,0,False
2024-02-03 23:41:00+01:00,1553.2,19.12,27.94,0.0,68.56,False,0,False,False,0,False
2024-02-03 23:42:00+01:00,1551.44,19.11,27.91,0.0,68.56,False,0,False,False,0,False
2024-02-03 23:43:00+01:00,1549.67,19.11,27.89,0.0,68.56,False,0,False,False,0,False
2024-02-03 23:44:00+01:00,1547.92,19.11,27.86,0.0,68.56,False,0,False,False,0,False
2024-02-03 23:45:00+01:00,1546.16,19.1,27.84,0.0,68.56,False,0,False,False,0,False
2024-02-03 23:46:00+01:00,1544.41,19.1,27.82,0.0,68.56,False,0,False,False,0,False
2024-02-03 23:47:00+01:00,1542.66,19.1,27.79,0.0,68.56,False,0,False,False,0,False
2024-02-03 23:48:00+01:00,1540.91,19.09,27.77,0.0,68.56,False,0,False,False,0,False
2024-02-03 23:49:00+01:00,1539.17,19.09,27.74,0.0,68.56,False,0,False,False,0,False
2024-02-03 23:50:00+01:00,1537.42,19.09,27.72,0.0,68.56,False,0,False,False,0,False
2024-02-03 23:51:00+01:00,1535.69,19.08,27.7,0.0,68.56,False,0,False,False,0,False
2024-02-03 23:52:00+01:00,1533.95,19.08,27.67,0.0,68.56,False,0,False,False,0,False
2024-02-03 23:53:00+01:00,1532.22,19.08,27.65,0.0,68.56,False,0,False,False,0,False
2024-02-03 23:54:00+01:00,1530.49,19.07,27.62,0.0,68.56,False,0,False,False,0,False
2024-02-03 23:55:00+01:00,1528.76,19.07,27.6,0.0,68.56,False,0,False,False,0,False
2024-02-03 23:56:00+01:00,1527.04,19.07,27.58,0.0,68.56,False,0,False,False,0,False
2024-02-03 23:57:00+01:00,1525.31,19.06,27.55,0.0,68.56,False,0,False,False,0,False
2024-02-03 23:58:00+01:00,1523.6,19.06,27.53,0.0,68.56,False,0,False,False,0,False
2024-02-03 23:59:00+01:00,1521.88,19.06,27.5,0.0,68.56,False,0,False,False,0,False
2024-02-04 00:00:00+01:00,1520.17,19.05,27.48,0.0,68.56,False,0,False,False,0,False
2024-02-04 00:01:00+01:00,1518.46,19.05,27.46,0.0,68.56,False,0,False,False,0,False
2024-02-04 00:02:00+01:00,1516.75,19.05,27.43,0.0,68.56,False,0,False,False,0,False
2024-02-04 00:03:00+01:00,1515.04,19.05,27.41,0.0,68.56,False,0,False,False,0,False
2024-02-04 00:04:00+01:00,1513.34,19.04,27.39,0.0,68.56,False,0,False,False,0,False
2024-02-04 00:05:00+01:00,1511.64,19.04,27.36,0.0,68.56,False,0,False,False,0,False
2024-02-04 00:06:00+01:00,1509.95,19.04,27.34,0.0,68.56,False,0,False,False,0,False
2024-02-04 00:07:00+01:00,1508.25,19.03,27.31,0.0,68.56,False,0,False,False,0,False
2024-02-04 00:08:00+01:00,1506.56,19.03,27.29,0.0,68.56,False,0,False,False,0,False
2024-02-04 00:09:00+01:00,1504.87,19.03,27.27,0.0,68.56,False,0,False,False,0,False
2024-02-04 00:10:00+01:00,1503.19,19.02,27.24,0.0,68.56,False,0,False,False,0,False
2024-02-04 00:11:00+01:00,1501.51,19.02,27.22,0.0,68.56,False,0,False,False,0,False
2024-02-04 00:12:00+01:00,1499.83,19.02,27.2,0.0,68.56,False,0,False,False,0,False
2024-02-04 00:13:00+01:00,1498.15,19.02,27.17,0.0,68.56,False,0,False,False,0,False
2024-02-04 00:14:00+01:00,1496.48,19.01,27.15,0.0,68.56,False,0,False,False,0,False
2024-02-04 00:15:00+01:00,1494.8,19.01,27.12,0.0,68.56,False,0,False,False,0,False
2024-02-04 00:16:00+01:00,1493.14,19.01,27.1,0.0,68.56,False,0,False,False,0,False
2024-02-04 00:17:00+01:00,1491.47,19.0,27.08,0.0,68.56,False,0,False,False,0,False
2024-02-04 00:18:00+01:00,1489.81,19.0,27.05,0.0,68.56,False,0,False,False,0,False
2024-02-04 00:19:00+01:00,1488.15,19.0,27.03,0.0,68.56,False,0,False,False,0,False
2024-02-04 00:20:00+01:00,1486.49,18.99,27.01,0.0,68.56,False,0,False,False,0,False
2024-02-04 00:21:00+01:00,1484.83,18.99,26.98,0.0,68.56,False,0,False,False,0,False
2024-02-04 00:22:00+01:00,1483.18,18.99,26.96,0.0,68.56,False,0,False,False,0,False
2024-02-04 00:23:00+01:00,1481.53,18.99,26.94,0.0,68.56,False,0,False,False,0,False
2024-02-04 00:24:00+01:00,1479.89,18.98,26.91,0.0,68.56,False,0,False,False,0,False
2024-02-04 00:25:00+01:00,1478.24,18.98,26.89,0.0,68.56,False,0,False,False,0,False
2024-02-04 00:26:00+01:00,1476.6,18.98,26.86,0.0,68.56,False,0,False,False,0,False
2024-02-04 00:27:00+01:00,1474.96,18.97,26.84,0.0,68.56,False,0,False,False,0,False
2024-02-04 00:28:00+01:00,1473.32,18.97,26.82,0.0,68.56,False,0,False,False,0,False
2024-02-04 00:29:00+01:00,1471.69,18.97,26.79,0.0,68.56,False,0,False,False,0,False
2024-02-04 00:30:00+01:00,1470.06,18.96,26.77,0.0,68.56,False,0,False,False,0,False
2024-02-04 00:31:00+01:00,1468.43,18.96,26.75,0.0,68.56,False,0,False,False,0,False
2024-02-04 00:32:00+01:00,1466.81,18.96,26.72,0.0,68.56,False,0,False,False,0,False
2024-02-04 00:33:00+01:00,1465.18,18.96,26.7,0.0,68.56,False,0,False,False,0,False
2024-02-04 00:34:00+01:00,1463.56,18.95,26.68,0.0,68.56,False,0,False,False,0,False
2024-02-04 00:35:00+01:00,1461.95,18.95,26.65,0.0,68.56,False,0,False,False,0,False
2024-02-04 00:36:00+01:00,1460.33,18.95,26.63,0.0,68.56,False,0,False,False,0,False
2024-02-04 00:37:00+01:00,1458.72,18.94,26.61,0.0,68.56,False,0,False,False,0,False
2024-02-04 00:38:00+01:00,1457.11,18.94,26.58,0.0,68.56,False,0,False,False,0,False
2024-02-04 00:39:00+01:00,1455.5,18.94,26.56,0.0,68.56,False,0,False,False,0,False
2024-02-04 00:40:00+01:00,1453.9,18.94,26.54,0.0,68.56,False,0,False,False,0,False
2024-02-04 00:41:00+01:00,1452.3,18.93,26.51,0.0,68.56,False,0,False,False,0,False
2024-02-04 00:42:00+01:00,1450.7,18.93,26.49,0.0,68.56,False,0,False,False,0,False
2024-02-04 00:43:00+01:00,1449.1,18.93,26.47,0.0,68.56,False,0,False,False,0,False
2024-02-04 00:44:00+01:00,1447.51,18.92,26.44,0.0,68.56,False,0,False,False,0,False
2024-02-04 00:45:00+01:00,1445.92,18.92,26.42,0.0,68.56,False,0,False,False,0,False
2024-02-04 00:46:00+01:00,1444.33,18.92,26.4,0.0,68.56,False,0,False,False,0,False
2024-02-04 00:47:00+01:00,1442.74,18.91,26.38,0.0,68.56,False,0,False,False,0,False
2024-02-04 00:48:00+01:00,1441.16,18.91,26.35,0.0,68.56,False,0,False,False,0,False
2024-02-04 00:49:00+01:00,1439.58,18.91,26.33,0.0,68.56,False,0,False,False,0,False
2024-02-04 00:50:00+01:00,1438.0,18.91,26.31,0.0,68.56,False,0,False,False,0,False
2024-02-04 00:51:00+01:00,1436.42,18.9,26.28,0.0,68.56,False,0,False,False,0,False
2024-02-04 00:52:00+01:00,1434.85,18.9,26.26,0.0,68.56,False,0,False,False,0,False
2024-02-04 00:53:00+01:00,1433.28,18.9,26.24,0.0,68.56,False,0,False,False,0,False
2024-02-04 00:54:00+01:00,1431.71,18.89,26.21,0.0,68.56,False,0,False,False,0,False
2024-02-04 00:55:00+01:00,1430.15,18.89,26.19,0.0,68.56,False,0,False,False,0,False
2024-02-04 00:56:00+01:00,1428.59,18.89,26.17,0.0,68.56,False,0,False,False,0,False
2024-02-04 00:57:00+01:00,1427.03,18.89,26.15,0.0,68.56,False,0,False,False,0,False
2024-02-04 00:58:00+01:00,1425.47,18.88,26.12,0.0,68.56,False,0,False,False,0,False
2024-02-04 00:59:00+01:00,1423.91,18.88,26.1,0.0,68.56,False,0,False,False,0,False
2024-02-04 01:00:00+01:00,1422.36,18.88,26.08,0.0,68.56,False,0,False,False,0,False
2024-02-04 01:01:00+01:00,1420.81,18.87,26.05,0.0,68.56,False,0,False,False,0,False
2024-02-04 01:02:00+01:00,1419.26,18.87,26.03,0.0,68.56,False,0,False,False,0,False
2024-02-04 01:03:00+01:00,1417.72,18.87,26.01,0.0,68.56,False,0,False,False,0,False
2024-02-04 01:04:00+01:00,1416.18,18.87,25.99,0.0,68.56,False,0,False,False,0,False
2024-02-04 01:05:00+01:00,1414.64,18.86,25.96,0.0,68.56,False,0,False,False,0,False
2024-02-04 01:06:00+01:00,1413.1,18.86,25.94,0.0,68.56,False,0,False,False,0,False
2024-02-04 01:07:00+01:00,1411.56,18.86,25.92,0.0,68.56,False,0,False,False,0,False
2024-02-04 01:08:00+01:00,1410.03,18.86,25.89,0.0,68.56,False,0,False,False,0,False
2024-02-04 01:09:00+01:00,1408.5,18.85,25.87,0.0,68.56,False,0,False,False,0,False
2024-02-04 01:10:00+01:00,1406.97,18.85,25.85,0.0,68.56,False,0,False,False,0,False
2024-02-04 01:11:00+01:00,1405.45,18.85,25.83,0.0,68.56,False,0,False,False,0,False
2024-02-04 01:12:00+01:00,1403.93,18.84,25.8,0.0,68.56,False,0,False,False,0,False
2024-02-04 01:13:00+01:00,1402.41,18.84,25.78,0.0,68.56,False,0,False,False,0,False
2024-02-04 01:14:00+01:00,1400.89,18.84,25.76,0.0,68.56,False,0,False,False,0,False
2024-02-04 01:15:00+01:00,1399.38,18.84,25.74,0.0,68.56,False,0,False,False,0,False
2024-02-04 01:16:00+01:00,1397.86,18.83,25.71,0.0,68.56,False,0,False,False,0,False
2024-02-04 01:17:00+01:00,1396.35,18.83,25.69,0.0,68.56,False,0,False,False,0,False
2024-02-04 01:18:00+01:00,1394.85,18.83,25.67,0.0,68.56,False,0,False,False,0,False
2024-02-04 01:19:00+01:00,1393.34,18.82,25.65,0.0,68.56,False,0,False,False,0,False
2024-02-04 01:20:00+01:00,1391.84,18.82,25.62,0.0,68.56,False,0,False,False,0,False
2024-02-04 01:21:00+01:00,1390.34,18.82,25.6,0.0,68.56,False,0,False,False,0,False
2024-02-04 01:22:00+01:00,1388.84,18.82,25.58,0.0,68.56,False,0,False,False,0,False
2024-02-04 01:23:00+01:00,1387.35,18.81,25.56,0.0,68.56,False,0,False,False,0,False
2024-02-04 01:24:00+01:00,1385.85,18.81,25.53,0.0,68.56,False,0,False,False,0,False
2024-02-04 01:25:00+01:00,1384.36,18.81,25.51,0.0,68.56,False,0,False,False,0,False
2024-02-04 01:26:00+01:00,1382.87,18.8,25.49,0.0,68.56,False,0,False,False,0,False
2024-02-04 01:27:00+01:00,1381.39,18.8,25.47,0.0,68.56,False,0,False,False,0,False
2024-02-04 01:28:00+01:00,1379.91,18.8,25.44,0.0,68.56,False,0,False,False,0,False
2024-02-04 01:29:00+01:00,1378.43,18.8,25.42,0.0,68.56,False,0,False,False,0,False
2024-02-04 01:30:00+01:00,1376.95,18.79,25.4,0.0,68.56,False,0,False,False,0,False
2024-02-04 01:31:00+01:00,1375.47,18.79,25.38,0.0,68.56,False,0,False,False,0,False
2024-02-04 01:32:00+01:00,1374.0,18.79,25.35,0.0,68.56,False,0,False,False,0,False
2024-02-04 01:33:00+01:00,1372.53,18.79,25.33,0.0,68.56,False,0,False,False,0,False
2024-02-04 01:34:00+01:00,1371.06,18.78,25.31,0.0,68.56,False,0,False,False,0,False
2024-02-04 01:35:00+01:00,1369.59,18.78,25.29,0.0,68.56,False,0,False,False,0,False
2024-02-04 01:36:00+01:00,1368.13,18.78,25.27,0.0,68.56,False,0,False,False,0,False
2024-02-04 01:37:00+01:00,1366.67,18.77,25.24,0.0,68.56,False,0,False,False,0,False
2024-02-04 01:38:00+01:00,1365.21,18.77,25.22,0.0,68.56,False,0,False,False,0,False
2024-02-04 01:39:00+01:00,1363.75,18.77,25.2,0.0,68.56,False,0,False,False,0,False
2024-02-04 01:40:00+01:00,1362.3,18.77,25.18,0.0,68.56,False,0,False,False,0,False
2024-02-04 01:41:00+01:00,1360.85,18.76,25.16,0.0,68.56,False,0,False,False,0,False
2024-02-04 01:42:00+01:00,1359.4,18.76,25.13,0.0,68.56,False,0,False,False,0,False
2024-02-04 01:43:00+01:00,1357.95,18.76,25.11,0.0,68.56,False,0,False,False,0,False
2024-02-04 01:44:00+01:00,1356.5,18.75,25.09,0.0,68.56,False,0,False,False,0,False
2024-02-04 01:45:00+01:00,1355.06,18.75,25.07,0.0,68.56,False,0,False,False,0,False
2024-02-04 01:46:00+01:00,1353.62,18.75,25.04,0.0,68.56,False,0,False,False,0,False
2024-02-04 01:47:00+01:00,1352.18,18.75,25.02,0.0,68.56,False,0,False,False,0,False
2024-02-04 01:48:00+01:00,1350.75,18.74,25.0,0.0,68.56,False,0,False,False,0,False
2024-02-04 01:49:00+01:00,1349.32,18.74,24.98,0.0,68.56,False,0,False,False,0,False
2024-02-04 01:50:00+01:00,1347.89,18.74,24.96,0.0,68.56,False,0,False,False,0,False
2024-02-04 01:51:00+01:00,1346.46,18.74,24.94,0.0,68.56,False,0,False,False,0,False
2024-02-04 01:52:00+01:00,1345.03,18.73,24.91,0.0,68.56,False,0,False,False,0,False
2024-02-04 01:53:00+01:00,1343.61,18.73,24.89,0.0,68.56,False,0,False,False,0,False
2024-02-04 01:54:00+01:00,1342.19,18.73,24.87,0.0,68.56,False,0,False,False,0,False
2024-02-04 01:55:00+01:00,1340.77,18.72,24.85,0.0,68.56,False,0,False,False,0,False
2024-02-04 01:56:00+01:00,1339.35,18.72,24.83,0.0,68.56,False,0,False,False,0,False
2024-02-04 01:57:00+01:00,1337.94,18.72,24.8,0.0,68.56,False,0,False,False,0,False
2024-02-04 01:58:00+01:00,1336.53,18.72,24.78,0.0,68.56,False,0,False,False,0,False
2024-02-04 01:59:00+01:00,1335.12,18.71,24.76,0.0,68.56,False,0,False,False,0,False
2024-02-04 02:00:00+01:00,1333.71,18.71,24.74,0.0,68.56,False,0,False,False,0,False
2024-02-04 02:01:00+01:00,1332.3,18.71,24.72,0.0,68.56,False,0,False,False,0,False
2024-02-04 02:02:00+01:00,1330.9,18.71,24.7,0.0,68.56,False,0,False,False,0,False
2024-02-04 02:03:00+01:00,1329.5,18.7,24.67,0.0,68.56,False,0,False,False,0,False
2024-02-04 02:04:00+01:00,1328.1,18.7,24.65,0.0,68.56,False,0,False,False,0,False
2024-02-04 02:05:00+01:00,1326.71,18.7,24.63,0.0,68.56,False,0,False,False,0,False
2024-02-04 02:06:00+01:00,1325.31,18.69,24.61,0.0,68.56,False,0,False,False,0,False
2024-02-04 02:07:00+01:00,1323.92,18.69,24.59,0.0,68.56,False,0,False,False,0,False
2024-02-04 02:08:00+01:00,1322.53,18.69,24.57,0.0,68.56,False,0,False,False,0,False
2024-02-04 02:09:00+01:00,1321.14,18.69,24.54,0.0,68.56,False,0,False,False,0,False
2024-02-04 02:10:00+01:00,1319.76,18.68,24.52,0.0,68.56,False,0,False,False,0,False
2024-02-04 02:11:00+01:00,1318.38,18.68,24.5,0.0,68.56,False,0,False,False,0,False
2024-02-04 02:12:00+01:00,1317.0,18.68,24.48,0.0,68.56,False,0,False,False,0,False
2024-02-04 02:13:00+01:00,1315.62,18.68,24.46,0.0,68.56,False,0,False,False,0,False
2024-02-04 02:14:00+01:00,1314.24,18.67,24.44,0.0,68.56,False,0,False,False,0,False
2024-02-04 02:15:00+01:00,1312.87,18.67,24.41,0.0,68.56,False,0,False,False,0,False
2024-02-04 02:16:00+01:00,1311.5,18.67,24.39,0.0,68.56,False,0,False,False,0,False
2024-02-04 02:17:00+01:00,1310.13,18.67,24.37,0.0,68.56,False,0,False,False,0,False
2024-02-04 02:18:00+01:00,1308.76,18.66,24.35,0.0,68.56,False,0,False,False,0,False
2024-02-04 02:19:00+01:00,1307.4,18.66,24.33,0.0,68.56,False,0,False,False,0,False
2024-02-04 02:20:00+01:00,1306.04,18.66,24.31,0.0,68.56,False,0,False,False,0,False
2024-02-04 02:21:00+01:00,1304.68,18.65,24.28,0.0,68.56,False,0,False,False,0,False
2024-02-04 02:22:00+01:00,1303.32,18.65,24.26,0.0,68.56,False,0,False,False,0,False
2024-02-04 02:23:00+01:00,1301.97,18.65,24.24,0.0,68.56,False,0,False,False,0,False
2024-02-04 02:24:00+01:00,1300.61,18.65,24.22,0.0,68.56,False,0,False,False,0,False
2024-02-04 02:25:00+01:00,1299.26,18.64,24.2,0.0,68.56,False,0,False,False,0,False
2024-02-04 02:26:00+01:00,1297.91,18.64,24.18,0.0,68.56,False,0,False,False,0,False
2024-02-04 02:27:00+01:00,1296.57,18.64,24.16,0.0,68.56,False,0,False,False,0,False
2024-02-04 02:28:00+01:00,1295.22,18.64,24.14,0.0,68.56,False,0,False,False,0,False
2024-02-04 02:29:00+01:00,1293.88,18.63,24.11,0.0,68.56,False,0,False,False,0,False
2024-02-04 02:30:00+01:00,1292.54,18.63,24.09,0.0,68.56,False,0,False,False,0,False
2024-02-04 02:31:00+01:00,1291.2,18.63,24.07,0.0,68.56,False,0,False,False,0,False
2024-02-04 02:32:00+01:00,1289.87,18.62,24.05,0.0,68.56,False,0,False,False,0,False
2024-02-04 02:33:00+01:00,1288.53,18.62,24.03,0.0,68.56,False,0,False,False,0,False
2024-02-04 02:34:00+01:00,1287.2,18.62,24.01,0.0,68.56,False,0,False,False,0,False
2024-02-04 02:35:00+01:00,1285.87,18.62,23.99,0.0,68.56,False,0,False,False,0,False
2024-02-04 02:36:00+01:00,1284.55,18.61,23.96,0.0,68.56,False,0,False,False,0,False
2024-02-04 02:37:00+01:00,1283.22,18.61,23.94,0.0,68.56,False,0,False,False,0,False
2024-02-04 02:38:00+01:00,1281.9,18.61,23.92,0.0,68.56,False,0,False,False,0,False
2024-02-04 02:39:00+01:00,1280.58,18.61,23.9,0.0,68.56,False,0,False,False,0,False
2024-02-04 02:40:00+01:00,1279.26,18.6,23.88,0.0,68.56,False,0,False,False,0,False
2024-02-04 02:41:00+01:00,1277.94,18.6,23.86,0.0,68.56,False,0,False,False,0,False
2024-02-04 02:42:00+01:00,1276.63,18.6,23.84,0.0,68.56,False,0,False,False,0,False
2024-02-04 02:43:00+01:00,1275.32,18.6,23.82,0.0,68.56,False,0,False,False,0,False
2024-02-04 02:44:00+01:00,1274.01,18.59,23.79,0.0,68.56,False,0,False,False,0,False
2024-02-04 02:45:00+01:00,1272.7,18.59,23.77,0.0,68.56,False,0,False,False,0,False
2024-02-04 02:46:00+01:00,1271.39,18.59,23.75,0.0,68.56,False,0,False,False,0,False
2024-02-04 02:47:00+01:00,1270.09,18.58,23.73,0.0,68.56,False,0,False,False,0,False
2024-02-04 02:48:00+01:00,1268.79,18.58,23.71,0.0,68.56,False,0,False,False,0,False
2024-02-04 02:49:00+01:00,1267.49,18.58,23.69,0.0,68.56,False,0,False,False,0,False
2024-02-04 02:50:00+01:00,1266.19,18.58,23.67,0.0,68.56,False,0,False,False,0,False
2024-02-04 02:51:00+01:00,1264.9,18.57,23.65,0.0,68.56,False,0,False,False,0,False
2024-02-04 02:52:00+01:00,1263.61,18.57,23.63,0.0,68.56,False,0,False,False,0,False
2024-02-04 02:53:00+01:00,1262.32,18.57,23.61,0.0,68.56,False,0,False,False,0,False
2024-02-04 02:54:00+01:00,1261.03,18.57,23.58,0.0,68.56,False,0,False,False,0,False
2024-02-04 02:55:00+01:00,1259.74,18.56,23.56,0.0,68.56,False,0,False,False,0,False
2024-02-04 02:56:00+01:00,1258.46,18.56,23.54,0.0,68.56,False,0,False,False,0,False
2024-02-04 02:57:00+01:00,1257.18,18.56,23.52,0.0,68.56,False,0,False,False,0,False
2024-02-04 02:58:00+01:00,1255.9,18.56,23.5,0.0,68.56,False,0,False,False,0,False
2024-02-04 02:59:00+01:00,1254.62,18.55,23.48,0.0,68.56,False,0,False,False,0,False
2024-02-04 03:00:00+01:00,1253.34,18.55,23.46,0.0,68.56,False,0,False,False,0,False
2024-02-04 03:01:00+01:00,1252.07,18.55,23.44,0.0,68.56,False,0,False,False,0,False
2024-02-04 03:02:00+01:00,1250.8,18.54,23.42,0.0,68.56,False,0,False,False,0,False
2024-02-04 03:03:00+01:00,1249.53,18.54,23.4,0.0,68.56,False,0,False,False,0,False
2024-02-04 03:04:00+01:00,1248.26,18.54,23.37,0.0,68.56,False,0,False,False,0,False
2024-02-04 03:05:00+01:00,1246.99,18.54,23.35,0.0,68.56,False,0,False,False,0,False
2024-02-04 03:06:00+01:00,1245.73,18.53,23.33,0.0,68.56,False,0,False,False,0,False
2024-02-04 03:07:00+01:00,1244.47,18.53,23.31,0.0,68.56,False,0,False,False,0,False
2024-02-04 03:08:00+01:00,1243.21,18.53,23.29,0.0,68.56,False,0,False,False,0,False
2024-02-04 03:09:00+01:00,1241.95,18.53,23.27,0.0,68.56,False,0,False,False,0,False
2024-02-04 03:10:00+01:00,1240.7,18.52,23.25,0.0,68.56,False,0,False,False,0,False
2024-02-04 03:11:00+01:00,1239.45,18.52,23.23,0.0,68.56,False,0,False,False,0,False
2024-02-04 03:12:00+01:00,1238.2,18.52,23.21,0.0,68.56,False,0,False,False,0,False
2024-02-04 03:13:00+01:00,1236.95,18.52,23.19,0.0,68.56,False,0,False,False,0,False
2024-02-04 03:14:00+01:00,1235.7,18.51,23.17,0.0,68.56,False,0,False,False,0,False
2024-02-04 03:15:00+01:00,1234.45,18.51,23.15,0.0,68.56,False,0,False,False,0,False
2024-02-04 03:16:00+01:00,1233.21,18.51,23.12,0.0,68.56,False,0,False,False,0,False
2024-02-04 03:17:00+01:00,1231.97,18.51,23.1,0.0,68.56,False,0,False,False,0,False
2024-02-04 03:18:00+01:00,1230.73,18.5,23.08,0.0,68.56,False,0,False,False,0,False
2024-02-04 03:19:00+01:00,1229.5,18.5,23.06,0.0,68.56,False,0,False,False,0,False
2024-02-04 03:20:00+01:00,1228.26,18.5,23.04,0.0,68.56,False,0,False,False,0,False
2024-02-04 03:21:00+01:00,1227.03,18.49,23.02,0.0,68.56,False,0,False,False,0,False
2024-02-04 03:22:00+01:00,1225.8,18.49,23.0,0.0,68.56,False,0,False,False,0,False
2024-02-04 03:23:00+01:00,1224.57,18.49,22.98,0.0,68.56,False,0,False,False,0,False
2024-02-04 03:24:00+01:00,1223.34,18.49,22.96,0.0,68.56,False,0,False,False,0,False
2024-02-04 03:25:00+01:00,1222.12,18.48,22.94,0.0,68.56,False,0,False,False,0,False
2024-02-04 03:26:00+01:00,1220.9,18.48,22.92,0.0,68.56,False,0,False,False,0,False
2024-02-04 03:27:00+01:00,1219.68,18.48,22.9,0.0,68.56,False,0,False,False,0,False
2024-02-04 03:28:00+01:00,1218.46,18.48,22.88,0.0,68.56,False,0,False,False,0,False
2024-02-04 03:29:00+01:00,1217.24,18.47,22.86,0.0,68.56,False,0,False,False,0,False
2024-02-04 03:30:00+01:00,1216.03,18.47,22.84,0.0,68.56,False,0,False,False,0,False
2024-02-04 03:31:00+01:00,1214.82,18.47,22.82,0.0,68.56,False,0,False,False,0,False
2024-02-04 03:32:00+01:00,1213.6,18.47,22.8,0.0,68.56,False,0,False,False,0,False
2024-02-04 03:33:00+01:00,1212.4,18.46,22.77,0.0,68.56,False,0,False,False,0,False
2024-02-04 03:34:00+01:00,1211.19,18.46,22.75,0.0,68.56,False,0,False,False,0,False
2024-02-04 03:35:00+01:00,1209.99,18.46,22.73,0.0,68.56,False,0,False,False,0,False
2024-02-04 03:36:00+01:00,1208.78,18.46,22.71,0.0,68.56,False,0,False,False,0,False
2024-02-04 03:37:00+01:00,1207.58,18.45,22.69,0.0,68.56,False,0,False,False,0,False
2024-02-04 03:38:00+01:00,1206.38,18.45,22.67,0.0,68.56,False,0,False,False,0,False
2024-02-04 03:39:00+01:00,1205.19,18.45,22.65,0.0,68.56,False,0,False,False,0,False
2024-02-04 03:40:00+01:00,1203.99,18.45,22.63,0.0,68.56,False,0,False,False,0,False
2024-02-04 03:41:00+01:00,1202.8,18.44,22.61,0.0,68.56,False,0,False,False,0,False
2024-02-04 03:42:00+01:00,1201.61,18.44,22.59,0.0,68.56,False,0,False,False,0,False
2024-02-04 03:43:00+01:00,1200.42,18.44,22.57,0.0,68.56,False,0,False,False,0,False
2024-02-04 03:44:00+01:00,1199.23,18.44,22.55,0.0,68.56,False,0,False,False,0,False
2024-02-04 03:45:00+01:00,1198.05,18.43,22.53,0.0,68.56,False,0,False,False,0,False
2024-02-04 03:46:00+01:00,1196.87,18.43,22.51,0.0,68.56,False,0,False,False,0,False
2024-02-04 03:47:00+01:00,1195.69,18.43,22.49,0.0,68.56,False,0,False,False,0,False
2024-02-04 03:48:00+01:00,1194.51,18.42,22.47,0.0,68.56,False,0,False,False,0,False
2024-02-04 03:49:00+01:00,1193.33,18.42,22.45,0.0,68.56,False,0,False,False,0,False
2024-02-04 03:50:00+01:00,1192.15,18.42,22.43,0.0,68.56,False,0,False,False,0,False
2024-02-04 03:51:00+01:00,1190.98,18.42,22.41,0.0,68.56,False,0,False,False,0,False
2024-02-04 03:52:00+01:00,1189.81,18.41,22.39,0.0,68.56,False,0,False,False,0,False
2024-02-04 03:53:00+01:00,1188.64,18.41,22.37,0.0,68.56,False,0,False,False,0,False
2024-02-04 03:54:00+01:00,1187.47,18.41,22.35,0.0,68.56,False,0,False,False,0,False
2024-02-04 03:55:00+01:00,1186.31,18.41,22.33,0.0,68.56,False,0,False,False,0,False
2024-02-04 03:56:00+01:00,1185.14,18.4,22.31,0.0,68.56,False,0,False,False,0,False
2024-02-04 03:57:00+01:00,1183.98,18.4,22.29,0.0,68.56,False,0,False,False,0,False
2024-02-04 03:58:00+01:00,1182.82,18.4,22.27,0.0,68.56,False,0,False,False,0,False
2024-02-04 03:59:00+01:00,1181.67,18.4,22.25,0.0,68.56,False,0,False,False,0,False
2024-02-04 04:00:00+01:00,1180.51,18.39,22.23,0.0,68.56,False,0,False,False,0,False
2024-02-04 04:01:00+01:00,1179.36,18.39,22.21,0.0,68.56,False,0,False,False,0,False
2024-02-04 04:02:00+01:00,1178.2,18.39,22.19,0.0,68.56,False,0,False,False,0,False
2024-02-04 04:03:00+01:00,1177.05,18.39,22.17,0.0,68.56,False,0,False,False,0,False
2024-02-04 04:04:00+01:00,1175.9,18.38,22.15,0.0,68.56,False,0,False,False,0,False
2024-02-04 04:05:00+01:00,1174.76,18.38,22.13,0.0,68.56,False,0,False,False,0,False
2024-02-04 04:06:00+01:00,1173.61,18.38,22.11,0.0,68.56,False,0,False,False,0,False
2024-02-04 04:07:00+01:00,1172.47,18.38,22.09,0.0,68.56,False,0,False,False,0,False
2024-02-04 04:08:00+01:00,1171.33,18.37,22.07,0.0,68.56,False,0,False,False,0,False
2024-02-04 04:09:00+01:00,1170.19,18.37,22.05,0.0,68.56,False,0,False,False,0,False
2024-02-04 04:10:00+01:00,1169.05,18.37,22.03,0.0,68.56,False,0,False,False,0,False
2024-02-04 04:11:00+01:00,1167.92,18.37,22.01,0.0,68.56,False,0,False,False,0,False
2024-02-04 04:12:00+01:00,1166.79,18.36,21.99,0.0,68.56,False,0,False,False,0,False
2024-02-04 04:13:00+01:00,1165.65,18.36,21.97,0.0,68.56,False,0,False,False,0,False
2024-02-04 04:14:00+01:00,1164.52,18.36,21.95,0.0,68.56,False,0,False,False,0,False
2024-02-04 04:15:00+01:00,1163.4,18.35,21.93,0.0,68.56,False,0,False,False,0,False
2024-02-04 04:16:00+01:00,1162.27,18.35,21.91,0.0,68.56,False,0,False,False,0,False
2024-02-04 04:17:00+01:00,1161.15,18.35,21.89,0.0,68.56,False,0,False,False,0,False
2024-02-04 04:18:00+01:00,1160.02,18.35,21.87,0.0,68.56,False,0,False,False,0,False
2024-02-04 04:19:00+01:00,1158.9,18.34,21.85,0.0,68.56,False,0,False,False,0,False
2024-02-04 04:20:00+01:00,1157.78,18.34,21.83,0.0,68.56,False,0,False,False,0,False
2024-02-04 04:21:00+01:00,1156.67,18.34,21.81,0.0,68.56,False,0,False,False,0,False
2024-02-04 04:22:00+01:00,1155.55,18.34,21.79,0.0,68.56,False,0,False,False,0,False
2024-02-04 04:23:00+01:00,1154.44,18.33,21.77,0.0,68.56,False,0,False,False,0,False
2024-02-04 04:24:00+01:00,1153.33,18.33,21.75,0.0,68.56,False,0,False,False,0,False
2024-02-04 04:25:00+01:00,1152.22,18.33,21.73,0.0,68.56,False,0,False,False,0,False
2024-02-04 04:26:00+01:00,1151.11,18.33,21.71,0.0,68.56,False,0,False,False,0,False
2024-02-04 04:27:00+01:00,1150.01,18.32,21.69,0.0,68.56,False,0,False,False,0,False
2024-02-04 04:28:00+01:00,1148.9,18.32,21.67,0.0,68.56,False,0,False,False,0,False
2024-02-04 04:29:00+01:00,1147.8,18.32,21.66,0.0,68.56,False,0,False,False,0,False
2024-02-04 04:30:00+01:00,1146.7,18.32,21.64,0.0,68.56,False,0,False,False,0,False
2024-02-04 04:31:00+01:00,1145.6,18.31,21.62,0.0,68.56,False,0,False,False,0,False
2024-02-04 04:32:00+01:00,1144.5,18.31,21.6,0.0,68.56,False,0,False,False,0,False
2024-02-04 04:33:00+01:00,1143.41,18.31,21.58,0.0,68.56,False,0,False,False,0,False
2024-02-04 04:34:00+01:00,1142.32,18.3,21.56,0.0,68.56,False,0,False,False,0,False
2024-02-04 04:35:00+01:00,1141.22,18.3,21.54,0.0,68.56,False,0,False,False,0,False
2024-02-04 04:36:00+01:00,1140.13,18.3,21.52,0.0,68.56,False,0,False,False,0,False
2024-02-04 04:37:00+01:00,1139.05,18.3,21.5,0.0,68.56,False,0,False,False,0,False
2024-02-04 04:38:00+01:00,1137.96,18.29,21.48,0.0,68.56,False,0,False,False,0,False
2024-02-04 04:39:00+01:00,1136.88,18.29,21.46,0.0,68.56,False,0,False,False,0,False
2024-02-04 04:40:00+01:00,1135.79,18.29,21.44,0.0,68.56,False,0,False,False,0,False
2024-02-04 04:41:00+01:00,1134.71,18.29,21.42,0.0,68.56,False,0,False,False,0,False
2024-02-04 04:42:00+01:00,1133.63,18.28,21.4,0.0,68.56,False,0,False,False,0,False
2024-02-04 04:43:00+01:00,1132.56,18.28,21.38,0.0,68.56,False,0,False,False,0,False
2024-02-04 04:44:00+01:00,1131.48,18.28,21.36,0.0,68.56,False,0,False,False,0,False
2024-02-04 04:45:00+01:00,1130.41,18.28,21.35,0.0,68.56,False,0,False,False,0,False
2024-02-04 04:46:00+01:00,1129.34,18.27,21.33,0.0,68.56,False,0,False,False,0,False
2024-02-04 04:47:00+01:00,1128.27,18.27,21.31,0.0,68.56,False,0,False,False,0,False
2024-02-04 04:48:00+01:00,1127.2,18.27,21.29,0.0,68.56,False,0,False,False,0,False
2024-02-04 04:49:00+01:00,1126.13,18.27,21.27,0.0,68.56,False,0,False,False,0,False
2024-02-04 04:50:00+01:00,1125.07,18.26,21.25,0.0,68.56,False,0,False,False,0,False
2024-02-04 04:51:00+01:00,1124.0,18.26,21.23,0.0,68.56,False,0,False,False,0,False
2024-02-04 04:52:00+01:00,1122.94,18.26,21.21,0.0,68.56,False,0,False,False,0,False
2024-02-04 04:53:00+01:00,1121.88,18.25,21.19,0.0,68.56,False,0,False,False,0,False
2024-02-04 04:54:00+01:00,1120.82,18.25,21.17,0.0,68.56,False,0,False,False,0,False
2024-02-04 04:55:00+01:00,1119.77,18.25,21.15,0.0,68.56,False,0,False,False,0,False
2024-02-04 04:56:00+01:00,1118.71,18.25,21.14,0.0,68.56,False,0,False,False,0,False
2024-02-04 04:57:00+01:00,1117.66,18.24,21.12,0.0,68.56,False,0,False,False,0,False
2024-02-04 04:58:00+01:00,1116.61,18.24,21.1,0.0,68.56,False,0,False,False,0,False
2024-02-04 04:59:00+01:00,1115.56,18.24,21.08,0.0,68.56,False,0,False,False,0,False
2024-02-04 05:00:00+01:00,1114.51,18.24,21.06,0.0,68.56,False,0,False,False,0,False
2024-02-04 05:01:00+01:00,1113.47,18.23,21.04,0.0,68.56,False,0,False,False,0,False
2024-02-04 05:02:00+01:00,1112.42,18.23,21.02,0.0,68.56,False,0,False,False,0,False
2024-02-04 05:03:00+01:00,1111.38,18.23,21.0,0.0,68.56,False,0,False,False,0,False
2024-02-04 05:04:00+01:00,1110.34,18.23,20.98,0.0,68.56,False,0,False,False,0,False
2024-02-04 05:05:00+01:00,1109.3,18.22,20.96,0.0,68.56,False,0,False,False,0,False
2024-02-04 05:06:00+01:00,1108.26,18.22,20.95,0.0,68.56,False,0,False,False,0,False
2024-02-04 05:07:00+01:00,1107.23,18.22,20.93,0.0,68.56,False,0,False,False,0,False
2024-02-04 05:08:00+01:00,1106.19,18.22,20.91,0.0,68.56,False,0,False,False,0,False
2024-02-04 05:09:00+01:00,1105.16,18.21,20.89,0.0,68.56,False,0,False,False,0,False
2024-02-04 05:10:00+01:00,1104.13,18.21,20.87,0.0,68.56,False,0,False,False,0,False
2024-02-04 05:11:00+01:00,1103.1,18.21,20.85,0.0,68.56,False,0,False,False,0,False
2024-02-04 05:12:00+01:00,1102.07,18.2,20.83,0.0,68.56,False,0,False,False,0,False
2024-02-04 05:13:00+01:00,1101.05,18.2,20.81,0.0,68.56,False,0,False,False,0,False
2024-02-04 05:14:00+01:00,1100.02,18.2,20.8,0.0,68.56,False,0,False,False,0,False
2024-02-04 05:15:00+01:00,1099.0,18.2,20.78,0.0,68.56,False,0,False,False,0,False
2024-02-04 05:16:00+01:00,1097.98,18.19,20.76,0.0,68.56,False,0,False,False,0,False
2024-02-04 05:17:00+01:00,1096.96,18.19,20.74,0.0,68.56,False,0,False,False,0,False
2024-02-04 05:18:00+01:00,1095.95,18.19,20.72,0.0,68.56,False,0,False,False,0,False
2024-02-04 05:19:00+01:00,1094.93,18.19,20.7,0.0,68.56,False,0,False,False,0,False
2024-02-04 05:20:00+01:00,1093.92,18.18,20.68,0.0,68.56,False,0,False,False,0,False
2024-02-04 05:21:00+01:00,1092.9,18.18,20.67,0.0,68.56,False,0,False,False,0,False
2024-02-04 05:22:00+01:00,1091.89,18.18,20.65,0.0,68.56,False,0,False,False,0,False
2024-02-04 05:23:00+01:00,1090.88,18.18,20.63,0.0,68.56,False,0,False,False,0,False
2024-02-04 05:24:00+01:00,1089.88,18.17,20.61,0.0,68.56,False,0,False,False,0,False
2024-02-04 05:25:00+01:00,1088.87,18.17,20.59,0.0,68.56,False,0,False,False,0,False
2024-02-04 05:26:00+01:00,1087.87,18.17,20.57,0.0,68.56,False,0,False,False,0,False
2024-02-04 05:27:00+01:00,1086.87,18.17,20.56,0.0,68.56,False,0,False,False,0,False
2024-02-04 05:28:00+01:00,1085.87,18.16,20.54,0.0,68.56,False,0,False,False,0,False
2024-02-04 05:29:00+01:00,1084.87,18.16,20.52,0.0,68.56,False,0,False,False,0,False
2024-02-04 05:30:00+01:00,1083.87,18.16,20.5,0.0,68.56,False,0,False,False,0,False
2024-02-04 05:31:00+01:00,1082.87,18.15,20.48,0.0,68.56,False,0,False,False,0,False
2024-02-04 05:32:00+01:00,1081.88,18.15,20.46,0.0,68.56,False,0,False,False,0,False
2024-02-04 05:33:00+01:00,1080.89,18.15,20.45,0.0,68.56,False,0,False,False,0,False
2024-02-04 05:34:00+01:00,1079.9,18.15,20.43,0.0,68.56,False,0,False,False,0,False
2024-02-04 05:35:00+01:00,1078.91,18.14,20.41,0.0,68.56,False,0,False,False,0,False
2024-02-04 05:36:00+01:00,1077.92,18.14,20.39,0.0,68.56,False,0,False,False,0,False
2024-02-04 05:37:00+01:00,1076.93,18.14,20.37,0.0,68.56,False,0,False,False,0,False
2024-02-04 05:38:00+01:00,1075.95,18.14,20.36,0.0,68.56,False,0,False,False,0,False
2024-02-04 05:39:00+01:00,1074.97,18.13,20.34,0.0,68.56,False,0,False,False,0,False
2024-02-04 05:40:00+01:00,1073.98,18.13,20.32,0.0,68.56,False,0,False,False,0,False
2024-02-04 05:41:00+01:00,1073.01,18.13,20.3,0.0,68.56,False,0,False,False,0,False
2024-02-04 05:42:00+01:00,1072.03,18.13,20.28,0.0,68.56,False,0,False,False,0,False
2024-02-04 05:43:00+01:00,1071.05,18.12,20.27,0.0,68.56,False,0,False,False,0,False
2024-02-04 05:44:00+01:00,1070.08,18.12,20.25,0.0,68.56,False,0,False,False,0,False
2024-02-04 05:45:00+01:00,1069.1,18.12,20.23,0.0,68.56,False,0,False,False,0,False
2024-02-04 05:46:00+01:00,1068.13,18.12,20.21,0.0,68.56,False,0,False,False,0,False
2024-02-04 05:47:00+01:00,1067.16,18.11,20.19,0.0,68.56,False,0,False,False,0,False
2024-02-04 05:48:00+01:00,1066.19,18.11,20.18,0.0,68.56,False,0,False,False,0,False
2024-02-04 05:49:00+01:00,1065.23,18.11,20.16,0.0,68.56,False,0,False,False,0,False
2024-02-04 05:50:00+01:00,1064.26,18.1,20.14,0.0,68.56,False,0,False,False,0,False
2024-02-04 05:51:00+01:00,1063.3,18.1,20.12,0.0,68.56,False,0,False,False,0,False
2024-02-04 05:52:00+01:00,1062.34,18.1,20.11,0.0,68.56,False,0,False,False,0,False
2024-02-04 05:53:00+01:00,1061.38,18.1,20.09,0.0,68.56,False,0,False,False,0,False
2024-02-04 05:54:00+01:00,1060.42,18.09,20.07,0.0,68.56,False,0,False,False,0,False
2024-02-04 05:55:00+01:00,1059.46,18.09,20.05,0.0,68.56,False,0,False,False,0,False
2024-02-04 05:56:00+01:00,1058.5,18.09,20.04,0.0,68.56,False,0,False,False,0,False
2024-02-04 05:57:00+01:00,1057.55,18.09,20.02,0.0,68.56,False,0,False,False,0,False
2024-02-04 05:58:00+01:00,1056.6,18.08,20.0,0.0,68.56,False,0,False,False,0,False
2024-02-04 05:59:00+01:00,1055.65,18.08,19.98,0.0,68.56,False,0,False,False,0,False
2024-02-04 06:00:00+01:00,1054.7,18.08,19.97,0.0,68.56,False,0,False,False,0,False
2024-02-04 06:01:00+01:00,1053.75,18.08,19.95,0.0,68.56,False,0,False,False,0,False
2024-02-04 06:02:00+01:00,1052.8,18.07,19.93,0.0,68.56,False,0,False,False,0,False
2024-02-04 06:03:00+01:00,1051.86,18.07,19.91,0.0,68.56,False,0,False,False,0,False
2024-02-04 06:04:00+01:00,1050.91,18.07,19.9,0.0,68.56,False,0,False,False,0,False
2024-02-04 06:05:00+01:00,1049.97,18.06,19.88,0.0,68.56,False,0,False,False,0,False
2024-02-04 06:06:00+01:00,1049.03,18.06,19.86,0.0,68.56,False,0,False,False,0,False
2024-02-04 06:07:00+01:00,1048.09,18.06,19.84,0.0,68.56,False,0,False,False,0,False
2024-02-04 06:08:00+01:00,1047.16,18.06,19.83,0.0,68.56,False,0,False,False,0,False
2024-02-04 06:09:00+01:00,1046.22,18.05,19.81,0.0,68.56,False,0,False,False,0,False
2024-02-04 06:10:00+01:00,1045.29,18.05,19.79,0.0,68.56,False,0,False,False,0,False
2024-02-04 06:11:00+01:00,1044.35,18.05,19.77,0.0,68.56,False,0,False,False,0,False
2024-02-04 06:12:00+01:00,1043.42,18.05,19.76,0.0,68.56,False,0,False,False,0,False
2024-02-04 06:13:00+01:00,1042.49,18.04,19.74,0.0,68.56,False,0,False,False,0,False
2024-02-04 06:14:00+01:00,1041.56,18.04,19.72,0.0,68.56,False,0,False,False,0,False
2024-02-04 06:15:00+01:00,1040.64,18.04,19.71,0.0,68.56,False,0,False,False,0,False
2024-02-04 06:16:00+01:00,1039.71,18.04,19.69,0.0,68.56,False,0,False,False,0,False
2024-02-04 06:17:00+01:00,1038.79,18.03,19.67,0.0,68.56,False,0,False,False,0,False
2024-02-04 06:18:00+01:00,1037.87,18.03,19.65,0.0,68.56,False,0,False,False,0,False
2024-02-04 06:19:00+01:00,1036.95,18.03,19.64,0.0,68.56,False,0,False,False,0,False
2024-02-04 06:20:00+01:00,1036.03,18.02,19.62,0.0,68.56,False,0,False,False,0,False
2024-02-04 06:21:00+01:00,1035.11,18.02,19.6,0.0,68.56,False,0,False,False,0,False
2024-02-04 06:22:00+01:00,1034.19,18.02,19.59,0.0,68.56,False,0,False,False,0,False
2024-02-04 06:23:00+01:00,1033.28,18.02,19.57,0.0,68.56,False,0,False,False,0,False
2024-02-04 06:24:00+01:00,1032.37,18.01,19.55,0.0,68.56,False,0,False,False,0,False
2024-02-04 06:25:00+01:00,1031.45,18.01,19.54,0.0,68.56,False,0,False,False,0,False
2024-02-04 06:26:00+01:00,1030.54,18.01,19.52,0.0,68.56,False,0,False,False,0,False
2024-02-04 06:27:00+01:00,1029.64,18.01,19.5,0.0,68.56,False,0,False,False,0,False
2024-02-04 06:28:00+01:00,1028.73,18.0,19.49,0.0,68.56,False,0,False,False,0,False
2024-02-04 06:29:00+01:00,1027.82,18.0,19.47,0.0,68.56,False,0,False,False,0,False
2024-02-04 06:30:00+01:00,1026.92,18.0,19.45,0.0,68.56,False,0,False,False,0,False
2024-02-04 06:31:00+01:00,1026.02,18.0,19.43,0.0,68.56,False,0,False,False,0,False
2024-02-04 06:32:00+01:00,1025.12,18.0,19.41,0.0,68.56,False,0,False,False,0,False
2024-02-04 06:33:00+01:00,1024.22,18.0,19.39,0.0,68.56,False,0,False,False,0,False
2024-02-04 06:34:00+01:00,1023.32,18.0,19.37,0.0,68.56,False,0,False,False,0,False
2024-02-04 06:35:00+01:00,1022.42,18.0,19.35,0.0,68.56,False,0,False,False,0,False
2024-02-04 06:36:00+01:00,1021.53,18.0,19.33,0.0,68.56,False,0,False,False,0,False
2024-02-04 06:37:00+01:00,1020.63,18.0,19.31,0.0,68.56,False,0,False,False,0,False
2024-02-04 06:38:00+01:00,1019.74,18.0,19.29,0.0,68.56,False,0,False,False,0,False
2024-02-04 06:39:00+01:00,1018.85,18.0,19.27,0.0,68.56,False,0,False,False,0,False
2024-02-04 06:40:00+01:00,1017.96,18.0,19.25,0.0,68.56,False,0,False,False,0,False
2024-02-04 06:41:00+01:00,1017.07,18.0,19.23,0.0,68.56,False,0,False,False,0,False
2024-02-04 06:42:00+01:00,1016.19,18.0,19.21,0.0,68.56,False,0,False,False,0,False
2024-02-04 06:43:00+01:00,1015.3,18.0,19.19,0.0,68.56,False,0,False,False,0,False
2024-02-04 06:44:00+01:00,1014.42,18.0,19.17,0.0,68.56,False,0,False,False,0,False
2024-02-04 06:45:00+01:00,1013.53,18.0,19.15,0.0,68.56,False,0,False,False,0,False
2024-02-04 06:46:00+01:00,1012.65,18.0,19.13,0.0,68.56,False,0,False,False,0,False
2024-02-04 06:47:00+01:00,1011.77,18.0,19.11,0.0,68.56,False,0,False,False,0,False
2024-02-04 06:48:00+01:00,1010.9,18.0,19.09,0.0,68.56,False,0,False,False,0,False
2024-02-04 06:49:00+01:00,1010.02,18.0,19.07,0.0,68.56,False,0,False,False,0,False
2024-02-04 06:50:00+01:00,1009.15,18.0,19.05,0.0,68.56,False,0,False,False,0,False
2024-02-04 06:51:00+01:00,1008.27,18.0,19.03,0.0,68.56,False,0,False,False,0,False
2024-02-04 06:52:00+01:00,1007.4,18.0,19.01,0.0,68.56,False,0,False,False,0,False
2024-02-04 06:53:00+01:00,1006.53,18.0,19.0,0.0,68.56,False,0,False,False,0,False
2024-02-04 06:54:00+01:00,1005.66,18.0,18.98,0.0,68.56,False,0,False,False,0,False
2024-02-04 06:55:00+01:00,1004.79,18.0,18.96,0.0,68.56,False,0,False,False,0,False
2024-02-04 06:56:00+01:00,1003.93,18.0,18.94,0.0,68.56,False,0,False,False,0,False
2024-02-04 06:57:00+01:00,1003.06,18.0,18.92,0.0,68.56,False,0,False,False,0,False
2024-02-04 06:58:00+01:00,1002.2,18.0,18.9,0.0,68.56,False,0,False,False,0,False
2024-02-04 06:59:00+01:00,1001.33,18.0,18.88,0.0,68.56,False,0,False,False,0,False
2024-02-04 07:00:00+01:00,1000.47,18.0,18.86,0.0,68.56,False,0,False,False,0,False
2024-02-04 07:01:00+01:00,999.61,18.0,18.84,0.0,68.56,False,0,False,False,0,False
2024-02-04 07:02:00+01:00,998.76,18.0,18.82,0.0,68.56,False,0,False,False,0,False
2024-02-04 07:03:00+01:00,997.9,18.0,18.8,0.0,68.56,False,0,False,False,0,False
2024-02-04 07:04:00+01:00,997.04,18.0,18.78,0.0,68.56,False,0,False,False,0,False
2024-02-04 07:05:00+01:00,996.19,18.0,18.76,0.0,68.56,False,0,False,False,0,False
2024-02-04 07:06:00+01:00,995.34,18.0,18.75,0.0,68.56,False,0,False,False,0,False
2024-02-04 07:07:00+01:00,994.49,18.0,18.73,0.0,68.56,False,0,False,False,0,False
2024-02-04 07:08:00+01:00,993.64,18.0,18.71,0.0,68.56,False,0,False,False,0,False
2024-02-04 07:09:00+01:00,992.79,18.0,18.69,0.0,68.56,False,0,False,False,0,False
2024-02-04 07:10:00+01:00,991.94,18.0,18.67,0.0,68.56,False,0,False,False,0,False
2024-02-04 07:11:00+01:00,991.1,18.0,18.65,0.0,68.56,False,0,False,False,0,False
2024-02-04 07:12:00+01:00,990.25,18.0,18.63,0.0,68.56,False,0,False,False,0,False
2024-02-04 07:13:00+01:00,989.41,18.0,18.61,0.0,68.56,False,0,False,False,0,False
2024-02-04 07:14:00+01:00,990.4,18.02,18.59,0.0,68.56,True,1,False,False,1,True
2024-02-04 07:15:00+01:00,992.55,18.04,18.58,0.0,68.56,True,1,True,False,1,True
2024-02-04 07:16:00+01:00,995.1,18.07,18.56,0.0,68.56,True,1,True,False,1,True
2024-02-04 07:17:00+01:00,997.69,18.1,18.55,0.0,68.56,True,1,True,False,1,True
2024-02-04 07:18:00+01:00,1000.24,18.12,18.54,0.0,68.56,True,1,True,False,1,True
2024-02-04 07:19:00+01:00,1002.75,18.14,18.53,0.0,68.56,True,1,True,False,1,True
2024-02-04 07:20:00+01:00,1005.24,18.16,18.53,0.0,68.56,True,1,True,False,1,True
2024-02-04 07:21:00+01:00,1007.72,18.18,18.53,0.0,68.56,True,1,True,False,1,True
2024-02-04 07:22:00+01:00,1010.19,18.19,18.52,0.0,68.56,True,1,True,False,1,True
2024-02-04 07:23:00+01:00,1012.67,18.21,18.52,0.0,68.56,True,1,True,False,1,True
2024-02-04 07:24:00+01:00,1015.14,18.23,18.52,0.0,68.56,True,1,True,False,1,True
2024-02-04 07:25:00+01:00,1017.6,18.24,18.52,0.0,68.56,True,1,True,False,1,True
2024-02-04 07:26:00+01:00,1020.06,18.25,18.53,0.0,68.56,True,1,True,False,1,True
2024-02-04 07:27:00+01:00,1022.52,18.27,18.53,0.0,68.56,True,1,True,False,1,True
2024-02-04 07:28:00+01:00,1024.97,18.28,18.54,0.0,68.56,True,1,True,False,1,True
2024-02-04 07:29:00+01:00,1027.42,18.29,18.54,0.0,68.56,True,1,True,False,1,True
2024-02-04 07:30:00+01:00,1029.86,18.3,18.55,0.0,68.56,True,1,True,False,1,True
2024-02-04 07:31:00+01:00,1032.31,18.3,18.56,0.0,68.56,True,1,True,False,1,True
2024-02-04 07:32:00+01:00,1034.74,18.31,18.57,0.0,68.56,True,1,True,False,1,True
2024-02-04 07:33:00+01:00,1037.17,18.32,18.58,0.0,68.56,True,1,True,False,1,True
2024-02-04 07:34:00+01:00,1039.6,18.33,18.59,0.0,68.56,True,1,True,False,1,True
2024-02-04 07:35:00+01:00,1042.02,18.33,18.6,0.0,68.56,True,1,True,False,1,True
2024-02-04 07:36:00+01:00,1044.44,18.34,18.61,0.0,68.56,True,1,True,False,1,True
2024-02-04 07:37:00+01:00,1046.86,18.34,18.62,0.0,68.56,True,1,True,False,1,True
2024-02-04 07:38:00+01:00,1049.27,18.35,18.63,0.0,68.56,True,1,True,False,1,True
2024-02-04 07:39:00+01:00,1051.68,18.35,18.65,0.0,68.56,True,1,True,False,1,True
2024-02-04 07:40:00+01:00,1054.08,18.36,18.66,0.0,68.56,True,1,True,False,1,True
2024-02-04 07:41:00+01:00,1056.48,18.36,18.67,0.0,68.56,True,1,True,False,1,True
2024-02-04 07:42:00+01:00,1058.87,18.36,18.69,0.0,68.56,True,1,True,False,1,True
2024-02-04 07:43:00+01:00,1061.27,18.36,18.7,0.0,68.56,True,1,True,False,1,True
2024-02-04 07:44:00+01:00,1063.65,18.37,18.72,0.0,68.56,True,1,True,False,1,True
2024-02-04 07:45:00+01:00,1066.04,18.37,18.73,0.0,68.56,True,1,True,False,1,True
2024-02-04 07:46:00+01:00,1068.41,18.37,18.75,0.0,68.56,True,1,True,False,1,True
2024-02-04 07:47:00+01:00,1070.79,18.37,18.76,0.0,68.56,True,1,True,False,1,True
2024-02-04 07:48:00+01:00,1073.16,18.38,18.78,0.0,68.56,True,1,True,False,1,True
2024-02-04 07:49:00+01:00,1075.53,18.38,18.79,0.0,68.56,True,1,True,False,1,True
2024-02-04 07:50:00+01:00,1077.89,18.38,18.81,0.0,68.56,True,1,True,False,1,True
2024-02-04 07:51:00+01:00,1080.25,18.38,18.83,0.0,68.56,True,1,True,False,1,True
2024-02-04 07:52:00+01:00,1082.6,18.38,18.84,0.0,68.56,True,1,True,False,1,True
2024-02-04 07:53:00+01:00,1084.95,18.39,18.86,0.0,68.56,True,1,True,False,1,True
2024-02-04 07:54:00+01:00,1087.3,18.39,18.87,0.0,68.56,True,1,True,False,1,True
2024-02-04 07:55:00+01:00,1089.64,18.39,18.89,0.0,68.56,True,1,True,False,1,True
2024-02-04 07:56:00+01:00,1091.98,18.39,18.91,0.0,68.56,True,1,True,False,1,True
2024-02-04 07:57:00+01:00,1094.31,18.39,18.92,0.0,68.56,True,1,True,False,1,True
2024-02-04 07:58:00+01:00,1096.64,18.39,18.94,0.0,68.56,True,1,True,False,1,True
2024-02-04 07:59:00+01:00,1098.97,18.39,18.95,0.0,68.56,True,1,True,False,1,True
2024-02-04 08:00:00+01:00,1101.29,18.39,18.97,0.0,68.56,True,1,True,False,1,True
2024-02-04 08:01:00+01:00,1103.61,18.39,18.99,0.0,68.56,True,1,True,False,1,True
2024-02-04 08:02:00+01:00,1105.93,18.4,19.0,0.0,68.56,True,1,True,False,1,True
2024-02-04 08:03:00+01:00,1108.24,18.4,19.02,0.0,68.56,True,1,True,False,1,True
2024-02-04 08:04:00+01:00,1110.54,18.4,19.04,0.0,68.56,True,1,True,False,1,True
2024-02-04 08:05:00+01:00,1112.85,18.4,19.05,0.0,68.56,True,1,True,False,1,True
2024-02-04 08:06:00+01:00,1115.15,18.4,19.07,0.0,68.56,True,1,True,False,1,True
2024-02-04 08:07:00+01:00,1117.44,18.4,19.09,0.0,68.56,True,1,True,False,1,True
2024-02-04 08:08:00+01:00,1119.74,18.4,19.1,0.0,68.56,True,1,True,False,1,True
2024-02-04 08:09:00+01:00,1122.03,18.4,19.12,0.0,68.56,True,1,True,False,1,True
2024-02-04 08:10:00+01:00,1124.31,18.4,19.14,0.0,68.56,True,1,True,False,1,True
2024-02-04 08:11:00+01:00,1126.59,18.41,19.15,0.0,68.56,True,1,True,False,1,True
2024-02-04 08:12:00+01:00,1128.87,18.41,19.17,0.0,68.56,True,1,True,False,1,True
2024-02-04 08:13:00+01:00,1131.14,18.41,19.18,0.0,68.56,True,1,True,False,1,True
2024-02-04 08:14:00+01:00,1133.42,18.41,19.2,0.0,68.56,True,1,True,False,1,True
2024-02-04 08:15:00+01:00,1135.68,18.41,19.22,0.0,68.56,True,1,True,False,1,True
2024-02-04 08:16:00+01:00,1137.95,18.41,19.23,0.0,68.56,True,1,True,False,1,True
2024-02-04 08:17:00+01:00,1140.21,18.42,19.25,0.0,68.56,True,1,True,False,1,True
2024-02-04 08:18:00+01:00,1142.46,18.42,19.26,0.0,68.56,True,1,True,False,1,True
2024-02-04 08:19:00+01:00,1144.71,18.42,19.28,0.0,68.56,True,1,True,False,1,True
2024-02-04 08:20:00+01:00,1146.96,18.42,19.3,0.0,68.56,True,1,True,False,1,True
2024-02-04 08:21:00+01:00,1149.21,18.42,19.31,0.0,68.56,True,1,True,False,1,True
2024-02-04 08:22:00+01:00,1151.45,18.42,19.33,0.0,68.56,True,1,True,False,1,True
2024-02-04 08:23:00+01:00,1153.69,18.43,19.34,0.0,68.56,True,1,True,False,1,True
2024-02-04 08:24:00+01:00,1155.92,18.43,19.36,0.0,68.56,True,1,True,False,1,True
2024-02-04 08:25:00+01:00,1158.15,18.43,19.38,0.0,68.56,True,1,True,False,1,True
2024-02-04 08:26:00+01:00,1160.38,18.43,19.39,0.0,68.56,True,1,True,False,1,True
2024-02-04 08:27:00+01:00,1162.6,18.43,19.41,0.0,68.56,True,1,True,False,1,True
2024-02-04 08:28:00+01:00,1164.82,18.43,19.42,0.0,68.56,True,1,True,False,1,True
2024-02-04 08:29:00+01:00,1167.04,18.44,19.44,0.0,68.56,True,1,True,False,1,True
2024-02-04 08:30:00+01:00,1169.25,18.44,19.45,0.0,68.56,True,1,True,False,1,True
2024-02-04 08:31:00+01:00,1171.46,18.44,19.47,0.0,68.56,True,1,True,False,1,True
2024-02-04 08:32:00+01:00,1173.67,18.44,19.49,0.0,68.56,True,1,True,False,1,True
2024-02-04 08:33:00+01:00,1174.04,18.42,19.51,0.0,68.56,False,0,True,True,1,True
2024-02-04 08:34:00+01:00,1173.25,18.39,19.54,0.0,68.56,False,0,False,False,1,True
2024-02-04 08:35:00+01:00,1172.06,18.35,19.56,0.0,68.56,False,0,False,False,1,True
2024-02-04 08:36:00+01:00,1170.82,18.31,19.58,0.0,68.56,False,0,False,False,1,True
2024-02-04 08:37:00+01:00,1169.62,18.28,19.6,0.0,68.56,False,0,False,False,1,True
2024-02-04 08:38:00+01:00,1168.47,18.25,19.62,0.0,68.56,False,0,False,False,1,True
2024-02-04 08:39:00+01:00,1167.33,18.23,19.63,0.0,68.56,False,0,False,False,1,True
2024-02-04 08:40:00+01:00,1166.19,18.2,19.64,0.0,68.56,False,0,False,False,1,True
2024-02-04 08:41:00+01:00,1165.06,18.18,19.65,0.0,68.56,False,0,False,False,1,True
2024-02-04 08:42:00+01:00,1163.93,18.16,19.66,0.0,68.56,False,0,False,False,1,True
2024-02-04 08:43:00+01:00,1162.8,18.14,19.67,0.0,68.56,False,0,False,False,1,True
2024-02-04 08:44:00+01:00,1161.67,18.12,19.67,0.0,68.56,False,0,False,False,1,True
2024-02-04 08:45:00+01:00,1160.55,18.1,19.68,0.0,68.56,False,0,False,False,1,True
2024-02-04 08:46:00+01:00,1159.43,18.08,19.68,0.0,68.56,False,0,False,False,1,True
2024-02-04 08:47:00+01:00,1158.3,18.07,19.68,0.0,68.56,False,0,False,False,1,True
2024-02-04 08:48:00+01:00,1157.19,18.05,19.68,0.0,68.56,False,0,False,False,1,True
2024-02-04 08:49:00+01:00,1156.07,18.04,19.67,0.0,68.56,False,0,False,False,1,True
2024-02-04 08:50:00+01:00,1154.95,18.03,19.67,0.0,68.56,False,0,False,False,1,True
2024-02-04 08:51:00+01:00,1155.67,18.04,19.65,0.0,68.56,True,1,False,False,1,True
2024-02-04 08:52:00+01:00,1157.55,18.07,19.63,0.0,68.56,True,1,True,False,1,True
2024-02-04 08:53:00+01:00,1159.83,18.1,19.61,0.0,68.56,True,1,True,False,1,True
2024-02-04 08:54:00+01:00,1162.16,18.13,19.6,0.0,68.56,True,1,True,False,1,True
2024-02-04 08:55:00+01:00,1164.44,18.16,19.58,0.0,68.56,True,1,True,False,1,True
2024-02-04 08:56:00+01:00,1166.68,18.18,19.57,0.0,68.56,True,1,True,False,1,True
2024-02-04 08:57:00+01:00,1168.9,18.2,19.56,0.0,68.56,True,1,True,False,1,True
2024-02-04 08:58:00+01:00,1171.11,18.22,19.55,0.0,68.56,True,1,True,False,1,True
2024-02-04 08:59:00+01:00,1173.32,18.24,19.55,0.0,68.56,True,1,True,False,1,True
2024-02-04 09:00:00+01:00,1175.53,18.26,19.54,0.0,68.56,True,1,True,False,1,True
2024-02-04 09:01:00+01:00,1177.73,18.28,19.54,0.0,68.56,True,1,True,False,1,True
2024-02-04 09:02:00+01:00,1179.93,18.3,19.54,0.0,68.56,True,1,True,False,1,True
2024-02-04 09:03:00+01:00,1182.13,18.31,19.54,0.0,68.56,True,1,True,False,1,True
2024-02-04 09:04:00+01:00,1184.33,18.33,19.54,0.0,68.56,True,1,True,False,1,True
2024-02-04 09:05:00+01:00,1188.35,18.37,19.53,0.0,68.56,True,2,True,False,1,True
2024-02-04 09:06:00+01:00,1193.52,18.42,19.52,0.0,68.56,True,2,True,False,1,True
2024-02-04 09:07:00+01:00,1199.1,18.47,19.52,0.0,68.56,True,2,True,False,1,True
2024-02-04 09:08:00+01:00,1204.71,18.52,19.52,0.0,68.56,True,2,True,False,1,True
2024-02-04 09:09:00+01:00,1210.27,18.56,19.52,0.0,68.56,True,2,True,False,1,True
2024-02-04 09:10:00+01:00,1215.79,18.6,19.53,0.0,68.56,True,2,True,False,1,True
2024-02-04 09:11:00+01:00,1221.28,18.63,19.55,0.0,68.56,True,2,True,False,1,True
2024-02-04 09:12:00+01:00,1226.76,18.66,19.57,0.0,68.56,True,2,True,False,1,True
2024-02-04 09:13:00+01:00,1232.23,18.69,19.59,0.0,68.56,True,2,True,False,2,True
2024-02-04 09:14:00+01:00,1237.69,18.72,19.61,0.0,68.56,True,2,True,False,2,True
2024-02-04 09:15:00+01:00,1243.14,18.75,19.64,0.0,68.56,True,2,True,False,2,True
2024-02-04 09:16:00+01:00,1248.59,18.77,19.67,0.0,68.56,True,2,True,False,2,True
2024-02-04 09:17:00+01:00,1254.02,18.79,19.71,0.0,68.56,True,2,True,False,2,True
2024-02-04 09:18:00+01:00,1259.45,18.81,19.75,0.0,68.56,True,2,True,False,2,True
2024-02-04 09:19:00+01:00,1264.87,18.83,19.78,0.0,68.56,True,2,True,False,2,True
2024-02-04 09:20:00+01:00,1270.28,18.84,19.82,0.0,68.56,True,2,True,False,2,True
2024-02-04 09:21:00+01:00,1275.68,18.86,19.86,0.0,68.56,True,2,True,False,2,True
2024-02-04 09:22:00+01:00,1281.07,18.87,19.91,0.0,68.56,True,2,True,False,2,True
2024-02-04 09:23:00+01:00,1286.45,18.88,19.95,0.0,68.56,True,2,True,False,2,True
2024-02-04 09:24:00+01:00,1291.82,18.9,20.0,0.0,68.56,True,2,True,False,2,True
2024-02-04 09:25:00+01:00,1297.19,18.91,20.04,0.0,68.56,True,2,True,False,2,True
2024-02-04 09:26:00+01:00,1302.55,18.92,20.09,0.0,68.56,True,2,True,False,2,True
2024-02-04 09:27:00+01:00,1307.89,18.93,20.14,0.0,68.56,True,2,True,False,2,True
2024-02-04 09:28:00+01:00,1313.23,18.94,20.19,0.0,68.56,True,2,True,False,2,True
2024-02-04 09:29:00+01:00,1318.56,18.95,20.24,0.0,68.56,True,2,True,False,2,True
2024-02-04 09:30:00+01:00,1323.88,18.96,20.29,0.0,68.56,True,2,True,False,2,True
2024-02-04 09:31:00+01:00,1329.2,18.96,20.34,0.0,68.56,True,2,True,False,2,True
2024-02-04 09:32:00+01:00,1334.5,18.97,20.39,0.0,68.56,True,2,True,False,2,True
2024-02-04 09:33:00+01:00,1339.79,18.98,20.44,0.0,68.56,True,2,True,False,2,True
2024-02-04 09:34:00+01:00,1345.08,18.99,20.49,0.0,68.56,True,2,True,False,2,True
2024-02-04 09:35:00+01:00,1348.53,18.97,20.55,0.0,68.56,True,1,True,False,1,True
2024-02-04 09:36:00+01:00,1350.81,18.94,20.61,0.0,68.56,True,1,True,False,1,True
2024-02-04 09:37:00+01:00,1352.68,18.91,20.67,0.0,68.56,True,1,True,False,1,True
2024-02-04 09:38:00+01:00,1354.5,18.88,20.72,0.0,68.56,True,1,True,False,1,True
2024-02-04 09:39:00+01:00,1356.36,18.86,20.77,0.0,68.56,True,1,True,False,1,True
2024-02-04 09:40:00+01:00,1360.08,18.86,20.81,0.0,68.56,True,2,True,False,2,True
2024-02-04 09:41:00+01:00,1364.98,18.88,20.84,0.0,68.56,True,2,True,False,2,True
2024-02-04 09:42:00+01:00,1370.27,18.91,20.87,0.0,68.56,True,2,True,False,2,True
2024-02-04 09:43:00+01:00,1375.61,18.93,20.91,0.0,68.56,True,2,True,False,2,True
2024-02-04 09:44:00+01:00,1380.89,18.94,20.94,0.0,68.56,True,2,True,False,2,True
2024-02-04 09:45:00+01:00,1386.13,18.96,20.98,0.0,68.56,True,2,True,False,2,True
2024-02-04 09:46:00+01:00,1389.52,18.95,21.03,0.0,68.56,True,1,True,False,1,True
2024-02-04 09:47:00+01:00,1391.73,18.93,21.08,0.0,68.56,True,1,True,False,1,True
2024-02-04 09:48:00+01:00,1393.53,18.91,21.14,0.0,68.56,True,1,True,False,1,True
2024-02-04 09:49:00+01:00,1395.28,18.88,21.18,0.0,68.56,True,1,True,False,1,True
2024-02-04 09:50:00+01:00,1397.08,18.87,21.23,0.0,68.56,True,1,True,False,1,True
2024-02-04 09:51:00+01:00,1398.91,18.85,21.27,0.0,68.56,True,1,True,False,1,True
2024-02-04 09:52:00+01:00,1402.58,18.86,21.3,0.0,68.56,True,2,True,False,2,True
2024-02-04 09:53:00+01:00,1407.41,18.88,21.32,0.0,68.56,True,2,True,False,2,True
2024-02-04 09:54:00+01:00,1412.64,18.91,21.35,0.0,68.56,True,2,True,False,2,True
2024-02-04 09:55:00+01:00,1417.9,18.93,21.37,0.0,68.56,True,2,True,False,2,True
2024-02-04 09:56:00+01:00,1423.12,18.96,21.4,0.0,68.56,True,2,True,False,2,True
2024-02-04 09:57:00+01:00,1428.29,18.98,21.44,0.0,68.56,True,2,True,False,2,True
2024-02-04 09:58:00+01:00,1433.43,18.99,21.47,0.0,68.56,True,2,True,False,2,True
2024-02-04 09:59:00+01:00,1438.57,19.01,21.51,0.0,68.56,True,2,True,False,2,True
2024-02-04 10:00:00+01:00,1443.7,19.03,21.55,0.0,68.56,True,2,True,False,2,True
2024-02-04 10:01:00+01:00,1448.81,19.04,21.59,0.0,68.56,True,2,True,False,2,True
2024-02-04 10:02:00+01:00,1453.93,19.05,21.64,0.0,68.56,True,2,True,False,2,True
2024-02-04 10:03:00+01:00,1459.03,19.06,21.68,0.0,68.56,True,2,True,False,2,True
2024-02-04 10:04:00+01:00,1464.13,19.08,21.73,0.0,68.56,True,2,True,False,2,True
2024-02-04 10:05:00+01:00,1469.21,19.09,21.77,0.0,68.56,True,2,True,False,2,True
2024-02-04 10:06:00+01:00,1474.29,19.1,21.82,0.0,68.56,True,2,True,False,2,True
2024-02-04 10:07:00+01:00,1477.53,19.08,21.88,0.0,68.56,True,1,True,False,1,True
2024-02-04 10:08:00+01:00,1479.61,19.06,21.94,0.0,68.56,True,1,True,False,1,True
2024-02-04 10:09:00+01:00,1481.27,19.03,21.99,0.0,68.56,True,1,True,False,1,True
2024-02-04 10:10:00+01:00,1482.88,19.0,22.05,0.0,68.56,True,1,True,False,1,True
2024-02-04 10:11:00+01:00,1484.54,18.98,22.1,0.0,68.56,True,1,True,False,1,True
2024-02-04 10:12:00+01:00,1486.23,18.96,22.14,0.0,68.56,True,1,True,False,1,True
2024-02-04 10:13:00+01:00,1487.93,18.95,22.18,0.0,68.56,True,1,True,False,1,True
2024-02-04 10:14:00+01:00,1489.63,18.93,22.22,0.0,68.56,True,1,True,False,1,True
2024-02-04 10:15:00+01:00,1491.33,18.92,22.26,0.0,68.56,True,1,True,False,1,True
2024-02-04 10:16:00+01:00,1493.02,18.91,22.29,0.0,68.56,True,1,True,False,1,True
2024-02-04 10:17:00+01:00,1494.72,18.9,22.32,0.0,68.56,True,1,True,False,1,True
2024-02-04 10:18:00+01:00,1496.41,18.9,22.36,0.0,68.56,True,1,True,False,1,True
2024-02-04 10:19:00+01:00,1498.09,18.89,22.38,0.0,68.56,True,1,True,False,1,True
2024-02-04 10:20:00+01:00,1499.78,18.88,22.41,0.0,68.56,True,1,True,False,1,True
2024-02-04 10:21:00+01:00,1501.46,18.88,22.44,0.0,68.56,True,1,True,False,1,True
2024-02-04 10:22:00+01:00,1503.14,18.87,22.46,0.0,68.56,True,1,True,False,1,True
2024-02-04 10:23:00+01:00,1504.82,18.87,22.49,0.0,68.56,True,1,True,False,1,True
2024-02-04 10:24:00+01:00,1506.49,18.87,22.51,0.0,68.56,True,1,True,False,1,True
2024-02-04 10:25:00+01:00,1508.16,18.87,22.53,0.0,68.56,True,1,True,False,1,True
2024-02-04 10:26:00+01:00,1509.83,18.86,22.55,0.0,68.56,True,1,True,False,1,True
2024-02-04 10:27:00+01:00,1509.67,18.84,22.59,0.0,68.56,False,0,True,True,1,True
2024-02-04 10:28:00+01:00,1508.35,18.8,22.62,0.0,68.56,False,0,False,False,1,True
2024-02-04 10:29:00+01:00,1506.62,18.77,22.66,0.0,68.56,False,0,False,False,1,True
2024-02-04 10:30:00+01:00,1504.85,18.73,22.69,0.0,68.56,False,0,False,False,1,True
2024-02-04 10:31:00+01:00,1503.12,18.7,22.71,0.0,68.56,False,0,False,False,1,True
2024-02-04 10:32:00+01:00,1501.43,18.67,22.73,0.0,68.56,False,0,False,False,1,True
2024-02-04 10:33:00+01:00,1499.76,18.64,22.75,0.0,68.56,False,0,False,False,1,True
2024-02-04 10:34:00+01:00,1498.1,18.62,22.76,0.0,68.56,False,0,False,False,1,True
2024-02-04 10:35:00+01:00,1496.44,18.6,22.77,0.0,68.56,False,0,False,False,1,True
2024-02-04 10:36:00+01:00,1494.78,18.58,22.78,0.0,68.56,False,0,False,False,1,True
2024-02-04 10:37:00+01:00,1494.96,18.58,22.78,0.0,68.56,True,1,False,False,1,True
2024-02-04 10:38:00+01:00,1496.29,18.6,22.77,0.0,68.56,True,1,True,False,1,True
2024-02-04 10:39:00+01:00,1498.04,18.62,22.75,0.0,68.56,True,1,True,False,1,True
2024-02-04 10:40:00+01:00,1499.82,18.65,22.74,0.0,68.56,True,1,True,False,1,True
2024-02-04 10:41:00+01:00,1501.56,18.67,22.73,0.0,68.56,True,1,True,False,1,True
2024-02-04 10:42:00+01:00,1503.27,18.68,22.73,0.0,68.56,True,1,True,False,1,True
2024-02-04 10:43:00+01:00,1504.95,18.7,22.72,0.0,68.56,True,1,True,False,1,True
2024-02-04 10:44:00+01:00,1506.63,18.72,22.72,0.0,68.56,True,1,True,False,1,True
2024-02-04 10:45:00+01:00,1508.3,18.73,22.72,0.0,68.56,True,1,True,False,1,True
2024-02-04 10:46:00+01:00,1509.98,18.74,22.72,0.0,68.56,True,1,True,False,1,True
2024-02-04 10:47:00+01:00,1511.65,18.76,22.72,0.0,68.56,True,1,True,False,1,True
2024-02-04 10:48:00+01:00,1513.32,18.77,22.73,0.0,68.56,True,1,True,False,1,True
2024-02-04 10:49:00+01:00,1514.99,18.78,22.73,0.0,68.56,True,1,True,False,1,True
2024-02-04 10:50:00+01:00,1516.65,18.79,22.74,0.0,68.56,True,1,True,False,1,True
2024-02-04 10:51:00+01:00,1518.32,18.8,22.74,0.0,68.56,True,1,True,False,1,True
2024-02-04 10:52:00+01:00,1519.98,18.81,22.75,0.0,68.56,True,1,True,False,1,True
2024-02-04 10:53:00+01:00,1521.63,18.81,22.76,0.0,68.56,True,1,True,False,1,True
2024-02-04 10:54:00+01:00,1523.29,18.82,22.77,0.0,68.56,True,1,True,False,1,True
2024-02-04 10:55:00+01:00,1524.94,18.83,22.78,0.0,68.56,True,1,True,False,1,True
2024-02-04 10:56:00+01:00,1526.59,18.84,22.79,0.0,68.56,True,1,True,False,1,True
2024-02-04 10:57:00+01:00,1528.24,18.84,22.8,0.0,68.56,True,1,True,False,1,True
2024-02-04 10:58:00+01:00,1529.89,18.85,22.82,0.0,68.56,True,1,True,False,1,True
2024-02-04 10:59:00+01:00,1531.53,18.85,22.83,0.0,68.56,True,1,True,False,1,True
2024-02-04 11:00:00+01:00,1533.17,18.86,22.84,0.0,68.56,True,1,True,False,1,True
2024-02-04 11:01:00+01:00,1534.81,18.86,22.86,0.0,68.56,True,1,True,False,1,True
2024-02-04 11:02:00+01:00,1536.44,18.87,22.87,0.0,68.56,True,1,True,False,1,True
2024-02-04 11:03:00+01:00,1538.07,18.87,22.88,0.0,68.56,True,1,True,False,1,True
2024-02-04 11:04:00+01:00,1539.7,18.88,22.9,0.0,68.56,True,1,True,False,1,True
2024-02-04 11:05:00+01:00,1541.33,18.88,22.91,0.0,68.56,True,1,True,False,1,True
2024-02-04 11:06:00+01:00,1542.96,18.88,22.93,0.0,68.56,True,1,True,False,1,True
2024-02-04 11:07:00+01:00,1544.58,18.89,22.95,0.0,68.56,True,1,True,False,1,True
2024-02-04 11:08:00+01:00,1546.2,18.89,22.96,0.0,68.56,True,1,True,False,1,True
2024-02-04 11:09:00+01:00,1547.82,18.89,22.98,0.0,68.56,True,1,True,False,1,True
2024-02-04 11:10:00+01:00,1549.43,18.9,23.0,0.0,68.56,True,1,True,False,1,True
2024-02-04 11:11:00+01:00,1551.04,18.9,23.01,0.0,68.56,True,1,True,False,1,True
2024-02-04 11:12:00+01:00,1552.65,18.9,23.03,0.0,68.56,True,1,True,False,1,True
2024-02-04 11:13:00+01:00,1554.26,18.9,23.05,0.0,68.56,True,1,True,False,1,True
2024-02-04 11:14:00+01:00,1555.87,18.9,23.07,0.0,68.56,True,1,True,False,1,True
2024-02-04 11:15:00+01:00,1557.47,18.91,23.08,0.0,68.56,True,1,True,False,1,True
2024-02-04 11:16:00+01:00,1559.07,18.91,23.1,0.0,68.56,True,1,True,False,1,True
2024-02-04 11:17:00+01:00,1560.67,18.91,23.12,0.0,68.56,True,1,True,False,1,True
2024-02-04 11:18:00+01:00,1562.26,18.91,23.14,0.0,68.56,True,1,True,False,1,True
2024-02-04 11:19:00+01:00,1563.85,18.91,23.16,0.0,68.56,True,1,True,False,1,True
2024-02-04 11:20:00+01:00,1565.44,18.91,23.18,0.0,68.56,True,1,True,False,1,True
2024-02-04 11:21:00+01:00,1567.03,18.92,23.2,0.0,68.56,True,1,True,False,1,True
2024-02-04 11:22:00+01:00,1568.62,18.92,23.22,0.0,68.56,True,1,True,False,1,True
2024-02-04 11:23:00+01:00,1570.2,18.92,23.24,0.0,68.56,True,1,True,False,1,True
2024-02-04 11:24:00+01:00,1571.78,18.92,23.25,0.0,68.56,True,1,True,False,1,True
2024-02-04 11:25:00+01:00,1573.36,18.92,23.27,0.0,68.56,True,1,True,False,1,True
2024-02-04 11:26:00+01:00,1574.93,18.92,23.29,0.0,68.56,True,1,True,False,1,True
2024-02-04 11:27:00+01:00,1578.33,18.95,23.3,0.0,68.56,True,2,True,False,2,True
2024-02-04 11:28:00+01:00,1582.89,18.98,23.31,0.0,68.56,True,2,True,False,2,True
2024-02-04 11:29:00+01:00,1587.85,19.02,23.31,0.0,68.56,True,2,True,False,2,True
2024-02-04 11:30:00+01:00,1592.85,19.05,23.32,0.0,68.56,True,2,True,False,2,True
2024-02-04 11:31:00+01:00,1597.8,19.09,23.34,0.0,68.56,True,2,True,False,2,True
2024-02-04 11:32:00+01:00,1602.7,19.11,23.36,0.0,68.56,True,2,True,False,2,True
2024-02-04 11:33:00+01:00,1607.58,19.14,23.39,0.0,68.56,True,2,True,False,2,True
2024-02-04 11:34:00+01:00,1612.45,19.16,23.42,0.0,68.56,True,2,True,False,2,True
2024-02-04 11:35:00+01:00,1617.31,19.18,23.45,0.0,68.56,True,2,True,False,2,True
2024-02-04 11:36:00+01:00,1622.16,19.2,23.49,0.0,68.56,True,2,True,False,2,True
2024-02-04 11:37:00+01:00,1627.01,19.22,23.52,0.0,68.56,True,2,True,False,2,True
2024-02-04 11:38:00+01:00,1631.85,19.23,23.56,0.0,68.56,True,2,True,False,2,True
2024-02-04 11:39:00+01:00,1636.68,19.25,23.6,0.0,68.56,True,2,True,False,2,True
2024-02-04 11:40:00+01:00,1641.5,19.26,23.65,0.0,68.56,True,2,True,False,2,True
2024-02-04 11:41:00+01:00,1646.32,19.28,23.69,0.0,68.56,True,2,True,False,2,True
2024-02-04 11:42:00+01:00,1651.12,19.29,23.74,0.0,68.56,True,2,True,False,2,True
2024-02-04 11:43:00+01:00,1655.92,19.3,23.79,0.0,68.56,True,2,True,False,2,True
2024-02-04 11:44:00+01:00,1660.72,19.31,23.83,0.0,68.56,True,2,True,False,2,True
2024-02-04 11:45:00+01:00,1665.5,19.32,23.88,0.0,68.56,True,2,True,False,2,True
2024-02-04 11:46:00+01:00,1670.28,19.33,23.93,0.0,68.56,True,2,True,False,2,True
2024-02-04 11:47:00+01:00,1675.04,19.34,23.98,0.0,68.56,True,2,True,False,2,True
2024-02-04 11:48:00+01:00,1679.81,19.35,24.03,0.0,68.56,True,2,True,False,2,True
2024-02-04 11:49:00+01:00,1684.56,19.35,24.09,0.0,68.56,True,2,True,False,2,True
2024-02-04 11:50:00+01:00,1689.3,19.36,24.14,0.0,68.56,True,2,True,False,2,True
2024-02-04 11:51:00+01:00,1694.04,19.37,24.19,0.0,68.56,True,2,True,False,2,True
2024-02-04 11:52:00+01:00,1698.77,19.38,24.24,0.0,68.56,True,2,True,False,2,True
2024-02-04 11:53:00+01:00,1703.49,19.39,24.29,0.0,68.56,True,2,True,False,2,True
2024-02-04 11:54:00+01:00,1708.21,19.39,24.34,0.0,68.56,True,2,True,False,2,True
2024-02-04 11:55:00+01:00,1712.92,19.4,24.4,0.0,68.56,True,2,True,False,2,True
2024-02-04 11:56:00+01:00,1717.62,19.41,24.45,0.0,68.56,True,2,True,False,2,True
2024-02-04 11:57:00+01:00,1722.31,19.42,24.5,0.0,68.56,True,2,True,False,2,True
2024-02-04 11:58:00+01:00,1726.99,19.42,24.56,0.0,68.56,True,2,True,False,2,True
2024-02-04 11:59:00+01:00,1731.67,19.43,24.61,0.0,68.56,True,2,True,False,2,True
2024-02-04 12:00:00+01:00,1736.34,19.44,24.66,0.0,68.56,True,2,True,False,2,True
2024-02-04 12:01:00+01:00,1741.0,19.44,24.72,0.0,68.56,True,2,True,False,2,True
2024-02-04 12:02:00+01:00,1745.66,19.45,24.77,0.0,68.56,True,2,True,False,2,True
2024-02-04 12:03:00+01:00,1750.3,19.46,24.82,0.0,68.56,True,2,True,False,2,True
2024-02-04 12:04:00+01:00,1754.94,19.46,24.88,0.0,68.56,True,2,True,False,2,True
2024-02-04 12:05:00+01:00,1759.58,19.47,24.93,0.0,68.56,True,2,True,False,2,True
2024-02-04 12:06:00+01:00,1764.2,19.48,24.99,0.0,68.56,True,2,True,False,2,True
2024-02-04 12:07:00+01:00,1768.82,19.48,25.04,0.0,68.56,True,2,True,False,2,True
2024-02-04 12:08:00+01:00,1773.43,19.49,25.09,0.0,68.56,True,2,True,False,2,True
2024-02-04 12:09:00+01:00,1778.03,19.5,25.15,0.0,68.56,True,2,True,False,2,True
2024-02-04 12:10:00+01:00,1782.62,19.5,25.2,0.0,68.56,True,2,True,False,2,True
2024-02-04 12:11:00+01:00,1787.21,19.51,25.26,0.0,68.56,True,2,True,False,2,True
2024-02-04 12:12:00+01:00,1791.79,19.52,25.31,0.0,68.56,True,2,True,False,2,True
2024-02-04 12:13:00+01:00,1796.37,19.52,25.36,0.0,68.56,True,2,True,False,2,True
2024-02-04 12:14:00+01:00,1799.1,19.51,25.43,0.0,68.56,True,1,True,False,1,True
2024-02-04 12:15:00+01:00,1800.67,19.48,25.5,0.0,68.56,True,1,True,False,1,True
2024-02-04 12:16:00+01:00,1801.83,19.45,25.56,0.0,68.56,True,1,True,False,1,True
2024-02-04 12:17:00+01:00,1802.94,19.43,25.62,0.0,68.56,True,1,True,False,1,True
2024-02-04 12:18:00+01:00,1804.1,19.41,25.68,0.0,68.56,True,1,True,False,1,True
2024-02-04 12:19:00+01:00,1805.28,19.39,25.73,0.0,68.56,True,1,True,False,1,True
2024-02-04 12:20:00+01:00,1806.48,19.38,25.77,0.0,68.56,True,1,True,False,1,True
2024-02-04 12:21:00+01:00,1807.69,19.36,25.82,0.0,68.56,True,1,True,False,1,True
2024-02-04 12:22:00+01:00,1808.89,19.35,25.85,0.0,68.56,True,1,True,False,1,True
2024-02-04 12:23:00+01:00,1810.08,19.34,25.89,0.0,68.56,True,1,True,False,1,True
2024-02-04 12:24:00+01:00,1811.28,19.34,25.92,0.0,68.56,True,1,True,False,1,True
2024-02-04 12:25:00+01:00,1812.47,19.33,25.96,0.0,68.56,True,1,True,False,1,True
2024-02-04 12:26:00+01:00,1813.66,19.32,25.99,0.0,68.56,True,1,True,False,1,True
2024-02-04 12:27:00+01:00,1814.85,19.32,26.01,0.0,68.56,True,1,True,False,1,True
2024-02-04 12:28:00+01:00,1816.04,19.32,26.04,0.0,68.56,True,1,True,False,1,True
2024-02-04 12:29:00+01:00,1817.23,19.32,26.07,0.0,68.56,True,1,True,False,1,True
2024-02-04 12:30:00+01:00,1818.41,19.31,26.09,0.0,68.56,True,1,True,False,1,True
2024-02-04 12:31:00+01:00,1819.59,19.31,26.11,0.0,68.56,True,1,True,False,1,True
2024-02-04 12:32:00+01:00,1820.78,19.31,26.13,0.0,68.56,True,1,True,False,1,True
2024-02-04 12:33:00+01:00,1821.95,19.31,26.16,0.0,68.56,True,1,True,False,1,True
2024-02-04 12:34:00+01:00,1823.13,19.31,26.18,0.0,68.56,True,1,True,False,1,True
2024-02-04 12:35:00+01:00,1824.31,19.31,26.2,0.0,68.56,True,1,True,False,1,True
2024-02-04 12:36:00+01:00,1825.48,19.32,26.22,0.0,68.56,True,1,True,False,1,True
2024-02-04 12:37:00+01:00,1826.65,19.32,26.24,0.0,68.56,True,1,True,False,1,True
2024-02-04 12:38:00+01:00,1827.82,19.32,26.26,0.0,68.56,True,1,True,False,1,True
2024-02-04 12:39:00+01:00,1828.99,19.32,26.28,0.0,68.56,True,1,True,False,1,True
2024-02-04 12:40:00+01:00,1830.16,19.32,26.29,0.0,68.56,True,1,True,False,1,True
2024-02-04 12:41:00+01:00,1831.33,19.32,26.31,0.0,68.56,True,1,True,False,1,True
2024-02-04 12:42:00+01:00,1832.49,19.33,26.33,0.0,68.56,True,1,True,False,1,True
2024-02-04 12:43:00+01:00,1833.65,19.33,26.35,0.0,68.56,True,1,True,False,1,True
2024-02-04 12:44:00+01:00,1834.81,19.33,26.37,0.0,68.56,True,1,True,False,1,True
2024-02-04 12:45:00+01:00,1835.97,19.33,26.38,0.0,68.56,True,1,True,False,1,True
2024-02-04 12:46:00+01:00,1837.13,19.34,26.4,0.0,68.56,True,1,True,False,1,True
2024-02-04 12:47:00+01:00,1838.28,19.34,26.42,0.0,68.56,True,1,True,False,1,True
2024-02-04 12:48:00+01:00,1839.44,19.34,26.43,0.0,68.56,True,1,True,False,1,True
2024-02-04 12:49:00+01:00,1840.59,19.35,26.45,0.0,68.56,True,1,True,False,1,True
2024-02-04 12:50:00+01:00,1841.74,19.35,26.47,0.0,68.56,True,1,True,False,1,True
2024-02-04 12:51:00+01:00,1842.89,19.35,26.49,0.0,68.56,True,1,True,False,1,True
2024-02-04 12:52:00+01:00,1844.03,19.36,26.5,0.0,68.56,True,1,True,False,1,True
2024-02-04 12:53:00+01:00,1845.18,19.36,26.52,0.0,68.56,True,1,True,False,1,True
2024-02-04 12:54:00+01:00,1846.32,19.36,26.54,0.0,68.56,True,1,True,False,1,True
2024-02-04 12:55:00+01:00,1847.46,19.37,26.55,0.0,68.56,True,1,True,False,1,True
2024-02-04 12:56:00+01:00,1848.6,19.37,26.57,0.0,68.56,True,1,True,False,1,True
2024-02-04 12:57:00+01:00,1849.74,19.37,26.59,0.0,68.56,True,1,True,False,1,True
2024-02-04 12:58:00+01:00,1852.7,19.4,26.59,0.0,68.56,True,2,True,False,2,True
2024-02-04 12:59:00+01:00,1856.83,19.44,26.58,0.0,68.56,True,2,True,False,2,True
2024-02-04 13:00:00+01:00,1861.35,19.48,26.58,0.0,68.56,True,2,True,False,2,True
2024-02-04 13:01:00+01:00,1865.92,19.52,26.59,0.0,68.56,True,2,True,False,2,True
2024-02-04 13:02:00+01:00,1870.43,19.55,26.6,0.0,68.56,True,2,True,False,2,True
2024-02-04 13:03:00+01:00,1874.9,19.58,26.61,0.0,68.56,True,2,True,False,2,True
2024-02-04 13:04:00+01:00,1877.52,19.58,26.65,0.0,68.56,True,1,True,False,1,True
2024-02-04 13:05:00+01:00,1878.97,19.57,26.69,0.0,68.56,True,1,True,False,1,True
2024-02-04 13:06:00+01:00,1880.0,19.56,26.74,0.0,68.56,True,1,True,False,1,True
2024-02-04 13:07:00+01:00,1880.99,19.55,26.78,0.0,68.56,True,1,True,False,1,True
2024-02-04 13:08:00+01:00,1882.03,19.54,26.82,0.0,68.56,True,1,True,False,1,True
2024-02-04 13:09:00+01:00,1881.27,19.51,26.87,0.0,68.56,False,0,True,True,1,True
2024-02-04 13:10:00+01:00,1879.36,19.47,26.93,0.0,68.56,False,0,False,False,1,True
2024-02-04 13:11:00+01:00,1877.06,19.42,26.98,0.0,68.56,False,0,False,False,1,True
2024-02-04 13:12:00+01:00,1874.71,19.39,27.02,0.0,68.56,False,0,False,False,1,True
2024-02-04 13:13:00+01:00,1872.4,19.35,27.06,0.0,68.56,False,0,False,False,1,True
2024-02-04 13:14:00+01:00,1870.14,19.32,27.09,0.0,68.56,False,0,False,False,1,True
2024-02-04 13:15:00+01:00,1867.89,19.3,27.11,0.0,68.56,False,0,False,False,1,True
2024-02-04 13:16:00+01:00,1865.65,19.27,27.14,0.0,68.56,False,0,False,False,1,True
2024-02-04 13:17:00+01:00,1865.25,19.27,27.14,0.0,68.56,True,1,False,False,1,True
2024-02-04 13:18:00+01:00,1866.0,19.29,27.13,0.0,68.56,True,1,True,False,1,True
2024-02-04 13:19:00+01:00,1867.17,19.31,27.12,0.0,68.56,True,1,True,False,1,True
2024-02-04 13:20:00+01:00,1868.37,19.33,27.11,0.0,68.56,True,1,True,False,1,True
2024-02-04 13:21:00+01:00,1869.54,19.35,27.11,0.0,68.56,True,1,True,False,1,True
2024-02-04 13:22:00+01:00,1870.66,19.36,27.1,0.0,68.56,True,1,True,False,1,True
2024-02-04 13:23:00+01:00,1871.77,19.38,27.1,0.0,68.56,True,1,True,False,1,True
2024-02-04 13:24:00+01:00,1872.87,19.39,27.11,0.0,68.56,True,1,True,False,1,True
2024-02-04 13:25:00+01:00,1873.98,19.4,27.11,0.0,68.56,True,1,True,False,1,True
2024-02-04 13:26:00+01:00,1875.08,19.41,27.11,0.0,68.56,True,1,True,False,1,True
2024-02-04 13:27:00+01:00,1876.18,19.42,27.12,0.0,68.56,True,1,True,False,1,True
2024-02-04 13:28:00+01:00,1877.28,19.43,27.13,0.0,68.56,True,1,True,False,1,True
2024-02-04 13:29:00+01:00,1878.37,19.44,27.14,0.0,68.56,True,1,True,False,1,True
2024-02-04 13:30:00+01:00,1879.47,19.45,27.15,0.0,68.56,True,1,True,False,1,True
2024-02-04 13:31:00+01:00,1880.56,19.46,27.16,0.0,68.56,True,1,True,False,1,True
2024-02-04 13:32:00+01:00,1881.66,19.47,27.17,0.0,68.56,True,1,True,False,1,True
2024-02-04 13:33:00+01:00,1882.75,19.47,27.18,0.0,68.56,True,1,True,False,1,True
2024-02-04 13:34:00+01:00,1883.83,19.48,27.19,0.0,68.56,True,1,True,False,1,True
2024-02-04 13:35:00+01:00,1884.92,19.49,27.21,0.0,68.56,True,1,True,False,1,True
2024-02-04 13:36:00+01:00,1886.01,19.49,27.22,0.0,68.56,True,1,True,False,1,True
2024-02-04 13:37:00+01:00,1887.09,19.5,27.24,0.0,68.56,True,1,True,False,1,True
2024-02-04 13:38:00+01:00,1888.17,19.5,27.25,0.0,68.56,True,1,True,False,1,True
2024-02-04 13:39:00+01:00,1889.26,19.51,27.27,0.0,68.56,True,1,True,False,1,True
2024-02-04 13:40:00+01:00,1890.33,19.51,27.29,0.0,68.56,True,1,True,False,1,True
2024-02-04 13:41:00+01:00,1891.41,19.52,27.3,0.0,68.56,True,1,True,False,1,True
2024-02-04 13:42:00+01:00,1892.49,19.52,27.32,0.0,68.56,True,1,True,False,1,True
2024-02-04 13:43:00+01:00,1893.56,19.53,27.34,0.0,68.56,True,1,True,False,1,True
2024-02-04 13:44:00+01:00,1894.64,19.53,27.36,0.0,68.56,True,1,True,False,1,True
2024-02-04 13:45:00+01:00,1895.71,19.53,27.38,0.0,68.56,True,1,True,False,1,True
2024-02-04 13:46:00+01:00,1896.78,19.54,27.4,0.0,68.56,True,1,True,False,1,True
2024-02-04 13:47:00+01:00,1897.85,19.54,27.42,0.0,68.56,True,1,True,False,1,True
2024-02-04 13:48:00+01:00,1898.91,19.54,27.44,0.0,68.56,True,1,True,False,1,True
2024-02-04 13:49:00+01:00,1899.98,19.55,27.46,0.0,68.56,True,1,True,False,1,True
2024-02-04 13:50:00+01:00,1901.04,19.55,27.48,0.0,68.56,True,1,True,False,1,True
2024-02-04 13:51:00+01:00,1902.1,19.55,27.5,0.0,68.56,True,1,True,False,1,True
2024-02-04 13:52:00+01:00,1903.16,19.55,27.52,0.0,68.56,True,1,True,False,1,True
2024-02-04 13:53:00+01:00,1904.22,19.56,27.54,0.0,68.56,True,1,True,False,1,True
2024-02-04 13:54:00+01:00,1905.28,19.56,27.56,0.0,68.56,True,1,True,False,1,True
2024-02-04 13:55:00+01:00,1906.34,19.56,27.59,0.0,68.56,True,1,True,False,1,True
2024-02-04 13:56:00+01:00,1907.39,19.56,27.61,0.0,68.56,True,1,True,False,1,True
2024-02-04 13:57:00+01:00,1908.44,19.56,27.63,0.0,68.56,True,1,True,False,1,True
2024-02-04 13:58:00+01:00,1909.49,19.56,27.65,0.0,68.56,True,1,True,False,1,True
2024-02-04 13:59:00+01:00,1910.54,19.57,27.68,0.0,68.56,True,1,True,False,1,True
2024-02-04 14:00:00+01:00,1911.59,19.57,27.7,0.0,68.56,True,1,True,False,1,True
2024-02-04 14:01:00+01:00,1912.64,19.57,27.73,0.0,68.56,True,1,True,False,1,True
2024-02-04 14:02:00+01:00,1913.69,19.57,27.75,0.0,68.56,True,1,True,False,1,True
2024-02-04 14:03:00+01:00,1914.73,19.57,27.78,0.0,68.56,True,1,True,False,1,True
2024-02-04 14:04:00+01:00,1915.77,19.57,27.8,0.0,68.56,True,1,True,False,1,True
2024-02-04 14:05:00+01:00,1916.81,19.57,27.83,0.0,68.56,True,1,True,False,1,True
2024-02-04 14:06:00+01:00,1917.85,19.57,27.86,0.0,68.56,True,1,True,False,1,True
2024-02-04 14:07:00+01:00,1918.89,19.57,27.88,0.0,68.56,True,1,True,False,1,True
2024-02-04 14:08:00+01:00,1919.93,19.57,27.91,0.0,68.56,True,1,True,False,1,True
2024-02-04 14:09:00+01:00,1920.96,19.57,27.93,0.0,68.56,True,1,True,False,1,True
2024-02-04 14:10:00+01:00,1921.99,19.57,27.96,0.0,68.56,True,1,True,False,1,True
2024-02-04 14:11:00+01:00,1923.02,19.57,27.98,0.0,68.56,True,1,True,False,1,True
2024-02-04 14:12:00+01:00,1924.06,19.57,28.01,0.0,68.56,True,1,True,False,1,True
2024-02-04 14:13:00+01:00,1925.08,19.57,28.04,0.0,68.56,True,1,True,False,1,True
2024-02-04 14:14:00+01:00,1926.11,19.57,28.06,0.0,68.56,True,1,True,False,1,True
2024-02-04 14:15:00+01:00,1927.14,19.57,28.09,0.0,68.56,True,1,True,False,1,True
2024-02-04 14:16:00+01:00,1928.16,19.57,28.11,0.0,68.56,True,1,True,False,1,True
2024-02-04 14:17:00+01:00,1929.18,19.57,28.14,0.0,68.56,True,1,True,False,1,True
2024-02-04 14:18:00+01:00,1930.21,19.57,28.17,0.0,68.56,True,1,True,False,1,True
2024-02-04 14:19:00+01:00,1931.23,19.56,28.19,0.0,68.56,True,1,True,False,1,True
2024-02-04 14:20:00+01:00,1932.24,19.56,28.22,0.0,68.56,True,1,True,False,1,True
2024-02-04 14:21:00+01:00,1933.26,19.56,28.24,0.0,68.56,True,1,True,False,1,True
2024-02-04 14:22:00+01:00,1934.28,19.56,28.27,0.0,68.56,True,1,True,False,1,True
2024-02-04 14:23:00+01:00,1935.29,19.56,28.3,0.0,68.56,True,1,True,False,1,True
2024-02-04 14:24:00+01:00,1936.3,19.56,28.33,0.0,68.56,True,1,True,False,1,True
2024-02-04 14:25:00+01:00,1937.31,19.56,28.36,0.0,68.56,True,1,True,False,1,True
2024-02-04 14:26:00+01:00,1938.32,19.55,28.39,0.0,68.56,True,1,True,False,1,True
2024-02-04 14:27:00+01:00,1939.33,19.55,28.41,0.0,68.56,True,1,True,False,1,True
2024-02-04 14:28:00+01:00,1940.34,19.55,28.44,0.0,68.56,True,1,True,False,1,True
2024-02-04 14:29:00+01:00,1941.34,19.55,28.47,0.0,68.56,True,1,True,False,1,True
2024-02-04 14:30:00+01:00,1942.35,19.55,28.5,0.0,68.56,True,1,True,False,1,True
2024-02-04 14:31:00+01:00,1943.35,19.55,28.53,0.0,68.56,True,1,True,False,1,True
2024-02-04 14:32:00+01:00,1944.35,19.54,28.56,0.0,68.56,True,1,True,False,1,True
2024-02-04 14:33:00+01:00,1945.35,19.54,28.58,0.0,68.56,True,1,True,False,1,True
2024-02-04 14:34:00+01:00,1946.35,19.54,28.61,0.0,68.56,True,1,True,False,1,True
2024-02-04 14:35:00+01:00,1947.35,19.54,28.64,0.0,68.56,True,1,True,False,1,True
2024-02-04 14:36:00+01:00,1948.34,19.54,28.66,0.0,68.56,True,1,True,False,1,True
2024-02-04 14:37:00+01:00,1949.34,19.54,28.69,0.0,68.56,True,1,True,False,1,True
2024-02-04 14:38:00+01:00,1950.33,19.54,28.72,0.0,68.56,True,1,True,False,1,True
2024-02-04 14:39:00+01:00,1951.32,19.53,28.74,0.0,68.56,True,1,True,False,1,True
2024-02-04 14:40:00+01:00,1952.31,19.53,28.77,0.0,68.56,True,1,True,False,1,True
2024-02-04 14:41:00+01:00,1953.3,19.53,28.8,0.0,68.56,True,1,True,False,1,True
2024-02-04 14:42:00+01:00,1954.29,19.53,28.82,0.0,68.56,True,1,True,False,1,True
2024-02-04 14:43:00+01:00,1955.27,19.53,28.85,0.0,68.56,True,1,True,False,1,True
2024-02-04 14:44:00+01:00,1956.26,19.53,28.87,0.0,68.56,True,1,True,False,1,True
2024-02-04 14:45:00+01:00,1957.24,19.53,28.9,0.0,68.56,True,1,True,False,1,True
2024-02-04 14:46:00+01:00,1958.22,19.53,28.93,0.0,68.56,True,1,True,False,1,True
2024-02-04 14:47:00+01:00,1959.2,19.53,28.95,0.0,68.56,True,1,True,False,1,True
2024-02-04 14:48:00+01:00,1960.18,19.53,28.98,0.0,68.56,True,1,True,False,1,True
2024-02-04 14:49:00+01:00,1961.16,19.53,29.0,0.0,68.56,True,1,True,False,1,True
2024-02-04 14:50:00+01:00,1962.13,19.53,29.03,0.0,68.56,True,1,True,False,1,True
2024-02-04 14:51:00+01:00,1963.11,19.53,29.05,0.0,68.56,True,1,True,False,1,True
2024-02-04 14:52:00+01:00,1964.08,19.53,29.08,0.0,68.56,True,1,True,False,1,True
2024-02-04 14:53:00+01:00,1965.05,19.52,29.1,0.0,68.56,True,1,True,False,1,True
2024-02-04 14:54:00+01:00,1966.02,19.52,29.13,0.0,68.56,True,1,True,False,1,True
2024-02-04 14:55:00+01:00,1966.99,19.52,29.15,0.0,68.56,True,1,True,False,1,True
2024-02-04 14:56:00+01:00,1967.96,19.52,29.18,0.0,68.56,True,1,True,False,1,True
2024-02-04 14:57:00+01:00,1968.92,19.52,29.2,0.0,68.56,True,1,True,False,1,True
2024-02-04 14:58:00+01:00,1969.89,19.52,29.23,0.0,68.56,True,1,True,False,1,True
2024-02-04 14:59:00+01:00,1970.85,19.52,29.25,0.0,68.56,True,1,True,False,1,True
2024-02-04 15:00:00+01:00,1971.81,19.52,29.28,0.0,68.56,True,1,True,False,1,True
2024-02-04 15:01:00+01:00,1972.77,19.52,29.3,0.0,68.56,True,1,True,False,1,True
2024-02-04 15:02:00+01:00,1973.73,19.52,29.32,0.0,68.56,True,1,True,False,1,True
2024-02-04 15:03:00+01:00,1974.69,19.52,29.35,0.0,68.56,True,1,True,False,1,True
2024-02-04 15:04:00+01:00,1975.65,19.52,29.37,0.0,68.56,True,1,True,False,1,True
2024-02-04 15:05:00+01:00,1976.6,19.52,29.4,0.0,68.56,True,1,True,False,1,True
2024-02-04 15:06:00+01:00,1977.56,19.52,29.42,0.0,68.56,True,1,True,False,1,True
2024-02-04 15:07:00+01:00,1978.51,19.52,29.45,0.0,68.56,True,1,True,False,1,True
2024-02-04 15:08:00+01:00,1979.46,19.52,29.47,0.0,68.56,True,1,True,False,1,True
2024-02-04 15:09:00+01:00,1980.41,19.52,29.5,0.0,68.56,True,1,True,False,1,True
2024-02-04 15:10:00+01:00,1981.36,19.52,29.52,0.0,68.56,True,1,True,False,1,True
2024-02-04 15:11:00+01:00,1982.31,19.52,29.54,0.0,68.56,True,1,True,False,1,True
2024-02-04 15:12:00+01:00,1983.25,19.52,29.57,0.0,68.56,True,1,True,False,1,True
2024-02-04 15:13:00+01:00,1984.2,19.52,29.59,0.0,68.56,True,1,True,False,1,True
2024-02-04 15:14:00+01:00,1985.14,19.52,29.62,0.0,68.56,True,1,True,False,1,True
2024-02-04 15:15:00+01:00,1986.08,19.51,29.64,0.0,68.56,True,1,True,False,1,True
2024-02-04 15:16:00+01:00,1987.02,19.51,29.67,0.0,68.56,True,1,True,False,1,True
2024-02-04 15:17:00+01:00,1987.96,19.51,29.69,0.0,68.56,True,1,True,False,1,True
2024-02-04 15:18:00+01:00,1988.9,19.51,29.72,0.0,68.56,True,1,True,False,1,True
2024-02-04 15:19:00+01:00,1989.84,19.51,29.74,0.0,68.56,True,1,True,False,1,True
2024-02-04 15:20:00+01:00,1975.9,19.3,30.05,0.34,68.56,True,1,True,False,1,True
2024-02-04 15:21:00+01:00,1952.91,18.96,30.51,0.34,68.56,True,1,True,False,1,True
2024-02-04 15:22:00+01:00,1927.31,18.61,30.99,0.34,68.56,True,1,True,False,1,True
2024-02-04 15:23:00+01:00,1915.78,18.5,31.14,0.0,68.56,True,1,True,False,1,True
2024-02-04 15:24:00+01:00,1913.68,18.53,31.06,0.0,68.56,True,1,True,False,1,True
2024-02-04 15:25:00+01:00,1915.02,18.62,30.91,0.0,68.56,True,1,True,False,1,True
2024-02-04 15:26:00+01:00,1916.83,18.7,30.78,0.0,68.56,True,1,True,False,1,True
2024-02-04 15:27:00+01:00,1918.32,18.77,30.67,0.0,68.56,True,1,True,False,1,True
2024-02-04 15:28:00+01:00,1919.51,18.83,30.58,0.0,68.56,True,1,True,False,1,True
2024-02-04 15:29:00+01:00,1920.57,18.88,30.5,0.0,68.56,True,1,True,False,1,True
2024-02-04 15:30:00+01:00,1921.61,18.92,30.44,0.0,68.56,True,1,True,False,1,True
2024-02-04 15:31:00+01:00,1922.65,18.97,30.38,0.0,68.56,True,1,True,False,1,True
2024-02-04 15:32:00+01:00,1923.69,19.0,30.33,0.0,68.56,True,1,True,False,1,True
2024-02-04 15:33:00+01:00,1924.74,19.04,30.28,0.0,68.56,True,1,True,False,1,True
2024-02-04 15:34:00+01:00,1925.79,19.07,30.24,0.0,68.56,True,1,True,False,1,True
2024-02-04 15:35:00+01:00,1926.83,19.11,30.2,0.0,68.56,True,1,True,False,1,True
2024-02-04 15:36:00+01:00,1927.87,19.14,30.17,0.0,68.56,True,1,True,False,1,True
2024-02-04 15:37:00+01:00,1928.91,19.16,30.13,0.0,68.56,True,1,True,False,1,True
2024-02-04 15:38:00+01:00,1929.95,19.19,30.11,0.0,68.56,True,1,True,False,1,True
2024-02-04 15:39:00+01:00,1930.99,19.21,30.09,0.0,68.56,True,1,True,False,1,True
2024-02-04 15:40:00+01:00,1932.03,19.24,30.07,0.0,68.56,True,1,True,False,1,True
2024-02-04 15:41:00+01:00,1933.06,19.26,30.05,0.0,68.56,True,1,True,False,1,True
2024-02-04 15:42:00+01:00,1934.09,19.27,30.04,0.0,68.56,True,1,True,False,1,True
2024-02-04 15:43:00+01:00,1935.13,19.29,30.03,0.0,68.56,True,1,True,False,1,True
2024-02-04 15:44:00+01:00,1936.16,19.3,30.03,0.0,68.56,True,1,True,False,1,True
2024-02-04 15:45:00+01:00,1937.18,19.32,30.02,0.0,68.56,True,1,True,False,1,True
2024-02-04 15:46:00+01:00,1938.21,19.33,30.02,0.0,68.56,True,1,True,False,1,True
2024-02-04 15:47:00+01:00,1939.23,19.34,30.03,0.0,68.56,True,1,True,False,1,True
2024-02-04 15:48:00+01:00,1940.26,19.35,30.03,0.0,68.56,True,1,True,False,1,True
2024-02-04 15:49:00+01:00,1941.28,19.36,30.04,0.0,68.56,True,1,True,False,1,True
2024-02-04 15:50:00+01:00,1942.3,19.37,30.04,0.0,68.56,True,1,True,False,1,True
2024-02-04 15:51:00+01:00,1943.32,19.37,30.05,0.0,68.56,True,1,True,False,1,True
2024-02-04 15:52:00+01:00,1944.34,19.38,30.07,0.0,68.56,True,1,True,False,1,True
2024-02-04 15:53:00+01:00,1945.35,19.39,30.08,0.0,68.56,True,1,True,False,1,True
2024-02-04 15:54:00+01:00,1946.36,19.39,30.09,0.0,68.56,True,1,True,False,1,True
2024-02-04 15:55:00+01:00,1947.38,19.4,30.11,0.0,68.56,True,1,True,False,1,True
2024-02-04 15:56:00+01:00,1948.39,19.4,30.12,0.0,68.56,True,1,True,False,1,True
2024-02-04 15:57:00+01:00,1949.4,19.4,30.14,0.0,68.56,True,1,True,False,1,True
2024-02-04 15:58:00+01:00,1950.41,19.41,30.15,0.0,68.56,True,1,True,False,1,True
2024-02-04 15:59:00+01:00,1951.41,19.41,30.17,0.0,68.56,True,1,True,False,1,True
2024-02-04 16:00:00+01:00,1952.42,19.41,30.19,0.0,68.56,True,1,True,False,1,True
2024-02-04 16:01:00+01:00,1953.42,19.41,30.21,0.0,68.56,True,1,True,False,1,True
2024-02-04 16:02:00+01:00,1954.43,19.42,30.23,0.0,68.56,True,1,True,False,1,True
2024-02-04 16:03:00+01:00,1955.43,19.42,30.25,0.0,68.56,True,1,True,False,1,True
2024-02-04 16:04:00+01:00,1956.43,19.42,30.27,0.0,68.56,True,1,True,False,1,True
2024-02-04 16:05:00+01:00,1957.42,19.42,30.29,0.0,68.56,True,1,True,False,1,True
2024-02-04 16:06:00+01:00,1958.42,19.42,30.31,0.0,68.56,True,1,True,False,1,True
2024-02-04 16:07:00+01:00,1959.42,19.42,30.33,0.0,68.56,True,1,True,False,1,True
2024-02-04 16:08:00+01:00,1960.41,19.42,30.35,0.0,68.56,True,1,True,False,1,True
2024-02-04 16:09:00+01:00,1961.4,19.42,30.37,0.0,68.56,True,1,True,False,1,True
2024-02-04 16:10:00+01:00,1962.39,19.42,30.39,0.0,68.56,True,1,True,False,1,True
2024-02-04 16:11:00+01:00,1963.38,19.42,30.41,0.0,68.56,True,1,True,False,1,True
2024-02-04 16:12:00+01:00,1964.37,19.42,30.44,0.0,68.56,True,1,True,False,1,True
2024-02-04 16:13:00+01:00,1965.36,19.43,30.46,0.0,68.56,True,1,True,False,1,True
2024-02-04 16:14:00+01:00,1966.34,19.43,30.48,0.0,68.56,True,1,True,False,1,True
2024-02-04 16:15:00+01:00,1967.33,19.43,30.5,0.0,68.56,True,1,True,False,1,True
2024-02-04 16:16:00+01:00,1968.31,19.43,30.52,0.0,68.56,True,1,True,False,1,True
2024-02-04 16:17:00+01:00,1969.29,19.43,30.55,0.0,68.56,True,1,True,False,1,True
2024-02-04 16:18:00+01:00,1970.27,19.43,30.57,0.0,68.56,True,1,True,False,1,True
2024-02-04 16:19:00+01:00,1971.25,19.43,30.59,0.0,68.56,True,1,True,False,1,True
2024-02-04 16:20:00+01:00,1972.23,19.43,30.61,0.0,68.56,True,1,True,False,1,True
2024-02-04 16:21:00+01:00,1973.2,19.42,30.64,0.0,68.56,True,1,True,False,1,True
2024-02-04 16:22:00+01:00,1974.18,19.42,30.66,0.0,68.56,True,1,True,False,1,True
2024-02-04 16:23:00+01:00,1975.15,19.42,30.68,0.0,68.56,True,1,True,False,1,True
2024-02-04 16:24:00+01:00,1976.12,19.42,30.71,0.0,68.56,True,1,True,False,1,True
2024-02-04 16:25:00+01:00,1977.09,19.42,30.73,0.0,68.56,True,1,True,False,1,True
2024-02-04 16:26:00+01:00,1978.06,19.42,30.75,0.0,68.56,True,1,True,False,1,True
2024-02-04 16:27:00+01:00,1979.03,19.42,30.77,0.0,68.56,True,1,True,False,1,True
2024-02-04 16:28:00+01:00,1979.99,19.42,30.8,0.0,68.56,True,1,True,False,1,True
2024-02-04 16:29:00+01:00,1980.96,19.42,30.82,0.0,68.56,True,1,True,False,1,True
2024-02-04 16:30:00+01:00,1981.92,19.42,30.84,0.0,68.56,True,1,True,False,1,True
2024-02-04 16:31:00+01:00,1982.88,19.42,30.87,0.0,68.56,True,1,True,False,1,True
2024-02-04 16:32:00+01:00,1983.84,19.42,30.89,0.0,68.56,True,1,True,False,1,True
2024-02-04 16:33:00+01:00,1984.8,19.42,30.91,0.0,68.56,True,1,True,False,1,True
2024-02-04 16:34:00+01:00,1985.76,19.42,30.93,0.0,68.56,True,1,True,False,1,True
2024-02-04 16:35:00+01:00,1986.72,19.42,30.96,0.0,68.56,True,1,True,False,1,True
2024-02-04 16:36:00+01:00,1987.67,19.42,30.98,0.0,68.56,True,1,True,False,1,True
2024-02-04 16:37:00+01:00,1988.63,19.42,31.0,0.0,68.56,True,1,True,False,1,True
2024-02-04 16:38:00+01:00,1987.75,19.4,31.04,0.0,68.56,False,0,True,True,1,True
2024-02-04 16:39:00+01:00,1985.72,19.36,31.1,0.0,68.56,False,0,False,False,1,True
2024-02-04 16:40:00+01:00,1983.27,19.32,31.15,0.0,68.56,False,0,False,False,1,True
2024-02-04 16:41:00+01:00,1980.79,19.29,31.19,0.0,68.56,False,0,False,False,1,True
2024-02-04 16:42:00+01:00,1978.35,19.26,31.23,0.0,68.56,False,0,False,False,1,True
2024-02-04 16:43:00+01:00,1975.96,19.23,31.27,0.0,68.56,False,0,False,False,1,True
2024-02-04 16:44:00+01:00,1973.58,19.21,31.3,0.0,68.56,False,0,False,False,1,True
2024-02-04 16:45:00+01:00,1971.21,19.18,31.32,0.0,68.56,False,0,False,False,1,True
2024-02-04 16:46:00+01:00,1968.85,19.16,31.34,0.0,68.56,False,0,False,False,1,True
2024-02-04 16:47:00+01:00,1966.48,19.14,31.36,0.0,68.56,False,0,False,False,1,True
2024-02-04 16:48:00+01:00,1964.12,19.12,31.38,0.0,68.56,False,0,False,False,1,True
2024-02-04 16:49:00+01:00,1961.77,19.11,31.39,0.0,68.56,False,0,False,False,1,True
2024-02-04 16:50:00+01:00,1959.42,19.09,31.41,0.0,68.56,False,0,False,False,1,True
2024-02-04 16:51:00+01:00,1957.07,19.08,31.41,0.0,68.56,False,0,False,False,1,True
2024-02-04 16:52:00+01:00,1954.73,19.06,31.42,0.0,68.56,False,0,False,False,1,True
2024-02-04 16:53:00+01:00,1952.39,19.05,31.43,0.0,68.56,False,0,False,False,1,True
2024-02-04 16:54:00+01:00,1950.05,19.04,31.43,0.0,68.56,False,0,False,False,1,True
2024-02-04 16:55:00+01:00,1947.72,19.02,31.44,0.0,68.56,False,0,False,False,1,True
2024-02-04 16:56:00+01:00,1947.23,19.04,31.42,0.0,68.56,True,1,False,False,1,True
2024-02-04 16:57:00+01:00,1947.89,19.06,31.38,0.0,68.56,True,1,True,False,1,True
2024-02-04 16:58:00+01:00,1948.96,19.09,31.35,0.0,68.56,True,1,True,False,1,True
2024-02-04 16:59:00+01:00,1950.08,19.12,31.32,0.0,68.56,True,1,True,False,1,True
2024-02-04 17:00:00+01:00,1951.16,19.14,31.29,0.0,68.56,True,1,True,False,1,True
2024-02-04 17:01:00+01:00,1952.19,19.16,31.27,0.0,68.56,True,1,True,False,1,True
2024-02-04 17:02:00+01:00,1953.21,19.18,31.25,0.0,68.56,True,1,True,False,1,True
2024-02-04 17:03:00+01:00,1954.22,19.2,31.24,0.0,68.56,True,1,True,False,1,True
2024-02-04 17:04:00+01:00,1955.23,19.22,31.23,0.0,68.56,True,1,True,False,1,True
2024-02-04 17:05:00+01:00,1956.24,19.23,31.22,0.0,68.56,True,1,True,False,1,True
2024-02-04 17:06:00+01:00,1957.25,19.24,31.22,0.0,68.56,True,1,True,False,1,True
2024-02-04 17:07:00+01:00,1958.26,19.26,31.22,0.0,68.56,True,1,True,False,1,True
2024-02-04 17:08:00+01:00,1959.26,19.27,31.22,0.0,68.56,True,1,True,False,1,True
2024-02-04 17:09:00+01:00,1960.27,19.28,31.22,0.0,68.56,True,1,True,False,1,True
2024-02-04 17:10:00+01:00,1961.27,19.28,31.23,0.0,68.56,True,1,True,False,1,True
2024-02-04 17:11:00+01:00,1960.44,19.27,31.26,0.0,68.56,False,0,True,True,1,True
2024-02-04 17:12:00+01:00,1958.45,19.24,31.3,0.0,68.56,False,0,False,False,1,True
2024-02-04 17:13:00+01:00,1956.05,19.21,31.34,0.0,68.56,False,0,False,False,1,True
2024-02-04 17:14:00+01:00,1953.61,19.18,31.37,0.0,68.56,False,0,False,False,1,True
2024-02-04 17:15:00+01:00,1951.22,19.15,31.41,0.0,68.56,False,0,False,False,1,True
2024-02-04 17:16:00+01:00,1948.87,19.13,31.43,0.0,68.56,False,0,False,False,1,True
2024-02-04 17:17:00+01:00,1946.54,19.11,31.45,0.0,68.56,False,0,False,False,1,True
2024-02-04 17:18:00+01:00,1944.21,19.09,31.47,0.0,68.56,False,0,False,False,1,True
2024-02-04 17:19:00+01:00,1941.89,19.07,31.49,0.0,68.56,False,0,False,False,1,True
2024-02-04 17:20:00+01:00,1939.57,19.05,31.51,0.0,68.56,False,0,False,False,1,True
2024-02-04 17:21:00+01:00,1937.25,19.03,31.52,0.0,68.56,False,0,False,False,1,True
2024-02-04 17:22:00+01:00,1934.94,19.02,31.53,0.0,68.56,False,0,False,False,1,True
2024-02-04 17:23:00+01:00,1932.63,19.0,31.54,0.0,68.56,False,0,False,False,1,True
2024-02-04 17:24:00+01:00,1930.32,18.99,31.54,0.0,68.56,False,0,False,False,1,True
2024-02-04 17:25:00+01:00,1928.02,18.98,31.55,0.0,68.56,False,0,False,False,1,True
2024-02-04 17:26:00+01:00,1925.72,18.97,31.55,0.0,68.56,False,0,False,False,1,True
2024-02-04 17:27:00+01:00,1923.43,18.95,31.56,0.0,68.56,False,0,False,False,1,True
2024-02-04 17:28:00+01:00,1921.13,18.94,31.56,0.0,68.56,False,0,False,False,1,True
2024-02-04 17:29:00+01:00,1918.85,18.93,31.56,0.0,68.56,False,0,False,False,1,True
2024-02-04 17:30:00+01:00,1916.56,18.92,31.56,0.0,68.56,False,0,False,False,1,True
2024-02-04 17:31:00+01:00,1914.28,18.91,31.56,0.0,68.56,False,0,False,False,1,True
2024-02-04 17:32:00+01:00,1912.0,18.9,31.56,0.0,68.56,False,0,False,False,1,True
2024-02-04 17:33:00+01:00,1909.73,18.89,31.56,0.0,68.56,False,0,False,False,1,True
2024-02-04 17:34:00+01:00,1907.46,18.88,31.55,0.0,68.56,False,0,False,False,1,True
2024-02-04 17:35:00+01:00,1905.19,18.88,31.55,0.0,68.56,False,0,False,False,1,True
2024-02-04 17:36:00+01:00,1902.93,18.87,31.54,0.0,68.56,False,0,False,False,1,True
2024-02-04 17:37:00+01:00,1900.67,18.86,31.54,0.0,68.56,False,0,False,False,1,True
2024-02-04 17:38:00+01:00,1898.41,18.85,31.54,0.0,68.56,False,0,False,False,1,True
2024-02-04 17:39:00+01:00,1896.16,18.85,31.53,0.0,68.56,False,0,False,False,1,True
2024-02-04 17:40:00+01:00,1893.91,18.84,31.52,0.0,68.56,False,0,False,False,1,True
2024-02-04 17:41:00+01:00,1891.66,18.83,31.52,0.0,68.56,False,0,False,False,1,True
2024-02-04 17:42:00+01:00,1889.42,18.82,31.51,0.0,68.56,False,0,False,False,1,True
2024-02-04 17:43:00+01:00,1887.18,18.82,31.5,0.0,68.56,False,0,False,False,1,True
2024-02-04 17:44:00+01:00,1884.94,18.81,31.5,0.0,68.56,False,0,False,False,1,True
2024-02-04 17:45:00+01:00,1882.71,18.8,31.49,0.0,68.56,False,0,False,False,1,True
2024-02-04 17:46:00+01:00,1880.48,18.8,31.48,0.0,68.56,False,0,False,False,1,True
2024-02-04 17:47:00+01:00,1878.26,18.79,31.47,0.0,68.56,False,0,False,False,1,True
2024-02-04 17:48:00+01:00,1876.03,18.79,31.46,0.0,68.56,False,0,False,False,1,True
2024-02-04 17:49:00+01:00,1873.81,18.78,31.45,0.0,68.56,False,0,False,False,1,True
2024-02-04 17:50:00+01:00,1871.6,18.78,31.44,0.0,68.56,False,0,False,False,1,True
2024-02-04 17:51:00+01:00,1869.39,18.77,31.43,0.0,68.56,False,0,False,False,0,False
2024-02-04 17:52:00+01:00,1867.18,18.76,31.42,0.0,68.56,False,0,False,False,0,False
2024-02-04 17:53:00+01:00,1864.97,18.76,31.42,0.0,68.56,False,0,False,False,0,False
2024-02-04 17:54:00+01:00,1862.77,18.75,31.4,0.0,68.56,False,0,False,False,0,False
2024-02-04 17:55:00+01:00,1860.57,18.75,31.39,0.0,68.56,False,0,False,False,0,False
2024-02-04 17:56:00+01:00,1858.38,18.74,31.38,0.0,68.56,False,0,False,False,0,False
2024-02-04 17:57:00+01:00,1856.19,18.74,31.37,0.0,68.56,False,0,False,False,0,False
2024-02-04 17:58:00+01:00,1854.0,18.73,31.36,0.0,68.56,False,0,False,False,0,False
2024-02-04 17:59:00+01:00,1851.81,18.73,31.35,0.0,68.56,False,0,False,False,0,False
2024-02-04 18:00:00+01:00,1849.63,18.73,31.34,0.0,68.56,False,0,False,False,0,False
2024-02-04 18:01:00+01:00,1847.45,18.72,31.33,0.0,68.56,False,0,False,False,0,False
2024-02-04 18:02:00+01:00,1845.28,18.72,31.32,0.0,68.56,False,0,False,False,0,False
2024-02-04 18:03:00+01:00,1843.11,18.71,31.3,0.0,68.56,False,0,False,False,0,False
2024-02-04 18:04:00+01:00,1840.94,18.71,31.29,0.0,68.56,False,0,False,False,0,False
2024-02-04 18:05:00+01:00,1838.78,18.7,31.28,0.0,68.56,False,0,False,False,0,False
2024-02-04 18:06:00+01:00,1836.61,18.7,31.27,0.0,68.56,False,0,False,False,0,False
2024-02-04 18:07:00+01:00,1834.46,18.7,31.26,0.0,68.56,False,0,False,False,0,False
2024-02-04 18:08:00+01:00,1832.3,18.69,31.24,0.0,68.56,False,0,False,False,0,False
2024-02-04 18:09:00+01:00,1830.15,18.69,31.23,0.0,68.56,False,0,False,False,0,False
2024-02-04 18:10:00+01:00,1828.0,18.68,31.22,0.0,68.56,False,0,False,False,0,False
2024-02-04 18:11:00+01:00,1825.86,18.68,31.2,0.0,68.56,False,0,False,False,0,False
2024-02-04 18:12:00+01:00,1823.71,18.68,31.19,0.0,68.56,False,0,False,False,0,False
2024-02-04 18:13:00+01:00,1821.58,18.67,31.18,0.0,68.56,False,0,False,False,0,False
2024-02-04 18:14:00+01:00,1819.44,18.67,31.17,0.0,68.56,False,0,False,False,0,False
2024-02-04 18:15:00+01:00,1817.31,18.67,31.15,0.0,68.56,False,0,False,False,0,False
2024-02-04 18:16:00+01:00,1815.18,18.66,31.14,0.0,68.56,False,0,False,False,0,False
2024-02-04 18:17:00+01:00,1813.05,18.66,31.13,0.0,68.56,False,0,False,False,0,False
2024-02-04 18:18:00+01:00,1810.93,18.66,31.11,0.0,68.56,False,0,False,False,0,False
2024-02-04 18:19:00+01:00,1808.81,18.65,31.1,0.0,68.56,False,0,False,False,0,False
2024-02-04 18:20:00+01:00,1806.7,18.65,31.09,0.0,68.56,False,0,False,False,0,False
2024-02-04 18:21:00+01:00,1804.59,18.64,31.07,0.0,68.56,False,0,False,False,0,False
2024-02-04 18:22:00+01:00,1802.48,18.64,31.06,0.0,68.56,False,0,False,False,0,False
2024-02-04 18:23:00+01:00,1800.37,18.64,31.05,0.0,68.56,False,0,False,False,0,False
2024-02-04 18:24:00+01:00,1798.27,18.63,31.03,0.0,68.56,False,0,False,False,0,False
2024-02-04 18:25:00+01:00,1796.17,18.63,31.02,0.0,68.56,False,0,False,False,0,False
2024-02-04 18:26:00+01:00,1794.07,18.63,31.0,0.0,68.56,False,0,False,False,0,False
2024-02-04 18:27:00+01:00,1791.98,18.62,30.99,0.0,68.56,False,0,False,False,0,False
2024-02-04 18:28:00+01:00,1789.89,18.62,30.98,0.0,68.56,False,0,False,False,0,False
2024-02-04 18:29:00+01:00,1787.8,18.62,30.96,0.0,68.56,False,0,False,False,0,False
2024-02-04 18:30:00+01:00,1785.72,18.62,30.95,0.0,68.56,False,0,False,False,0,False
2024-02-04 18:31:00+01:00,1783.64,18.61,30.94,0.0,68.56,False,0,False,False,0,False
2024-02-04 18:32:00+01:00,1781.56,18.61,30.92,0.0,68.56,False,0,False,False,0,False
2024-02-04 18:33:00+01:00,1779.49,18.61,30.91,0.0,68.56,False,0,False,False,0,False
2024-02-04 18:34:00+01:00,1777.42,18.6,30.89,0.0,68.56,False,0,False,False,0,False
2024-02-04 18:35:00+01:00,1775.35,18.6,30.88,0.0,68.56,False,0,False,False,0,False
2024-02-04 18:36:00+01:00,1773.29,18.6,30.87,0.0,68.56,False,0,False,False,0,False
2024-02-04 18:37:00+01:00,1771.23,18.59,30.85,0.0,68.56,False,0,False,False,0,False
2024-02-04 18:38:00+01:00,1769.17,18.59,30.84,0.0,68.56,False,0,False,False,0,False
2024-02-04 18:39:00+01:00,1767.11,18.59,30.82,0.0,68.56,False,0,False,False,0,False
2024-02-04 18:40:00+01:00,1765.06,18.58,30.81,0.0,68.56,False,0,False,False,0,False
2024-02-04 18:41:00+01:00,1763.01,18.58,30.8,0.0,68.56,False,0,False,False,0,False
2024-02-04 18:42:00+01:00,1760.97,18.58,30.78,0.0,68.56,False,0,False,False,0,False
2024-02-04 18:43:00+01:00,1758.93,18.57,30.77,0.0,68.56,False,0,False,False,0,False
2024-02-04 18:44:00+01:00,1756.89,18.57,30.75,0.0,68.56,False,0,False,False,0,False
2024-02-04 18:45:00+01:00,1754.85,18.57,30.74,0.0,68.56,False,0,False,False,0,False
2024-02-04 18:46:00+01:00,1752.82,18.57,30.73,0.0,68.56,False,0,False,False,0,False
2024-02-04 18:47:00+01:00,1750.79,18.56,30.71,0.0,68.56,False,0,False,False,0,False
2024-02-04 18:48:00+01:00,1748.76,18.56,30.7,0.0,68.56,False,0,False,False,0,False
2024-02-04 18:49:00+01:00,1746.74,18.56,30.68,0.0,68.56,False,0,False,False,0,False
2024-02-04 18:50:00+01:00,1744.72,18.55,30.67,0.0,68.56,False,0,False,False,0,False
2024-02-04 18:51:00+01:00,1742.7,18.55,30.65,0.0,68.56,False,0,False,False,0,False
2024-02-04 18:52:00+01:00,1740.69,18.55,30.64,0.0,68.56,False,0,False,False,0,False
2024-02-04 18:53:00+01:00,1738.68,18.55,30.63,0.0,68.56,False,0,False,False,0,False
2024-02-04 18:54:00+01:00,1736.67,18.54,30.61,0.0,68.56,False,0,False,False,0,False
2024-02-04 18:55:00+01:00,1734.66,18.54,30.6,0.0,68.56,False,0,False,False,0,False
2024-02-04 18:56:00+01:00,1732.66,18.54,30.58,0.0,68.56,False,0,False,False,0,False
2024-02-04 18:57:00+01:00,1730.66,18.53,30.57,0.0,68.56,False,0,False,False,0,False
2024-02-04 18:58:00+01:00,1728.67,18.53,30.56,0.0,68.56,False,0,False,False,0,False
2024-02-04 18:59:00+01:00,1726.68,18.53,30.54,0.0,68.56,False,0,False,False,0,False
2024-02-04 19:00:00+01:00,1724.69,18.52,30.53,0.0,68.56,False,0,False,False,0,False
2024-02-04 19:01:00+01:00,1722.7,18.52,30.51,0.0,68.56,False,0,False,False,0,False
2024-02-04 19:02:00+01:00,1720.72,18.52,30.5,0.0,68.56,False,0,False,False,0,False
2024-02-04 19:03:00+01:00,1718.74,18.52,30.48,0.0,68.56,False,0,False,False,0,False
2024-02-04 19:04:00+01:00,1716.76,18.51,30.47,0.0,68.56,False,0,False,False,0,False
2024-02-04 19:05:00+01:00,1714.79,18.51,30.46,0.0,68.56,False,0,False,False,0,False
2024-02-04 19:06:00+01:00,1712.81,18.51,30.44,0.0,68.56,False,0,False,False,0,False
2024-02-04 19:07:00+01:00,1710.85,18.5,30.43,0.0,68.56,False,0,False,False,0,False
2024-02-04 19:08:00+01:00,1708.88,18.5,30.41,0.0,68.56,False,0,False,False,0,False
2024-02-04 19:09:00+01:00,1706.92,18.5,30.4,0.0,68.56,False,0,False,False,0,False
2024-02-04 19:10:00+01:00,1704.96,18.5,30.38,0.0,68.56,False,0,False,False,0,False
2024-02-04 19:11:00+01:00,1703.0,18.49,30.37,0.0,68.56,False,0,False,False,0,False
2024-02-04 19:12:00+01:00,1701.05,18.49,30.36,0.0,68.56,False,0,False,False,0,False
2024-02-04 19:13:00+01:00,1699.1,18.49,30.34,0.0,68.56,False,0,False,False,0,False
2024-02-04 19:14:00+01:00,1697.15,18.48,30.33,0.0,68.56,False,0,False,False,0,False
2024-02-04 19:15:00+01:00,1695.21,18.48,30.31,0.0,68.56,False,0,False,False,0,False
2024-02-04 19:16:00+01:00,1693.27,18.48,30.3,0.0,68.56,False,0,False,False,0,False
2024-02-04 19:17:00+01:00,1691.33,18.48,30.28,0.0,68.56,False,0,False,False,0,False
2024-02-04 19:18:00+01:00,1689.39,18.47,30.27,0.0,68.56,False,0,False,False,0,False
2024-02-04 19:19:00+01:00,1687.46,18.47,30.26,0.0,68.56,False,0,False,False,0,False
2024-02-04 19:20:00+01:00,1685.53,18.47,30.24,0.0,68.56,False,0,False,False,0,False
2024-02-04 19:21:00+01:00,1683.61,18.46,30.23,0.0,68.56,False,0,False,False,0,False
2024-02-04 19:22:00+01:00,1681.68,18.46,30.21,0.0,68.56,False,0,False,False,0,False
2024-02-04 19:23:00+01:00,1679.76,18.46,30.2,0.0,68.56,False,0,False,False,0,False
2024-02-04 19:24:00+01:00,1677.85,18.45,30.18,0.0,68.56,False,0,False,False,0,False
2024-02-04 19:25:00+01:00,1675.93,18.45,30.17,0.0,68.56,False,0,False,False,0,False
2024-02-04 19:26:00+01:00,1674.02,18.45,30.16,0.0,68.56,False,0,False,False,0,False
2024-02-04 19:27:00+01:00,1672.11,18.45,30.14,0.0,68.56,False,0,False,False,0,False
2024-02-04 19:28:00+01:00,1670.21,18.44,30.13,0.0,68.56,False,0,False,False,0,False
2024-02-04 19:29:00+01:00,1668.3,18.44,30.11,0.0,68.56,False,0,False,False,0,False
2024-02-04 19:30:00+01:00,1666.4,18.44,30.1,0.0,68.56,False,0,False,False,0,False
2024-02-04 19:31:00+01:00,1664.51,18.43,30.08,0.0,68.56,False,0,False,False,0,False
2024-02-04 19:32:00+01:00,1662.61,18.43,30.07,0.0,68.56,False,0,False,False,0,False
2024-02-04 19:33:00+01:00,1660.72,18.43,30.06,0.0,68.56,False,0,False,False,0,False
2024-02-04 19:34:00+01:00,1658.83,18.43,30.04,0.0,68.56,False,0,False,False,0,False
2024-02-04 19:35:00+01:00,1656.95,18.42,30.03,0.0,68.56,False,0,False,False,0,False
2024-02-04 19:36:00+01:00,1655.07,18.42,30.01,0.0,68.56,False,0,False,False,0,False
2024-02-04 19:37:00+01:00,1653.19,18.42,30.0,0.0,68.56,False,0,False,False,0,False
2024-02-04 19:38:00+01:00,1651.31,18.41,29.98,0.0,68.56,False,0,False,False,0,False
2024-02-04 19:39:00+01:00,1649.44,18.41,29.97,0.0,68.56,False,0,False,False,0,False
2024-02-04 19:40:00+01:00,1647.57,18.41,29.96,0.0,68.56,False,0,False,False,0,False
2024-02-04 19:41:00+01:00,1645.7,18.41,29.94,0.0,68.56,False,0,False,False,0,False
2024-02-04 19:42:00+01:00,1643.83,18.4,29.93,0.0,68.56,False,0,False,False,0,False
2024-02-04 19:43:00+01:00,1641.97,18.4,29.91,0.0,68.56,False,0,False,False,0,False
2024-02-04 19:44:00+01:00,1640.11,18.4,29.9,0.0,68.56,False,0,False,False,0,False
2024-02-04 19:45:00+01:00,1638.26,18.39,29.88,0.0,68.56,False,0,False,False,0,False
2024-02-04 19:46:00+01:00,1636.4,18.39,29.87,0.0,68.56,False,0,False,False,0,False
2024-02-04 19:47:00+01:00,1634.55,18.39,29.86,0.0,68.56,False,0,False,False,0,False
2024-02-04 19:48:00+01:00,1632.7,18.39,29.84,0.0,68.56,False,0,False,False,0,False
2024-02-04 19:49:00+01:00,1630.86,18.38,29.83,0.0,68.56,False,0,False,False,0,False
2024-02-04 19:50:00+01:00,1629.02,18.38,29.81,0.0,68.56,False,0,False,False,0,False
2024-02-04 19:51:00+01:00,1627.18,18.38,29.8,0.0,68.56,False,0,False,False,0,False
2024-02-04 19:52:00+01:00,1625.34,18.37,29.78,0.0,68.56,False,0,False,False,0,False
2024-02-04 19:53:00+01:00,1623.51,18.37,29.77,0.0,68.56,False,0,False,False,0,False
2024-02-04 19:54:00+01:00,1621.68,18.37,29.76,0.0,68.56,False,0,False,False,0,False
2024-02-04 19:55:00+01:00,1619.85,18.36,29.74,0.0,68.56,False,0,False,False,0,False
2024-02-04 19:56:00+01:00,1618.02,18.36,29.73,0.0,68.56,False,0,False,False,0,False
2024-02-04 19:57:00+01:00,1616.2,18.36,29.71,0.0,68.56,False,0,False,False,0,False
2024-02-04 19:58:00+01:00,1614.38,18.36,29.7,0.0,68.56,False,0,False,False,0,False
2024-02-04 19:59:00+01:00,1612.57,18.35,29.68,0.0,68.56,False,0,False,False,0,False
2024-02-04 20:00:00+01:00,1610.75,18.35,29.67,0.0,68.56,False,0,False,False,0,False
2024-02-04 20:01:00+01:00,1608.94,18.35,29.65,0.0,68.56,False,0,False,False,0,False
2024-02-04 20:02:00+01:00,1607.13,18.35,29.64,0.0,68.56,False,0,False,False,0,False
2024-02-04 20:03:00+01:00,1605.33,18.34,29.62,0.0,68.56,False,0,False,False,0,False
2024-02-04 20:04:00+01:00,1603.52,18.34,29.61,0.0,68.56,False,0,False,False,0,False
2024-02-04 20:05:00+01:00,1601.72,18.34,29.59,0.0,68.56,False,0,False,False,0,False
2024-02-04 20:06:00+01:00,1599.93,18.33,29.58,0.0,68.56,False,0,False,False,0,False
2024-02-04 20:07:00+01:00,1598.13,18.33,29.56,0.0,68.56,False,0,False,False,0,False
2024-02-04 20:08:00+01:00,1596.34,18.33,29.55,0.0,68.56,False,0,False,False,0,False
2024-02-04 20:09:00+01:00,1594.55,18.33,29.53,0.0,68.56,False,0,False,False,0,False
2024-02-04 20:10:00+01:00,1592.77,18.32,29.52,0.0,68.56,False,0,False,False,0,False
2024-02-04 20:11:00+01:00,1590.99,18.32,29.5,0.0,68.56,False,0,False,False,0,False
2024-02-04 20:12:00+01:00,1589.21,18.32,29.49,0.0,68.56,False,0,False,False,0,False
2024-02-04 20:13:00+01:00,1587.43,18.32,29.47,0.0,68.56,False,0,False,False,0,False
2024-02-04 20:14:00+01:00,1585.65,18.31,29.46,0.0,68.56,False,0,False,False,0,False
2024-02-04 20:15:00+01:00,1583.88,18.31,29.44,0.0,68.56,False,0,False,False,0,False
2024-02-04 20:16:00+01:00,1582.11,18.31,29.43,0.0,68.56,False,0,False,False,0,False
2024-02-04 20:17:00+01:00,1580.35,18.31,29.41,0.0,68.56,False,0,False,False,0,False
2024-02-04 20:18:00+01:00,1578.58,18.31,29.4,0.0,68.56,False,0,False,False,0,False
2024-02-04 20:19:00+01:00,1576.82,18.3,29.38,0.0,68.56,False,0,False,False,0,False
2024-02-04 20:20:00+01:00,1575.07,18.3,29.36,0.0,68.56,False,0,False,False,0,False
2024-02-04 20:21:00+01:00,1573.31,18.3,29.35,0.0,68.56,False,0,False,False,0,False
2024-02-04 20:22:00+01:00,1571.56,18.3,29.33,0.0,68.56,False,0,False,False,0,False
2024-02-04 20:23:00+01:00,1569.81,18.29,29.32,0.0,68.56,False,0,False,False,0,False
2024-02-04 20:24:00+01:00,1568.06,18.29,29.3,0.0,68.56,False,0,False,False,0,False
2024-02-04 20:25:00+01:00,1566.32,18.29,29.29,0.0,68.56,False,0,False,False,0,False
2024-02-04 20:26:00+01:00,1564.58,18.29,29.27,0.0,68.56,False,0,False,False,0,False
2024-02-04 20:27:00+01:00,1562.84,18.28,29.25,0.0,68.56,False,0,False,False,0,False
2024-02-04 20:28:00+01:00,1561.1,18.28,29.24,0.0,68.56,False,0,False,False,0,False
2024-02-04 20:29:00+01:00,1559.37,18.28,29.22,0.0,68.56,False,0,False,False,0,False
2024-02-04 20:30:00+01:00,1557.64,18.28,29.21,0.0,68.56,False,0,False,False,0,False
2024-02-04 20:31:00+01:00,1555.91,18.28,29.19,0.0,68.56,False,0,False,False,0,False
2024-02-04 20:32:00+01:00,1554.19,18.27,29.18,0.0,68.56,False,0,False,False,0,False
2024-02-04 20:33:00+01:00,1552.46,18.27,29.16,0.0,68.56,False,0,False,False,0,False
2024-02-04 20:34:00+01:00,1550.75,18.27,29.14,0.0,68.56,False,0,False,False,0,False
2024-02-04 20:35:00+01:00,1549.03,18.27,29.13,0.0,68.56,False,0,False,False,0,False
2024-02-04 20:36:00+01:00,1547.31,18.26,29.11,0.0,68.56,False,0,False,False,0,False
2024-02-04 20:37:00+01:00,1545.6,18.26,29.1,0.0,68.56,False,0,False,False,0,False
2024-02-04 20:38:00+01:00,1543.89,18.26,29.08,0.0,68.56,False,0,False,False,0,False
2024-02-04 20:39:00+01:00,1542.19,18.26,29.07,0.0,68.56,False,0,False,False,0,False
2024-02-04 20:40:00+01:00,1540.49,18.26,29.05,0.0,68.56,False,0,False,False,0,False
2024-02-04 20:41:00+01:00,1538.78,18.25,29.03,0.0,68.56,False,0,False,False,0,False
2024-02-04 20:42:00+01:00,1537.09,18.25,29.02,0.0,68.56,False,0,False,False,0,False
2024-02-04 20:43:00+01:00,1535.39,18.25,29.0,0.0,68.56,False,0,False,False,0,False
2024-02-04 20:44:00+01:00,1533.7,18.25,28.99,0.0,68.56,False,0,False,False,0,False
2024-02-04 20:45:00+01:00,1532.01,18.24,28.97,0.0,68.56,False,0,False,False,0,False
2024-02-04 20:46:00+01:00,1530.32,18.24,28.95,0.0,68.56,False,0,False,False,0,False
2024-02-04 20:47:00+01:00,1528.64,18.24,28.94,0.0,68.56,False,0,False,False,0,False
2024-02-04 20:48:00+01:00,1526.96,18.24,28.92,0.0,68.56,False,0,False,False,0,False
2024-02-04 20:49:00+01:00,1525.28,18.24,28.91,0.0,68.56,False,0,False,False,0,False
2024-02-04 20:50:00+01:00,1523.6,18.23,28.89,0.0,68.56,False,0,False,False,0,False
2024-02-04 20:51:00+01:00,1521.93,18.23,28.87,0.0,68.56,False,0,False,False,0,False
2024-02-04 20:52:00+01:00,1520.25,18.23,28.86,0.0,68.56,False,0,False,False,0,False
2024-02-04 20:53:00+01:00,1518.58,18.23,28.84,0.0,68.56,False,0,False,False,0,False
2024-02-04 20:54:00+01:00,1516.92,18.23,28.83,0.0,68.56,False,0,False,False,0,False
2024-02-04 20:55:00+01:00,1515.26,18.22,28.81,0.0,68.56,False,0,False,False,0,False
2024-02-04 20:56:00+01:00,1513.59,18.22,28.79,0.0,68.56,False,0,False,False,0,False
2024-02-04 20:57:00+01:00,1511.94,18.22,28.78,0.0,68.56,False,0,False,False,0,False
2024-02-04 20:58:00+01:00,1510.28,18.22,28.76,0.0,68.56,False,0,False,False,0,False
2024-02-04 20:59:00+01:00,1508.63,18.22,28.75,0.0,68.56,False,0,False,False,0,False
2024-02-04 21:00:00+01:00,1506.98,18.21,28.73,0.0,68.56,False,0,False,False,0,False
2024-02-04 21:01:00+01:00,1505.33,18.21,28.71,0.0,68.56,False,0,False,False,0,False
2024-02-04 21:02:00+01:00,1503.68,18.21,28.7,0.0,68.56,False,0,False,False,0,False
2024-02-04 21:03:00+01:00,1502.04,18.21,28.68,0.0,68.56,False,0,False,False,0,False
2024-02-04 21:04:00+01:00,1500.4,18.2,28.67,0.0,68.56,False,0,False,False,0,False
2024-02-04 21:05:00+01:00,1498.76,18.2,28.65,0.0,68.56,False,0,False,False,0,False
2024-02-04 21:06:00+01:00,1497.13,18.2,28.63,0.0,68.56,False,0,False,False,0,False
2024-02-04 21:07:00+01:00,1495.5,18.2,28.62,0.0,68.56,False,0,False,False,0,False
2024-02-04 21:08:00+01:00,1493.87,18.2,28.6,0.0,68.56,False,0,False,False,0,False
2024-02-04 21:09:00+01:00,1492.24,18.19,28.59,0.0,68.56,False,0,False,False,0,False
2024-02-04 21:10:00+01:00,1490.61,18.19,28.57,0.0,68.56,False,0,False,False,0,False
2024-02-04 21:11:00+01:00,1488.99,18.19,28.56,0.0,68.56,False,0,False,False,0,False
2024-02-04 21:12:00+01:00,1487.37,18.19,28.54,0.0,68.56,False,0,False,False,0,False
2024-02-04 21:13:00+01:00,1485.75,18.19,28.52,0.0,68.56,False,0,False,False,0,False
2024-02-04 21:14:00+01:00,1484.14,18.18,28.51,0.0,68.56,False,0,False,False,0,False
2024-02-04 21:15:00+01:00,1482.53,18.18,28.49,0.0,68.56,False,0,False,False,0,False
2024-02-04 21:16:00+01:00,1480.92,18.18,28.48,0.0,68.56,False,0,False,False,0,False
2024-02-04 21:17:00+01:00,1479.31,18.18,28.46,0.0,68.56,False,0,False,False,0,False
2024-02-04 21:18:00+01:00,1477.71,18.17,28.44,0.0,68.56,False,0,False,False,0,False
2024-02-04 21:19:00+01:00,1476.1,18.17,28.43,0.0,68.56,False,0,False,False,0,False
2024-02-04 21:20:00+01:00,1474.51,18.17,28.41,0.0,68.56,False,0,False,False,0,False
2024-02-04 21:21:00+01:00,1472.91,18.17,28.4,0.0,68.56,False,0,False,False,0,False
2024-02-04 21:22:00+01:00,1471.31,18.17,28.38,0.0,68.56,False,0,False,False,0,False
2024-02-04 21:23:00+01:00,1469.72,18.16,28.37,0.0,68.56,False,0,False,False,0,False
2024-02-04 21:24:00+01:00,1468.13,18.16,28.35,0.0,68.56,False,0,False,False,0,False
2024-02-04 21:25:00+01:00,1466.55,18.16,28.33,0.0,68.56,False,0,False,False,0,False
2024-02-04 21:26:00+01:00,1464.96,18.16,28.32,0.0,68.56,False,0,False,False,0,False
2024-02-04 21:27:00+01:00,1463.38,18.15,28.3,0.0,68.56,False,0,False,False,0,False
2024-02-04 21:28:00+01:00,1461.8,18.15,28.29,0.0,68.56,False,0,False,False,0,False
2024-02-04 21:29:00+01:00,1460.22,18.15,28.27,0.0,68.56,False,0,False,False,0,False
2024-02-04 21:30:00+01:00,1458.65,18.15,28.25,0.0,68.56,False,0,False,False,0,False
2024-02-04 21:31:00+01:00,1457.08,18.15,28.24,0.0,68.56,False,0,False,False,0,False
2024-02-04 21:32:00+01:00,1455.51,18.14,28.22,0.0,68.56,False,0,False,False,0,False
2024-02-04 21:33:00+01:00,1453.94,18.14,28.21,0.0,68.56,False,0,False,False,0,False
2024-02-04 21:34:00+01:00,1452.37,18.14,28.19,0.0,68.56,False,0,False,False,0,False
2024-02-04 21:35:00+01:00,1450.81,18.14,28.18,0.0,68.56,False,0,False,False,0,False
2024-02-04 21:36:00+01:00,1449.25,18.14,28.16,0.0,68.56,False,0,False,False,0,False
2024-02-04 21:37:00+01:00,1447.7,18.13,28.14,0.0,68.56,False,0,False,False,0,False
2024-02-04 21:38:00+01:00,1446.14,18.13,28.13,0.0,68.56,False,0,False,False,0,False
2024-02-04 21:39:00+01:00,1444.59,18.13,28.11,0.0,68.56,False,0,False,False,0,False
2024-02-04 21:40:00+01:00,1443.04,18.13,28.1,0.0,68.56,False,0,False,False,0,False
2024-02-04 21:41:00+01:00,1441.49,18.12,28.08,0.0,68.56,False,0,False,False,0,False
2024-02-04 21:42:00+01:00,1439.95,18.12,28.06,0.0,68.56,False,0,False,False,0,False
2024-02-04 21:43:00+01:00,1438.4,18.12,28.05,0.0,68.56,False,0,False,False,0,False
2024-02-04 21:44:00+01:00,1436.86,18.12,28.03,0.0,68.56,False,0,False,False,0,False
2024-02-04 21:45:00+01:00,1435.32,18.12,28.02,0.0,68.56,False,0,False,False,0,False
2024-02-04 21:46:00+01:00,1433.79,18.11,28.0,0.0,68.56,False,0,False,False,0,False
2024-02-04 21:47:00+01:00,1432.26,18.11,27.99,0.0,68.56,False,0,False,False,0,False
2024-02-04 21:48:00+01:00,1430.73,18.11,27.97,0.0,68.56,False,0,False,False,0,False
2024-02-04 21:49:00+01:00,1429.2,18.11,27.95,0.0,68.56,False,0,False,False,0,False
2024-02-04 21:50:00+01:00,1427.67,18.11,27.94,0.0,68.56,False,0,False,False,0,False
2024-02-04 21:51:00+01:00,1426.15,18.1,27.92,0.0,68.56,False,0,False,False,0,False
2024-02-04 21:52:00+01:00,1424.63,18.1,27.91,0.0,68.56,False,0,False,False,0,False
2024-02-04 21:53:00+01:00,1423.11,18.1,27.89,0.0,68.56,False,0,False,False,0,False
2024-02-04 21:54:00+01:00,1421.59,18.1,27.87,0.0,68.56,False,0,False,False,0,False
2024-02-04 21:55:00+01:00,1420.08,18.09,27.86,0.0,68.56,False,0,False,False,0,False
2024-02-04 21:56:00+01:00,1418.57,18.09,27.84,0.0,68.56,False,0,False,False,0,False
2024-02-04 21:57:00+01:00,1417.06,18.09,27.83,0.0,68.56,False,0,False,False,0,False
2024-02-04 21:58:00+01:00,1415.55,18.09,27.81,0.0,68.56,False,0,False,False,0,False
2024-02-04 21:59:00+01:00,1414.05,18.09,27.8,0.0,68.56,False,0,False,False,0,False
2024-02-04 22:00:00+01:00,1412.54,18.08,27.78,0.0,68.56,False,0,False,False,0,False
2024-02-04 22:01:00+01:00,1411.04,18.08,27.76,0.0,68.56,False,0,False,False,0,False
2024-02-04 22:02:00+01:00,1409.55,18.08,27.75,0.0,68.56,False,0,False,False,0,False
2024-02-04 22:03:00+01:00,1408.05,18.08,27.73,0.0,68.56,False,0,False,False,0,False
2024-02-04 22:04:00+01:00,1406.56,18.08,27.72,0.0,68.56,False,0,False,False,0,False
2024-02-04 22:05:00+01:00,1405.07,18.07,27.7,0.0,68.56,False,0,False,False,0,False
2024-02-04 22:06:00+01:00,1403.58,18.07,27.69,0.0,68.56,False,0,False,False,0,False
2024-02-04 22:07:00+01:00,1402.1,18.07,27.67,0.0,68.56,False,0,False,False,0,False
2024-02-04 22:08:00+01:00,1400.61,18.07,27.65,0.0,68.56,False,0,False,False,0,False
2024-02-04 22:09:00+01:00,1399.13,18.06,27.64,0.0,68.56,False,0,False,False,0,False
2024-02-04 22:10:00+01:00,1397.65,18.06,27.62,0.0,68.56,False,0,False,False,0,False
2024-02-04 22:11:00+01:00,1396.18,18.06,27.61,0.0,68.56,False,0,False,False,0,False
2024-02-04 22:12:00+01:00,1394.7,18.06,27.59,0.0,68.56,False,0,False,False,0,False
2024-02-04 22:13:00+01:00,1393.23,18.06,27.58,0.0,68.56,False,0,False,False,0,False
2024-02-04 22:14:00+01:00,1391.76,18.05,27.56,0.0,68.56,False,0,False,False,0,False
2024-02-04 22:15:00+01:00,1390.3,18.05,27.54,0.0,68.56,False,0,False,False,0,False
2024-02-04 22:16:00+01:00,1388.83,18.05,27.53,0.0,68.56,False,0,False,False,0,False
2024-02-04 22:17:00+01:00,1387.37,18.05,27.51,0.0,68.56,False,0,False,False,0,False
2024-02-04 22:18:00+01:00,1385.91,18.05,27.5,0.0,68.56,False,0,False,False,0,False
2024-02-04 22:19:00+01:00,1384.45,18.04,27.48,0.0,68.56,False,0,False,False,0,False
2024-02-04 22:20:00+01:00,1383.0,18.04,27.46,0.0,68.56,False,0,False,False,0,False
2024-02-04 22:21:00+01:00,1381.54,18.04,27.45,0.0,68.56,False,0,False,False,0,False
2024-02-04 22:22:00+01:00,1380.09,18.04,27.43,0.0,68.56,False,0,False,False,0,False
2024-02-04 22:23:00+01:00,1378.65,18.03,27.42,0.0,68.56,False,0,False,False,0,False
2024-02-04 22:24:00+01:00,1377.2,18.03,27.4,0.0,68.56,False,0,False,False,0,False
2024-02-04 22:25:00+01:00,1375.76,18.03,27.39,0.0,68.56,False,0,False,False,0,False
2024-02-04 22:26:00+01:00,1374.31,18.03,27.37,0.0,68.56,False,0,False,False,0,False
2024-02-04 22:27:00+01:00,1372.88,18.03,27.35,0.0,68.56,False,0,False,False,0,False
2024-02-04 22:28:00+01:00,1371.44,18.02,27.34,0.0,68.56,False,0,False,False,0,False
2024-02-04 22:29:00+01:00,1370.0,18.02,27.32,0.0,68.56,False,0,False,False,0,False
2024-02-04 22:30:00+01:00,1368.57,18.02,27.31,0.0,68.56,False,0,False,False,0,False
2024-02-04 22:31:00+01:00,1367.14,18.02,27.29,0.0,68.56,False,0,False,False,0,False
2024-02-04 22:32:00+01:00,1365.71,18.02,27.28,0.0,68.56,False,0,False,False,0,False
2024-02-04 22:33:00+01:00,1364.29,18.01,27.26,0.0,68.56,False,0,False,False,0,False
2024-02-04 22:34:00+01:00,1362.86,18.01,27.24,0.0,68.56,False,0,False,False,0,False
2024-02-04 22:35:00+01:00,1361.44,18.01,27.23,0.0,68.56,False,0,False,False,0,False
2024-02-04 22:36:00+01:00,1360.02,18.01,27.21,0.0,68.56,False,0,False,False,0,False
2024-02-04 22:37:00+01:00,1358.61,18.0,27.2,0.0,68.56,False,0,False,False,0,False
2024-02-04 22:38:00+01:00,1357.19,18.0,27.18,0.0,68.56,False,0,False,False,0,False
2024-02-04 22:39:00+01:00,1355.78,18.0,27.17,0.0,68.56,False,0,False,False,0,False
2024-02-04 22:40:00+01:00,1354.37,18.0,27.15,0.0,68.56,False,0,False,False,0,False
2024-02-04 22:41:00+01:00,1352.96,18.0,27.13,0.0,68.56,False,0,False,False,0,False
2024-02-04 22:42:00+01:00,1351.56,18.0,27.11,0.0,68.56,False,0,False,False,0,False
2024-02-04 22:43:00+01:00,1350.15,18.0,27.09,0.0,68.56,False,0,False,False,0,False
2024-02-04 22:44:00+01:00,1348.75,18.0,27.07,0.0,68.56,False,0,False,False,0,False
2024-02-04 22:45:00+01:00,1347.35,18.0,27.05,0.0,68.56,False,0,False,False,0,False
2024-02-04 22:46:00+01:00,1345.96,18.0,27.03,0.0,68.56,False,0,False,False,0,False
2024-02-04 22:47:00+01:00,1344.56,18.0,27.01,0.0,68.56,False,0,False,False,0,False
2024-02-04 22:48:00+01:00,1343.17,18.0,26.99,0.0,68.56,False,0,False,False,0,False
2024-02-04 22:49:00+01:00,1341.78,18.0,26.97,0.0,68.56,False,0,False,False,0,False
2024-02-04 22:50:00+01:00,1340.39,18.0,26.95,0.0,68.56,False,0,False,False,0,False
2024-02-04 22:51:00+01:00,1339.01,18.0,26.93,0.0,68.56,False,0,False,False,0,False
2024-02-04 22:52:00+01:00,1337.63,18.0,26.91,0.0,68.56,False,0,False,False,0,False
2024-02-04 22:53:00+01:00,1336.24,18.0,26.89,0.0,68.56,False,0,False,False,0,False
2024-02-04 22:54:00+01:00,1334.87,18.0,26.88,0.0,68.56,False,0,False,False,0,False
2024-02-04 22:55:00+01:00,1333.49,18.0,26.86,0.0,68.56,False,0,False,False,0,False
2024-02-04 22:56:00+01:00,1332.11,18.0,26.84,0.0,68.56,False,0,False,False,0,False
2024-02-04 22:57:00+01:00,1330.74,18.0,26.82,0.0,68.56,False,0,False,False,0,False
2024-02-04 22:58:00+01:00,1329.37,18.0,26.8,0.0,68.56,False,0,False,False,0,False
2024-02-04 22:59:00+01:00,1328.0,18.0,26.78,0.0,68.56,False,0,False,False,0,False
2024-02-04 23:00:00+01:00,1326.64,18.0,26.76,0.0,68.56,False,0,False,False,0,False
2024-02-04 23:01:00+01:00,1325.27,18.0,26.74,0.0,68.56,False,0,False,False,0,False
2024-02-04 23:02:00+01:00,1323.91,18.0,26.72,0.0,68.56,False,0,False,False,0,False
2024-02-04 23:03:00+01:00,1322.55,18.0,26.7,0.0,68.56,False,0,False,False,0,False
2024-02-04 23:04:00+01:00,1321.19,18.0,26.68,0.0,68.56,False,0,False,False,0,False
2024-02-04 23:05:00+01:00,1319.84,18.0,26.66,0.0,68.56,False,0,False,False,0,False
2024-02-04 23:06:00+01:00,1318.49,18.0,26.64,0.0,68.56,False,0,False,False,0,False
2024-02-04 23:07:00+01:00,1317.14,18.0,26.62,0.0,68.56,False,0,False,False,0,False
2024-02-04 23:08:00+01:00,1315.79,18.0,26.61,0.0,68.56,False,0,False,False,0,False
2024-02-04 23:09:00+01:00,1314.44,18.0,26.59,0.0,68.56,False,0,False,False,0,False
2024-02-04 23:10:00+01:00,1313.1,18.0,26.57,0.0,68.56,False,0,False,False,0,False
2024-02-04 23:11:00+01:00,1311.75,18.0,26.55,0.0,68.56,False,0,False,False,0,False
2024-02-04 23:12:00+01:00,1310.41,18.0,26.53,0.0,68.56,False,0,False,False,0,False
2024-02-04 23:13:00+01:00,1309.07,18.0,26.51,0.0,68.56,False,0,False,False,0,False
2024-02-04 23:14:00+01:00,1307.74,18.0,26.49,0.0,68.56,False,0,False,False,0,False
2024-02-04 23:15:00+01:00,1306.4,18.0,26.47,0.0,68.56,False,0,False,False,0,False
2024-02-04 23:16:00+01:00,1305.07,18.0,26.45,0.0,68.56,False,0,False,False,0,False
2024-02-04 23:17:00+01:00,1303.74,18.0,26.43,0.0,68.56,False,0,False,False,0,False
2024-02-04 23:18:00+01:00,1302.42,18.0,26.41,0.0,68.56,False,0,False,False,0,False
2024-02-04 23:19:00+01:00,1301.09,18.0,26.4,0.0,68.56,False,0,False,False,0,False
2024-02-04 23:20:00+01:00,1299.77,18.0,26.38,0.0,68.56,False,0,False,False,0,False
2024-02-04 23:21:00+01:00,1298.44,18.0,26.36,0.0,68.56,False,0,False,False,0,False
2024-02-04 23:22:00+01:00,1297.13,18.0,26.34,0.0,68.56,False,0,False,False,0,False
2024-02-04 23:23:00+01:00,1295.81,18.0,26.32,0.0,68.56,False,0,False,False,0,False
2024-02-04 23:24:00+01:00,1294.49,18.0,26.3,0.0,68.56,False,0,False,False,0,False
2024-02-04 23:25:00+01:00,1293.18,18.0,26.28,0.0,68.56,False,0,False,False,0,False
2024-02-04 23:26:00+01:00,1291.87,18.0,26.26,0.0,68.56,False,0,False,False,0,False
2024-02-04 23:27:00+01:00,1290.56,18.0,26.24,0.0,68.56,False,0,False,False,0,False
2024-02-04 23:28:00+01:00,1289.25,18.0,26.22,0.0,68.56,False,0,False,False,0,False
2024-02-04 23:29:00+01:00,1287.95,18.0,26.21,0.0,68.56,False,0,False,False,0,False
2024-02-04 23:30:00+01:00,1286.65,18.0,26.19,0.0,68.56,False,0,False,False,0,False
2024-02-04 23:31:00+01:00,1285.35,18.0,26.17,0.0,68.56,False,0,False,False,0,False
2024-02-04 23:32:00+01:00,1284.05,18.0,26.15,0.0,68.56,False,0,False,False,0,False
2024-02-04 23:33:00+01:00,1282.75,18.0,26.13,0.0,68.56,False,0,False,False,0,False
2024-02-04 23:34:00+01:00,1281.46,18.0,26.11,0.0,68.56,False,0,False,False,0,False
2024-02-04 23:35:00+01:00,1280.16,18.0,26.09,0.0,68.56,False,0,False,False,0,False
2024-02-04 23:36:00+01:00,1278.87,18.0,26.07,0.0,68.56,False,0,False,False,0,False
2024-02-04 23:37:00+01:00,1277.59,18.0,26.05,0.0,68.56,False,0,False,False,0,False
2024-02-04 23:38:00+01:00,1276.3,18.0,26.03,0.0,68.56,False,0,False,False,0,False
2024-02-04 23:39:00+01:00,1275.01,18.0,26.02,0.0,68.56,False,0,False,False,0,False
2024-02-04 23:40:00+01:00,1273.73,18.0,26.0,0.0,68.56,False,0,False,False,0,False
2024-02-04 23:41:00+01:00,1272.45,18.0,25.98,0.0,68.56,False,0,False,False,0,False
2024-02-04 23:42:00+01:00,1271.17,18.0,25.96,0.0,68.56,False,0,False,False,0,False
2024-02-04 23:43:00+01:00,1269.9,18.0,25.94,0.0,68.56,False,0,False,False,0,False
2024-02-04 23:44:00+01:00,1268.62,18.0,25.92,0.0,68.56,False,0,False,False,0,False
2024-02-04 23:45:00+01:00,1267.35,18.0,25.9,0.0,68.56,False,0,False,False,0,False
2024-02-04 23:46:00+01:00,1266.08,18.0,25.88,0.0,68.56,False,0,False,False,0,False
2024-02-04 23:47:00+01:00,1264.81,18.0,25.87,0.0,68.56,False,0,False,False,0,False
2024-02-04 23:48:00+01:00,1263.55,18.0,25.85,0.0,68.56,False,0,False,False,0,False
2024-02-04 23:49:00+01:00,1262.28,18.0,25.83,0.0,68.56,False,0,False,False,0,False
2024-02-04 23:50:00+01:00,1261.02,18.0,25.81,0.0,68.56,False,0,False,False,0,False
2024-02-04 23:51:00+01:00,1259.76,18.0,25.79,0.0,68.56,False,0,False,False,0,False
2024-02-04 23:52:00+01:00,1258.5,18.0,25.77,0.0,68.56,False,0,False,False,0,False
2024-02-04 23:53:00+01:00,1257.25,18.0,25.75,0.0,68.56,False,0,False,False,0,False
2024-02-04 23:54:00+01:00,1255.99,18.0,25.73,0.0,68.56,False,0,False,False,0,False
2024-02-04 23:55:00+01:00,1254.74,18.0,25.72,0.0,68.56,False,0,False,False,0,False
2024-02-04 23:56:00+01:00,1253.49,18.0,25.7,0.0,68.56,False,0,False,False,0,False
2024-02-04 23:57:00+01:00,1252.24,18.0,25.68,0.0,68.56,False,0,False,False,0,False
2024-02-04 23:58:00+01:00,1251.0,18.0,25.66,0.0,68.56,False,0,False,False,0,False
2024-02-04 23:59:00+01:00,1249.75,18.0,25.64,0.0,68.56,False,0,False,False,0,False
2024-02-05 00:00:00+01:00,1248.51,18.0,25.62,0.0,68.56,False,0,False,False,0,False
2024-02-05 00:01:00+01:00,1247.27,18.0,25.6,0.0,68.56,False,0,False,False,0,False
2024-02-05 00:02:00+01:00,1246.03,18.0,25.59,0.0,68.56,False,0,False,False,0,False
2024-02-05 00:03:00+01:00,1244.8,18.0,25.57,0.0,68.56,False,0,False,False,0,False
2024-02-05 00:04:00+01:00,1243.56,18.0,25.55,0.0,68.56,False,0,False,False,0,False
2024-02-05 00:05:00+01:00,1242.33,18.0,25.53,0.0,68.56,False,0,False,False,0,False
2024-02-05 00:06:00+01:00,1241.1,18.0,25.51,0.0,68.56,False,0,False,False,0,False
2024-02-05 00:07:00+01:00,1239.87,18.0,25.49,0.0,68.56,False,0,False,False,0,False
2024-02-05 00:08:00+01:00,1238.64,18.0,25.47,0.0,68.56,False,0,False,False,0,False
2024-02-05 00:09:00+01:00,1237.42,18.0,25.45,0.0,68.56,False,0,False,False,0,False
2024-02-05 00:10:00+01:00,1236.2,18.0,25.44,0.0,68.56,False,0,False,False,0,False
2024-02-05 00:11:00+01:00,1234.97,18.0,25.42,0.0,68.56,False,0,False,False,0,False
2024-02-05 00:12:00+01:00,1233.76,18.0,25.4,0.0,68.56,False,0,False,False,0,False
2024-02-05 00:13:00+01:00,1232.54,18.0,25.38,0.0,68.56,False,0,False,False,0,False
2024-02-05 00:14:00+01:00,1231.32,18.0,25.36,0.0,68.56,False,0,False,False,0,False
2024-02-05 00:15:00+01:00,1230.11,18.0,25.34,0.0,68.56,False,0,False,False,0,False
2024-02-05 00:16:00+01:00,1228.9,18.0,25.32,0.0,68.56,False,0,False,False,0,False
2024-02-05 00:17:00+01:00,1227.69,18.0,25.31,0.0,68.56,False,0,False,False,0,False
2024-02-05 00:18:00+01:00,1226.48,18.0,25.29,0.0,68.56,False,0,False,False,0,False
2024-02-05 00:19:00+01:00,1225.28,18.0,25.27,0.0,68.56,False,0,False,False,0,False
2024-02-05 00:20:00+01:00,1224.07,18.0,25.25,0.0,68.56,False,0,False,False,0,False
2024-02-05 00:21:00+01:00,1222.87,18.0,25.23,0.0,68.56,False,0,False,False,0,False
2024-02-05 00:22:00+01:00,1221.67,18.0,25.21,0.0,68.56,False,0,False,False,0,False
2024-02-05 00:23:00+01:00,1220.47,18.0,25.19,0.0,68.56,False,0,False,False,0,False
2024-02-05 00:24:00+01:00,1219.28,18.0,25.18,0.0,68.56,False,0,False,False,0,False
2024-02-05 00:25:00+01:00,1218.08,18.0,25.16,0.0,68.56,False,0,False,False,0,False
2024-02-05 00:26:00+01:00,1216.89,18.0,25.14,0.0,68.56,False,0,False,False,0,False
2024-02-05 00:27:00+01:00,1215.7,18.0,25.12,0.0,68.56,False,0,False,False,0,False
2024-02-05 00:28:00+01:00,1214.51,18.0,25.1,0.0,68.56,False,0,False,False,0,False
2024-02-05 00:29:00+01:00,1213.33,18.0,25.08,0.0,68.56,False,0,False,False,0,False
2024-02-05 00:30:00+01:00,1212.14,18.0,25.06,0.0,68.56,False,0,False,False,0,False
2024-02-05 00:31:00+01:00,1210.96,18.0,25.05,0.0,68.56,False,0,False,False,0,False
2024-02-05 00:32:00+01:00,1209.78,18.0,25.03,0.0,68.56,False,0,False,False,0,False
2024-02-05 00:33:00+01:00,1208.6,18.0,25.01,0.0,68.56,False,0,False,False,0,False
2024-02-05 00:34:00+01:00,1207.42,18.0,24.99,0.0,68.56,False,0,False,False,0,False
2024-02-05 00:35:00+01:00,1206.24,18.0,24.97,0.0,68.56,False,0,False,False,0,False
2024-02-05 00:36:00+01:00,1205.07,18.0,24.95,0.0,68.56,False,0,False,False,0,False
2024-02-05 00:37:00+01:00,1203.9,18.0,24.94,0.0,68.56,False,0,False,False,0,False
2024-02-05 00:38:00+01:00,1202.73,18.0,24.92,0.0,68.56,False,0,False,False,0,False
2024-02-05 00:39:00+01:00,1201.56,18.0,24.9,0.0,68.56,False,0,False,False,0,False
2024-02-05 00:40:00+01:00,1200.4,18.0,24.88,0.0,68.56,False,0,False,False,0,False
2024-02-05 00:41:00+01:00,1199.23,18.0,24.86,0.0,68.56,False,0,False,False,0,False
2024-02-05 00:42:00+01:00,1198.07,18.0,24.84,0.0,68.56,False,0,False,False,0,False
2024-02-05 00:43:00+01:00,1196.91,18.0,24.82,0.0,68.56,False,0,False,False,0,False
2024-02-05 00:44:00+01:00,1195.75,18.0,24.81,0.0,68.56,False,0,False,False,0,False
2024-02-05 00:45:00+01:00,1194.59,18.0,24.79,0.0,68.56,False,0,False,False,0,False
2024-02-05 00:46:00+01:00,1193.44,18.0,24.77,0.0,68.56,False,0,False,False,0,False
2024-02-05 00:47:00+01:00,1192.28,18.0,24.75,0.0,68.56,False,0,False,False,0,False
2024-02-05 00:48:00+01:00,1191.13,18.0,24.73,0.0,68.56,False,0,False,False,0,False
2024-02-05 00:49:00+01:00,1189.98,18.0,24.71,0.0,68.56,False,0,False,False,0,False
2024-02-05 00:50:00+01:00,1188.83,18.0,24.7,0.0,68.56,False,0,False,False,0,False
2024-02-05 00:51:00+01:00,1187.69,18.0,24.68,0.0,68.56,False,0,False,False,0,False
2024-02-05 00:52:00+01:00,1186.54,18.0,24.66,0.0,68.56,False,0,False,False,0,False
2024-02-05 00:53:00+01:00,1185.4,18.0,24.64,0.0,68.56,False,0,False,False,0,False
2024-02-05 00:54:00+01:00,1184.26,18.0,24.62,0.0,68.56,False,0,False,False,0,False
2024-02-05 00:55:00+01:00,1183.12,18.0,24.6,0.0,68.56,False,0,False,False,0,False
2024-02-05 00:56:00+01:00,1181.99,18.0,24.58,0.0,68.56,False,0,False,False,0,False
2024-02-05 00:57:00+01:00,1180.85,18.0,24.57,0.0,68.56,False,0,False,False,0,False
2024-02-05 00:58:00+01:00,1179.72,18.0,24.55,0.0,68.56,False,0,False,False,0,False
2024-02-05 00:59:00+01:00,1178.58,18.0,24.53,0.0,68.56,False,0,False,False,0,False
2024-02-05 01:00:00+01:00,1177.46,18.0,24.51,0.0,68.56,False,0,False,False,0,False
2024-02-05 01:01:00+01:00,1176.33,18.0,24.49,0.0,68.56,False,0,False,False,0,False
2024-02-05 01:02:00+01:00,1175.2,18.0,24.47,0.0,68.56,False,0,False,False,0,False
2024-02-05 01:03:00+01:00,1174.08,18.0,24.46,0.0,68.56,False,0,False,False,0,False
2024-02-05 01:04:00+01:00,1172.95,18.0,24.44,0.0,68.56,False,0,False,False,0,False
2024-02-05 01:05:00+01:00,1171.83,18.0,24.42,0.0,68.56,False,0,False,False,0,False
2024-02-05 01:06:00+01:00,1170.71,18.0,24.4,0.0,68.56,False,0,False,False,0,False
2024-02-05 01:07:00+01:00,1169.6,18.0,24.38,0.0,68.56,False,0,False,False,0,False
2024-02-05 01:08:00+01:00,1168.48,18.0,24.36,0.0,68.56,False,0,False,False,0,False
2024-02-05 01:09:00+01:00,1167.37,18.0,24.35,0.0,68.56,False,0,False,False,0,False
2024-02-05 01:10:00+01:00,1166.25,18.0,24.33,0.0,68.56,False,0,False,False,0,False
2024-02-05 01:11:00+01:00,1165.14,18.0,24.31,0.0,68.56,False,0,False,False,0,False
2024-02-05 01:12:00+01:00,1164.04,18.0,24.29,0.0,68.56,False,0,False,False,0,False
2024-02-05 01:13:00+01:00,1162.93,18.0,24.27,0.0,68.56,False,0,False,False,0,False
2024-02-05 01:14:00+01:00,1161.82,18.0,24.25,0.0,68.56,False,0,False,False,0,False
2024-02-05 01:15:00+01:00,1160.72,18.0,24.24,0.0,68.56,False,0,False,False,0,False
2024-02-05 01:16:00+01:00,1159.62,18.0,24.22,0.0,68.56,False,0,False,False,0,False
2024-02-05 01:17:00+01:00,1158.52,18.0,24.2,0.0,68.56,False,0,False,False,0,False
2024-02-05 01:18:00+01:00,1157.42,18.0,24.18,0.0,68.56,False,0,False,False,0,False
2024-02-05 01:19:00+01:00,1156.33,18.0,24.16,0.0,68.56,False,0,False,False,0,False
2024-02-05 01:20:00+01:00,1155.23,18.0,24.14,0.0,68.56,False,0,False,False,0,False
2024-02-05 01:21:00+01:00,1154.14,18.0,24.13,0.0,68.56,False,0,False,False,0,False
2024-02-05 01:22:00+01:00,1153.05,18.0,24.11,0.0,68.56,False,0,False,False,0,False
2024-02-05 01:23:00+01:00,1151.96,18.0,24.09,0.0,68.56,False,0,False,False,0,False
2024-02-05 01:24:00+01:00,1150.87,18.0,24.07,0.0,68.56,False,0,False,False,0,False
2024-02-05 01:25:00+01:00,1149.78,18.0,24.05,0.0,68.56,False,0,False,False,0,False
2024-02-05 01:26:00+01:00,1148.7,18.0,24.04,0.0,68.56,False,0,False,False,0,False
2024-02-05 01:27:00+01:00,1147.62,18.0,24.02,0.0,68.56,False,0,False,False,0,False
2024-02-05 01:28:00+01:00,1146.54,18.0,24.0,0.0,68.56,False,0,False,False,0,False
2024-02-05 01:29:00+01:00,1145.46,18.0,23.98,0.0,68.56,False,0,False,False,0,False
2024-02-05 01:30:00+01:00,1144.38,18.0,23.96,0.0,68.56,False,0,False,False,0,False
2024-02-05 01:31:00+01:00,1143.31,18.0,23.95,0.0,68.56,False,0,False,False,0,False
2024-02-05 01:32:00+01:00,1142.23,18.0,23.93,0.0,68.56,False,0,False,False,0,False
2024-02-05 01:33:00+01:00,1141.16,18.0,23.91,0.0,68.56,False,0,False,False,0,False
2024-02-05 01:34:00+01:00,1140.09,18.0,23.89,0.0,68.56,False,0,False,False,0,False
2024-02-05 01:35:00+01:00,1139.02,18.0,23.87,0.0,68.56,False,0,False,False,0,False
2024-02-05 01:36:00+01:00,1137.95,18.0,23.85,0.0,68.56,False,0,False,False,0,False
2024-02-05 01:37:00+01:00,1136.89,18.0,23.84,0.0,68.56,False,0,False,False,0,False
2024-02-05 01:38:00+01:00,1135.83,18.0,23.82,0.0,68.56,False,0,False,False,0,False
2024-02-05 01:39:00+01:00,1134.76,18.0,23.8,0.0,68.56,False,0,False,False,0,False
2024-02-05 01:40:00+01:00,1133.7,18.0,23.78,0.0,68.56,False,0,False,False,0,False
2024-02-05 01:41:00+01:00,1132.65,18.0,23.76,0.0,68.56,False,0,False,False,0,False
2024-02-05 01:42:00+01:00,1131.59,18.0,23.75,0.0,68.56,False,0,False,False,0,False
2024-02-05 01:43:00+01:00,1130.53,18.0,23.73,0.0,68.56,False,0,False,False,0,False
2024-02-05 01:44:00+01:00,1129.48,18.0,23.71,0.0,68.56,False,0,False,False,0,False
2024-02-05 01:45:00+01:00,1128.43,18.0,23.69,0.0,68.56,False,0,False,False,0,False
2024-02-05 01:46:00+01:00,1127.38,18.0,23.68,0.0,68.56,False,0,False,False,0,False
2024-02-05 01:47:00+01:00,1126.33,18.0,23.66,0.0,68.56,False,0,False,False,0,False
2024-02-05 01:48:00+01:00,1125.28,18.0,23.64,0.0,68.56,False,0,False,False,0,False
2024-02-05 01:49:00+01:00,1124.24,18.0,23.62,0.0,68.56,False,0,False,False,0,False
2024-02-05 01:50:00+01:00,1123.19,18.0,23.6,0.0,68.56,False,0,False,False,0,False
2024-02-05 01:51:00+01:00,1122.15,18.0,23.59,0.0,68.56,False,0,False,False,0,False
2024-02-05 01:52:00+01:00,1121.11,18.0,23.57,0.0,68.56,False,0,False,False,0,False
2024-02-05 01:53:00+01:00,1120.07,18.0,23.55,0.0,68.56,False,0,False,False,0,False
2024-02-05 01:54:00+01:00,1119.04,18.0,23.53,0.0,68.56,False,0,False,False,0,False
2024-02-05 01:55:00+01:00,1118.0,18.0,23.51,0.0,68.56,False,0,False,False,0,False
2024-02-05 01:56:00+01:00,1116.97,18.0,23.5,0.0,68.56,False,0,False,False,0,False
2024-02-05 01:57:00+01:00,1115.94,18.0,23.48,0.0,68.56,False,0,False,False,0,False
2024-02-05 01:58:00+01:00,1114.91,18.0,23.46,0.0,68.56,False,0,False,False,0,False
2024-02-05 01:59:00+01:00,1113.88,18.0,23.44,0.0,68.56,False,0,False,False,0,False
2024-02-05 02:00:00+01:00,1112.85,18.0,23.43,0.0,68.56,False,0,False,False,0,False
2024-02-05 02:01:00+01:00,1111.83,18.0,23.41,0.0,68.56,False,0,False,False,0,False
2024-02-05 02:02:00+01:00,1110.8,18.0,23.39,0.0,68.56,False,0,False,False,0,False
2024-02-05 02:03:00+01:00,1109.78,18.0,23.37,0.0,68.56,False,0,False,False,0,False
2024-02-05 02:04:00+01:00,1108.76,18.0,23.35,0.0,68.56,False,0,False,False,0,False
2024-02-05 02:05:00+01:00,1107.74,18.0,23.34,0.0,68.56,False,0,False,False,0,False
2024-02-05 02:06:00+01:00,1106.73,18.0,23.32,0.0,68.56,False,0,False,False,0,False
2024-02-05 02:07:00+01:00,1105.71,18.0,23.3,0.0,68.56,False,0,False,False,0,False
2024-02-05 02:08:00+01:00,1104.7,18.0,23.28,0.0,68.56,False,0,False,False,0,False
2024-02-05 02:09:00+01:00,1103.69,18.0,23.27,0.0,68.56,False,0,False,False,0,False
2024-02-05 02:10:00+01:00,1102.68,18.0,23.25,0.0,68.56,False,0,False,False,0,False
2024-02-05 02:11:00+01:00,1101.67,18.0,23.23,0.0,68.56,False,0,False,False,0,False
2024-02-05 02:12:00+01:00,1100.66,18.0,23.21,0.0,68.56,False,0,False,False,0,False
2024-02-05 02:13:00+01:00,1099.66,18.0,23.2,0.0,68.56,False,0,False,False,0,False
2024-02-05 02:14:00+01:00,1098.65,18.0,23.18,0.0,68.56,False,0,False,False,0,False
2024-02-05 02:15:00+01:00,1097.65,18.0,23.16,0.0,68.56,False,0,False,False,0,False
2024-02-05 02:16:00+01:00,1096.65,18.0,23.14,0.0,68.56,False,0,False,False,0,False
2024-02-05 02:17:00+01:00,1095.65,18.0,23.13,0.0,68.56,False,0,False,False,0,False
2024-02-05 02:18:00+01:00,1094.66,18.0,23.11,0.0,68.56,False,0,False,False,0,False
2024-02-05 02:19:00+01:00,1093.66,18.0,23.09,0.0,68.56,False,0,False,False,0,False
2024-02-05 02:20:00+01:00,1092.67,18.0,23.08,0.0,68.56,False,0,False,False,0,False
2024-02-05 02:21:00+01:00,1091.68,18.0,23.06,0.0,68.56,False,0,False,False,0,False
2024-02-05 02:22:00+01:00,1090.69,18.0,23.04,0.0,68.56,False,0,False,False,0,False
2024-02-05 02:23:00+01:00,1089.7,18.0,23.02,0.0,68.56,False,0,False,False,0,False
2024-02-05 02:24:00+01:00,1088.71,18.0,23.01,0.0,68.56,False,0,False,False,0,False
2024-02-05 02:25:00+01:00,1087.73,18.0,22.99,0.0,68.56,False,0,False,False,0,False
2024-02-05 02:26:00+01:00,1086.74,18.0,22.97,0.0,68.56,False,0,False,False,0,False
2024-02-05 02:27:00+01:00,1085.76,18.0,22.96,0.0,68.56,False,0,False,False,0,False
2024-02-05 02:28:00+01:00,1084.78,18.0,22.94,0.0,68.56,False,0,False,False,0,False
2024-02-05 02:29:00+01:00,1083.8,18.0,22.92,0.0,68.56,False,0,False,False,0,False
2024-02-05 02:30:00+01:00,1082.83,18.0,22.9,0.0,68.56,False,0,False,False,0,False
2024-02-05 02:31:00+01:00,1081.85,18.0,22.89,0.0,68.56,False,0,False,False,0,False
2024-02-05 02:32:00+01:00,1080.88,18.0,22.87,0.0,68.56,False,0,False,False,0,False
2024-02-05 02:33:00+01:00,1079.91,18.0,22.85,0.0,68.56,False,0,False,False,0,False
2024-02-05 02:34:00+01:00,1078.94,18.0,22.84,0.0,68.56,False,0,False,False,0,False
2024-02-05 02:35:00+01:00,1077.97,18.0,22.82,0.0,68.56,False,0,False,False,0,False
2024-02-05 02:36:00+01:00,1077.0,18.0,22.8,0.0,68.56,False,0,False,False,0,False
2024-02-05 02:37:00+01:00,1076.03,18.0,22.79,0.0,68.56,False,0,False,False,0,False
2024-02-05 02:38:00+01:00,1075.07,18.0,22.77,0.0,68.56,False,0,False,False,0,False
2024-02-05 02:39:00+01:00,1074.11,18.0,22.75,0.0,68.56,False,0,False,False,0,False
2024-02-05 02:40:00+01:00,1073.15,18.0,22.73,0.0,68.56,False,0,False,False,0,False
2024-02-05 02:41:00+01:00,1072.19,18.0,22.72,0.0,68.56,False,0,False,False,0,False
2024-02-05 02:42:00+01:00,1071.23,18.0,22.7,0.0,68.56,False,0,False,False,0,False
2024-02-05 02:43:00+01:00,1070.28,18.0,22.68,0.0,68.56,False,0,False,False,0,False
2024-02-05 02:44:00+01:00,1069.32,18.0,22.67,0.0,68.56,False,0,False,False,0,False
2024-02-05 02:45:00+01:00,1068.37,18.0,22.65,0.0,68.56,False,0,False,False,0,False
2024-02-05 02:46:00+01:00,1067.42,18.0,22.63,0.0,68.56,False,0,False,False,0,False
2024-02-05 02:47:00+01:00,1066.47,18.0,22.62,0.0,68.56,False,0,False,False,0,False
2024-02-05 02:48:00+01:00,1065.52,18.0,22.6,0.0,68.56,False,0,False,False,0,False
2024-02-05 02:49:00+01:00,1064.57,18.0,22.58,0.0,68.56,False,0,False,False,0,False
2024-02-05 02:50:00+01:00,1063.63,18.0,22.57,0.0,68.56,False,0,False,False,0,False
2024-02-05 02:51:00+01:00,1062.69,18.0,22.55,0.0,68.56,False,0,False,False,0,False
2024-02-05 02:52:00+01:00,1061.74,18.0,22.53,0.0,68.56,False,0,False,False,0,False
2024-02-05 02:53:00+01:00,1060.8,18.0,22.52,0.0,68.56,False,0,False,False,0,False
2024-02-05 02:54:00+01:00,1059.87,18.0,22.5,0.0,68.56,False,0,False,False,0,False
2024-02-05 02:55:00+01:00,1058.93,18.0,22.48,0.0,68.56,False,0,False,False,0,False
2024-02-05 02:56:00+01:00,1057.99,18.0,22.47,0.0,68.56,False,0,False,False,0,False
2024-02-05 02:57:00+01:00,1057.06,18.0,22.45,0.0,68.56,False,0,False,False,0,False
2024-02-05 02:58:00+01:00,1056.13,18.0,22.44,0.0,68.56,False,0,False,False,0,False
2024-02-05 02:59:00+01:00,1055.2,18.0,22.42,0.0,68.56,False,0,False,False,0,False
2024-02-05 03:00:00+01:00,1054.27,18.0,22.4,0.0,68.56,False,0,False,False,0,False
2024-02-05 03:01:00+01:00,1053.34,18.0,22.39,0.0,68.56,False,0,False,False,0,False
2024-02-05 03:02:00+01:00,1052.41,18.0,22.37,0.0,68.56,False,0,False,False,0,False
2024-02-05 03:03:00+01:00,1051.49,18.0,22.35,0.0,68.56,False,0,False,False,0,False
2024-02-05 03:04:00+01:00,1050.57,18.0,22.34,0.0,68.56,False,0,False,False,0,False
2024-02-05 03:05:00+01:00,1049.65,18.0,22.32,0.0,68.56,False,0,False,False,0,False
2024-02-05 03:06:00+01:00,1048.73,18.0,22.3,0.0,68.56,False,0,False,False,0,False
2024-02-05 03:07:00+01:00,1047.81,18.0,22.29,0.0,68.56,False,0,False,False,0,False
2024-02-05 03:08:00+01:00,1046.89,18.0,22.27,0.0,68.56,False,0,False,False,0,False
2024-02-05 03:09:00+01:00,1045.97,18.0,22.26,0.0,68.56,False,0,False,False,0,False
2024-02-05 03:10:00+01:00,1045.06,18.0,22.24,0.0,68.56,False,0,False,False,0,False
2024-02-05 03:11:00+01:00,1044.15,18.0,22.22,0.0,68.56,False,0,False,False,0,False
2024-02-05 03:12:00+01:00,1043.24,18.0,22.21,0.0,68.56,False,0,False,False,0,False
2024-02-05 03:13:00+01:00,1042.33,18.0,22.19,0.0,68.56,False,0,False,False,0,False
2024-02-05 03:14:00+01:00,1041.42,18.0,22.18,0.0,68.56,False,0,False,False,0,False
2024-02-05 03:15:00+01:00,1040.51,18.0,22.16,0.0,68.56,False,0,False,False,0,False
2024-02-05 03:16:00+01:00,1039.61,18.0,22.14,0.0,68.56,False,0,False,False,0,False
2024-02-05 03:17:00+01:00,1038.71,18.0,22.13,0.0,68.56,False,0,False,False,0,False
2024-02-05 03:18:00+01:00,1037.8,18.0,22.11,0.0,68.56,False,0,False,False,0,False
2024-02-05 03:19:00+01:00,1036.9,18.0,22.09,0.0,68.56,False,0,False,False,0,False
2024-02-05 03:20:00+01:00,1036.01,18.0,22.08,0.0,68.56,False,0,False,False,0,False
2024-02-05 03:21:00+01:00,1035.11,18.0,22.06,0.0,68.56,False,0,False,False,0,False
2024-02-05 03:22:00+01:00,1034.21,18.0,22.05,0.0,68.56,False,0,False,False,0,False
2024-02-05 03:23:00+01:00,1033.32,18.0,22.03,0.0,68.56,False,0,False,False,0,False
2024-02-05 03:24:00+01:00,1032.43,18.0,22.01,0.0,68.56,False,0,False,False,0,False
2024-02-05 03:25:00+01:00,1031.53,18.0,22.0,0.0,68.56,False,0,False,False,0,False
2024-02-05 03:26:00+01:00,1030.64,18.0,21.98,0.0,68.56,False,0,False,False,0,False
2024-02-05 03:27:00+01:00,1029.76,18.0,21.97,0.0,68.56,False,0,False,False,0,False
2024-02-05 03:28:00+01:00,1028.87,18.0,21.95,0.0,68.56,False,0,False,False,0,False
2024-02-05 03:29:00+01:00,1027.98,18.0,21.94,0.0,68.56,False,0,False,False,0,False
2024-02-05 03:30:00+01:00,1027.1,18.0,21.92,0.0,68.56,False,0,False,False,0,False
2024-02-05 03:31:00+01:00,1026.22,18.0,21.9,0.0,68.56,False,0,False,False,0,False
2024-02-05 03:32:00+01:00,1025.34,18.0,21.89,0.0,68.56,False,0,False,False,0,False
2024-02-05 03:33:00+01:00,1024.46,18.0,21.87,0.0,68.56,False,0,False,False,0,False
2024-02-05 03:34:00+01:00,1023.58,18.0,21.86,0.0,68.56,False,0,False,False,0,False
2024-02-05 03:35:00+01:00,1022.7,18.0,21.84,0.0,68.56,False,0,False,False,0,False
2024-02-05 03:36:00+01:00,1021.83,18.0,21.82,0.0,68.56,False,0,False,False,0,False
2024-02-05 03:37:00+01:00,1020.95,18.0,21.81,0.0,68.56,False,0,False,False,0,False
2024-02-05 03:38:00+01:00,1020.08,18.0,21.79,0.0,68.56,False,0,False,False,0,False
2024-02-05 03:39:00+01:00,1019.21,18.0,21.78,0.0,68.56,False,0,False,False,0,False
2024-02-05 03:40:00+01:00,1018.34,18.0,21.76,0.0,68.56,False,0,False,False,0,False
2024-02-05 03:41:00+01:00,1017.47,18.0,21.75,0.0,68.56,False,0,False,False,0,False
2024-02-05 03:42:00+01:00,1016.6,18.0,21.73,0.0,68.56,False,0,False,False,0,False
2024-02-05 03:43:00+01:00,1015.74,18.0,21.72,0.0,68.56,False,0,False,False,0,False
2024-02-05 03:44:00+01:00,1014.88,18.0,21.7,0.0,68.56,False,0,False,False,0,False
2024-02-05 03:45:00+01:00,1014.01,18.0,21.68,0.0,68.56,False,0,False,False,0,False
2024-02-05 03:46:00+01:00,1013.15,18.0,21.67,0.0,68.56,False,0,False,False,0,False
2024-02-05 03:47:00+01:00,1012.29,18.0,21.65,0.0,68.56,False,0,False,False,0,False
2024-02-05 03:48:00+01:00,1011.44,18.0,21.64,0.0,68.56,False,0,False,False,0,False
2024-02-05 03:49:00+01:00,1010.58,18.0,21.62,0.0,68.56,False,0,False,False,0,False
2024-02-05 03:50:00+01:00,1009.72,18.0,21.61,0.0,68.56,False,0,False,False,0,False
2024-02-05 03:51:00+01:00,1008.87,18.0,21.59,0.0,68.56,False,0,False,False,0,False
2024-02-05 03:52:00+01:00,1008.02,18.0,21.58,0.0,68.56,False,0,False,False,0,False
2024-02-05 03:53:00+01:00,1007.17,18.0,21.56,0.0,68.56,False,0,False,False,0,False
2024-02-05 03:54:00+01:00,1006.32,18.0,21.54,0.0,68.56,False,0,False,False,0,False
2024-02-05 03:55:00+01:00,1005.47,18.0,21.53,0.0,68.56,False,0,False,False,0,False
2024-02-05 03:56:00+01:00,1004.62,18.0,21.51,0.0,68.56,False,0,False,False,0,False
2024-02-05 03:57:00+01:00,1003.78,18.0,21.5,0.0,68.56,False,0,False,False,0,False
2024-02-05 03:58:00+01:00,1002.93,18.0,21.48,0.0,68.56,False,0,False,False,0,False
2024-02-05 03:59:00+01:00,1002.09,18.0,21.47,0.0,68.56,False,0,False,False,0,False
2024-02-05 04:00:00+01:00,1001.25,18.0,21.45,0.0,68.56,False,0,False,False,0,False
2024-02-05 04:01:00+01:00,1000.41,18.0,21.44,0.0,68.56,False,0,False,False,0,False
2024-02-05 04:02:00+01:00,999.57,18.0,21.42,0.0,68.56,False,0,False,False,0,False
2024-02-05 04:03:00+01:00,998.73,18.0,21.41,0.0,68.56,False,0,False,False,0,False
2024-02-05 04:04:00+01:00,997.9,18.0,21.39,0.0,68.56,False,0,False,False,0,False
2024-02-05 04:05:00+01:00,997.06,18.0,21.38,0.0,68.56,False,0,False,False,0,False
2024-02-05 04:06:00+01:00,996.23,18.0,21.36,0.0,68.56,False,0,False,False,0,False
2024-02-05 04:07:00+01:00,995.4,18.0,21.34,0.0,68.56,False,0,False,False,0,False
2024-02-05 04:08:00+01:00,994.57,18.0,21.33,0.0,68.56,False,0,False,False,0,False
2024-02-05 04:09:00+01:00,993.74,18.0,21.31,0.0,68.56,False,0,False,False,0,False
2024-02-05 04:10:00+01:00,992.91,18.0,21.3,0.0,68.56,False,0,False,False,0,False
2024-02-05 04:11:00+01:00,992.09,18.0,21.28,0.0,68.56,False,0,False,False,0,False
2024-02-05 04:12:00+01:00,991.26,18.0,21.27,0.0,68.56,False,0,False,False,0,False
2024-02-05 04:13:00+01:00,990.44,18.0,21.25,0.0,68.56,False,0,False,False,0,False
2024-02-05 04:14:00+01:00,989.62,18.0,21.24,0.0,68.56,False,0,False,False,0,False
2024-02-05 04:15:00+01:00,988.8,18.0,21.22,0.0,68.56,False,0,False,False,0,False
2024-02-05 04:16:00+01:00,987.98,18.0,21.21,0.0,68.56,False,0,False,False,0,False
2024-02-05 04:17:00+01:00,987.16,18.0,21.19,0.0,68.56,False,0,False,False,0,False
2024-02-05 04:18:00+01:00,986.35,18.0,21.18,0.0,68.56,False,0,False,False,0,False
2024-02-05 04:19:00+01:00,985.53,18.0,21.16,0.0,68.56,False,0,False,False,0,False
2024-02-05 04:20:00+01:00,984.72,18.0,21.15,0.0,68.56,False,0,False,False,0,False
2024-02-05 04:21:00+01:00,983.91,18.0,21.13,0.0,68.56,False,0,False,False,0,False
2024-02-05 04:22:00+01:00,983.09,18.0,21.12,0.0,68.56,False,0,False,False,0,False
2024-02-05 04:23:00+01:00,982.28,18.0,21.1,0.0,68.56,False,0,False,False,0,False
2024-02-05 04:24:00+01:00,981.48,18.0,21.09,0.0,68.56,False,0,False,False,0,False
2024-02-05 04:25:00+01:00,980.67,18.0,21.07,0.0,68.56,False,0,False,False,0,False
2024-02-05 04:26:00+01:00,979.86,18.0,21.06,0.0,68.56,False,0,False,False,0,False
2024-02-05 04:27:00+01:00,979.06,18.0,21.05,0.0,68.56,False,0,False,False,0,False
2024-02-05 04:28:00+01:00,978.26,18.0,21.03,0.0,68.56,False,0,False,False,0,False
2024-02-05 04:29:00+01:00,977.46,18.0,21.02,0.0,68.56,False,0,False,False,0,False
2024-02-05 04:30:00+01:00,976.66,18.0,21.0,0.0,68.56,False,0,False,False,0,False
2024-02-05 04:31:00+01:00,975.86,18.0,20.99,0.0,68.56,False,0,False,False,0,False
2024-02-05 04:32:00+01:00,975.06,18.0,20.97,0.0,68.56,False,0,False,False,0,False
2024-02-05 04:33:00+01:00,974.26,18.0,20.96,0.0,68.56,False,0,False,False,0,False
2024-02-05 04:34:00+01:00,973.47,18.0,20.94,0.0,68.56,False,0,False,False,0,False
2024-02-05 04:35:00+01:00,972.67,18.0,20.93,0.0,68.56,False,0,False,False,0,False
2024-02-05 04:36:00+01:00,971.88,18.0,20.91,0.0,68.56,False,0,False,False,0,False
2024-02-05 04:37:00+01:00,971.09,18.0,20.9,0.0,68.56,False,0,False,False,0,False
2024-02-05 04:38:00+01:00,970.3,18.0,20.88,0.0,68.56,False,0,False,False,0,False
2024-02-05 04:39:00+01:00,969.51,18.0,20.87,0.0,68.56,False,0,False,False,0,False
2024-02-05 04:40:00+01:00,968.73,18.0,20.86,0.0,68.56,False,0,False,False,0,False
2024-02-05 04:41:00+01:00,967.94,18.0,20.84,0.0,68.56,False,0,False,False,0,False
2024-02-05 04:42:00+01:00,967.16,18.0,20.83,0.0,68.56,False,0,False,False,0,False
2024-02-05 04:43:00+01:00,966.37,18.0,20.81,0.0,68.56,False,0,False,False,0,False
2024-02-05 04:44:00+01:00,965.59,18.0,20.8,0.0,68.56,False,0,False,False,0,False
2024-02-05 04:45:00+01:00,964.81,18.0,20.78,0.0,68.56,False,0,False,False,0,False
2024-02-05 04:46:00+01:00,964.03,18.0,20.77,0.0,68.56,False,0,False,False,0,False
2024-02-05 04:47:00+01:00,963.25,18.0,20.75,0.0,68.56,False,0,False,False,0,False
2024-02-05 04:48:00+01:00,962.48,18.0,20.74,0.0,68.56,False,0,False,False,0,False
2024-02-05 04:49:00+01:00,961.7,18.0,20.73,0.0,68.56,False,0,False,False,0,False
2024-02-05 04:50:00+01:00,960.93,18.0,20.71,0.0,68.56,False,0,False,False,0,False
2024-02-05 04:51:00+01:00,960.15,18.0,20.7,0.0,68.56,False,0,False,False,0,False
2024-02-05 04:52:00+01:00,959.38,18.0,20.68,0.0,68.56,False,0,False,False,0,False
2024-02-05 04:53:00+01:00,958.61,18.0,20.67,0.0,68.56,False,0,False,False,0,False
2024-02-05 04:54:00+01:00,957.84,18.0,20.65,0.0,68.56,False,0,False,False,0,False
2024-02-05 04:55:00+01:00,957.08,18.0,20.64,0.0,68.56,False,0,False,False,0,False
2024-02-05 04:56:00+01:00,956.31,18.0,20.63,0.0,68.56,False,0,False,False,0,False
2024-02-05 04:57:00+01:00,955.55,18.0,20.61,0.0,68.56,False,0,False,False,0,False
2024-02-05 04:58:00+01:00,954.78,18.0,20.6,0.0,68.56,False,0,False,False,0,False
2024-02-05 04:59:00+01:00,954.02,18.0,20.58,0.0,68.56,False,0,False,False,0,False
2024-02-05 05:00:00+01:00,953.26,18.0,20.57,0.0,68.56,False,0,False,False,0,False
2024-02-05 05:01:00+01:00,952.5,18.0,20.56,0.0,68.56,False,0,False,False,0,False
2024-02-05 05:02:00+01:00,951.74,18.0,20.54,0.0,68.56,False,0,False,False,0,False
2024-02-05 05:03:00+01:00,950.98,18.0,20.53,0.0,68.56,False,0,False,False,0,False
2024-02-05 05:04:00+01:00,950.23,18.0,20.51,0.0,68.56,False,0,False,False,0,False
2024-02-05 05:05:00+01:00,949.47,18.0,20.5,0.0,68.56,False,0,False,False,0,False
2024-02-05 05:06:00+01:00,948.72,18.0,20.49,0.0,68.56,False,0,False,False,0,False
2024-02-05 05:07:00+01:00,947.96,18.0,20.47,0.0,68.56,False,0,False,False,0,False
2024-02-05 05:08:00+01:00,947.21,18.0,20.46,0.0,68.56,False,0,False,False,0,False
2024-02-05 05:09:00+01:00,946.46,18.0,20.44,0.0,68.56,False,0,False,False,0,False
2024-02-05 05:10:00+01:00,945.71,18.0,20.43,0.0,68.56,False,0,False,False,0,False
2024-02-05 05:11:00+01:00,944.97,18.0,20.41,0.0,68.56,False,0,False,False,0,False
2024-02-05 05:12:00+01:00,944.22,18.0,20.4,0.0,68.56,False,0,False,False,0,False
2024-02-05 05:13:00+01:00,943.47,18.0,20.39,0.0,68.56,False,0,False,False,0,False
2024-02-05 05:14:00+01:00,942.73,18.0,20.37,0.0,68.56,False,0,False,False,0,False
2024-02-05 05:15:00+01:00,941.99,18.0,20.36,0.0,68.56,False,0,False,False,0,False
2024-02-05 05:16:00+01:00,941.25,18.0,20.34,0.0,68.56,False,0,False,False,0,False
2024-02-05 05:17:00+01:00,940.51,18.0,20.33,0.0,68.56,False,0,False,False,0,False
2024-02-05 05:18:00+01:00,939.77,18.0,20.32,0.0,68.56,False,0,False,False,0,False
2024-02-05 05:19:00+01:00,939.03,18.0,20.3,0.0,68.56,False,0,False,False,0,False
2024-02-05 05:20:00+01:00,938.29,18.0,20.29,0.0,68.56,False,0,False,False,0,False
2024-02-05 05:21:00+01:00,937.56,18.0,20.27,0.0,68.56,False,0,False,False,0,False
2024-02-05 05:22:00+01:00,936.82,18.0,20.26,0.0,68.56,False,0,False,False,0,False
2024-02-05 05:23:00+01:00,936.09,18.0,20.25,0.0,68.56,False,0,False,False,0,False
2024-02-05 05:24:00+01:00,935.36,18.0,20.23,0.0,68.56,False,0,False,False,0,False
2024-02-05 05:25:00+01:00,934.63,18.0,20.22,0.0,68.56,False,0,False,False,0,False
2024-02-05 05:26:00+01:00,933.9,18.0,20.2,0.0,68.56,False,0,False,False,0,False
2024-02-05 05:27:00+01:00,933.17,18.0,20.19,0.0,68.56,False,0,False,False,0,False
2024-02-05 05:28:00+01:00,932.45,18.0,20.18,0.0,68.56,False,0,False,False,0,False
2024-02-05 05:29:00+01:00,931.72,18.0,20.16,0.0,68.56,False,0,False,False,0,False
2024-02-05 05:30:00+01:00,931.0,18.0,20.15,0.0,68.56,False,0,False,False,0,False
2024-02-05 05:31:00+01:00,930.27,18.0,20.13,0.0,68.56,False,0,False,False,0,False
2024-02-05 05:32:00+01:00,929.55,18.0,20.12,0.0,68.56,False,0,False,False,0,False
2024-02-05 05:33:00+01:00,928.83,18.0,20.11,0.0,68.56,False,0,False,False,0,False
2024-02-05 05:34:00+01:00,928.11,18.0,20.09,0.0,68.56,False,0,False,False,0,False
2024-02-05 05:35:00+01:00,927.39,18.0,20.08,0.0,68.56,False,0,False,False,0,False
2024-02-05 05:36:00+01:00,926.68,18.0,20.07,0.0,68.56,False,0,False,False,0,False
2024-02-05 05:37:00+01:00,925.96,18.0,20.05,0.0,68.56,False,0,False,False,0,False
2024-02-05 05:38:00+01:00,925.24,18.0,20.04,0.0,68.56,False,0,False,False,0,False
2024-02-05 05:39:00+01:00,924.53,18.0,20.02,0.0,68.56,False,0,False,False,0,False
2024-02-05 05:40:00+01:00,923.82,18.0,20.01,0.0,68.56,False,0,False,False,0,False
2024-02-05 05:41:00+01:00,923.11,18.0,20.0,0.0,68.56,False,0,False,False,0,False
2024-02-05 05:42:00+01:00,922.4,18.0,19.98,0.0,68.56,False,0,False,False,0,False
2024-02-05 05:43:00+01:00,921.69,18.0,19.97,0.0,68.56,False,0,False,False,0,False
2024-02-05 05:44:00+01:00,920.98,18.0,19.95,0.0,68.56,False,0,False,False,0,False
2024-02-05 05:45:00+01:00,920.27,18.0,19.94,0.0,68.56,False,0,False,False,0,False
2024-02-05 05:46:00+01:00,919.57,18.0,19.93,0.0,68.56,False,0,False,False,0,False
2024-02-05 05:47:00+01:00,918.86,18.0,19.91,0.0,68.56,False,0,False,False,0,False
2024-02-05 05:48:00+01:00,918.16,18.0,19.9,0.0,68.56,False,0,False,False,0,False
2024-02-05 05:49:00+01:00,917.46,18.0,19.88,0.0,68.56,False,0,False,False,0,False
2024-02-05 05:50:00+01:00,916.76,18.0,19.87,0.0,68.56,False,0,False,False,0,False
2024-02-05 05:51:00+01:00,916.06,18.0,19.86,0.0,68.56,False,0,False,False,0,False
2024-02-05 05:52:00+01:00,915.36,18.0,19.84,0.0,68.56,False,0,False,False,0,False
2024-02-05 05:53:00+01:00,914.66,18.0,19.83,0.0,68.56,False,0,False,False,0,False
2024-02-05 05:54:00+01:00,913.97,18.0,19.81,0.0,68.56,False,0,False,False,0,False
2024-02-05 05:55:00+01:00,913.27,18.0,19.8,0.0,68.56,False,0,False,False,0,False
2024-02-05 05:56:00+01:00,912.58,18.0,19.79,0.0,68.56,False,0,False,False,0,False
2024-02-05 05:57:00+01:00,911.89,18.0,19.77,0.0,68.56,False,0,False,False,0,False
2024-02-05 05:58:00+01:00,911.19,18.0,19.76,0.0,68.56,False,0,False,False,0,False
2024-02-05 05:59:00+01:00,910.5,18.0,19.75,0.0,68.56,False,0,False,False,0,False
2024-02-05 06:00:00+01:00,909.81,18.0,19.73,0.0,68.56,False,0,False,False,0,False
2024-02-05 06:01:00+01:00,909.13,18.0,19.72,0.0,68.56,False,0,False,False,0,False
2024-02-05 06:02:00+01:00,908.44,18.0,19.7,0.0,68.56,False,0,False,False,0,False
2024-02-05 06:03:00+01:00,907.75,18.0,19.69,0.0,68.56,False,0,False,False,0,False
2024-02-05 06:04:00+01:00,907.07,18.0,19.68,0.0,68.56,False,0,False,False,0,False
2024-02-05 06:05:00+01:00,906.39,18.0,19.66,0.0,68.56,False,0,False,False,0,False
2024-02-05 06:06:00+01:00,905.7,18.0,19.65,0.0,68.56,False,0,False,False,0,False
2024-02-05 06:07:00+01:00,905.02,18.0,19.63,0.0,68.56,False,0,False,False,0,False
2024-02-05 06:08:00+01:00,904.34,18.0,19.62,0.0,68.56,False,0,False,False,0,False
2024-02-05 06:09:00+01:00,903.66,18.0,19.61,0.0,68.56,False,0,False,False,0,False
2024-02-05 06:10:00+01:00,902.98,18.0,19.59,0.0,68.56,False,0,False,False,0,False
2024-02-05 06:11:00+01:00,902.31,18.0,19.58,0.0,68.56,False,0,False,False,0,False
2024-02-05 06:12:00+01:00,901.63,18.0,19.57,0.0,68.56,False,0,False,False,0,False
2024-02-05 06:13:00+01:00,900.96,18.0,19.55,0.0,68.56,False,0,False,False,0,False
2024-02-05 06:14:00+01:00,900.28,18.0,19.54,0.0,68.56,False,0,False,False,0,False
2024-02-05 06:15:00+01:00,899.61,18.0,19.52,0.0,68.56,False,0,False,False,0,False
2024-02-05 06:16:00+01:00,898.94,18.0,19.51,0.0,68.56,False,0,False,False,0,False
2024-02-05 06:17:00+01:00,898.27,18.0,19.5,0.0,68.56,False,0,False,False,0,False
2024-02-05 06:18:00+01:00,897.6,18.0,19.48,0.0,68.56,False,0,False,False,0,False
2024-02-05 06:19:00+01:00,896.93,18.0,19.47,0.0,68.56,False,0,False,False,0,False
2024-02-05 06:20:00+01:00,896.27,18.0,19.45,0.0,68.56,False,0,False,False,0,False
2024-02-05 06:21:00+01:00,895.6,18.0,19.44,0.0,68.56,False,0,False,False,0,False
2024-02-05 06:22:00+01:00,894.94,18.0,19.43,0.0,68.56,False,0,False,False,0,False
2024-02-05 06:23:00+01:00,894.27,18.0,19.41,0.0,68.56,False,0,False,False,0,False
2024-02-05 06:24:00+01:00,893.61,18.0,19.4,0.0,68.56,False,0,False,False,0,False
2024-02-05 06:25:00+01:00,892.95,18.0,19.39,0.0,68.56,False,0,False,False,0,False
2024-02-05 06:26:00+01:00,892.29,18.0,19.37,0.0,68.56,False,0,False,False,0,False
2024-02-05 06:27:00+01:00,891.63,18.0,19.36,0.0,68.56,False,0,False,False,0,False
2024-02-05 06:28:00+01:00,890.97,18.0,19.34,0.0,68.56,False,0,False,False,0,False
2024-02-05 06:29:00+01:00,890.31,18.0,19.33,0.0,68.56,False,0,False,False,0,False
2024-02-05 06:30:00+01:00,889.66,18.0,19.32,0.0,68.56,False,0,False,False,0,False
2024-02-05 06:31:00+01:00,889.0,18.0,19.3,0.0,68.56,False,0,False,False,0,False
2024-02-05 06:32:00+01:00,888.35,18.0,19.29,0.0,68.56,False,0,False,False,0,False
2024-02-05 06:33:00+01:00,887.7,18.0,19.28,0.0,68.56,False,0,False,False,0,False
2024-02-05 06:34:00+01:00,887.04,18.0,19.26,0.0,68.56,False,0,False,False,0,False
2024-02-05 06:35:00+01:00,886.39,18.0,19.25,0.0,68.56,False,0,False,False,0,False
2024-02-05 06:36:00+01:00,885.74,18.0,19.23,0.0,68.56,False,0,False,False,0,False
2024-02-05 06:37:00+01:00,885.1,18.0,19.22,0.0,68.56,False,0,False,False,0,False
2024-02-05 06:38:00+01:00,884.45,18.0,19.21,0.0,68.56,False,0,False,False,0,False
2024-02-05 06:39:00+01:00,883.8,18.0,19.19,0.0,68.56,False,0,False,False,0,False
2024-02-05 06:40:00+01:00,883.16,18.0,19.18,0.0,68.56,False,0,False,False,0,False
2024-02-05 06:41:00+01:00,882.51,18.0,19.17,0.0,68.56,False,0,False,False,0,False
2024-02-05 06:42:00+01:00,881.87,18.0,19.15,0.0,68.56,False,0,False,False,0,False
2024-02-05 06:43:00+01:00,881.23,18.0,19.14,0.0,68.56,False,0,False,False,0,False
2024-02-05 06:44:00+01:00,880.59,18.0,19.12,0.0,68.56,False,0,False,False,0,False
2024-02-05 06:45:00+01:00,879.95,18.0,19.11,0.0,68.56,False,0,False,False,0,False
2024-02-05 06:46:00+01:00,879.31,18.0,19.1,0.0,68.56,False,0,False,False,0,False
2024-02-05 06:47:00+01:00,878.67,18.0,19.08,0.0,68.56,False,0,False,False,0,False
2024-02-05 06:48:00+01:00,878.03,18.0,19.07,0.0,68.56,False,0,False,False,0,False
2024-02-05 06:49:00+01:00,877.4,18.0,19.06,0.0,68.56,False,0,False,False,0,False
2024-02-05 06:50:00+01:00,876.76,18.0,19.04,0.0,68.56,False,0,False,False,0,False
2024-02-05 06:51:00+01:00,876.13,18.0,19.03,0.0,68.56,False,0,False,False,0,False
2024-02-05 06:52:00+01:00,875.5,18.0,19.01,0.0,68.56,False,0,False,False,0,False
2024-02-05 06:53:00+01:00,874.86,18.0,19.0,0.0,68.56,False,0,False,False,0,False
2024-02-05 06:54:00+01:00,874.23,18.0,18.99,0.0,68.56,False,0,False,False,0,False
2024-02-05 06:55:00+01:00,873.6,18.0,18.97,0.0,68.56,False,0,False,False,0,False
2024-02-05 06:56:00+01:00,872.98,18.0,18.96,0.0,68.56,False,0,False,False,0,False
2024-02-05 06:57:00+01:00,872.35,18.0,18.95,0.0,68.56,False,0,False,False,0,False
2024-02-05 06:58:00+01:00,871.72,18.0,18.93,0.0,68.56,False,0,False,False,0,False
2024-02-05 06:59:00+01:00,871.1,18.0,18.92,0.0,68.56,False,0,False,False,0,False
2024-02-05 07:00:00+01:00,870.47,18.0,18.9,0.0,68.56,False,0,False,False,0,False
2024-02-05 07:01:00+01:00,869.85,18.0,18.89,0.0,68.56,False,0,False,False,0,False
2024-02-05 07:02:00+01:00,869.23,18.0,18.88,0.0,68.56,False,0,False,False,0,False
2024-02-05 07:03:00+01:00,868.61,18.0,18.86,0.0,68.56,False,0,False,False,0,False
2024-02-05 07:04:00+01:00,867.99,18.0,18.85,0.0,68.56,False,0,False,False,0,False
2024-02-05 07:05:00+01:00,867.37,18.0,18.84,0.0,68.56,False,0,False,False,0,False
2024-02-05 07:06:00+01:00,866.75,18.0,18.82,0.0,68.56,False,0,False,False,0,False
2024-02-05 07:07:00+01:00,866.13,18.0,18.81,0.0,68.56,False,0,False,False,0,False
2024-02-05 07:08:00+01:00,865.52,18.0,18.79,0.0,68.56,False,0,False,False,0,False
2024-02-05 07:09:00+01:00,864.9,18.0,18.78,0.0,68.56,False,0,False,False,0,False
2024-02-05 07:10:00+01:00,864.29,18.0,18.77,0.0,68.56,False,0,False,False,0,False
2024-02-05 07:11:00+01:00,863.67,18.0,18.75,0.0,68.56,False,0,False,False,0,False
2024-02-05 07:12:00+01:00,863.06,18.0,18.74,0.0,68.56,False,0,False,False,0,False
2024-02-05 07:13:00+01:00,862.45,18.0,18.73,0.0,68.56,False,0,False,False,0,False
2024-02-05 07:14:00+01:00,861.84,18.0,18.71,0.0,68.56,False,0,False,False,0,False
2024-02-05 07:15:00+01:00,861.23,18.0,18.7,0.0,68.56,False,0,False,False,0,False
2024-02-05 07:16:00+01:00,860.62,18.0,18.69,0.0,68.56,False,0,False,False,0,False
2024-02-05 07:17:00+01:00,860.02,18.0,18.67,0.0,68.56,False,0,False,False,0,False
2024-02-05 07:18:00+01:00,859.41,18.0,18.66,0.0,68.56,False,0,False,False,0,False
2024-02-05 07:19:00+01:00,858.8,18.0,18.64,0.0,68.56,False,0,False,False,0,False
2024-02-05 07:20:00+01:00,858.2,18.0,18.63,0.0,68.56,False,0,False,False,0,False
2024-02-05 07:21:00+01:00,857.6,18.0,18.62,0.0,68.56,False,0,False,False,0,False
2024-02-05 07:22:00+01:00,857.0,18.0,18.6,0.0,68.56,False,0,False,False,0,False
2024-02-05 07:23:00+01:00,856.39,18.0,18.59,0.0,68.56,False,0,False,False,0,False
2024-02-05 07:24:00+01:00,855.79,18.0,18.58,0.0,68.56,False,0,False,False,0,False
2024-02-05 07:25:00+01:00,855.2,18.0,18.56,0.0,68.56,False,0,False,False,0,False
2024-02-05 07:26:00+01:00,854.6,18.0,18.55,0.0,68.56,False,0,False,False,0,False
2024-02-05 07:27:00+01:00,854.0,18.0,18.54,0.0,68.56,False,0,False,False,0,False
2024-02-05 07:28:00+01:00,853.4,18.0,18.52,0.0,68.56,False,0,False,False,0,False
2024-02-05 07:29:00+01:00,852.81,18.0,18.51,0.0,68.56,False,0,False,False,0,False
2024-02-05 07:30:00+01:00,852.21,18.0,18.5,0.0,68.56,False,0,False,False,0,False
2024-02-05 07:31:00+01:00,851.62,18.0,18.48,0.0,68.56,False,0,False,False,0,False
2024-02-05 07:32:00+01:00,851.03,18.0,18.47,0.0,68.56,False,0,False,False,0,False
2024-02-05 07:33:00+01:00,850.44,18.0,18.45,0.0,68.56,False,0,False,False,0,False
2024-02-05 07:34:00+01:00,849.85,18.0,18.44,0.0,68.56,False,0,False,False,0,False
2024-02-05 07:35:00+01:00,849.26,18.0,18.43,0.0,68.56,False,0,False,False,0,False
2024-02-05 07:36:00+01:00,848.67,18.0,18.41,0.0,68.56,False,0,False,False,0,False
2024-02-05 07:37:00+01:00,848.08,18.0,18.4,0.0,68.56,False,0,False,False,0,False
2024-02-05 07:38:00+01:00,847.5,18.0,18.39,0.0,68.56,False,0,False,False,0,False
2024-02-05 07:39:00+01:00,846.91,18.0,18.37,0.0,68.56,False,0,False,False,0,False
2024-02-05 07:40:00+01:00,846.33,18.0,18.36,0.0,68.56,False,0,False,False,0,False
2024-02-05 07:41:00+01:00,845.74,18.0,18.35,0.0,68.56,False,0,False,False,0,False
2024-02-05 07:42:00+01:00,845.16,18.0,18.33,0.0,68.56,False,0,False,False,0,False
2024-02-05 07:43:00+01:00,844.58,18.0,18.32,0.0,68.56,False,0,False,False,0,False
2024-02-05 07:44:00+01:00,844.0,18.0,18.31,0.0,68.56,False,0,False,False,0,False
2024-02-05 07:45:00+01:00,843.42,18.0,18.29,0.0,68.56,False,0,False,False,0,False
2024-02-05 07:46:00+01:00,842.84,18.0,18.28,0.0,68.56,False,0,False,False,0,False
2024-02-05 07:47:00+01:00,842.26,18.0,18.26,0.0,68.56,False,0,False,False,0,False
2024-02-05 07:48:00+01:00,841.69,18.0,18.25,0.0,68.56,False,0,False,False,0,False
2024-02-05 07:49:00+01:00,841.11,18.0,18.24,0.0,68.56,False,0,False,False,0,False
2024-02-05 07:50:00+01:00,840.54,18.0,18.22,0.0,68.56,False,0,False,False,0,False
2024-02-05 07:51:00+01:00,839.96,18.0,18.21,0.0,68.56,False,0,False,False,0,False
2024-02-05 07:52:00+01:00,839.39,18.0,18.2,0.0,68.56,False,0,False,False,0,False
2024-02-05 07:53:00+01:00,838.82,18.0,18.18,0.0,68.56,False,0,False,False,0,False
2024-02-05 07:54:00+01:00,838.25,18.0,18.17,0.0,68.56,False,0,False,False,0,False
2024-02-05 07:55:00+01:00,837.68,18.0,18.16,0.0,68.56,False,0,False,False,0,False
2024-02-05 07:56:00+01:00,837.11,18.0,18.14,0.0,68.56,False,0,False,False,0,False
2024-02-05 07:57:00+01:00,836.54,18.0,18.13,0.0,68.56,False,0,False,False,0,False
2024-02-05 07:58:00+01:00,835.97,18.0,18.12,0.0,68.56,False,0,False,False,0,False
2024-02-05 07:59:00+01:00,835.4,18.0,18.1,0.0,68.56,False,0,False,False,0,False
2024-02-05 08:00:00+01:00,834.84,18.0,18.09,0.0,68.56,False,0,False,False,0,False
2024-02-05 08:01:00+01:00,834.27,18.0,18.08,0.0,68.56,False,0,False,False,0,False
2024-02-05 08:02:00+01:00,833.71,18.0,18.06,0.0,68.56,False,0,False,False,0,False
2024-02-05 08:03:00+01:00,833.15,18.0,18.05,0.0,68.56,False,0,False,False,0,False
2024-02-05 08:04:00+01:00,832.59,18.0,18.04,0.0,68.56,False,0,False,False,0,False
2024-02-05 08:05:00+01:00,832.03,18.0,18.02,0.0,68.56,False,0,False,False,0,False
2024-02-05 08:06:00+01:00,831.47,18.0,18.01,0.0,68.56,False,0,False,False,0,False
2024-02-05 08:07:00+01:00,830.91,18.0,18.0,0.0,68.56,False,0,False,False,0,False
2024-02-05 08:08:00+01:00,830.35,18.0,17.98,0.0,68.56,False,0,False,False,0,False
2024-02-05 08:09:00+01:00,829.79,18.0,17.97,0.0,68.56,False,0,False,False,0,False
2024-02-05 08:10:00+01:00,829.24,18.0,17.96,0.0,68.56,False,0,False,False,0,False
2024-02-05 08:11:00+01:00,828.68,18.0,17.94,0.0,68.56,False,0,False,False,0,False
2024-02-05 08:12:00+01:00,828.13,18.0,17.93,0.0,68.56,False,0,False,False,0,False
2024-02-05 08:13:00+01:00,827.58,18.0,17.92,0.0,68.56,False,0,False,False,0,False
2024-02-05 08:14:00+01:00,827.02,18.0,17.91,0.0,68.56,False,0,False,False,0,False
2024-02-05 08:15:00+01:00,826.47,18.0,17.89,0.0,68.56,False,0,False,False,0,False
2024-02-05 08:16:00+01:00,825.92,18.0,17.88,0.0,68.56,False,0,False,False,0,False
2024-02-05 08:17:00+01:00,825.37,18.0,17.87,0.0,68.56,False,0,False,False,0,False
2024-02-05 08:18:00+01:00,824.83,18.0,17.86,0.0,68.56,False,0,False,False,0,False
2024-02-05 08:19:00+01:00,824.28,18.0,17.84,0.0,68.56,False,0,False,False,0,False
2024-02-05 08:20:00+01:00,823.73,18.0,17.83,0.0,68.56,False,0,False,False,0,False
2024-02-05 08:21:00+01:00,823.19,18.0,17.82,0.0,68.56,False,0,False,False,0,False
2024-02-05 08:22:00+01:00,822.64,18.0,17.81,0.0,68.56,False,0,False,False,0,False
2024-02-05 08:23:00+01:00,822.1,18.0,17.8,0.0,68.56,False,0,False,False,0,False
2024-02-05 08:24:00+01:00,821.56,18.0,17.78,0.0,68.56,False,0,False,False,0,False
2024-02-05 08:25:00+01:00,821.01,18.0,17.77,0.0,68.56,False,0,False,False,0,False
2024-02-05 08:26:00+01:00,820.47,18.0,17.76,0.0,68.56,False,0,False,False,0,False
2024-02-05 08:27:00+01:00,819.93,18.0,17.75,0.0,68.56,False,0,False,False,0,False
2024-02-05 08:28:00+01:00,819.39,18.0,17.74,0.0,68.56,False,0,False,False,0,False
2024-02-05 08:29:00+01:00,818.86,18.0,17.73,0.0,68.56,False,0,False,False,0,False
2024-02-05 08:30:00+01:00,818.32,18.0,17.71,0.0,68.56,False,0,False,False,0,False
2024-02-05 08:31:00+01:00,817.78,18.0,17.7,0.0,68.56,False,0,False,False,0,False
2024-02-05 08:32:00+01:00,817.25,18.0,17.69,0.0,68.56,False,0,False,False,0,False
2024-02-05 08:33:00+01:00,816.71,18.0,17.68,0.0,68.56,False,0,False,False,0,False
2024-02-05 08:34:00+01:00,816.18,18.0,17.67,0.0,68.56,False,0,False,False,0,False
2024-02-05 08:35:00+01:00,815.65,18.0,17.66,0.0,68.56,False,0,False,False,0,False
2024-02-05 08:36:00+01:00,815.12,18.0,17.65,0.0,68.56,False,0,False,False,0,False
2024-02-05 08:37:00+01:00,814.59,18.0,17.64,0.0,68.56,False,0,False,False,0,False
2024-02-05 08:38:00+01:00,814.06,18.0,17.62,0.0,68.56,False,0,False,False,0,False
2024-02-05 08:39:00+01:00,813.53,18.0,17.61,0.0,68.56,False,0,False,False,0,False
2024-02-05 08:40:00+01:00,813.0,18.0,17.6,0.0,68.56,False,0,False,False,0,False
2024-02-05 08:41:00+01:00,812.47,18.0,17.59,0.0,68.56,False,0,False,False,0,False
2024-02-05 08:42:00+01:00,811.95,18.0,17.58,0.0,68.56,False,0,False,False,0,False
2024-02-05 08:43:00+01:00,811.42,18.0,17.57,0.0,68.56,False,0,False,False,0,False
2024-02-05 08:44:00+01:00,810.9,18.0,17.56,0.0,68.56,False,0,False,False,0,False
2024-02-05 08:45:00+01:00,810.37,18.0,17.55,0.0,68.56,False,0,False,False,0,False
2024-02-05 08:46:00+01:00,809.85,18.0,17.54,0.0,68.56,False,0,False,False,0,False
2024-02-05 08:47:00+01:00,809.33,18.0,17.53,0.0,68.56,False,0,False,False,0,False
2024-02-05 08:48:00+01:00,808.81,18.0,17.52,0.0,68.56,False,0,False,False,0,False
2024-02-05 08:49:00+01:00,808.29,18.0,17.51,0.0,68.56,False,0,False,False,0,False
2024-02-05 08:50:00+01:00,807.77,18.0,17.5,0.0,68.56,False,0,False,False,0,False
2024-02-05 08:51:00+01:00,807.25,18.0,17.49,0.0,68.56,False,0,False,False,0,False
2024-02-05 08:52:00+01:00,806.74,18.0,17.48,0.0,68.56,False,0,False,False,0,False
2024-02-05 08:53:00+01:00,806.22,18.0,17.47,0.0,68.56,False,0,False,False,0,False
2024-02-05 08:54:00+01:00,805.7,18.0,17.46,0.0,68.56,False,0,False,False,0,False
2024-02-05 08:55:00+01:00,805.19,18.0,17.45,0.0,68.56,False,0,False,False,0,False
2024-02-05 08:56:00+01:00,804.68,18.0,17.44,0.0,68.56,False,0,False,False,0,False
2024-02-05 08:57:00+01:00,804.16,18.0,17.43,0.0,68.56,False,0,False,False,0,False
2024-02-05 08:58:00+01:00,803.65,18.0,17.42,0.0,68.56,False,0,False,False,0,False
2024-02-05 08:59:00+01:00,803.14,18.0,17.41,0.0,68.56,False,0,False,False,0,False
2024-02-05 09:00:00+01:00,802.63,18.0,17.4,0.0,68.56,False,0,False,False,0,False
2024-02-05 09:01:00+01:00,802.12,18.0,17.39,0.0,68.56,False,0,False,False,0,False
2024-02-05 09:02:00+01:00,801.61,18.0,17.38,0.0,68.56,False,0,False,False,0,False
2024-02-05 09:03:00+01:00,801.11,18.0,17.37,0.0,68.56,False,0,False,False,0,False
2024-02-05 09:04:00+01:00,800.6,18.0,17.36,0.0,68.56,False,0,False,False,0,False
2024-02-05 09:05:00+01:00,800.09,18.0,17.35,0.0,68.56,False,0,False,False,0,False
2024-02-05 09:06:00+01:00,799.59,18.0,17.34,0.0,68.56,False,0,False,False,0,False
2024-02-05 09:07:00+01:00,799.08,18.0,17.33,0.0,68.56,False,0,False,False,0,False
2024-02-05 09:08:00+01:00,798.58,18.0,17.32,0.0,68.56,False,0,False,False,0,False
2024-02-05 09:09:00+01:00,798.08,18.0,17.32,0.0,68.56,False,0,False,False,0,False
2024-02-05 09:10:00+01:00,797.58,18.0,17.31,0.0,68.56,False,0,False,False,0,False
2024-02-05 09:11:00+01:00,797.08,18.0,17.3,0.0,68.56,False,0,False,False,0,False
2024-02-05 09:12:00+01:00,796.58,18.0,17.29,0.0,68.56,False,0,False,False,0,False
2024-02-05 09:13:00+01:00,796.08,18.0,17.28,0.0,68.56,False,0,False,False,0,False
2024-02-05 09:14:00+01:00,795.58,18.0,17.27,0.0,68.56,False,0,False,False,0,False
2024-02-05 09:15:00+01:00,795.08,18.0,17.26,0.0,68.56,False,0,False,False,0,False
2024-02-05 09:16:00+01:00,794.59,18.0,17.25,0.0,68.56,False,0,False,False,0,False
2024-02-05 09:17:00+01:00,794.09,18.0,17.25,0.0,68.56,False,0,False,False,0,False
2024-02-05 09:18:00+01:00,793.6,18.0,17.24,0.0,68.56,False,0,False,False,0,False
2024-02-05 09:19:00+01:00,793.1,18.0,17.23,0.0,68.56,False,0,False,False,0,False
2024-02-05 09:20:00+01:00,792.61,18.0,17.22,0.0,68.56,False,0,False,False,0,False
2024-02-05 09:21:00+01:00,792.12,18.0,17.21,0.0,68.56,False,0,False,False,0,False
2024-02-05 09:22:00+01:00,791.63,18.0,17.21,0.0,68.56,False,0,False,False,0,False
2024-02-05 09:23:00+01:00,791.14,18.0,17.2,0.0,68.56,False,0,False,False,0,False
2024-02-05 09:24:00+01:00,790.65,18.0,17.19,0.0,68.56,False,0,False,False,0,False
2024-02-05 09:25:00+01:00,790.16,18.0,17.18,0.0,68.56,False,0,False,False,0,False
2024-02-05 09:26:00+01:00,789.67,18.0,17.17,0.0,68.56,False,0,False,False,0,False
2024-02-05 09:27:00+01:00,789.18,18.0,17.17,0.0,68.56,False,0,False,False,0,False
2024-02-05 09:28:00+01:00,788.7,18.0,17.16,0.0,68.56,False,0,False,False,0,False
2024-02-05 09:29:00+01:00,788.21,18.0,17.15,0.0,68.56,False,0,False,False,0,False
2024-02-05 09:30:00+01:00,787.73,18.0,17.14,0.0,68.56,False,0,False,False,0,False
2024-02-05 09:31:00+01:00,787.24,18.0,17.14,0.0,68.56,False,0,False,False,0,False
2024-02-05 09:32:00+01:00,786.76,18.0,17.13,0.0,68.56,False,0,False,False,0,False
2024-02-05 09:33:00+01:00,786.28,18.0,17.12,0.0,68.56,False,0,False,False,0,False
2024-02-05 09:34:00+01:00,785.8,18.0,17.11,0.0,68.56,False,0,False,False,0,False
2024-02-05 09:35:00+01:00,785.32,18.0,17.11,0.0,68.56,False,0,False,False,0,False
2024-02-05 09:36:00+01:00,784.84,18.0,17.1,0.0,68.56,False,0,False,False,0,False
2024-02-05 09:37:00+01:00,784.36,18.0,17.09,0.0,68.56,False,0,False,False,0,False
2024-02-05 09:38:00+01:00,783.88,18.0,17.08,0.0,68.56,False,0,False,False,0,False
2024-02-05 09:39:00+01:00,783.4,18.0,17.08,0.0,68.56,False,0,False,False,0,False
2024-02-05 09:40:00+01:00,782.93,18.0,17.07,0.0,68.56,False,0,False,False,0,False
2024-02-05 09:41:00+01:00,782.45,18.0,17.06,0.0,68.56,False,0,False,False,0,False
2024-02-05 09:42:00+01:00,781.98,18.0,17.06,0.0,68.56,False,0,False,False,0,False
2024-02-05 09:43:00+01:00,781.5,18.0,17.05,0.0,68.56,False,0,False,False,0,False
2024-02-05 09:44:00+01:00,781.03,18.0,17.04,0.0,68.56,False,0,False,False,0,False
2024-02-05 09:45:00+01:00,780.56,18.0,17.04,0.0,68.56,False,0,False,False,0,False
2024-02-05 09:46:00+01:00,780.09,18.0,17.03,0.0,68.56,False,0,False,False,0,False
2024-02-05 09:47:00+01:00,779.61,18.0,17.02,0.0,68.56,False,0,False,False,0,False
2024-02-05 09:48:00+01:00,779.14,18.0,17.02,0.0,68.56,False,0,False,False,0,False
2024-02-05 09:49:00+01:00,778.68,18.0,17.01,0.0,68.56,False,0,False,False,0,False
2024-02-05 09:50:00+01:00,778.21,18.0,17.0,0.0,68.56,False,0,False,False,0,False
2024-02-05 09:51:00+01:00,777.74,18.0,17.0,0.0,68.56,False,0,False,False,0,False
2024-02-05 09:52:00+01:00,777.27,18.0,16.99,0.0,68.56,False,0,False,False,0,False
2024-02-05 09:53:00+01:00,776.81,18.0,16.99,0.0,68.56,False,0,False,False,0,False
2024-02-05 09:54:00+01:00,776.34,18.0,16.98,0.0,68.56,False,0,False,False,0,False
2024-02-05 09:55:00+01:00,775.88,18.0,16.97,0.0,68.56,False,0,False,False,0,False
2024-02-05 09:56:00+01:00,775.41,18.0,16.97,0.0,68.56,False,0,False,False,0,False
2024-02-05 09:57:00+01:00,774.95,18.0,16.96,0.0,68.56,False,0,False,False,0,False
2024-02-05 09:58:00+01:00,776.32,18.01,16.97,0.0,68.56,True,1,False,False,1,True
2024-02-05 09:59:00+01:00,778.84,18.02,16.98,0.0,68.56,True,1,True,False,1,True
2024-02-05 10:00:00+01:00,781.78,18.04,16.99,0.0,68.56,True,1,True,False,1,True
2024-02-05 10:01:00+01:00,784.75,18.05,17.01,0.0,68.56,True,1,True,False,1,True
2024-02-05 10:02:00+01:00,787.68,18.06,17.03,0.0,68.56,True,1,True,False,1,True
2024-02-05 10:03:00+01:00,790.56,18.08,17.05,0.0,68.56,True,1,True,False,1,True
2024-02-05 10:04:00+01:00,793.42,18.09,17.06,0.0,68.56,True,1,True,False,1,True
2024-02-05 10:05:00+01:00,796.28,18.1,17.08,0.0,68.56,True,1,True,False,1,True
2024-02-05 10:06:00+01:00,799.13,18.11,17.1,0.0,68.56,True,1,True,False,1,True
2024-02-05 10:07:00+01:00,801.98,18.11,17.13,0.0,68.56,True,1,True,False,1,True
2024-02-05 10:08:00+01:00,804.83,18.12,17.15,0.0,68.56,True,1,True,False,1,True
2024-02-05 10:09:00+01:00,807.67,18.13,17.17,0.0,68.56,True,1,True,False,1,True
2024-02-05 10:10:00+01:00,810.51,18.14,17.19,0.0,68.56,True,1,True,False,1,True
2024-02-05 10:11:00+01:00,813.34,18.15,17.22,0.0,68.56,True,1,True,False,1,True
2024-02-05 10:12:00+01:00,816.17,18.15,17.24,0.0,68.56,True,1,True,False,1,True
2024-02-05 10:13:00+01:00,818.99,18.16,17.26,0.0,68.56,True,1,True,False,1,True
2024-02-05 10:14:00+01:00,821.81,18.16,17.29,0.0,68.56,True,1,True,False,1,True
2024-02-05 10:15:00+01:00,824.63,18.17,17.31,0.0,68.56,True,1,True,False,1,True
2024-02-05 10:16:00+01:00,827.44,18.18,17.34,0.0,68.56,True,1,True,False,1,True
2024-02-05 10:17:00+01:00,830.24,18.18,17.36,0.0,68.56,True,1,True,False,1,True
2024-02-05 10:18:00+01:00,833.04,18.19,17.39,0.0,68.56,True,1,True,False,1,True
2024-02-05 10:19:00+01:00,835.84,18.19,17.41,0.0,68.56,True,1,True,False,1,True
2024-02-05 10:20:00+01:00,838.63,18.2,17.44,0.0,68.56,True,1,True,False,1,True
2024-02-05 10:21:00+01:00,841.42,18.2,17.46,0.0,68.56,True,1,True,False,1,True
2024-02-05 10:22:00+01:00,844.2,18.21,17.49,0.0,68.56,True,1,True,False,1,True
2024-02-05 10:23:00+01:00,846.98,18.21,17.51,0.0,68.56,True,1,True,False,1,True
2024-02-05 10:24:00+01:00,849.75,18.22,17.54,0.0,68.56,True,1,True,False,1,True
2024-02-05 10:25:00+01:00,852.52,18.22,17.56,0.0,68.56,True,1,True,False,1,True
2024-02-05 10:26:00+01:00,855.29,18.23,17.59,0.0,68.56,True,1,True,False,1,True
2024-02-05 10:27:00+01:00,858.05,18.23,17.62,0.0,68.56,True,1,True,False,1,True
2024-02-05 10:28:00+01:00,860.81,18.24,17.64,0.0,68.56,True,1,True,False,1,True
2024-02-05 10:29:00+01:00,863.56,18.24,17.67,0.0,68.56,True,1,True,False,1,True
2024-02-05 10:30:00+01:00,866.31,18.25,17.69,0.0,68.56,True,1,True,False,1,True
2024-02-05 10:31:00+01:00,869.05,18.25,17.72,0.0,68.56,True,1,True,False,1,True
2024-02-05 10:32:00+01:00,871.79,18.26,17.75,0.0,68.56,True,1,True,False,1,True
2024-02-05 10:33:00+01:00,874.53,18.26,17.77,0.0,68.56,True,1,True,False,1,True
2024-02-05 10:34:00+01:00,877.26,18.27,17.8,0.0,68.56,True,1,True,False,1,True
2024-02-05 10:35:00+01:00,879.98,18.27,17.83,0.0,68.56,True,1,True,False,1,True
2024-02-05 10:36:00+01:00,882.71,18.28,17.85,0.0,68.56,True,1,True,False,1,True
2024-02-05 10:37:00+01:00,885.42,18.28,17.88,0.0,68.56,True,1,True,False,1,True
2024-02-05 10:38:00+01:00,888.14,18.29,17.9,0.0,68.56,True,1,True,False,1,True
2024-02-05 10:39:00+01:00,890.85,18.29,17.93,0.0,68.56,True,1,True,False,1,True
2024-02-05 10:40:00+01:00,893.55,18.3,17.96,0.0,68.56,True,1,True,False,1,True
2024-02-05 10:41:00+01:00,896.25,18.3,17.98,0.0,68.56,True,1,True,False,1,True
2024-02-05 10:42:00+01:00,898.95,18.31,18.01,0.0,68.56,True,1,True,False,1,True
2024-02-05 10:43:00+01:00,901.64,18.31,18.04,0.0,68.56,True,1,True,False,1,True
2024-02-05 10:44:00+01:00,904.33,18.32,18.06,0.0,68.56,True,1,True,False,1,True
2024-02-05 10:45:00+01:00,907.01,18.32,18.09,0.0,68.56,True,1,True,False,1,True
2024-02-05 10:46:00+01:00,909.69,18.33,18.12,0.0,68.56,True,1,True,False,1,True
2024-02-05 10:47:00+01:00,912.37,18.33,18.14,0.0,68.56,True,1,True,False,1,True
2024-02-05 10:48:00+01:00,915.04,18.33,18.17,0.0,68.56,True,1,True,False,1,True
2024-02-05 10:49:00+01:00,917.7,18.34,18.2,0.0,68.56,True,1,True,False,1,True
2024-02-05 10:50:00+01:00,920.37,18.34,18.22,0.0,68.56,True,1,True,False,1,True
2024-02-05 10:51:00+01:00,923.02,18.35,18.25,0.0,68.56,True,1,True,False,1,True
2024-02-05 10:52:00+01:00,925.68,18.35,18.28,0.0,68.56,True,1,True,False,1,True
2024-02-05 10:53:00+01:00,928.33,18.36,18.3,0.0,68.56,True,1,True,False,1,True
2024-02-05 10:54:00+01:00,930.97,18.36,18.33,0.0,68.56,True,1,True,False,1,True
2024-02-05 10:55:00+01:00,933.62,18.37,18.36,0.0,68.56,True,1,True,False,1,True
2024-02-05 10:56:00+01:00,936.25,18.37,18.38,0.0,68.56,True,1,True,False,1,True
2024-02-05 10:57:00+01:00,938.89,18.38,18.41,0.0,68.56,True,1,True,False,1,True
2024-02-05 10:58:00+01:00,941.52,18.38,18.44,0.0,68.56,True,1,True,False,1,True
2024-02-05 10:59:00+01:00,944.14,18.39,18.46,0.0,68.56,True,1,True,False,1,True
2024-02-05 11:00:00+01:00,946.76,18.39,18.49,0.0,68.56,True,1,True,False,1,True
2024-02-05 11:01:00+01:00,947.55,18.37,18.52,0.0,68.56,False,0,True,True,1,True
2024-02-05 11:02:00+01:00,947.17,18.34,18.56,0.0,68.56,False,0,False,False,1,True
2024-02-05 11:03:00+01:00,946.39,18.31,18.59,0.0,68.56,False,0,False,False,1,True
2024-02-05 11:04:00+01:00,945.56,18.28,18.62,0.0,68.56,False,0,False,False,1,True
2024-02-05 11:05:00+01:00,944.78,18.25,18.65,0.0,68.56,False,0,False,False,1,True
2024-02-05 11:06:00+01:00,944.03,18.23,18.67,0.0,68.56,False,0,False,False,1,True
2024-02-05 11:07:00+01:00,943.3,18.21,18.69,0.0,68.56,False,0,False,False,1,True
2024-02-05 11:08:00+01:00,944.4,18.22,18.7,0.0,68.56,True,1,False,False,1,True
2024-02-05 11:09:00+01:00,946.66,18.24,18.7,0.0,68.56,True,1,True,False,1,True
2024-02-05 11:10:00+01:00,949.33,18.26,18.71,0.0,68.56,True,1,True,False,1,True
2024-02-05 11:11:00+01:00,952.04,18.29,18.71,0.0,68.56,True,1,True,False,1,True
2024-02-05 11:12:00+01:00,954.7,18.31,18.72,0.0,68.56,True,1,True,False,1,True
2024-02-05 11:13:00+01:00,957.32,18.32,18.73,0.0,68.56,True,1,True,False,1,True
2024-02-05 11:14:00+01:00,959.92,18.34,18.74,0.0,68.56,True,1,True,False,1,True
2024-02-05 11:15:00+01:00,962.52,18.36,18.76,0.0,68.56,True,1,True,False,1,True
2024-02-05 11:16:00+01:00,965.11,18.37,18.77,0.0,68.56,True,1,True,False,1,True
2024-02-05 11:17:00+01:00,967.7,18.39,18.79,0.0,68.56,True,1,True,False,1,True
2024-02-05 11:18:00+01:00,970.28,18.4,18.81,0.0,68.56,True,1,True,False,1,True
2024-02-05 11:19:00+01:00,972.86,18.41,18.83,0.0,68.56,True,1,True,False,1,True
2024-02-05 11:20:00+01:00,975.44,18.42,18.85,0.0,68.56,True,1,True,False,1,True
2024-02-05 11:21:00+01:00,978.01,18.43,18.87,0.0,68.56,True,1,True,False,1,True
2024-02-05 11:22:00+01:00,980.58,18.44,18.89,0.0,68.56,True,1,True,False,1,True
2024-02-05 11:23:00+01:00,983.14,18.45,18.91,0.0,68.56,True,1,True,False,1,True
2024-02-05 11:24:00+01:00,985.7,18.46,18.93,0.0,68.56,True,1,True,False,1,True
2024-02-05 11:25:00+01:00,988.26,18.47,18.96,0.0,68.56,True,1,True,False,1,True
2024-02-05 11:26:00+01:00,990.81,18.48,18.98,0.0,68.56,True,1,True,False,1,True
2024-02-05 11:27:00+01:00,993.36,18.48,19.01,0.0,68.56,True,1,True,False,1,True
2024-02-05 11:28:00+01:00,995.9,18.49,19.03,0.0,68.56,True,1,True,False,1,True
2024-02-05 11:29:00+01:00,998.44,18.5,19.06,0.0,68.56,True,1,True,False,1,True
2024-02-05 11:30:00+01:00,1000.98,18.51,19.08,0.0,68.56,True,1,True,False,1,True
2024-02-05 11:31:00+01:00,1003.51,18.51,19.11,0.0,68.56,True,1,True,False,1,True
2024-02-05 11:32:00+01:00,1006.04,18.52,19.13,0.0,68.56,True,1,True,False,1,True
2024-02-05 11:33:00+01:00,1008.56,18.53,19.16,0.0,68.56,True,1,True,False,1,True
2024-02-05 11:34:00+01:00,1011.08,18.53,19.18,0.0,68.56,True,1,True,False,1,True
2024-02-05 11:35:00+01:00,1013.59,18.54,19.21,0.0,68.56,True,1,True,False,1,True
2024-02-05 11:36:00+01:00,1016.11,18.55,19.24,0.0,68.56,True,1,True,False,1,True
2024-02-05 11:37:00+01:00,1018.61,18.55,19.26,0.0,68.56,True,1,True,False,1,True
2024-02-05 11:38:00+01:00,1021.12,18.56,19.29,0.0,68.56,True,1,True,False,1,True
2024-02-05 11:39:00+01:00,1023.62,18.56,19.32,0.0,68.56,True,1,True,False,1,True
2024-02-05 11:40:00+01:00,1026.12,18.57,19.34,0.0,68.56,True,1,True,False,1,True
2024-02-05 11:41:00+01:00,1028.61,18.58,19.37,0.0,68.56,True,1,True,False,1,True
2024-02-05 11:42:00+01:00,1031.1,18.58,19.4,0.0,68.56,True,1,True,False,1,True
2024-02-05 11:43:00+01:00,1033.58,18.59,19.42,0.0,68.56,True,1,True,False,1,True
2024-02-05 11:44:00+01:00,1036.06,18.59,19.45,0.0,68.56,True,1,True,False,1,True
2024-02-05 11:45:00+01:00,1038.54,18.6,19.48,0.0,68.56,True,1,True,False,1,True
2024-02-05 11:46:00+01:00,1041.01,18.61,19.5,0.0,68.56,True,1,True,False,1,True
2024-02-05 11:47:00+01:00,1043.48,18.61,19.53,0.0,68.56,True,1,True,False,1,True
2024-02-05 11:48:00+01:00,1045.94,18.62,19.56,0.0,68.56,True,1,True,False,1,True
2024-02-05 11:49:00+01:00,1048.41,18.62,19.59,0.0,68.56,True,1,True,False,1,True
2024-02-05 11:50:00+01:00,1050.86,18.63,19.61,0.0,68.56,True,1,True,False,1,True
2024-02-05 11:51:00+01:00,1053.32,18.63,19.64,0.0,68.56,True,1,True,False,1,True
2024-02-05 11:52:00+01:00,1055.77,18.64,19.67,0.0,68.56,True,1,True,False,1,True
2024-02-05 11:53:00+01:00,1058.21,18.65,19.7,0.0,68.56,True,1,True,False,1,True
2024-02-05 11:54:00+01:00,1060.65,18.65,19.72,0.0,68.56,True,1,True,False,1,True
2024-02-05 11:55:00+01:00,1063.09,18.66,19.75,0.0,68.56,True,1,True,False,1,True
2024-02-05 11:56:00+01:00,1065.53,18.66,19.78,0.0,68.56,True,1,True,False,1,True
2024-02-05 11:57:00+01:00,1067.96,18.67,19.81,0.0,68.56,True,1,True,False,1,True
2024-02-05 11:58:00+01:00,1072.21,18.7,19.83,0.0,68.56,True,2,True,False,2,True
2024-02-05 11:59:00+01:00,1077.62,18.74,19.84,0.0,68.56,True,2,True,False,2,True
2024-02-05 12:00:00+01:00,1081.6,18.76,19.87,0.0,68.56,True,1,True,False,1,True
2024-02-05 12:01:00+01:00,1082.64,18.74,19.91,0.0,68.56,False,0,True,True,1,True
2024-02-05 12:02:00+01:00,1082.05,18.71,19.96,0.0,68.56,False,0,False,False,1,True
2024-02-05 12:03:00+01:00,1080.98,18.67,20.0,0.0,68.56,False,0,False,False,1,True
2024-02-05 12:04:00+01:00,1079.89,18.63,20.04,0.0,68.56,False,0,False,False,1,True
2024-02-05 12:05:00+01:00,1078.87,18.6,20.07,0.0,68.56,False,0,False,False,1,True
2024-02-05 12:06:00+01:00,1079.74,18.6,20.09,0.0,68.56,True,1,False,False,1,True
2024-02-05 12:07:00+01:00,1081.79,18.62,20.1,0.0,68.56,True,1,True,False,1,True
2024-02-05 12:08:00+01:00,1084.25,18.64,20.11,0.0,68.56,True,1,True,False,1,True
2024-02-05 12:09:00+01:00,1086.75,18.65,20.13,0.0,68.56,True,1,True,False,1,True
2024-02-05 12:10:00+01:00,1091.03,18.69,20.13,0.0,68.56,True,2,True,False,1,True
2024-02-05 12:11:00+01:00,1096.43,18.74,20.14,0.0,68.56,True,2,True,False,1,True
2024-02-05 12:12:00+01:00,1102.21,18.79,20.15,0.0,68.56,True,2,True,False,1,True
2024-02-05 12:13:00+01:00,1108.03,18.84,20.16,0.0,68.56,True,2,True,False,1,True
2024-02-05 12:14:00+01:00,1113.79,18.88,20.19,0.0,68.56,True,2,True,False,1,True
2024-02-05 12:15:00+01:00,1119.51,18.92,20.22,0.0,68.56,True,2,True,False,1,True
2024-02-05 12:16:00+01:00,1125.21,18.95,20.25,0.0,68.56,True,2,True,False,1,True
2024-02-05 12:17:00+01:00,1130.9,18.98,20.28,0.0,68.56,True,2,True,False,1,True
2024-02-05 12:18:00+01:00,1136.57,19.01,20.33,0.0,68.56,True,2,True,False,1,True
2024-02-05 12:19:00+01:00,1142.24,19.04,20.37,0.0,68.56,True,2,True,False,1,True
2024-02-05 12:20:00+01:00,1147.9,19.06,20.41,0.0,68.56,True,2,True,False,1,True
2024-02-05 12:21:00+01:00,1153.56,19.08,20.46,0.0,68.56,True,2,True,False,1,True
2024-02-05 12:22:00+01:00,1159.2,19.1,20.51,0.0,68.56,True,2,True,False,1,True
2024-02-05 12:23:00+01:00,1164.83,19.12,20.57,0.0,68.56,True,2,True,False,1,True
2024-02-05 12:24:00+01:00,1170.46,19.14,20.62,0.0,68.56,True,2,True,False,1,True
2024-02-05 12:25:00+01:00,1176.07,19.16,20.67,0.0,68.56,True,2,True,False,1,True
2024-02-05 12:26:00+01:00,1181.68,19.17,20.73,0.0,68.56,True,2,True,False,1,True
2024-02-05 12:27:00+01:00,1187.28,19.19,20.79,0.0,68.56,True,2,True,False,1,True
2024-02-05 12:28:00+01:00,1192.87,19.2,20.85,0.0,68.56,True,2,True,False,1,True
2024-02-05 12:29:00+01:00,1198.45,19.22,20.91,0.0,68.56,True,2,True,False,1,True
2024-02-05 12:30:00+01:00,1204.02,19.23,20.97,0.0,68.56,True,2,True,False,1,True
2024-02-05 12:31:00+01:00,1209.58,19.24,21.03,0.0,68.56,True,2,True,False,1,True
2024-02-05 12:32:00+01:00,1215.13,19.26,21.09,0.0,68.56,True,2,True,False,1,True
2024-02-05 12:33:00+01:00,1220.68,19.27,21.15,0.0,68.56,True,2,True,False,1,True
2024-02-05 12:34:00+01:00,1226.22,19.28,21.21,0.0,68.56,True,2,True,False,1,True
2024-02-05 12:35:00+01:00,1231.74,19.29,21.28,0.0,68.56,True,2,True,False,1,True
2024-02-05 12:36:00+01:00,1237.26,19.3,21.34,0.0,68.56,True,2,True,False,1,True
2024-02-05 12:37:00+01:00,1242.77,19.31,21.4,0.0,68.56,True,2,True,False,1,True
2024-02-05 12:38:00+01:00,1248.27,19.32,21.47,0.0,68.56,True,2,True,False,1,True
2024-02-05 12:39:00+01:00,1253.77,19.33,21.53,0.0,68.56,True,2,True,False,1,True
2024-02-05 12:40:00+01:00,1259.25,19.34,21.59,0.0,68.56,True,2,True,False,1,True
2024-02-05 12:41:00+01:00,1264.73,19.35,21.66,0.0,68.56,True,2,True,False,2,True
2024-02-05 12:42:00+01:00,1270.19,19.36,21.72,0.0,68.56,True,2,True,False,2,True
2024-02-05 12:43:00+01:00,1275.65,19.37,21.79,0.0,68.56,True,2,True,False,2,True
2024-02-05 12:44:00+01:00,1281.1,19.38,21.85,0.0,68.56,True,2,True,False,2,True
2024-02-05 12:45:00+01:00,1286.54,19.39,21.92,0.0,68.56,True,2,True,False,2,True
2024-02-05 12:46:00+01:00,1291.97,19.4,21.98,0.0,68.56,True,2,True,False,2,True
2024-02-05 12:47:00+01:00,1297.4,19.41,22.05,0.0,68.56,True,2,True,False,2,True
2024-02-05 12:48:00+01:00,1302.81,19.42,22.11,0.0,68.56,True,2,True,False,2,True
2024-02-05 12:49:00+01:00,1308.22,19.43,22.18,0.0,68.56,True,2,True,False,2,True
2024-02-05 12:50:00+01:00,1313.62,19.44,22.24,0.0,68.56,True,2,True,False,2,True
2024-02-05 12:51:00+01:00,1319.01,19.45,22.31,0.0,68.56,True,2,True,False,2,True
2024-02-05 12:52:00+01:00,1324.39,19.46,22.37,0.0,68.56,True,2,True,False,2,True
2024-02-05 12:53:00+01:00,1329.76,19.47,22.44,0.0,68.56,True,2,True,False,2,True
2024-02-05 12:54:00+01:00,1335.13,19.48,22.5,0.0,68.56,True,2,True,False,2,True
2024-02-05 12:55:00+01:00,1340.48,19.48,22.57,0.0,68.56,True,2,True,False,2,True
2024-02-05 12:56:00+01:00,1345.83,19.49,22.63,0.0,68.56,True,2,True,False,2,True
2024-02-05 12:57:00+01:00,1351.17,19.5,22.7,0.0,68.56,True,2,True,False,2,True
2024-02-05 12:58:00+01:00,1356.5,19.51,22.77,0.0,68.56,True,2,True,False,2,True
2024-02-05 12:59:00+01:00,1361.82,19.52,22.83,0.0,68.56,True,2,True,False,2,True
2024-02-05 13:00:00+01:00,1298.26,18.04,24.82,0.96,68.56,True,2,True,False,2,True
2024-02-05 13:01:00+01:00,1206.4,16.3,27.3,0.96,68.56,True,2,True,False,2,True
2024-02-05 13:02:00+01:00,1120.39,14.98,29.28,0.96,68.56,True,2,True,False,2,True
2024-02-05 13:03:00+01:00,1049.62,14.13,30.55,0.96,68.56,True,2,True,False,2,True
2024-02-05 13:04:00+01:00,967.75,12.94,32.51,0.96,68.56,True,2,True,False,2,True
2024-02-05 13:05:00+01:00,889.95,11.81,34.53,0.96,68.56,True,2,True,False,2,True
2024-02-05 13:06:00+01:00,860.22,12.16,33.55,0.0,68.56,False,0,True,True,2,True
2024-02-05 13:07:00+01:00,855.78,13.23,31.26,0.0,68.56,False,0,False,False,2,True
2024-02-05 13:08:00+01:00,857.8,14.36,29.04,0.0,68.56,False,0,False,False,2,True
2024-02-05 13:09:00+01:00,859.44,15.35,27.26,0.0,68.56,False,0,False,False,2,True
2024-02-05 13:10:00+01:00,859.78,16.18,25.86,0.0,68.56,False,0,False,False,2,True
2024-02-05 13:11:00+01:00,817.19,14.97,27.78,0.99,68.56,True,1,False,False,2,True
2024-02-05 13:12:00+01:00,761.54,13.16,31.01,0.99,68.56,True,1,True,False,2,True
2024-02-05 13:13:00+01:00,713.35,11.75,33.82,0.99,68.56,True,1,True,False,2,True
2024-02-05 13:14:00+01:00,676.18,10.86,35.72,0.99,68.56,True,1,True,False,2,True
2024-02-05 13:15:00+01:00,647.31,10.31,36.93,0.99,68.56,True,1,True,False,2,True
2024-02-05 13:16:00+01:00,623.95,9.95,37.76,0.99,68.56,True,1,True,False,2,True
2024-02-05 13:17:00+01:00,604.55,9.69,38.37,0.99,68.56,True,1,True,False,2,True
2024-02-05 13:18:00+01:00,588.29,9.49,38.85,0.99,68.56,True,1,True,False,2,True
2024-02-05 13:19:00+01:00,574.65,9.35,39.22,0.99,68.56,True,1,True,False,2,True
2024-02-05 13:20:00+01:00,563.19,9.24,39.5,0.99,68.56,True,1,True,False,2,True
2024-02-05 13:21:00+01:00,553.57,9.16,39.73,0.99,68.56,True,1,True,False,2,True
2024-02-05 13:22:00+01:00,545.47,9.1,39.92,0.99,68.56,True,1,True,False,2,True
2024-02-05 13:23:00+01:00,538.65,9.06,40.09,0.99,68.56,True,1,True,False,2,True
2024-02-05 13:24:00+01:00,532.89,9.03,40.23,0.99,68.56,True,1,True,False,2,True
2024-02-05 13:25:00+01:00,528.03,9.0,40.35,0.99,68.56,True,1,True,False,2,True
2024-02-05 13:26:00+01:00,523.93,8.98,40.47,0.99,68.56,True,1,True,False,2,True
2024-02-05 13:27:00+01:00,520.46,8.97,40.58,0.99,68.56,True,1,True,False,2,True
2024-02-05 13:28:00+01:00,517.53,8.96,40.68,0.99,68.56,True,1,True,False,2,True
2024-02-05 13:29:00+01:00,515.06,8.95,40.78,0.99,68.56,True,1,True,False,2,True
2024-02-05 13:30:00+01:00,515.68,9.8,38.54,0.0,68.56,True,1,True,False,2,True
2024-02-05 13:31:00+01:00,517.9,11.0,35.57,0.0,68.56,True,1,True,False,2,True
2024-02-05 13:32:00+01:00,520.55,12.17,32.93,0.0,68.56,True,1,True,False,2,True
2024-02-05 13:33:00+01:00,523.25,13.18,30.82,0.0,68.56,True,1,True,False,2,True
2024-02-05 13:34:00+01:00,525.95,14.05,29.14,0.0,68.56,True,1,True,False,2,True
2024-02-05 13:35:00+01:00,528.69,14.81,27.75,0.0,68.56,True,1,True,False,2,True
2024-02-05 13:36:00+01:00,531.51,15.5,26.56,0.0,68.56,True,1,True,False,2,True
2024-02-05 13:37:00+01:00,534.4,16.13,25.54,0.0,68.56,True,1,True,False,2,True
2024-02-05 13:38:00+01:00,537.37,16.72,24.62,0.0,68.56,True,1,True,False,2,True
2024-02-05 13:39:00+01:00,540.43,17.28,23.78,0.0,68.56,True,1,True,False,2,True
2024-02-05 13:40:00+01:00,543.56,17.8,23.04,0.0,68.56,True,1,True,False,2,True
2024-02-05 13:41:00+01:00,546.78,18.0,22.79,0.0,68.56,True,1,True,False,2,True
2024-02-05 13:42:00+01:00,550.04,18.0,22.83,0.0,68.56,True,1,True,False,2,True
2024-02-05 13:43:00+01:00,553.29,18.0,22.86,0.0,68.56,True,1,True,False,2,True
2024-02-05 13:44:00+01:00,556.53,18.0,22.9,0.0,68.56,True,1,True,False,2,True
2024-02-05 13:45:00+01:00,559.77,18.0,22.94,0.0,68.56,True,1,True,False,2,True
2024-02-05 13:46:00+01:00,563.0,18.0,22.97,0.0,68.56,True,1,True,False,1,True
2024-02-05 13:47:00+01:00,566.22,18.0,23.01,0.0,68.56,True,1,True,False,1,True
2024-02-05 13:48:00+01:00,569.45,18.0,23.05,0.0,68.56,True,1,True,False,1,True
2024-02-05 13:49:00+01:00,572.66,18.0,23.09,0.0,68.56,True,1,True,False,1,True
2024-02-05 13:50:00+01:00,575.88,18.0,23.12,0.0,68.56,True,1,True,False,1,True
2024-02-05 13:51:00+01:00,579.08,18.0,23.16,0.0,68.56,True,1,True,False,1,True
2024-02-05 13:52:00+01:00,582.29,18.0,23.2,0.0,68.56,True,1,True,False,1,True
2024-02-05 13:53:00+01:00,585.49,18.0,23.24,0.0,68.56,True,1,True,False,1,True
2024-02-05 13:54:00+01:00,588.68,18.0,23.27,0.0,68.56,True,1,True,False,1,True
2024-02-05 13:55:00+01:00,591.87,18.0,23.31,0.0,68.56,True,1,True,False,1,True
2024-02-05 13:56:00+01:00,595.05,18.0,23.35,0.0,68.56,True,1,True,False,1,True
2024-02-05 13:57:00+01:00,598.23,18.0,23.39,0.0,68.56,True,1,True,False,1,True
2024-02-05 13:58:00+01:00,601.41,18.0,23.42,0.0,68.56,True,1,True,False,1,True
2024-02-05 13:59:00+01:00,604.58,18.0,23.46,0.0,68.56,True,1,True,False,1,True
2024-02-05 14:00:00+01:00,607.74,18.0,23.5,0.0,68.56,True,1,True,False,1,True
2024-02-05 14:01:00+01:00,610.9,18.0,23.54,0.0,68.56,True,1,True,False,1,True
2024-02-05 14:02:00+01:00,614.06,18.0,23.57,0.0,68.56,True,1,True,False,1,True
2024-02-05 14:03:00+01:00,617.21,18.0,23.61,0.0,68.56,True,1,True,False,1,True
2024-02-05 14:04:00+01:00,618.53,18.0,23.63,0.0,68.56,False,0,True,True,1,True
2024-02-05 14:05:00+01:00,618.68,18.0,23.63,0.0,68.56,False,0,False,False,1,True
2024-02-05 14:06:00+01:00,618.42,18.0,23.63,0.0,68.56,False,0,False,False,1,True
2024-02-05 14:07:00+01:00,618.12,18.0,23.63,0.0,68.56,False,0,False,False,1,True
2024-02-05 14:08:00+01:00,617.86,18.0,23.64,0.0,68.56,False,0,False,False,1,True
2024-02-05 14:09:00+01:00,617.64,18.0,23.64,0.0,68.56,False,0,False,False,1,True
2024-02-05 14:10:00+01:00,617.44,18.0,23.64,0.0,68.56,False,0,False,False,1,True
2024-02-05 14:11:00+01:00,617.24,18.0,23.64,0.0,68.56,False,0,False,False,1,True
2024-02-05 14:12:00+01:00,617.03,18.0,23.64,0.0,68.56,False,0,False,False,1,True
2024-02-05 14:13:00+01:00,616.83,18.0,23.64,0.0,68.56,False,0,False,False,1,True
2024-02-05 14:14:00+01:00,616.63,18.0,23.64,0.0,68.56,False,0,False,False,1,True
2024-02-05 14:15:00+01:00,616.42,18.0,23.64,0.0,68.56,False,0,False,False,1,True
2024-02-05 14:16:00+01:00,616.22,18.0,23.64,0.0,68.56,False,0,False,False,1,True
2024-02-05 14:17:00+01:00,616.02,18.0,23.64,0.0,68.56,False,0,False,False,1,True
2024-02-05 14:18:00+01:00,615.82,18.0,23.64,0.0,68.56,False,0,False,False,1,True
2024-02-05 14:19:00+01:00,615.61,18.0,23.64,0.0,68.56,False,0,False,False,1,True
2024-02-05 14:20:00+01:00,615.41,18.0,23.65,0.0,68.56,False,0,False,False,1,True
2024-02-05 14:21:00+01:00,615.21,18.0,23.65,0.0,68.56,False,0,False,False,1,True
2024-02-05 14:22:00+01:00,615.01,18.0,23.65,0.0,68.56,False,0,False,False,1,True
2024-02-05 14:23:00+01:00,614.81,18.0,23.65,0.0,68.56,False,0,False,False,1,True
2024-02-05 14:24:00+01:00,614.61,18.0,23.65,0.0,68.56,False,0,False,False,1,True
2024-02-05 14:25:00+01:00,614.41,18.0,23.65,0.0,68.56,False,0,False,False,1,True
2024-02-05 14:26:00+01:00,616.04,18.01,23.65,0.0,68.56,True,1,False,False,1,True
2024-02-05 14:27:00+01:00,618.82,18.02,23.66,0.0,68.56,True,1,True,False,1,True
2024-02-05 14:28:00+01:00,622.02,18.04,23.68,0.0,68.56,True,1,True,False,1,True
2024-02-05 14:29:00+01:00,625.25,18.05,23.69,0.0,68.56,True,1,True,False,1,True
2024-02-05 14:30:00+01:00,628.44,18.07,23.71,0.0,68.56,True,1,True,False,1,True
2024-02-05 14:31:00+01:00,631.58,18.08,23.72,0.0,68.56,True,1,True,False,1,True
2024-02-05 14:32:00+01:00,634.71,18.1,23.74,0.0,68.56,True,1,True,False,1,True
2024-02-05 14:33:00+01:00,637.83,18.11,23.75,0.0,68.56,True,1,True,False,1,True
2024-02-05 14:34:00+01:00,640.94,18.12,23.77,0.0,68.56,True,1,True,False,1,True
2024-02-05 14:35:00+01:00,644.05,18.13,23.79,0.0,68.56,True,1,True,False,1,True
2024-02-05 14:36:00+01:00,647.15,18.14,23.81,0.0,68.56,True,1,True,False,1,True
2024-02-05 14:37:00+01:00,650.25,18.16,23.83,0.0,68.56,True,1,True,False,1,True
2024-02-05 14:38:00+01:00,653.35,18.17,23.84,0.0,68.56,True,1,True,False,1,True
2024-02-05 14:39:00+01:00,656.44,18.18,23.86,0.0,68.56,True,1,True,False,1,True
2024-02-05 14:40:00+01:00,659.52,18.19,23.88,0.0,68.56,True,1,True,False,1,True
2024-02-05 14:41:00+01:00,662.6,18.2,23.9,0.0,68.56,True,1,True,False,1,True
2024-02-05 14:42:00+01:00,665.68,18.21,23.92,0.0,68.56,True,1,True,False,1,True
2024-02-05 14:43:00+01:00,668.75,18.22,23.95,0.0,68.56,True,1,True,False,1,True
2024-02-05 14:44:00+01:00,671.81,18.23,23.97,0.0,68.56,True,1,True,False,1,True
2024-02-05 14:45:00+01:00,674.87,18.24,23.99,0.0,68.56,True,1,True,False,1,True
2024-02-05 14:46:00+01:00,677.93,18.24,24.01,0.0,68.56,True,1,True,False,1,True
2024-02-05 14:47:00+01:00,680.98,18.25,24.03,0.0,68.56,True,1,True,False,1,True
2024-02-05 14:48:00+01:00,684.03,18.26,24.05,0.0,68.56,True,1,True,False,1,True
2024-02-05 14:49:00+01:00,688.9,18.29,24.06,0.0,68.56,True,2,True,False,2,True
2024-02-05 14:50:00+01:00,694.92,18.34,24.06,0.0,68.56,True,2,True,False,2,True
2024-02-05 14:51:00+01:00,701.35,18.38,24.06,0.0,68.56,True,2,True,False,2,True
2024-02-05 14:52:00+01:00,707.81,18.42,24.07,0.0,68.56,True,2,True,False,2,True
2024-02-05 14:53:00+01:00,714.22,18.46,24.09,0.0,68.56,True,2,True,False,2,True
2024-02-05 14:54:00+01:00,720.58,18.5,24.11,0.0,68.56,True,2,True,False,2,True
2024-02-05 14:55:00+01:00,726.91,18.53,24.14,0.0,68.56,True,2,True,False,2,True
2024-02-05 14:56:00+01:00,733.23,18.55,24.17,0.0,68.56,True,2,True,False,2,True
2024-02-05 14:57:00+01:00,739.55,18.58,24.2,0.0,68.56,True,2,True,False,2,True
2024-02-05 14:58:00+01:00,745.85,18.6,24.24,0.0,68.56,True,2,True,False,2,True
2024-02-05 14:59:00+01:00,752.15,18.62,24.28,0.0,68.56,True,2,True,False,2,True
2024-02-05 15:00:00+01:00,758.43,18.64,24.32,0.0,68.56,True,2,True,False,2,True
2024-02-05 15:01:00+01:00,764.71,18.66,24.37,0.0,68.56,True,2,True,False,2,True
2024-02-05 15:02:00+01:00,770.97,18.68,24.42,0.0,68.56,True,2,True,False,2,True
2024-02-05 15:03:00+01:00,777.23,18.69,24.46,0.0,68.56,True,2,True,False,2,True
2024-02-05 15:04:00+01:00,783.47,18.71,24.51,0.0,68.56,True,2,True,False,2,True
2024-02-05 15:05:00+01:00,789.71,18.72,24.56,0.0,68.56,True,2,True,False,2,True
2024-02-05 15:06:00+01:00,795.93,18.74,24.62,0.0,68.56,True,2,True,False,2,True
2024-02-05 15:07:00+01:00,802.15,18.75,24.67,0.0,68.56,True,2,True,False,2,True
2024-02-05 15:08:00+01:00,808.36,18.76,24.72,0.0,68.56,True,2,True,False,2,True
2024-02-05 15:09:00+01:00,814.55,18.77,24.78,0.0,68.56,True,2,True,False,2,True
2024-02-05 15:10:00+01:00,820.74,18.79,24.83,0.0,68.56,True,2,True,False,2,True
2024-02-05 15:11:00+01:00,826.92,18.8,24.89,0.0,68.56,True,2,True,False,2,True
2024-02-05 15:12:00+01:00,833.08,18.81,24.94,0.0,68.56,True,2,True,False,2,True
2024-02-05 15:13:00+01:00,839.24,18.82,25.0,0.0,68.56,True,2,True,False,2,True
2024-02-05 15:14:00+01:00,845.39,18.83,25.06,0.0,68.56,True,2,True,False,2,True
2024-02-05 15:15:00+01:00,851.52,18.84,25.11,0.0,68.56,True,2,True,False,2,True
2024-02-05 15:16:00+01:00,855.82,18.82,25.19,0.0,68.56,True,1,True,False,1,True
2024-02-05 15:17:00+01:00,858.95,18.8,25.26,0.0,68.56,True,1,True,False,1,True
2024-02-05 15:18:00+01:00,861.67,18.77,25.34,0.0,68.56,True,1,True,False,1,True
2024-02-05 15:19:00+01:00,864.33,18.74,25.41,0.0,68.56,True,1,True,False,1,True
2024-02-05 15:20:00+01:00,867.04,18.72,25.47,0.0,68.56,True,1,True,False,1,True
2024-02-05 15:21:00+01:00,871.6,18.73,25.52,0.0,68.56,True,2,True,False,2,True
2024-02-05 15:22:00+01:00,877.34,18.75,25.55,0.0,68.56,True,2,True,False,2,True
2024-02-05 15:23:00+01:00,883.47,18.78,25.58,0.0,68.56,True,2,True,False,2,True
2024-02-05 15:24:00+01:00,889.65,18.8,25.61,0.0,68.56,True,2,True,False,2,True
2024-02-05 15:25:00+01:00,895.77,18.82,25.65,0.0,68.56,True,2,True,False,2,True
2024-02-05 15:26:00+01:00,901.84,18.84,25.7,0.0,68.56,True,2,True,False,2,True
2024-02-05 15:27:00+01:00,907.89,18.85,25.74,0.0,68.56,True,2,True,False,2,True
2024-02-05 15:28:00+01:00,913.93,18.87,25.79,0.0,68.56,True,2,True,False,2,True
2024-02-05 15:29:00+01:00,919.95,18.88,25.84,0.0,68.56,True,2,True,False,2,True
2024-02-05 15:30:00+01:00,925.97,18.89,25.89,0.0,68.56,True,2,True,False,2,True
2024-02-05 15:31:00+01:00,931.98,18.91,25.94,0.0,68.56,True,2,True,False,2,True
2024-02-05 15:32:00+01:00,937.98,18.92,25.99,0.0,68.56,True,2,True,False,2,True
2024-02-05 15:33:00+01:00,943.97,18.93,26.05,0.0,68.56,True,2,True,False,2,True
2024-02-05 15:34:00+01:00,948.13,18.91,26.12,0.0,68.56,True,1,True,False,1,True
2024-02-05 15:35:00+01:00,951.11,18.89,26.2,0.0,68.56,True,1,True,False,1,True
2024-02-05 15:36:00+01:00,953.68,18.86,26.27,0.0,68.56,True,1,True,False,1,True
2024-02-05 15:37:00+01:00,956.2,18.83,26.34,0.0,68.56,True,1,True,False,1,True
2024-02-05 15:38:00+01:00,958.75,18.81,26.41,0.0,68.56,True,1,True,False,1,True
2024-02-05 15:39:00+01:00,961.35,18.79,26.47,0.0,68.56,True,1,True,False,1,True
2024-02-05 15:40:00+01:00,963.95,18.78,26.53,0.0,68.56,True,1,True,False,1,True
2024-02-05 15:41:00+01:00,966.55,18.76,26.58,0.0,68.56,True,1,True,False,1,True
2024-02-05 15:42:00+01:00,969.14,18.75,26.63,0.0,68.56,True,1,True,False,1,True
2024-02-05 15:43:00+01:00,973.56,18.76,26.66,0.0,68.56,True,2,True,False,2,True
2024-02-05 15:44:00+01:00,979.14,18.79,26.68,0.0,68.56,True,2,True,False,2,True
2024-02-05 15:45:00+01:00,985.11,18.82,26.69,0.0,68.56,True,2,True,False,2,True
2024-02-05 15:46:00+01:00,991.12,18.85,26.72,0.0,68.56,True,2,True,False,2,True
2024-02-05 15:47:00+01:00,997.08,18.87,26.75,0.0,68.56,True,2,True,False,2,True
2024-02-05 15:48:00+01:00,1002.99,18.89,26.78,0.0,68.56,True,2,True,False,2,True
2024-02-05 15:49:00+01:00,1008.88,18.91,26.82,0.0,68.56,True,2,True,False,2,True
2024-02-05 15:50:00+01:00,1014.76,18.92,26.86,0.0,68.56,True,2,True,False,2,True
2024-02-05 15:51:00+01:00,1020.62,18.94,26.91,0.0,68.56,True,2,True,False,2,True
2024-02-05 15:52:00+01:00,1026.48,18.95,26.95,0.0,68.56,True,2,True,False,2,True
2024-02-05 15:53:00+01:00,1032.33,18.96,27.0,0.0,68.56,True,2,True,False,2,True
2024-02-05 15:54:00+01:00,1038.17,18.97,27.05,0.0,68.56,True,2,True,False,2,True
2024-02-05 15:55:00+01:00,1044.01,18.98,27.1,0.0,68.56,True,2,True,False,2,True
2024-02-05 15:56:00+01:00,1049.83,18.99,27.16,0.0,68.56,True,2,True,False,2,True
2024-02-05 15:57:00+01:00,1055.64,19.0,27.21,0.0,68.56,True,2,True,False,2,True
2024-02-05 15:58:00+01:00,1061.44,19.01,27.27,0.0,68.56,True,2,True,False,2,True
2024-02-05 15:59:00+01:00,1067.24,19.02,27.32,0.0,68.56,True,2,True,False,2,True
2024-02-05 16:00:00+01:00,1073.02,19.02,27.38,0.0,68.56,True,2,True,False,2,True
2024-02-05 16:01:00+01:00,1078.8,19.03,27.44,0.0,68.56,True,2,True,False,2,True
2024-02-05 16:02:00+01:00,1084.57,19.03,27.49,0.0,68.56,True,2,True,False,2,True
2024-02-05 16:03:00+01:00,1090.32,19.04,27.55,0.0,68.56,True,2,True,False,2,True
2024-02-05 16:04:00+01:00,1096.07,19.04,27.61,0.0,68.56,True,2,True,False,2,True
2024-02-05 16:05:00+01:00,1101.81,19.05,27.67,0.0,68.56,True,2,True,False,2,True
2024-02-05 16:06:00+01:00,1107.54,19.05,27.73,0.0,68.56,True,2,True,False,2,True
2024-02-05 16:07:00+01:00,1113.26,19.06,27.79,0.0,68.56,True,2,True,False,2,True
2024-02-05 16:08:00+01:00,1118.97,19.06,27.85,0.0,68.56,True,2,True,False,2,True
2024-02-05 16:09:00+01:00,1124.68,19.06,27.91,0.0,68.56,True,2,True,False,2,True
2024-02-05 16:10:00+01:00,1128.54,19.05,27.99,0.0,68.56,True,1,True,False,1,True
2024-02-05 16:11:00+01:00,1119.06,18.68,28.5,0.28,68.56,True,1,True,False,1,True
2024-02-05 16:12:00+01:00,1101.74,18.13,29.24,0.28,68.56,True,1,True,False,1,True
2024-02-05 16:13:00+01:00,1082.5,17.86,29.47,0.28,68.56,True,1,True,False,1,True
2024-02-05 16:14:00+01:00,1063.85,17.79,29.32,0.28,68.56,True,1,True,False,1,True
2024-02-05 16:15:00+01:00,1046.21,17.8,29.04,0.28,68.56,True,1,True,False,1,True
2024-02-05 16:16:00+01:00,1029.4,17.82,28.74,0.28,68.56,True,1,True,False,1,True
2024-02-05 16:17:00+01:00,1013.22,17.83,28.47,0.28,68.56,True,1,True,False,1,True
2024-02-05 16:18:00+01:00,997.57,17.83,28.23,0.28,68.56,True,1,True,False,1,True
2024-02-05 16:19:00+01:00,982.42,17.82,28.01,0.28,68.56,True,1,True,False,1,True
2024-02-05 16:20:00+01:00,967.78,17.81,27.8,0.28,68.56,True,1,True,False,1,True
2024-02-05 16:21:00+01:00,953.63,17.81,27.59,0.28,68.56,True,1,True,False,1,True
2024-02-05 16:22:00+01:00,939.96,17.8,27.39,0.28,68.56,True,1,True,False,1,True
2024-02-05 16:23:00+01:00,926.76,17.79,27.2,0.28,68.56,True,1,True,False,1,True
2024-02-05 16:24:00+01:00,914.01,17.77,27.02,0.28,68.56,True,1,True,False,1,True
2024-02-05 16:25:00+01:00,901.71,17.76,26.85,0.28,68.56,True,1,True,False,1,True
2024-02-05 16:26:00+01:00,889.83,17.75,26.68,0.28,68.56,True,1,True,False,1,True
2024-02-05 16:27:00+01:00,878.38,17.74,26.51,0.28,68.56,True,1,True,False,1,True
2024-02-05 16:28:00+01:00,867.32,17.73,26.35,0.28,68.56,True,1,True,False,1,True
2024-02-05 16:29:00+01:00,856.65,17.71,26.2,0.28,68.56,True,1,True,False,1,True
2024-02-05 16:30:00+01:00,853.42,18.0,25.67,0.0,68.56,True,1,True,False,1,True
2024-02-05 16:31:00+01:00,854.81,18.2,25.35,0.0,68.56,True,1,True,False,1,True
2024-02-05 16:32:00+01:00,857.79,18.3,25.23,0.0,68.56,True,1,True,False,1,True
2024-02-05 16:33:00+01:00,860.95,18.34,25.2,0.0,68.56,True,1,True,False,1,True
2024-02-05 16:34:00+01:00,863.92,18.36,25.19,0.0,68.56,True,1,True,False,1,True
2024-02-05 16:35:00+01:00,866.73,18.38,25.19,0.0,68.56,True,1,True,False,1,True
2024-02-05 16:36:00+01:00,869.49,18.4,25.19,0.0,68.56,True,1,True,False,1,True
2024-02-05 16:37:00+01:00,872.22,18.42,25.18,0.0,68.56,True,1,True,False,1,True
2024-02-05 16:38:00+01:00,874.96,18.44,25.18,0.0,68.56,True,1,True,False,1,True
2024-02-05 16:39:00+01:00,877.7,18.46,25.18,0.0,68.56,True,1,True,False,1,True
2024-02-05 16:40:00+01:00,880.43,18.47,25.19,0.0,68.56,True,1,True,False,1,True
2024-02-05 16:41:00+01:00,883.16,18.49,25.2,0.0,68.56,True,1,True,False,1,True
2024-02-05 16:42:00+01:00,885.89,18.5,25.21,0.0,68.56,True,1,True,False,1,True
2024-02-05 16:43:00+01:00,888.61,18.51,25.22,0.0,68.56,True,1,True,False,1,True
2024-02-05 16:44:00+01:00,891.33,18.52,25.23,0.0,68.56,True,1,True,False,1,True
2024-02-05 16:45:00+01:00,894.04,18.53,25.24,0.0,68.56,True,1,True,False,1,True
2024-02-05 16:46:00+01:00,896.75,18.54,25.26,0.0,68.56,True,1,True,False,1,True
2024-02-05 16:47:00+01:00,899.45,18.54,25.28,0.0,68.56,True,1,True,False,1,True
2024-02-05 16:48:00+01:00,902.15,18.55,25.3,0.0,68.56,True,1,True,False,1,True
2024-02-05 16:49:00+01:00,904.84,18.55,25.32,0.0,68.56,True,1,True,False,1,True
2024-02-05 16:50:00+01:00,907.54,18.56,25.34,0.0,68.56,True,1,True,False,1,True
2024-02-05 16:51:00+01:00,910.22,18.56,25.36,0.0,68.56,True,1,True,False,1,True
2024-02-05 16:52:00+01:00,912.91,18.57,25.38,0.0,68.56,True,1,True,False,1,True
2024-02-05 16:53:00+01:00,915.58,18.57,25.4,0.0,68.56,True,1,True,False,1,True
2024-02-05 16:54:00+01:00,918.26,18.57,25.43,0.0,68.56,True,1,True,False,1,True
2024-02-05 16:55:00+01:00,920.93,18.58,25.45,0.0,68.56,True,1,True,False,1,True
2024-02-05 16:56:00+01:00,923.59,18.58,25.47,0.0,68.56,True,1,True,False,1,True
2024-02-05 16:57:00+01:00,926.25,18.58,25.5,0.0,68.56,True,1,True,False,1,True
2024-02-05 16:58:00+01:00,928.91,18.58,25.52,0.0,68.56,True,1,True,False,1,True
2024-02-05 16:59:00+01:00,931.56,18.58,25.55,0.0,68.56,True,1,True,False,1,True
2024-02-05 17:00:00+01:00,934.21,18.59,25.57,0.0,68.56,True,1,True,False,1,True
2024-02-05 17:01:00+01:00,936.86,18.59,25.6,0.0,68.56,True,1,True,False,1,True
2024-02-05 17:02:00+01:00,939.5,18.59,25.62,0.0,68.56,True,1,True,False,1,True
2024-02-05 17:03:00+01:00,942.13,18.59,25.65,0.0,68.56,True,1,True,False,1,True
2024-02-05 17:04:00+01:00,944.76,18.59,25.68,0.0,68.56,True,1,True,False,1,True
2024-02-05 17:05:00+01:00,947.39,18.59,25.7,0.0,68.56,True,1,True,False,1,True
2024-02-05 17:06:00+01:00,950.01,18.59,25.73,0.0,68.56,True,1,True,False,1,True
2024-02-05 17:07:00+01:00,952.63,18.59,25.75,0.0,68.56,True,1,True,False,1,True
2024-02-05 17:08:00+01:00,955.25,18.59,25.78,0.0,68.56,True,1,True,False,1,True
2024-02-05 17:09:00+01:00,957.86,18.59,25.81,0.0,68.56,True,1,True,False,1,True
2024-02-05 17:10:00+01:00,960.46,18.59,25.83,0.0,68.56,True,1,True,False,1,True
2024-02-05 17:11:00+01:00,963.07,18.59,25.86,0.0,68.56,True,1,True,False,1,True
2024-02-05 17:12:00+01:00,965.66,18.59,25.89,0.0,68.56,True,1,True,False,1,True
2024-02-05 17:13:00+01:00,968.26,18.59,25.91,0.0,68.56,True,1,True,False,1,True
2024-02-05 17:14:00+01:00,970.85,18.59,25.94,0.0,68.56,True,1,True,False,1,True
2024-02-05 17:15:00+01:00,975.26,18.62,25.95,0.0,68.56,True,2,True,False,2,True
2024-02-05 17:16:00+01:00,980.83,18.65,25.95,0.0,68.56,True,2,True,False,2,True
2024-02-05 17:17:00+01:00,986.8,18.69,25.96,0.0,68.56,True,2,True,False,2,True
2024-02-05 17:18:00+01:00,992.81,18.72,25.97,0.0,68.56,True,2,True,False,2,True
2024-02-05 17:19:00+01:00,998.76,18.75,25.99,0.0,68.56,True,2,True,False,2,True
2024-02-05 17:20:00+01:00,1004.67,18.78,26.01,0.0,68.56,True,2,True,False,2,True
2024-02-05 17:21:00+01:00,1010.55,18.8,26.04,0.0,68.56,True,2,True,False,2,True
2024-02-05 17:22:00+01:00,1016.42,18.82,26.07,0.0,68.56,True,2,True,False,2,True
2024-02-05 17:23:00+01:00,1022.29,18.84,26.11,0.0,68.56,True,2,True,False,2,True
2024-02-05 17:24:00+01:00,1028.14,18.86,26.15,0.0,68.56,True,2,True,False,2,True
2024-02-05 17:25:00+01:00,1033.98,18.87,26.19,0.0,68.56,True,2,True,False,2,True
2024-02-05 17:26:00+01:00,1039.82,18.89,26.24,0.0,68.56,True,2,True,False,2,True
2024-02-05 17:27:00+01:00,1045.65,18.9,26.28,0.0,68.56,True,2,True,False,2,True
2024-02-05 17:28:00+01:00,1051.46,18.91,26.33,0.0,68.56,True,2,True,False,2,True
2024-02-05 17:29:00+01:00,1057.27,18.92,26.38,0.0,68.56,True,2,True,False,2,True
2024-02-05 17:30:00+01:00,1063.07,18.93,26.43,0.0,68.56,True,2,True,False,2,True
2024-02-05 17:31:00+01:00,1068.86,18.93,26.48,0.0,68.56,True,2,True,False,2,True
2024-02-05 17:32:00+01:00,1074.64,18.94,26.54,0.0,68.56,True,2,True,False,2,True
2024-02-05 17:33:00+01:00,1080.41,18.95,26.59,0.0,68.56,True,2,True,False,2,True
2024-02-05 17:34:00+01:00,1086.17,18.95,26.65,0.0,68.56,True,2,True,False,2,True
2024-02-05 17:35:00+01:00,1091.92,18.96,26.7,0.0,68.56,True,2,True,False,2,True
2024-02-05 17:36:00+01:00,1097.66,18.97,26.76,0.0,68.56,True,2,True,False,2,True
2024-02-05 17:37:00+01:00,1103.4,18.97,26.82,0.0,68.56,True,2,True,False,2,True
2024-02-05 17:38:00+01:00,1109.12,18.98,26.88,0.0,68.56,True,2,True,False,2,True
2024-02-05 17:39:00+01:00,1114.84,18.98,26.93,0.0,68.56,True,2,True,False,2,True
2024-02-05 17:40:00+01:00,1120.54,18.98,26.99,0.0,68.56,True,2,True,False,2,True
2024-02-05 17:41:00+01:00,1126.24,18.99,27.05,0.0,68.56,True,2,True,False,2,True
2024-02-05 17:42:00+01:00,1131.93,18.99,27.11,0.0,68.56,True,2,True,False,2,True
2024-02-05 17:43:00+01:00,1137.61,19.0,27.17,0.0,68.56,True,2,True,False,2,True
2024-02-05 17:44:00+01:00,1143.27,19.0,27.23,0.0,68.56,True,2,True,False,2,True
2024-02-05 17:45:00+01:00,1148.94,19.0,27.29,0.0,68.56,True,2,True,False,2,True
2024-02-05 17:46:00+01:00,1154.59,19.01,27.35,0.0,68.56,True,2,True,False,2,True
2024-02-05 17:47:00+01:00,1160.23,19.01,27.41,0.0,68.56,True,2,True,False,2,True
2024-02-05 17:48:00+01:00,1165.86,19.01,27.46,0.0,68.56,True,2,True,False,2,True
2024-02-05 17:49:00+01:00,1171.49,19.02,27.52,0.0,68.56,True,2,True,False,2,True
2024-02-05 17:50:00+01:00,1177.1,19.02,27.58,0.0,68.56,True,2,True,False,2,True
2024-02-05 17:51:00+01:00,1182.71,19.02,27.64,0.0,68.56,True,2,True,False,2,True
2024-02-05 17:52:00+01:00,1188.3,19.02,27.7,0.0,68.56,True,2,True,False,2,True
2024-02-05 17:53:00+01:00,1193.89,19.03,27.76,0.0,68.56,True,2,True,False,2,True
2024-02-05 17:54:00+01:00,1199.47,19.03,27.82,0.0,68.56,True,2,True,False,2,True
2024-02-05 17:55:00+01:00,1205.04,19.03,27.88,0.0,68.56,True,2,True,False,2,True
2024-02-05 17:56:00+01:00,1210.6,19.04,27.94,0.0,68.56,True,2,True,False,2,True
2024-02-05 17:57:00+01:00,1216.16,19.04,28.0,0.0,68.56,True,2,True,False,2,True
2024-02-05 17:58:00+01:00,1221.7,19.04,28.06,0.0,68.56,True,2,True,False,2,True
2024-02-05 17:59:00+01:00,1227.23,19.04,28.12,0.0,68.56,True,2,True,False,2,True
2024-02-05 18:00:00+01:00,1232.76,19.05,28.18,0.0,68.56,True,2,True,False,2,True
2024-02-05 18:01:00+01:00,1238.28,19.05,28.24,0.0,68.56,True,2,True,False,2,True
2024-02-05 18:02:00+01:00,1243.78,19.05,28.3,0.0,68.56,True,2,True,False,2,True
2024-02-05 18:03:00+01:00,1249.28,19.05,28.36,0.0,68.56,True,2,True,False,2,True
2024-02-05 18:04:00+01:00,1254.77,19.06,28.42,0.0,68.56,True,2,True,False,2,True
2024-02-05 18:05:00+01:00,1260.25,19.06,28.47,0.0,68.56,True,2,True,False,2,True
2024-02-05 18:06:00+01:00,1265.73,19.06,28.53,0.0,68.56,True,2,True,False,2,True
2024-02-05 18:07:00+01:00,1271.19,19.06,28.59,0.0,68.56,True,2,True,False,2,True
2024-02-05 18:08:00+01:00,1276.64,19.06,28.65,0.0,68.56,True,2,True,False,2,True
2024-02-05 18:09:00+01:00,1282.09,19.07,28.71,0.0,68.56,True,2,True,False,2,True
2024-02-05 18:10:00+01:00,1287.53,19.07,28.77,0.0,68.56,True,2,True,False,2,True
2024-02-05 18:11:00+01:00,1292.96,19.07,28.83,0.0,68.56,True,2,True,False,2,True
2024-02-05 18:12:00+01:00,1298.38,19.07,28.89,0.0,68.56,True,2,True,False,2,True
2024-02-05 18:13:00+01:00,1303.79,19.08,28.94,0.0,68.56,True,2,True,False,2,True
2024-02-05 18:14:00+01:00,1309.19,19.08,29.0,0.0,68.56,True,2,True,False,2,True
2024-02-05 18:15:00+01:00,1314.58,19.08,29.06,0.0,68.56,True,2,True,False,2,True
2024-02-05 18:16:00+01:00,1319.97,19.08,29.12,0.0,68.56,True,2,True,False,2,True
2024-02-05 18:17:00+01:00,1325.34,19.08,29.18,0.0,68.56,True,2,True,False,2,True
2024-02-05 18:18:00+01:00,1330.71,19.09,29.24,0.0,68.56,True,2,True,False,2,True
2024-02-05 18:19:00+01:00,1336.07,19.09,29.29,0.0,68.56,True,2,True,False,2,True
2024-02-05 18:20:00+01:00,1341.42,19.09,29.35,0.0,68.56,True,2,True,False,2,True
2024-02-05 18:21:00+01:00,1346.76,19.09,29.41,0.0,68.56,True,2,True,False,2,True
2024-02-05 18:22:00+01:00,1352.09,19.09,29.47,0.0,68.56,True,2,True,False,2,True
2024-02-05 18:23:00+01:00,1357.42,19.1,29.53,0.0,68.56,True,2,True,False,2,True
2024-02-05 18:24:00+01:00,1362.73,19.1,29.58,0.0,68.56,True,2,True,False,2,True
2024-02-05 18:25:00+01:00,1368.04,19.1,29.64,0.0,68.56,True,2,True,False,2,True
2024-02-05 18:26:00+01:00,1373.34,19.1,29.7,0.0,68.56,True,2,True,False,2,True
2024-02-05 18:27:00+01:00,1378.63,19.1,29.76,0.0,68.56,True,2,True,False,2,True
2024-02-05 18:28:00+01:00,1383.91,19.11,29.81,0.0,68.56,True,2,True,False,2,True
2024-02-05 18:29:00+01:00,1389.18,19.11,29.87,0.0,68.56,True,2,True,False,2,True
2024-02-05 18:30:00+01:00,1394.45,19.11,29.93,0.0,68.56,True,2,True,False,2,True
2024-02-05 18:31:00+01:00,1399.7,19.11,29.98,0.0,68.56,True,2,True,False,2,True
2024-02-05 18:32:00+01:00,1404.95,19.11,30.04,0.0,68.56,True,2,True,False,2,True
2024-02-05 18:33:00+01:00,1410.19,19.11,30.1,0.0,68.56,True,2,True,False,2,True
2024-02-05 18:34:00+01:00,1415.42,19.12,30.16,0.0,68.56,True,2,True,False,2,True
2024-02-05 18:35:00+01:00,1420.64,19.12,30.21,0.0,68.56,True,2,True,False,2,True
2024-02-05 18:36:00+01:00,1425.85,19.12,30.27,0.0,68.56,True,2,True,False,2,True
2024-02-05 18:37:00+01:00,1431.06,19.12,30.33,0.0,68.56,True,2,True,False,2,True
2024-02-05 18:38:00+01:00,1436.26,19.12,30.38,0.0,68.56,True,2,True,False,2,True
2024-02-05 18:39:00+01:00,1439.62,19.1,30.46,0.0,68.56,True,1,True,False,1,True
2024-02-05 18:40:00+01:00,1441.81,19.07,30.55,0.0,68.56,True,1,True,False,1,True
2024-02-05 18:41:00+01:00,1443.59,19.04,30.63,0.0,68.56,True,1,True,False,1,True
2024-02-05 18:42:00+01:00,1445.32,19.0,30.71,0.0,68.56,True,1,True,False,1,True
2024-02-05 18:43:00+01:00,1447.09,18.98,30.78,0.0,68.56,True,1,True,False,1,True
2024-02-05 18:44:00+01:00,1448.89,18.95,30.84,0.0,68.56,True,1,True,False,1,True
2024-02-05 18:45:00+01:00,1450.71,18.93,30.9,0.0,68.56,True,1,True,False,1,True
2024-02-05 18:46:00+01:00,1452.52,18.92,30.95,0.0,68.56,True,1,True,False,1,True
2024-02-05 18:47:00+01:00,1454.34,18.9,31.0,0.0,68.56,True,1,True,False,1,True
2024-02-05 18:48:00+01:00,1456.14,18.89,31.04,0.0,68.56,True,1,True,False,1,True
2024-02-05 18:49:00+01:00,1457.95,18.87,31.09,0.0,68.56,True,1,True,False,1,True
2024-02-05 18:50:00+01:00,1459.75,18.86,31.13,0.0,68.56,True,1,True,False,1,True
2024-02-05 18:51:00+01:00,1461.55,18.85,31.16,0.0,68.56,True,1,True,False,1,True
2024-02-05 18:52:00+01:00,1463.35,18.84,31.2,0.0,68.56,True,1,True,False,1,True
2024-02-05 18:53:00+01:00,1466.97,18.86,31.21,0.0,68.56,True,2,True,False,2,True
2024-02-05 18:54:00+01:00,1471.75,18.88,31.21,0.0,68.56,True,2,True,False,2,True
2024-02-05 18:55:00+01:00,1476.93,18.91,31.21,0.0,68.56,True,2,True,False,2,True
2024-02-05 18:56:00+01:00,1482.14,18.94,31.21,0.0,68.56,True,2,True,False,2,True
2024-02-05 18:57:00+01:00,1487.31,18.96,31.22,0.0,68.56,True,2,True,False,2,True
2024-02-05 18:58:00+01:00,1492.43,18.98,31.24,0.0,68.56,True,2,True,False,2,True
2024-02-05 18:59:00+01:00,1497.53,19.0,31.26,0.0,68.56,True,2,True,False,2,True
2024-02-05 19:00:00+01:00,1502.62,19.02,31.29,0.0,68.56,True,2,True,False,2,True
2024-02-05 19:01:00+01:00,1507.69,19.03,31.32,0.0,68.56,True,2,True,False,2,True
2024-02-05 19:02:00+01:00,1512.77,19.05,31.35,0.0,68.56,True,2,True,False,2,True
2024-02-05 19:03:00+01:00,1517.83,19.06,31.39,0.0,68.56,True,2,True,False,2,True
2024-02-05 19:04:00+01:00,1522.88,19.07,31.42,0.0,68.56,True,2,True,False,2,True
2024-02-05 19:05:00+01:00,1527.93,19.08,31.46,0.0,68.56,True,2,True,False,2,True
2024-02-05 19:06:00+01:00,1532.97,19.08,31.51,0.0,68.56,True,2,True,False,2,True
2024-02-05 19:07:00+01:00,1538.0,19.09,31.55,0.0,68.56,True,2,True,False,2,True
2024-02-05 19:08:00+01:00,1543.02,19.1,31.59,0.0,68.56,True,2,True,False,2,True
2024-02-05 19:09:00+01:00,1548.04,19.1,31.64,0.0,68.56,True,2,True,False,2,True
2024-02-05 19:10:00+01:00,1553.04,19.11,31.68,0.0,68.56,True,2,True,False,2,True
2024-02-05 19:11:00+01:00,1558.04,19.11,31.73,0.0,68.56,True,2,True,False,2,True
2024-02-05 19:12:00+01:00,1561.2,19.1,31.8,0.0,68.56,True,1,True,False,1,True
2024-02-05 19:13:00+01:00,1563.2,19.06,31.88,0.0,68.56,True,1,True,False,1,True
2024-02-05 19:14:00+01:00,1564.78,19.03,31.96,0.0,68.56,True,1,True,False,1,True
2024-02-05 19:15:00+01:00,1566.31,19.0,32.04,0.0,68.56,True,1,True,False,1,True
2024-02-05 19:16:00+01:00,1567.88,18.98,32.1,0.0,68.56,True,1,True,False,1,True
2024-02-05 19:17:00+01:00,1569.49,18.96,32.16,0.0,68.56,True,1,True,False,1,True
2024-02-05 19:18:00+01:00,1571.11,18.94,32.22,0.0,68.56,True,1,True,False,1,True
2024-02-05 19:19:00+01:00,1572.73,18.92,32.27,0.0,68.56,True,1,True,False,1,True
2024-02-05 19:20:00+01:00,1574.35,18.9,32.31,0.0,68.56,True,1,True,False,1,True
2024-02-05 19:21:00+01:00,1575.96,18.89,32.36,0.0,68.56,True,1,True,False,1,True
2024-02-05 19:22:00+01:00,1577.57,18.88,32.4,0.0,68.56,True,1,True,False,1,True
2024-02-05 19:23:00+01:00,1579.18,18.87,32.43,0.0,68.56,True,1,True,False,1,True
2024-02-05 19:24:00+01:00,1580.78,18.86,32.47,0.0,68.56,True,1,True,False,1,True
2024-02-05 19:25:00+01:00,1582.38,18.85,32.5,0.0,68.56,True,1,True,False,1,True
2024-02-05 19:26:00+01:00,1583.98,18.84,32.53,0.0,68.56,True,1,True,False,1,True
2024-02-05 19:27:00+01:00,1585.58,18.83,32.56,0.0,68.56,True,1,True,False,1,True
2024-02-05 19:28:00+01:00,1587.18,18.83,32.59,0.0,68.56,True,1,True,False,1,True
2024-02-05 19:29:00+01:00,1588.77,18.82,32.62,0.0,68.56,True,1,True,False,1,True
2024-02-05 19:30:00+01:00,1590.36,18.81,32.65,0.0,68.56,True,1,True,False,1,True
2024-02-05 19:31:00+01:00,1591.94,18.81,32.67,0.0,68.56,True,1,True,False,1,True
2024-02-05 19:32:00+01:00,1593.53,18.8,32.69,0.0,68.56,True,1,True,False,1,True
2024-02-05 19:33:00+01:00,1595.11,18.8,32.72,0.0,68.56,True,1,True,False,1,True
2024-02-05 19:34:00+01:00,1596.69,18.79,32.74,0.0,68.56,True,1,True,False,1,True
2024-02-05 19:35:00+01:00,1598.26,18.79,32.76,0.0,68.56,True,1,True,False,1,True
2024-02-05 19:36:00+01:00,1599.84,18.79,32.78,0.0,68.56,True,1,True,False,1,True
2024-02-05 19:37:00+01:00,1601.41,18.78,32.81,0.0,68.56,True,1,True,False,1,True
2024-02-05 19:38:00+01:00,1602.97,18.78,32.83,0.0,68.56,True,1,True,False,1,True
2024-02-05 19:39:00+01:00,1604.54,18.78,32.85,0.0,68.56,True,1,True,False,1,True
2024-02-05 19:40:00+01:00,1606.1,18.77,32.87,0.0,68.56,True,1,True,False,1,True
2024-02-05 19:41:00+01:00,1607.66,18.77,32.88,0.0,68.56,True,1,True,False,1,True
2024-02-05 19:42:00+01:00,1609.22,18.77,32.9,0.0,68.56,True,1,True,False,1,True
2024-02-05 19:43:00+01:00,1610.78,18.77,32.92,0.0,68.56,True,1,True,False,1,True
2024-02-05 19:44:00+01:00,1612.33,18.76,32.94,0.0,68.56,True,1,True,False,1,True
2024-02-05 19:45:00+01:00,1613.88,18.76,32.96,0.0,68.56,True,1,True,False,1,True
2024-02-05 19:46:00+01:00,1615.43,18.76,32.98,0.0,68.56,True,1,True,False,1,True
2024-02-05 19:47:00+01:00,1616.97,18.76,33.0,0.0,68.56,True,1,True,False,1,True
2024-02-05 19:48:00+01:00,1618.51,18.76,33.01,0.0,68.56,True,1,True,False,1,True
2024-02-05 19:49:00+01:00,1620.05,18.75,33.03,0.0,68.56,True,1,True,False,1,True
2024-02-05 19:50:00+01:00,1621.59,18.75,33.05,0.0,68.56,True,1,True,False,1,True
2024-02-05 19:51:00+01:00,1623.13,18.75,33.06,0.0,68.56,True,1,True,False,1,True
2024-02-05 19:52:00+01:00,1624.66,18.75,33.08,0.0,68.56,True,1,True,False,1,True
2024-02-05 19:53:00+01:00,1626.19,18.75,33.1,0.0,68.56,True,1,True,False,1,True
2024-02-05 19:54:00+01:00,1625.89,18.72,33.14,0.0,68.56,False,0,True,True,1,True
2024-02-05 19:55:00+01:00,1624.42,18.69,33.2,0.0,68.56,False,0,False,False,1,True
2024-02-05 19:56:00+01:00,1622.55,18.65,33.25,0.0,68.56,False,0,False,False,1,True
2024-02-05 19:57:00+01:00,1620.64,18.61,33.3,0.0,68.56,False,0,False,False,1,True
2024-02-05 19:58:00+01:00,1618.77,18.58,33.34,0.0,68.56,False,0,False,False,1,True
2024-02-05 19:59:00+01:00,1616.94,18.55,33.38,0.0,68.56,False,0,False,False,1,True
2024-02-05 20:00:00+01:00,1615.13,18.52,33.41,0.0,68.56,False,0,False,False,1,True
2024-02-05 20:01:00+01:00,1613.33,18.5,33.44,0.0,68.56,False,0,False,False,1,True
2024-02-05 20:02:00+01:00,1611.53,18.47,33.46,0.0,68.56,False,0,False,False,1,True
2024-02-05 20:03:00+01:00,1609.73,18.45,33.48,0.0,68.56,False,0,False,False,1,True
2024-02-05 20:04:00+01:00,1607.93,18.43,33.49,0.0,68.56,False,0,False,False,1,True
2024-02-05 20:05:00+01:00,1606.14,18.41,33.51,0.0,68.56,False,0,False,False,1,True
2024-02-05 20:06:00+01:00,1604.35,18.39,33.52,0.0,68.56,False,0,False,False,1,True
2024-02-05 20:07:00+01:00,1602.56,18.38,33.53,0.0,68.56,False,0,False,False,1,True
2024-02-05 20:08:00+01:00,1600.77,18.36,33.54,0.0,68.56,False,0,False,False,1,True
2024-02-05 20:09:00+01:00,1598.99,18.35,33.54,0.0,68.56,False,0,False,False,1,True
2024-02-05 20:10:00+01:00,1597.21,18.33,33.54,0.0,68.56,False,0,False,False,1,True
2024-02-05 20:11:00+01:00,1595.43,18.32,33.55,0.0,68.56,False,0,False,False,1,True
2024-02-05 20:12:00+01:00,1593.66,18.31,33.55,0.0,68.56,False,0,False,False,1,True
2024-02-05 20:13:00+01:00,1591.88,18.29,33.55,0.0,68.56,False,0,False,False,1,True
2024-02-05 20:14:00+01:00,1590.12,18.28,33.55,0.0,68.56,False,0,False,False,1,True
2024-02-05 20:15:00+01:00,1588.35,18.27,33.54,0.0,68.56,False,0,False,False,1,True
2024-02-05 20:16:00+01:00,1586.59,18.26,33.54,0.0,68.56,False,0,False,False,1,True
2024-02-05 20:17:00+01:00,1584.83,18.25,33.54,0.0,68.56,False,0,False,False,1,True
2024-02-05 20:18:00+01:00,1583.07,18.24,33.53,0.0,68.56,False,0,False,False,1,True
2024-02-05 20:19:00+01:00,1581.31,18.23,33.53,0.0,68.56,False,0,False,False,1,True
2024-02-05 20:20:00+01:00,1579.56,18.22,33.52,0.0,68.56,False,0,False,False,1,True
2024-02-05 20:21:00+01:00,1577.81,18.21,33.52,0.0,68.56,False,0,False,False,1,True
2024-02-05 20:22:00+01:00,1576.06,18.2,33.51,0.0,68.56,False,0,False,False,1,True
2024-02-05 20:23:00+01:00,1574.32,18.19,33.5,0.0,68.56,False,0,False,False,1,True
2024-02-05 20:24:00+01:00,1572.58,18.18,33.5,0.0,68.56,False,0,False,False,1,True
2024-02-05 20:25:00+01:00,1570.84,18.17,33.49,0.0,68.56,False,0,False,False,1,True
2024-02-05 20:26:00+01:00,1569.1,18.17,33.48,0.0,68.56,False,0,False,False,1,True
2024-02-05 20:27:00+01:00,1567.37,18.16,33.47,0.0,68.56,False,0,False,False,1,True
2024-02-05 20:28:00+01:00,1565.64,18.15,33.46,0.0,68.56,False,0,False,False,1,True
2024-02-05 20:29:00+01:00,1563.91,18.14,33.45,0.0,68.56,False,0,False,False,1,True
2024-02-05 20:30:00+01:00,1562.18,18.13,33.44,0.0,68.56,False,0,False,False,1,True
2024-02-05 20:31:00+01:00,1560.46,18.13,33.43,0.0,68.56,False,0,False,False,1,True
2024-02-05 20:32:00+01:00,1558.74,18.12,33.42,0.0,68.56,False,0,False,False,1,True
2024-02-05 20:33:00+01:00,1557.02,18.11,33.41,0.0,68.56,False,0,False,False,1,True
2024-02-05 20:34:00+01:00,1555.31,18.11,33.39,0.0,68.56,False,0,False,False,0,False
2024-02-05 20:35:00+01:00,1553.6,18.1,33.38,0.0,68.56,False,0,False,False,0,False
2024-02-05 20:36:00+01:00,1551.89,18.09,33.37,0.0,68.56,False,0,False,False,0,False
2024-02-05 20:37:00+01:00,1550.18,18.09,33.36,0.0,68.56,False,0,False,False,0,False
2024-02-05 20:38:00+01:00,1548.48,18.08,33.34,0.0,68.56,False,0,False,False,0,False
2024-02-05 20:39:00+01:00,1546.78,18.08,33.33,0.0,68.56,False,0,False,False,0,False
2024-02-05 20:40:00+01:00,1545.08,18.07,33.31,0.0,68.56,False,0,False,False,0,False
2024-02-05 20:41:00+01:00,1543.38,18.06,33.3,0.0,68.56,False,0,False,False,0,False
2024-02-05 20:42:00+01:00,1541.69,18.06,33.29,0.0,68.56,False,0,False,False,0,False
2024-02-05 20:43:00+01:00,1540.0,18.05,33.27,0.0,68.56,False,0,False,False,0,False
2024-02-05 20:44:00+01:00,1538.31,18.05,33.26,0.0,68.56,False,0,False,False,0,False
2024-02-05 20:45:00+01:00,1536.62,18.04,33.24,0.0,68.56,False,0,False,False,0,False
2024-02-05 20:46:00+01:00,1534.94,18.04,33.22,0.0,68.56,False,0,False,False,0,False
2024-02-05 20:47:00+01:00,1533.26,18.03,33.21,0.0,68.56,False,0,False,False,0,False
2024-02-05 20:48:00+01:00,1531.58,18.03,33.19,0.0,68.56,False,0,False,False,0,False
2024-02-05 20:49:00+01:00,1529.91,18.02,33.18,0.0,68.56,False,0,False,False,0,False
2024-02-05 20:50:00+01:00,1528.23,18.02,33.16,0.0,68.56,False,0,False,False,0,False
2024-02-05 20:51:00+01:00,1526.56,18.01,33.14,0.0,68.56,False,0,False,False,0,False
2024-02-05 20:52:00+01:00,1524.9,18.01,33.13,0.0,68.56,False,0,False,False,0,False
2024-02-05 20:53:00+01:00,1523.23,18.01,33.11,0.0,68.56,False,0,False,False,0,False
2024-02-05 20:54:00+01:00,1521.57,18.0,33.09,0.0,68.56,False,0,False,False,0,False
2024-02-05 20:55:00+01:00,1519.91,18.0,33.07,0.0,68.56,False,0,False,False,0,False
2024-02-05 20:56:00+01:00,1518.25,18.0,33.05,0.0,68.56,False,0,False,False,0,False
2024-02-05 20:57:00+01:00,1516.6,18.0,33.02,0.0,68.56,False,0,False,False,0,False
2024-02-05 20:58:00+01:00,1514.95,18.0,32.99,0.0,68.56,False,0,False,False,0,False
2024-02-05 20:59:00+01:00,1513.3,18.0,32.97,0.0,68.56,False,0,False,False,0,False
2024-02-05 21:00:00+01:00,1511.65,18.0,32.94,0.0,68.56,False,0,False,False,0,False
2024-02-05 21:01:00+01:00,1510.01,18.0,32.92,0.0,68.56,False,0,False,False,0,False
2024-02-05 21:02:00+01:00,1508.36,18.0,32.89,0.0,68.56,False,0,False,False,0,False
2024-02-05 21:03:00+01:00,1506.72,18.0,32.86,0.0,68.56,False,0,False,False,0,False
2024-02-05 21:04:00+01:00,1505.09,18.0,32.84,0.0,68.56,False,0,False,False,0,False
2024-02-05 21:05:00+01:00,1503.45,18.0,32.81,0.0,68.56,False,0,False,False,0,False
2024-02-05 21:06:00+01:00,1501.82,18.0,32.79,0.0,68.56,False,0,False,False,0,False
2024-02-05 21:07:00+01:00,1500.19,18.0,32.76,0.0,68.56,False,0,False,False,0,False
2024-02-05 21:08:00+01:00,1498.57,18.0,32.73,0.0,68.56,False,0,False,False,0,False
2024-02-05 21:09:00+01:00,1496.94,18.0,32.71,0.0,68.56,False,0,False,False,0,False
2024-02-05 21:10:00+01:00,1495.32,18.0,32.68,0.0,68.56,False,0,False,False,0,False
2024-02-05 21:11:00+01:00,1493.7,18.0,32.66,0.0,68.56,False,0,False,False,0,False
2024-02-05 21:12:00+01:00,1492.08,18.0,32.63,0.0,68.56,False,0,False,False,0,False
2024-02-05 21:13:00+01:00,1490.47,18.0,32.61,0.0,68.56,False,0,False,False,0,False
2024-02-05 21:14:00+01:00,1488.86,18.0,32.58,0.0,68.56,False,0,False,False,0,False
2024-02-05 21:15:00+01:00,1487.25,18.0,32.55,0.0,68.56,False,0,False,False,0,False
2024-02-05 21:16:00+01:00,1485.64,18.0,32.53,0.0,68.56,False,0,False,False,0,False
2024-02-05 21:17:00+01:00,1484.04,18.0,32.5,0.0,68.56,False,0,False,False,0,False
2024-02-05 21:18:00+01:00,1482.44,18.0,32.48,0.0,68.56,False,0,False,False,0,False
2024-02-05 21:19:00+01:00,1480.84,18.0,32.45,0.0,68.56,False,0,False,False,0,False
2024-02-05 21:20:00+01:00,1479.24,18.0,32.43,0.0,68.56,False,0,False,False,0,False
2024-02-05 21:21:00+01:00,1477.65,18.0,32.4,0.0,68.56,False,0,False,False,0,False
2024-02-05 21:22:00+01:00,1476.05,18.0,32.37,0.0,68.56,False,0,False,False,0,False
2024-02-05 21:23:00+01:00,1474.46,18.0,32.35,0.0,68.56,False,0,False,False,0,False
2024-02-05 21:24:00+01:00,1472.88,18.0,32.32,0.0,68.56,False,0,False,False,0,False
2024-02-05 21:25:00+01:00,1471.29,18.0,32.3,0.0,68.56,False,0,False,False,0,False
2024-02-05 21:26:00+01:00,1469.71,18.0,32.27,0.0,68.56,False,0,False,False,0,False
2024-02-05 21:27:00+01:00,1468.13,18.0,32.25,0.0,68.56,False,0,False,False,0,False
2024-02-05 21:28:00+01:00,1466.55,18.0,32.22,0.0,68.56,False,0,False,False,0,False
2024-02-05 21:29:00+01:00,1464.98,18.0,32.2,0.0,68.56,False,0,False,False,0,False
2024-02-05 21:30:00+01:00,1463.41,18.0,32.17,0.0,68.56,False,0,False,False,0,False
2024-02-05 21:31:00+01:00,1461.84,18.0,32.14,0.0,68.56,False,0,False,False,0,False
2024-02-05 21:32:00+01:00,1460.27,18.0,32.12,0.0,68.56,False,0,False,False,0,False
2024-02-05 21:33:00+01:00,1458.7,18.0,32.09,0.0,68.56,False,0,False,False,0,False
2024-02-05 21:34:00+01:00,1457.14,18.0,32.07,0.0,68.56,False,0,False,False,0,False
2024-02-05 21:35:00+01:00,1455.58,18.0,32.04,0.0,68.56,False,0,False,False,0,False
2024-02-05 21:36:00+01:00,1454.02,18.0,32.02,0.0,68.56,False,0,False,False,0,False
2024-02-05 21:37:00+01:00,1452.47,18.0,31.99,0.0,68.56,False,0,False,False,0,False
2024-02-05 21:38:00+01:00,1450.91,18.0,31.97,0.0,68.56,False,0,False,False,0,False
2024-02-05 21:39:00+01:00,1449.36,18.0,31.94,0.0,68.56,False,0,False,False,0,False
2024-02-05 21:40:00+01:00,1447.82,18.0,31.92,0.0,68.56,False,0,False,False,0,False
2024-02-05 21:41:00+01:00,1446.27,18.0,31.89,0.0,68.56,False,0,False,False,0,False
2024-02-05 21:42:00+01:00,1444.73,18.0,31.87,0.0,68.56,False,0,False,False,0,False
2024-02-05 21:43:00+01:00,1443.18,18.0,31.84,0.0,68.56,False,0,False,False,0,False
2024-02-05 21:44:00+01:00,1441.65,18.0,31.82,0.0,68.56,False,0,False,False,0,False
2024-02-05 21:45:00+01:00,1440.11,18.0,31.79,0.0,68.56,False,0,False,False,0,False
2024-02-05 21:46:00+01:00,1438.58,18.0,31.77,0.0,68.56,False,0,False,False,0,False
2024-02-05 21:47:00+01:00,1437.04,18.0,31.74,0.0,68.56,False,0,False,False,0,False
2024-02-05 21:48:00+01:00,1435.51,18.0,31.71,0.0,68.56,False,0,False,False,0,False
2024-02-05 21:49:00+01:00,1433.99,18.0,31.69,0.0,68.56,False,0,False,False,0,False
2024-02-05 21:50:00+01:00,1432.46,18.0,31.66,0.0,68.56,False,0,False,False,0,False
2024-02-05 21:51:00+01:00,1430.94,18.0,31.64,0.0,68.56,False,0,False,False,0,False
2024-02-05 21:52:00+01:00,1429.42,18.0,31.61,0.0,68.56,False,0,False,False,0,False
2024-02-05 21:53:00+01:00,1427.9,18.0,31.59,0.0,68.56,False,0,False,False,0,False
2024-02-05 21:54:00+01:00,1426.39,18.0,31.56,0.0,68.56,False,0,False,False,0,False
2024-02-05 21:55:00+01:00,1424.87,18.0,31.54,0.0,68.56,False,0,False,False,0,False
2024-02-05 21:56:00+01:00,1423.36,18.0,31.51,0.0,68.56,False,0,False,False,0,False
2024-02-05 21:57:00+01:00,1421.86,18.0,31.49,0.0,68.56,False,0,False,False,0,False
2024-02-05 21:58:00+01:00,1420.35,18.0,31.46,0.0,68.56,False,0,False,False,0,False
2024-02-05 21:59:00+01:00,1418.85,18.0,31.44,0.0,68.56,False,0,False,False,0,False
2024-02-05 22:00:00+01:00,1417.35,18.0,31.41,0.0,68.56,False,0,False,False,0,False
2024-02-05 22:01:00+01:00,1415.85,18.0,31.39,0.0,68.56,False,0,False,False,0,False
2024-02-05 22:02:00+01:00,1414.35,18.0,31.36,0.0,68.56,False,0,False,False,0,False
2024-02-05 22:03:00+01:00,1412.86,18.0,31.34,0.0,68.56,False,0,False,False,0,False
2024-02-05 22:04:00+01:00,1411.36,18.0,31.31,0.0,68.56,False,0,False,False,0,False
2024-02-05 22:05:00+01:00,1409.87,18.0,31.29,0.0,68.56,False,0,False,False,0,False
2024-02-05 22:06:00+01:00,1408.39,18.0,31.26,0.0,68.56,False,0,False,False,0,False
2024-02-05 22:07:00+01:00,1406.9,18.0,31.24,0.0,68.56,False,0,False,False,0,False
2024-02-05 22:08:00+01:00,1405.42,18.0,31.21,0.0,68.56,False,0,False,False,0,False
2024-02-05 22:09:00+01:00,1403.94,18.0,31.19,0.0,68.56,False,0,False,False,0,False
2024-02-05 22:10:00+01:00,1402.46,18.0,31.16,0.0,68.56,False,0,False,False,0,False
2024-02-05 22:11:00+01:00,1400.98,18.0,31.14,0.0,68.56,False,0,False,False,0,False
2024-02-05 22:12:00+01:00,1399.51,18.0,31.11,0.0,68.56,False,0,False,False,0,False
2024-02-05 22:13:00+01:00,1398.04,18.0,31.09,0.0,68.56,False,0,False,False,0,False
2024-02-05 22:14:00+01:00,1396.57,18.0,31.07,0.0,68.56,False,0,False,False,0,False
2024-02-05 22:15:00+01:00,1395.1,18.0,31.04,0.0,68.56,False,0,False,False,0,False
2024-02-05 22:16:00+01:00,1393.64,18.0,31.02,0.0,68.56,False,0,False,False,0,False
2024-02-05 22:17:00+01:00,1392.18,18.0,30.99,0.0,68.56,False,0,False,False,0,False
2024-02-05 22:18:00+01:00,1390.72,18.0,30.97,0.0,68.56,False,0,False,False,0,False
2024-02-05 22:19:00+01:00,1389.26,18.0,30.94,0.0,68.56,False,0,False,False,0,False
2024-02-05 22:20:00+01:00,1387.8,18.0,30.92,0.0,68.56,False,0,False,False,0,False
2024-02-05 22:21:00+01:00,1386.35,18.0,30.89,0.0,68.56,False,0,False,False,0,False
2024-02-05 22:22:00+01:00,1384.9,18.0,30.87,0.0,68.56,False,0,False,False,0,False
2024-02-05 22:23:00+01:00,1383.45,18.0,30.84,0.0,68.56,False,0,False,False,0,False
2024-02-05 22:24:00+01:00,1382.0,18.0,30.82,0.0,68.56,False,0,False,False,0,False
2024-02-05 22:25:00+01:00,1380.56,18.0,30.79,0.0,68.56,False,0,False,False,0,False
2024-02-05 22:26:00+01:00,1379.12,18.0,30.77,0.0,68.56,False,0,False,False,0,False
2024-02-05 22:27:00+01:00,1377.68,18.0,30.74,0.0,68.56,False,0,False,False,0,False
2024-02-05 22:28:00+01:00,1376.24,18.0,30.72,0.0,68.56,False,0,False,False,0,False
2024-02-05 22:29:00+01:00,1374.8,18.0,30.7,0.0,68.56,False,0,False,False,0,False
2024-02-05 22:30:00+01:00,1373.37,18.0,30.67,0.0,68.56,False,0,False,False,0,False
2024-02-05 22:31:00+01:00,1371.94,18.0,30.65,0.0,68.56,False,0,False,False,0,False
2024-02-05 22:32:00+01:00,1370.51,18.0,30.62,0.0,68.56,False,0,False,False,0,False
2024-02-05 22:33:00+01:00,1369.08,18.0,30.6,0.0,68.56,False,0,False,False,0,False
2024-02-05 22:34:00+01:00,1367.66,18.0,30.57,0.0,68.56,False,0,False,False,0,False
2024-02-05 22:35:00+01:00,1366.24,18.0,30.55,0.0,68.56,False,0,False,False,0,False
2024-02-05 22:36:00+01:00,1364.82,18.0,30.52,0.0,68.56,False,0,False,False,0,False
2024-02-05 22:37:00+01:00,1363.4,18.0,30.5,0.0,68.56,False,0,False,False,0,False
2024-02-05 22:38:00+01:00,1361.98,18.0,30.48,0.0,68.56,False,0,False,False,0,False
2024-02-05 22:39:00+01:00,1360.57,18.0,30.45,0.0,68.56,False,0,False,False,0,False
2024-02-05 22:40:00+01:00,1359.16,18.0,30.43,0.0,68.56,False,0,False,False,0,False
2024-02-05 22:41:00+01:00,1357.75,18.0,30.4,0.0,68.56,False,0,False,False,0,False
2024-02-05 22:42:00+01:00,1356.34,18.0,30.38,0.0,68.56,False,0,False,False,0,False
2024-02-05 22:43:00+01:00,1354.94,18.0,30.35,0.0,68.56,False,0,False,False,0,False
2024-02-05 22:44:00+01:00,1353.54,18.0,30.33,0.0,68.56,False,0,False,False,0,False
2024-02-05 22:45:00+01:00,1352.14,18.0,30.3,0.0,68.56,False,0,False,False,0,False
2024-02-05 22:46:00+01:00,1350.74,18.0,30.28,0.0,68.56,False,0,False,False,0,False
2024-02-05 22:47:00+01:00,1349.34,18.0,30.26,0.0,68.56,False,0,False,False,0,False
2024-02-05 22:48:00+01:00,1347.95,18.0,30.23,0.0,68.56,False,0,False,False,0,False
2024-02-05 22:49:00+01:00,1346.56,18.0,30.21,0.0,68.56,False,0,False,False,0,False
2024-02-05 22:50:00+01:00,1345.17,18.0,30.18,0.0,68.56,False,0,False,False,0,False
2024-02-05 22:51:00+01:00,1343.78,18.0,30.16,0.0,68.56,False,0,False,False,0,False
2024-02-05 22:52:00+01:00,1342.4,18.0,30.13,0.0,68.56,False,0,False,False,0,False
2024-02-05 22:53:00+01:00,1341.01,18.0,30.11,0.0,68.56,False,0,False,False,0,False
2024-02-05 22:54:00+01:00,1339.63,18.0,30.09,0.0,68.56,False,0,False,False,0,False
2024-02-05 22:55:00+01:00,1338.25,18.0,30.06,0.0,68.56,False,0,False,False,0,False
2024-02-05 22:56:00+01:00,1336.88,18.0,30.04,0.0,68.56,False,0,False,False,0,False
2024-02-05 22:57:00+01:00,1335.5,18.0,30.01,0.0,68.56,False,0,False,False,0,False
2024-02-05 22:58:00+01:00,1334.13,18.0,29.99,0.0,68.56,False,0,False,False,0,False
2024-02-05 22:59:00+01:00,1332.76,18.0,29.97,0.0,68.56,False,0,False,False,0,False
2024-02-05 23:00:00+01:00,1331.39,18.0,29.94,0.0,68.56,False,0,False,False,0,False
2024-02-05 23:01:00+01:00,1330.03,18.0,29.92,0.0,68.56,False,0,False,False,0,False
2024-02-05 23:02:00+01:00,1328.66,18.0,29.89,0.0,68.56,False,0,False,False,0,False
2024-02-05 23:03:00+01:00,1327.3,18.0,29.87,0.0,68.56,False,0,False,False,0,False
2024-02-05 23:04:00+01:00,1325.94,18.0,29.84,0.0,68.56,False,0,False,False,0,False
2024-02-05 23:05:00+01:00,1324.58,18.0,29.82,0.0,68.56,False,0,False,False,0,False
2024-02-05 23:06:00+01:00,1323.23,18.0,29.8,0.0,68.56,False,0,False,False,0,False
2024-02-05 23:07:00+01:00,1321.87,18.0,29.77,0.0,68.56,False,0,False,False,0,False
2024-02-05 23:08:00+01:00,1320.52,18.0,29.75,0.0,68.56,False,0,False,False,0,False
2024-02-05 23:09:00+01:00,1319.17,18.0,29.72,0.0,68.56,False,0,False,False,0,False
2024-02-05 23:10:00+01:00,1317.83,18.0,29.7,0.0,68.56,False,0,False,False,0,False
2024-02-05 23:11:00+01:00,1316.48,18.0,29.68,0.0,68.56,False,0,False,False,0,False
2024-02-05 23:12:00+01:00,1315.14,18.0,29.65,0.0,68.56,False,0,False,False,0,False
2024-02-05 23:13:00+01:00,1313.8,18.0,29.63,0.0,68.56,False,0,False,False,0,False
2024-02-05 23:14:00+01:00,1312.46,18.0,29.61,0.0,68.56,False,0,False,False,0,False
2024-02-05 23:15:00+01:00,1311.12,18.0,29.58,0.0,68.56,False,0,False,False,0,False
2024-02-05 23:16:00+01:00,1309.79,18.0,29.56,0.0,68.56,False,0,False,False,0,False
2024-02-05 23:17:00+01:00,1308.46,18.0,29.53,0.0,68.56,False,0,False,False,0,False
2024-02-05 23:18:00+01:00,1307.13,18.0,29.51,0.0,68.56,False,0,False,False,0,False
2024-02-05 23:19:00+01:00,1305.8,18.0,29.49,0.0,68.56,False,0,False,False,0,False
2024-02-05 23:20:00+01:00,1304.47,18.0,29.46,0.0,68.56,False,0,False,False,0,False
2024-02-05 23:21:00+01:00,1303.15,18.0,29.44,0.0,68.56,False,0,False,False,0,False
2024-02-05 23:22:00+01:00,1301.82,18.0,29.41,0.0,68.56,False,0,False,False,0,False
2024-02-05 23:23:00+01:00,1300.5,18.0,29.39,0.0,68.56,False,0,False,False,0,False
2024-02-05 23:24:00+01:00,1299.19,18.0,29.37,0.0,68.56,False,0,False,False,0,False
2024-02-05 23:25:00+01:00,1297.87,18.0,29.34,0.0,68.56,False,0,False,False,0,False
2024-02-05 23:26:00+01:00,1296.56,18.0,29.32,0.0,68.56,False,0,False,False,0,False
2024-02-05 23:27:00+01:00,1295.24,18.0,29.3,0.0,68.56,False,0,False,False,0,False
2024-02-05 23:28:00+01:00,1293.93,18.0,29.27,0.0,68.56,False,0,False,False,0,False
2024-02-05 23:29:00+01:00,1292.63,18.0,29.25,0.0,68.56,False,0,False,False,0,False
2024-02-05 23:30:00+01:00,1291.32,18.0,29.22,0.0,68.56,False,0,False,False,0,False
2024-02-05 23:31:00+01:00,1290.02,18.0,29.2,0.0,68.56,False,0,False,False,0,False
2024-02-05 23:32:00+01:00,1288.72,18.0,29.18,0.0,68.56,False,0,False,False,0,False
2024-02-05 23:33:00+01:00,1287.42,18.0,29.15,0.0,68.56,False,0,False,False,0,False
2024-02-05 23:34:00+01:00,1286.12,18.0,29.13,0.0,68.56,False,0,False,False,0,False
2024-02-05 23:35:00+01:00,1284.82,18.0,29.11,0.0,68.56,False,0,False,False,0,False
2024-02-05 23:36:00+01:00,1283.53,18.0,29.08,0.0,68.56,False,0,False,False,0,False
2024-02-05 23:37:00+01:00,1282.24,18.0,29.06,0.0,68.56,False,0,False,False,0,False
2024-02-05 23:38:00+01:00,1280.95,18.0,29.04,0.0,68.56,False,0,False,False,0,False
2024-02-05 23:39:00+01:00,1279.66,18.0,29.01,0.0,68.56,False,0,False,False,0,False
2024-02-05 23:40:00+01:00,1278.37,18.0,28.99,0.0,68.56,False,0,False,False,0,False
2024-02-05 23:41:00+01:00,1277.09,18.0,28.96,0.0,68.56,False,0,False,False,0,False
2024-02-05 23:42:00+01:00,1275.81,18.0,28.94,0.0,68.56,False,0,False,False,0,False
2024-02-05 23:43:00+01:00,1274.53,18.0,28.92,0.0,68.56,False,0,False,False,0,False
2024-02-05 23:44:00+01:00,1273.25,18.0,28.89,0.0,68.56,False,0,False,False,0,False
2024-02-05 23:45:00+01:00,1271.97,18.0,28.87,0.0,68.56,False,0,False,False,0,False
2024-02-05 23:46:00+01:00,1270.7,18.0,28.85,0.0,68.56,False,0,False,False,0,False
2024-02-05 23:47:00+01:00,1269.43,18.0,28.82,0.0,68.56,False,0,False,False,0,False
2024-02-05 23:48:00+01:00,1268.16,18.0,28.8,0.0,68.56,False,0,False,False,0,False
2024-02-05 23:49:00+01:00,1266.89,18.0,28.78,0.0,68.56,False,0,False,False,0,False
2024-02-05 23:50:00+01:00,1265.63,18.0,28.75,0.0,68.56,False,0,False,False,0,False
2024-02-05 23:51:00+01:00,1264.36,18.0,28.73,0.0,68.56,False,0,False,False,0,False
2024-02-05 23:52:00+01:00,1263.1,18.0,28.71,0.0,68.56,False,0,False,False,0,False
2024-02-05 23:53:00+01:00,1261.84,18.0,28.68,0.0,68.56,False,0,False,False,0,False
2024-02-05 23:54:00+01:00,1260.58,18.0,28.66,0.0,68.56,False,0,False,False,0,False
2024-02-05 23:55:00+01:00,1259.33,18.0,28.64,0.0,68.56,False,0,False,False,0,False
2024-02-05 23:56:00+01:00,1258.07,18.0,28.61,0.0,68.56,False,0,False,False,0,False
2024-02-05 23:57:00+01:00,1256.82,18.0,28.59,0.0,68.56,False,0,False,False,0,False
2024-02-05 23:58:00+01:00,1255.57,18.0,28.57,0.0,68.56,False,0,False,False,0,False
2024-02-05 23:59:00+01:00,1254.32,18.0,28.54,0.0,68.56,False,0,False,False,0,False
2024-02-06 00:00:00+01:00,1253.08,18.0,28.52,0.0,68.56,False,0,False,False,0,False
2024-02-06 00:01:00+01:00,1251.83,18.0,28.5,0.0,68.56,False,0,False,False,0,False
2024-02-06 00:02:00+01:00,1250.59,18.0,28.47,0.0,68.56,False,0,False,False,0,False
2024-02-06 00:03:00+01:00,1249.35,18.0,28.45,0.0,68.56,False,0,False,False,0,False
2024-02-06 00:04:00+01:00,1248.11,18.0,28.43,0.0,68.56,False,0,False,False,0,False
2024-02-06 00:05:00+01:00,1246.87,18.0,28.4,0.0,68.56,False,0,False,False,0,False
2024-02-06 00:06:00+01:00,1245.64,18.0,28.38,0.0,68.56,False,0,False,False,0,False
2024-02-06 00:07:00+01:00,1244.4,18.0,28.36,0.0,68.56,False,0,False,False,0,False
2024-02-06 00:08:00+01:00,1243.17,18.0,28.33,0.0,68.56,False,0,False,False,0,False
2024-02-06 00:09:00+01:00,1241.95,18.0,28.31,0.0,68.56,False,0,False,False,0,False
2024-02-06 00:10:00+01:00,1240.72,18.0,28.29,0.0,68.56,False,0,False,False,0,False
2024-02-06 00:11:00+01:00,1239.49,18.0,28.26,0.0,68.56,False,0,False,False,0,False
2024-02-06 00:12:00+01:00,1238.27,18.0,28.24,0.0,68.56,False,0,False,False,0,False
2024-02-06 00:13:00+01:00,1237.05,18.0,28.22,0.0,68.56,False,0,False,False,0,False
2024-02-06 00:14:00+01:00,1235.83,18.0,28.19,0.0,68.56,False,0,False,False,0,False
2024-02-06 00:15:00+01:00,1234.61,18.0,28.17,0.0,68.56,False,0,False,False,0,False
2024-02-06 00:16:00+01:00,1233.4,18.0,28.15,0.0,68.56,False,0,False,False,0,False
2024-02-06 00:17:00+01:00,1232.18,18.0,28.12,0.0,68.56,False,0,False,False,0,False
2024-02-06 00:18:00+01:00,1230.97,18.0,28.1,0.0,68.56,False,0,False,False,0,False
2024-02-06 00:19:00+01:00,1229.76,18.0,28.08,0.0,68.56,False,0,False,False,0,False
2024-02-06 00:20:00+01:00,1228.55,18.0,28.06,0.0,68.56,False,0,False,False,0,False
2024-02-06 00:21:00+01:00,1227.35,18.0,28.03,0.0,68.56,False,0,False,False,0,False
2024-02-06 00:22:00+01:00,1226.14,18.0,28.01,0.0,68.56,False,0,False,False,0,False
2024-02-06 00:23:00+01:00,1224.94,18.0,27.99,0.0,68.56,False,0,False,False,0,False
2024-02-06 00:24:00+01:00,1223.74,18.0,27.96,0.0,68.56,False,0,False,False,0,False
2024-02-06 00:25:00+01:00,1222.54,18.0,27.94,0.0,68.56,False,0,False,False,0,False
2024-02-06 00:26:00+01:00,1221.34,18.0,27.92,0.0,68.56,False,0,False,False,0,False
2024-02-06 00:27:00+01:00,1220.15,18.0,27.89,0.0,68.56,False,0,False,False,0,False
2024-02-06 00:28:00+01:00,1218.95,18.0,27.87,0.0,68.56,False,0,False,False,0,False
2024-02-06 00:29:00+01:00,1217.76,18.0,27.85,0.0,68.56,False,0,False,False,0,False
2024-02-06 00:30:00+01:00,1216.57,18.0,27.83,0.0,68.56,False,0,False,False,0,False
2024-02-06 00:31:00+01:00,1215.39,18.0,27.8,0.0,68.56,False,0,False,False,0,False
2024-02-06 00:32:00+01:00,1214.2,18.0,27.78,0.0,68.56,False,0,False,False,0,False
2024-02-06 00:33:00+01:00,1213.02,18.0,27.76,0.0,68.56,False,0,False,False,0,False
2024-02-06 00:34:00+01:00,1211.83,18.0,27.73,0.0,68.56,False,0,False,False,0,False
2024-02-06 00:35:00+01:00,1210.65,18.0,27.71,0.0,68.56,False,0,False,False,0,False
2024-02-06 00:36:00+01:00,1209.48,18.0,27.69,0.0,68.56,False,0,False,False,0,False
2024-02-06 00:37:00+01:00,1208.3,18.0,27.67,0.0,68.56,False,0,False,False,0,False
2024-02-06 00:38:00+01:00,1207.13,18.0,27.64,0.0,68.56,False,0,False,False,0,False
2024-02-06 00:39:00+01:00,1205.95,18.0,27.62,0.0,68.56,False,0,False,False,0,False
2024-02-06 00:40:00+01:00,1204.78,18.0,27.6,0.0,68.56,False,0,False,False,0,False
2024-02-06 00:41:00+01:00,1203.61,18.0,27.57,0.0,68.56,False,0,False,False,0,False
2024-02-06 00:42:00+01:00,1202.44,18.0,27.55,0.0,68.56,False,0,False,False,0,False
2024-02-06 00:43:00+01:00,1201.28,18.0,27.53,0.0,68.56,False,0,False,False,0,False
2024-02-06 00:44:00+01:00,1200.12,18.0,27.51,0.0,68.56,False,0,False,False,0,False
2024-02-06 00:45:00+01:00,1198.95,18.0,27.48,0.0,68.56,False,0,False,False,0,False
2024-02-06 00:46:00+01:00,1197.79,18.0,27.46,0.0,68.56,False,0,False,False,0,False
2024-02-06 00:47:00+01:00,1196.64,18.0,27.44,0.0,68.56,False,0,False,False,0,False
2024-02-06 00:48:00+01:00,1195.48,18.0,27.42,0.0,68.56,False,0,False,False,0,False
2024-02-06 00:49:00+01:00,1194.32,18.0,27.39,0.0,68.56,False,0,False,False,0,False
2024-02-06 00:50:00+01:00,1193.17,18.0,27.37,0.0,68.56,False,0,False,False,0,False
2024-02-06 00:51:00+01:00,1192.02,18.0,27.35,0.0,68.56,False,0,False,False,0,False
2024-02-06 00:52:00+01:00,1190.87,18.0,27.32,0.0,68.56,False,0,False,False,0,False
2024-02-06 00:53:00+01:00,1189.72,18.0,27.3,0.0,68.56,False,0,False,False,0,False
2024-02-06 00:54:00+01:00,1188.58,18.0,27.28,0.0,68.56,False,0,False,False,0,False
2024-02-06 00:55:00+01:00,1187.43,18.0,27.26,0.0,68.56,False,0,False,False,0,False
2024-02-06 00:56:00+01:00,1186.29,18.0,27.23,0.0,68.56,False,0,False,False,0,False
2024-02-06 00:57:00+01:00,1185.15,18.0,27.21,0.0,68.56,False,0,False,False,0,False
2024-02-06 00:58:00+01:00,1184.01,18.0,27.19,0.0,68.56,False,0,False,False,0,False
2024-02-06 00:59:00+01:00,1182.88,18.0,27.17,0.0,68.56,False,0,False,False,0,False
2024-02-06 01:00:00+01:00,1181.74,18.0,27.14,0.0,68.56,False,0,False,False,0,False
2024-02-06 01:01:00+01:00,1180.61,18.0,27.12,0.0,68.56,False,0,False,False,0,False
2024-02-06 01:02:00+01:00,1179.48,18.0,27.1,0.0,68.56,False,0,False,False,0,False
2024-02-06 01:03:00+01:00,1178.35,18.0,27.08,0.0,68.56,False,0,False,False,0,False
2024-02-06 01:04:00+01:00,1177.22,18.0,27.05,0.0,68.56,False,0,False,False,0,False
2024-02-06 01:05:00+01:00,1176.09,18.0,27.03,0.0,68.56,False,0,False,False,0,False
2024-02-06 01:06:00+01:00,1174.97,18.0,27.01,0.0,68.56,False,0,False,False,0,False
2024-02-06 01:07:00+01:00,1173.85,18.0,26.99,0.0,68.56,False,0,False,False,0,False
2024-02-06 01:08:00+01:00,1172.72,18.0,26.96,0.0,68.56,False,0,False,False,0,False
2024-02-06 01:09:00+01:00,1171.61,18.0,26.94,0.0,68.56,False,0,False,False,0,False
2024-02-06 01:10:00+01:00,1170.49,18.0,26.92,0.0,68.56,False,0,False,False,0,False
2024-02-06 01:11:00+01:00,1169.37,18.0,26.9,0.0,68.56,False,0,False,False,0,False
2024-02-06 01:12:00+01:00,1168.26,18.0,26.87,0.0,68.56,False,0,False,False,0,False
2024-02-06 01:13:00+01:00,1167.15,18.0,26.85,0.0,68.56,False,0,False,False,0,False
2024-02-06 01:14:00+01:00,1166.04,18.0,26.83,0.0,68.56,False,0,False,False,0,False
2024-02-06 01:15:00+01:00,1164.93,18.0,26.81,0.0,68.56,False,0,False,False,0,False
2024-02-06 01:16:00+01:00,1163.82,18.0,26.78,0.0,68.56,False,0,False,False,0,False
2024-02-06 01:17:00+01:00,1162.71,18.0,26.76,0.0,68.56,False,0,False,False,0,False
2024-02-06 01:18:00+01:00,1161.61,18.0,26.74,0.0,68.56,False,0,False,False,0,False
2024-02-06 01:19:00+01:00,1160.51,18.0,26.72,0.0,68.56,False,0,False,False,0,False
2024-02-06 01:20:00+01:00,1159.41,18.0,26.7,0.0,68.56,False,0,False,False,0,False
2024-02-06 01:21:00+01:00,1158.31,18.0,26.67,0.0,68.56,False,0,False,False,0,False
2024-02-06 01:22:00+01:00,1157.21,18.0,26.65,0.0,68.56,False,0,False,False,0,False
2024-02-06 01:23:00+01:00,1156.12,18.0,26.63,0.0,68.56,False,0,False,False,0,False
2024-02-06 01:24:00+01:00,1155.03,18.0,26.61,0.0,68.56,False,0,False,False,0,False
2024-02-06 01:25:00+01:00,1153.94,18.0,26.58,0.0,68.56,False,0,False,False,0,False
2024-02-06 01:26:00+01:00,1152.85,18.0,26.56,0.0,68.56,False,0,False,False,0,False
2024-02-06 01:27:00+01:00,1151.76,18.0,26.54,0.0,68.56,False,0,False,False,0,False
2024-02-06 01:28:00+01:00,1150.67,18.0,26.52,0.0,68.56,False,0,False,False,0,False
2024-02-06 01:29:00+01:00,1149.59,18.0,26.5,0.0,68.56,False,0,False,False,0,False
2024-02-06 01:30:00+01:00,1148.5,18.0,26.47,0.0,68.56,False,0,False,False,0,False
2024-02-06 01:31:00+01:00,1147.42,18.0,26.45,0.0,68.56,False,0,False,False,0,False
2024-02-06 01:32:00+01:00,1146.34,18.0,26.43,0.0,68.56,False,0,False,False,0,False
2024-02-06 01:33:00+01:00,1145.26,18.0,26.41,0.0,68.56,False,0,False,False,0,False
2024-02-06 01:34:00+01:00,1144.19,18.0,26.39,0.0,68.56,False,0,False,False,0,False
2024-02-06 01:35:00+01:00,1143.11,18.0,26.36,0.0,68.56,False,0,False,False,0,False
2024-02-06 01:36:00+01:00,1142.04,18.0,26.34,0.0,68.56,False,0,False,False,0,False
2024-02-06 01:37:00+01:00,1140.97,18.0,26.32,0.0,68.56,False,0,False,False,0,False
2024-02-06 01:38:00+01:00,1139.9,18.0,26.3,0.0,68.56,False,0,False,False,0,False
2024-02-06 01:39:00+01:00,1138.83,18.0,26.28,0.0,68.56,False,0,False,False,0,False
2024-02-06 01:40:00+01:00,1137.77,18.0,26.25,0.0,68.56,False,0,False,False,0,False
2024-02-06 01:41:00+01:00,1136.7,18.0,26.23,0.0,68.56,False,0,False,False,0,False
2024-02-06 01:42:00+01:00,1135.64,18.0,26.21,0.0,68.56,False,0,False,False,0,False
2024-02-06 01:43:00+01:00,1134.58,18.0,26.19,0.0,68.56,False,0,False,False,0,False
2024-02-06 01:44:00+01:00,1133.52,18.0,26.17,0.0,68.56,False,0,False,False,0,False
2024-02-06 01:45:00+01:00,1132.46,18.0,26.14,0.0,68.56,False,0,False,False,0,False
2024-02-06 01:46:00+01:00,1131.41,18.0,26.12,0.0,68.56,False,0,False,False,0,False
2024-02-06 01:47:00+01:00,1130.35,18.0,26.1,0.0,68.56,False,0,False,False,0,False
2024-02-06 01:48:00+01:00,1129.3,18.0,26.08,0.0,68.56,False,0,False,False,0,False
2024-02-06 01:49:00+01:00,1128.25,18.0,26.06,0.0,68.56,False,0,False,False,0,False
2024-02-06 01:50:00+01:00,1127.2,18.0,26.04,0.0,68.56,False,0,False,False,0,False
2024-02-06 01:51:00+01:00,1126.15,18.0,26.01,0.0,68.56,False,0,False,False,0,False
2024-02-06 01:52:00+01:00,1125.1,18.0,25.99,0.0,68.56,False,0,False,False,0,False
2024-02-06 01:53:00+01:00,1124.06,18.0,25.97,0.0,68.56,False,0,False,False,0,False
2024-02-06 01:54:00+01:00,1123.02,18.0,25.95,0.0,68.56,False,0,False,False,0,False
2024-02-06 01:55:00+01:00,1121.97,18.0,25.93,0.0,68.56,False,0,False,False,0,False
2024-02-06 01:56:00+01:00,1120.93,18.0,25.91,0.0,68.56,False,0,False,False,0,False
2024-02-06 01:57:00+01:00,1119.9,18.0,25.88,0.0,68.56,False,0,False,False,0,False
2024-02-06 01:58:00+01:00,1118.86,18.0,25.86,0.0,68.56,False,0,False,False,0,False
2024-02-06 01:59:00+01:00,1117.83,18.0,25.84,0.0,68.56,False,0,False,False,0,False
2024-02-06 02:00:00+01:00,1116.79,18.0,25.82,0.0,68.56,False,0,False,False,0,False
2024-02-06 02:01:00+01:00,1115.76,18.0,25.8,0.0,68.56,False,0,False,False,0,False
2024-02-06 02:02:00+01:00,1114.73,18.0,25.78,0.0,68.56,False,0,False,False,0,False
2024-02-06 02:03:00+01:00,1113.7,18.0,25.75,0.0,68.56,False,0,False,False,0,False
2024-02-06 02:04:00+01:00,1112.68,18.0,25.73,0.0,68.56,False,0,False,False,0,False
2024-02-06 02:05:00+01:00,1111.65,18.0,25.71,0.0,68.56,False,0,False,False,0,False
2024-02-06 02:06:00+01:00,1110.63,18.0,25.69,0.0,68.56,False,0,False,False,0,False
2024-02-06 02:07:00+01:00,1109.61,18.0,25.67,0.0,68.56,False,0,False,False,0,False
2024-02-06 02:08:00+01:00,1108.59,18.0,25.65,0.0,68.56,False,0,False,False,0,False
2024-02-06 02:09:00+01:00,1107.57,18.0,25.62,0.0,68.56,False,0,False,False,0,False
2024-02-06 02:10:00+01:00,1106.55,18.0,25.6,0.0,68.56,False,0,False,False,0,False
2024-02-06 02:11:00+01:00,1105.53,18.0,25.58,0.0,68.56,False,0,False,False,0,False
2024-02-06 02:12:00+01:00,1104.52,18.0,25.56,0.0,68.56,False,0,False,False,0,False
2024-02-06 02:13:00+01:00,1103.51,18.0,25.54,0.0,68.56,False,0,False,False,0,False
2024-02-06 02:14:00+01:00,1102.5,18.0,25.52,0.0,68.56,False,0,False,False,0,False
2024-02-06 02:15:00+01:00,1101.49,18.0,25.49,0.0,68.56,False,0,False,False,0,False
2024-02-06 02:16:00+01:00,1100.48,18.0,25.47,0.0,68.56,False,0,False,False,0,False
2024-02-06 02:17:00+01:00,1099.48,18.0,25.45,0.0,68.56,False,0,False,False,0,False
2024-02-06 02:18:00+01:00,1098.47,18.0,25.43,0.0,68.56,False,0,False,False,0,False
2024-02-06 02:19:00+01:00,1097.47,18.0,25.41,0.0,68.56,False,0,False,False,0,False
2024-02-06 02:20:00+01:00,1096.47,18.0,25.39,0.0,68.56,False,0,False,False,0,False
2024-02-06 02:21:00+01:00,1095.47,18.0,25.37,0.0,68.56,False,0,False,False,0,False
2024-02-06 02:22:00+01:00,1094.47,18.0,25.34,0.0,68.56,False,0,False,False,0,False
2024-02-06 02:23:00+01:00,1093.48,18.0,25.32,0.0,68.56,False,0,False,False,0,False
2024-02-06 02:24:00+01:00,1092.48,18.0,25.3,0.0,68.56,False,0,False,False,0,False
2024-02-06 02:25:00+01:00,1091.49,18.0,25.28,0.0,68.56,False,0,False,False,0,False
2024-02-06 02:26:00+01:00,1090.5,18.0,25.26,0.0,68.56,False,0,False,False,0,False
2024-02-06 02:27:00+01:00,1089.51,18.0,25.24,0.0,68.56,False,0,False,False,0,False
2024-02-06 02:28:00+01:00,1088.52,18.0,25.22,0.0,68.56,False,0,False,False,0,False
2024-02-06 02:29:00+01:00,1087.53,18.0,25.19,0.0,68.56,False,0,False,False,0,False
2024-02-06 02:30:00+01:00,1086.55,18.0,25.17,0.0,68.56,False,0,False,False,0,False
2024-02-06 02:31:00+01:00,1085.56,18.0,25.15,0.0,68.56,False,0,False,False,0,False
2024-02-06 02:32:00+01:00,1084.58,18.0,25.13,0.0,68.56,False,0,False,False,0,False
2024-02-06 02:33:00+01:00,1083.6,18.0,25.11,0.0,68.56,False,0,False,False,0,False
2024-02-06 02:34:00+01:00,1082.62,18.0,25.09,0.0,68.56,False,0,False,False,0,False
2024-02-06 02:35:00+01:00,1081.64,18.0,25.07,0.0,68.56,False,0,False,False,0,False
2024-02-06 02:36:00+01:00,1080.67,18.0,25.04,0.0,68.56,False,0,False,False,0,False
2024-02-06 02:37:00+01:00,1079.69,18.0,25.02,0.0,68.56,False,0,False,False,0,False
2024-02-06 02:38:00+01:00,1078.72,18.0,25.0,0.0,68.56,False,0,False,False,0,False
2024-02-06 02:39:00+01:00,1077.75,18.0,24.98,0.0,68.56,False,0,False,False,0,False
2024-02-06 02:40:00+01:00,1076.78,18.0,24.96,0.0,68.56,False,0,False,False,0,False
2024-02-06 02:41:00+01:00,1075.81,18.0,24.94,0.0,68.56,False,0,False,False,0,False
2024-02-06 02:42:00+01:00,1074.85,18.0,24.92,0.0,68.56,False,0,False,False,0,False
2024-02-06 02:43:00+01:00,1073.88,18.0,24.9,0.0,68.56,False,0,False,False,0,False
2024-02-06 02:44:00+01:00,1072.92,18.0,24.87,0.0,68.56,False,0,False,False,0,False
2024-02-06 02:45:00+01:00,1071.96,18.0,24.85,0.0,68.56,False,0,False,False,0,False
2024-02-06 02:46:00+01:00,1070.99,18.0,24.83,0.0,68.56,False,0,False,False,0,False
2024-02-06 02:47:00+01:00,1070.04,18.0,24.81,0.0,68.56,False,0,False,False,0,False
2024-02-06 02:48:00+01:00,1069.08,18.0,24.79,0.0,68.56,False,0,False,False,0,False
2024-02-06 02:49:00+01:00,1068.12,18.0,24.77,0.0,68.56,False,0,False,False,0,False
2024-02-06 02:50:00+01:00,1067.17,18.0,24.75,0.0,68.56,False,0,False,False,0,False
2024-02-06 02:51:00+01:00,1066.22,18.0,24.72,0.0,68.56,False,0,False,False,0,False
2024-02-06 02:52:00+01:00,1065.26,18.0,24.7,0.0,68.56,False,0,False,False,0,False
2024-02-06 02:53:00+01:00,1064.31,18.0,24.68,0.0,68.56,False,0,False,False,0,False
2024-02-06 02:54:00+01:00,1063.37,18.0,24.66,0.0,68.56,False,0,False,False,0,False
2024-02-06 02:55:00+01:00,1062.42,18.0,24.64,0.0,68.56,False,0,False,False,0,False
2024-02-06 02:56:00+01:00,1061.47,18.0,24.62,0.0,68.56,False,0,False,False,0,False
2024-02-06 02:57:00+01:00,1060.53,18.0,24.6,0.0,68.56,False,0,False,False,0,False
2024-02-06 02:58:00+01:00,1059.59,18.0,24.58,0.0,68.56,False,0,False,False,0,False
2024-02-06 02:59:00+01:00,1058.65,18.0,24.55,0.0,68.56,False,0,False,False,0,False
2024-02-06 03:00:00+01:00,1057.71,18.0,24.53,0.0,68.56,False,0,False,False,0,False
2024-02-06 03:01:00+01:00,1056.77,18.0,24.51,0.0,68.56,False,0,False,False,0,False
2024-02-06 03:02:00+01:00,1055.83,18.0,24.49,0.0,68.56,False,0,False,False,0,False
2024-02-06 03:03:00+01:00,1054.9,18.0,24.47,0.0,68.56,False,0,False,False,0,False
2024-02-06 03:04:00+01:00,1053.97,18.0,24.45,0.0,68.56,False,0,False,False,0,False
2024-02-06 03:05:00+01:00,1053.03,18.0,24.43,0.0,68.56,False,0,False,False,0,False
2024-02-06 03:06:00+01:00,1052.1,18.0,24.41,0.0,68.56,False,0,False,False,0,False
2024-02-06 03:07:00+01:00,1051.17,18.0,24.39,0.0,68.56,False,0,False,False,0,False
2024-02-06 03:08:00+01:00,1050.25,18.0,24.36,0.0,68.56,False,0,False,False,0,False
2024-02-06 03:09:00+01:00,1049.32,18.0,24.34,0.0,68.56,False,0,False,False,0,False
2024-02-06 03:10:00+01:00,1048.4,18.0,24.32,0.0,68.56,False,0,False,False,0,False
2024-02-06 03:11:00+01:00,1047.47,18.0,24.3,0.0,68.56,False,0,False,False,0,False
2024-02-06 03:12:00+01:00,1046.55,18.0,24.28,0.0,68.56,False,0,False,False,0,False
2024-02-06 03:13:00+01:00,1045.63,18.0,24.26,0.0,68.56,False,0,False,False,0,False
2024-02-06 03:14:00+01:00,1044.71,18.0,24.24,0.0,68.56,False,0,False,False,0,False
2024-02-06 03:15:00+01:00,1043.8,18.0,24.22,0.0,68.56,False,0,False,False,0,False
2024-02-06 03:16:00+01:00,1042.88,18.0,24.2,0.0,68.56,False,0,False,False,0,False
2024-02-06 03:17:00+01:00,1041.97,18.0,24.17,0.0,68.56,False,0,False,False,0,False
2024-02-06 03:18:00+01:00,1041.05,18.0,24.15,0.0,68.56,False,0,False,False,0,False
2024-02-06 03:19:00+01:00,1040.14,18.0,24.13,0.0,68.56,False,0,False,False,0,False
2024-02-06 03:20:00+01:00,1039.23,18.0,24.11,0.0,68.56,False,0,False,False,0,False
2024-02-06 03:21:00+01:00,1038.32,18.0,24.09,0.0,68.56,False,0,False,False,0,False
2024-02-06 03:22:00+01:00,1037.42,18.0,24.07,0.0,68.56,False,0,False,False,0,False
2024-02-06 03:23:00+01:00,1036.51,18.0,24.05,0.0,68.56,False,0,False,False,0,False
2024-02-06 03:24:00+01:00,1035.61,18.0,24.03,0.0,68.56,False,0,False,False,0,False
2024-02-06 03:25:00+01:00,1034.7,18.0,24.01,0.0,68.56,False,0,False,False,0,False
2024-02-06 03:26:00+01:00,1033.8,18.0,23.98,0.0,68.56,False,0,False,False,0,False
2024-02-06 03:27:00+01:00,1032.9,18.0,23.96,0.0,68.56,False,0,False,False,0,False
2024-02-06 03:28:00+01:00,1032.0,18.0,23.94,0.0,68.56,False,0,False,False,0,False
2024-02-06 03:29:00+01:00,1031.11,18.0,23.92,0.0,68.56,False,0,False,False,0,False
2024-02-06 03:30:00+01:00,1030.21,18.0,23.9,0.0,68.56,False,0,False,False,0,False
2024-02-06 03:31:00+01:00,1029.32,18.0,23.88,0.0,68.56,False,0,False,False,0,False
2024-02-06 03:32:00+01:00,1028.42,18.0,23.86,0.0,68.56,False,0,False,False,0,False
2024-02-06 03:33:00+01:00,1027.53,18.0,23.84,0.0,68.56,False,0,False,False,0,False
2024-02-06 03:34:00+01:00,1026.64,18.0,23.82,0.0,68.56,False,0,False,False,0,False
2024-02-06 03:35:00+01:00,1025.75,18.0,23.8,0.0,68.56,False,0,False,False,0,False
2024-02-06 03:36:00+01:00,1024.87,18.0,23.77,0.0,68.56,False,0,False,False,0,False
2024-02-06 03:37:00+01:00,1023.98,18.0,23.75,0.0,68.56,False,0,False,False,0,False
2024-02-06 03:38:00+01:00,1023.1,18.0,23.73,0.0,68.56,False,0,False,False,0,False
2024-02-06 03:39:00+01:00,1022.21,18.0,23.71,0.0,68.56,False,0,False,False,0,False
2024-02-06 03:40:00+01:00,1021.33,18.0,23.69,0.0,68.56,False,0,False,False,0,False
2024-02-06 03:41:00+01:00,1020.45,18.0,23.67,0.0,68.56,False,0,False,False,0,False
2024-02-06 03:42:00+01:00,1019.57,18.0,23.65,0.0,68.56,False,0,False,False,0,False
2024-02-06 03:43:00+01:00,1018.7,18.0,23.63,0.0,68.56,False,0,False,False,0,False
2024-02-06 03:44:00+01:00,1017.82,18.0,23.61,0.0,68.56,False,0,False,False,0,False
2024-02-06 03:45:00+01:00,1016.95,18.0,23.59,0.0,68.56,False,0,False,False,0,False
2024-02-06 03:46:00+01:00,1016.07,18.0,23.57,0.0,68.56,False,0,False,False,0,False
2024-02-06 03:47:00+01:00,1015.2,18.0,23.54,0.0,68.56,False,0,False,False,0,False
2024-02-06 03:48:00+01:00,1014.33,18.0,23.52,0.0,68.56,False,0,False,False,0,False
2024-02-06 03:49:00+01:00,1013.46,18.0,23.5,0.0,68.56,False,0,False,False,0,False
2024-02-06 03:50:00+01:00,1012.59,18.0,23.48,0.0,68.56,False,0,False,False,0,False
2024-02-06 03:51:00+01:00,1011.73,18.0,23.46,0.0,68.56,False,0,False,False,0,False
2024-02-06 03:52:00+01:00,1010.86,18.0,23.44,0.0,68.56,False,0,False,False,0,False
2024-02-06 03:53:00+01:00,1010.0,18.0,23.42,0.0,68.56,False,0,False,False,0,False
2024-02-06 03:54:00+01:00,1009.14,18.0,23.4,0.0,68.56,False,0,False,False,0,False
2024-02-06 03:55:00+01:00,1008.28,18.0,23.38,0.0,68.56,False,0,False,False,0,False
2024-02-06 03:56:00+01:00,1007.42,18.0,23.36,0.0,68.56,False,0,False,False,0,False
2024-02-06 03:57:00+01:00,1006.56,18.0,23.34,0.0,68.56,False,0,False,False,0,False
2024-02-06 03:58:00+01:00,1005.7,18.0,23.31,0.0,68.56,False,0,False,False,0,False
2024-02-06 03:59:00+01:00,1004.85,18.0,23.29,0.0,68.56,False,0,False,False,0,False
2024-02-06 04:00:00+01:00,1003.99,18.0,23.27,0.0,68.56,False,0,False,False,0,False
2024-02-06 04:01:00+01:00,1003.14,18.0,23.25,0.0,68.56,False,0,False,False,0,False
2024-02-06 04:02:00+01:00,1002.29,18.0,23.23,0.0,68.56,False,0,False,False,0,False
2024-02-06 04:03:00+01:00,1001.44,18.0,23.21,0.0,68.56,False,0,False,False,0,False
2024-02-06 04:04:00+01:00,1000.59,18.0,23.19,0.0,68.56,False,0,False,False,0,False
2024-02-06 04:05:00+01:00,999.75,18.0,23.17,0.0,68.56,False,0,False,False,0,False
2024-02-06 04:06:00+01:00,998.9,18.0,23.15,0.0,68.56,False,0,False,False,0,False
2024-02-06 04:07:00+01:00,998.05,18.0,23.13,0.0,68.56,False,0,False,False,0,False
2024-02-06 04:08:00+01:00,997.21,18.0,23.11,0.0,68.56,False,0,False,False,0,False
2024-02-06 04:09:00+01:00,996.37,18.0,23.09,0.0,68.56,False,0,False,False,0,False
2024-02-06 04:10:00+01:00,995.53,18.0,23.07,0.0,68.56,False,0,False,False,0,False
2024-02-06 04:11:00+01:00,994.69,18.0,23.04,0.0,68.56,False,0,False,False,0,False
2024-02-06 04:12:00+01:00,993.85,18.0,23.02,0.0,68.56,False,0,False,False,0,False
2024-02-06 04:13:00+01:00,993.02,18.0,23.0,0.0,68.56,False,0,False,False,0,False
2024-02-06 04:14:00+01:00,992.18,18.0,22.98,0.0,68.56,False,0,False,False,0,False
2024-02-06 04:15:00+01:00,991.35,18.0,22.96,0.0,68.56,False,0,False,False,0,False
2024-02-06 04:16:00+01:00,990.52,18.0,22.94,0.0,68.56,False,0,False,False,0,False
2024-02-06 04:17:00+01:00,989.68,18.0,22.92,0.0,68.56,False,0,False,False,0,False
2024-02-06 04:18:00+01:00,988.85,18.0,22.9,0.0,68.56,False,0,False,False,0,False
2024-02-06 04:19:00+01:00,988.03,18.0,22.88,0.0,68.56,False,0,False,False,0,False
2024-02-06 04:20:00+01:00,987.2,18.0,22.86,0.0,68.56,False,0,False,False,0,False
2024-02-06 04:21:00+01:00,986.37,18.0,22.84,0.0,68.56,False,0,False,False,0,False
2024-02-06 04:22:00+01:00,985.55,18.0,22.82,0.0,68.56,False,0,False,False,0,False
2024-02-06 04:23:00+01:00,984.73,18.0,22.8,0.0,68.56,False,0,False,False,0,False
2024-02-06 04:24:00+01:00,983.9,18.0,22.78,0.0,68.56,False,0,False,False,0,False
2024-02-06 04:25:00+01:00,983.08,18.0,22.76,0.0,68.56,False,0,False,False,0,False
2024-02-06 04:26:00+01:00,982.26,18.0,22.73,0.0,68.56,False,0,False,False,0,False
2024-02-06 04:27:00+01:00,981.45,18.0,22.71,0.0,68.56,False,0,False,False,0,False
2024-02-06 04:28:00+01:00,980.63,18.0,22.69,0.0,68.56,False,0,False,False,0,False
2024-02-06 04:29:00+01:00,979.81,18.0,22.67,0.0,68.56,False,0,False,False,0,False
2024-02-06 04:30:00+01:00,979.0,18.0,22.65,0.0,68.56,False,0,False,False,0,False
2024-02-06 04:31:00+01:00,978.19,18.0,22.63,0.0,68.56,False,0,False,False,0,False
2024-02-06 04:32:00+01:00,977.38,18.0,22.61,0.0,68.56,False,0,False,False,0,False
2024-02-06 04:33:00+01:00,976.57,18.0,22.59,0.0,68.56,False,0,False,False,0,False
2024-02-06 04:34:00+01:00,975.76,18.0,22.57,0.0,68.56,False,0,False,False,0,False
2024-02-06 04:35:00+01:00,974.95,18.0,22.55,0.0,68.56,False,0,False,False,0,False
2024-02-06 04:36:00+01:00,974.14,18.0,22.53,0.0,68.56,False,0,False,False,0,False
2024-02-06 04:37:00+01:00,973.34,18.0,22.51,0.0,68.56,False,0,False,False,0,False
2024-02-06 04:38:00+01:00,972.54,18.0,22.49,0.0,68.56,False,0,False,False,0,False
2024-02-06 04:39:00+01:00,971.73,18.0,22.47,0.0,68.56,False,0,False,False,0,False
2024-02-06 04:40:00+01:00,970.93,18.0,22.45,0.0,68.56,False,0,False,False,0,False
2024-02-06 04:41:00+01:00,970.13,18.0,22.43,0.0,68.56,False,0,False,False,0,False
2024-02-06 04:42:00+01:00,969.33,18.0,22.41,0.0,68.56,False,0,False,False,0,False
2024-02-06 04:43:00+01:00,968.54,18.0,22.39,0.0,68.56,False,0,False,False,0,False
2024-02-06 04:44:00+01:00,967.74,18.0,22.37,0.0,68.56,False,0,False,False,0,False
2024-02-06 04:45:00+01:00,966.95,18.0,22.35,0.0,68.56,False,0,False,False,0,False
2024-02-06 04:46:00+01:00,966.15,18.0,22.33,0.0,68.56,False,0,False,False,0,False
2024-02-06 04:47:00+01:00,965.36,18.0,22.3,0.0,68.56,False,0,False,False,0,False
2024-02-06 04:48:00+01:00,964.57,18.0,22.28,0.0,68.56,False,0,False,False,0,False
2024-02-06 04:49:00+01:00,963.78,18.0,22.26,0.0,68.56,False,0,False,False,0,False
2024-02-06 04:50:00+01:00,962.99,18.0,22.24,0.0,68.56,False,0,False,False,0,False
2024-02-06 04:51:00+01:00,962.21,18.0,22.22,0.0,68.56,False,0,False,False,0,False
2024-02-06 04:52:00+01:00,961.42,18.0,22.2,0.0,68.56,False,0,False,False,0,False
2024-02-06 04:53:00+01:00,960.64,18.0,22.18,0.0,68.56,False,0,False,False,0,False
2024-02-06 04:54:00+01:00,959.85,18.0,22.16,0.0,68.56,False,0,False,False,0,False
2024-02-06 04:55:00+01:00,959.07,18.0,22.14,0.0,68.56,False,0,False,False,0,False
2024-02-06 04:56:00+01:00,958.29,18.0,22.12,0.0,68.56,False,0,False,False,0,False
2024-02-06 04:57:00+01:00,957.51,18.0,22.1,0.0,68.56,False,0,False,False,0,False
2024-02-06 04:58:00+01:00,956.73,18.0,22.08,0.0,68.56,False,0,False,False,0,False
2024-02-06 04:59:00+01:00,955.95,18.0,22.06,0.0,68.56,False,0,False,False,0,False
2024-02-06 05:00:00+01:00,955.18,18.0,22.04,0.0,68.56,False,0,False,False,0,False
2024-02-06 05:01:00+01:00,954.4,18.0,22.02,0.0,68.56,False,0,False,False,0,False
2024-02-06 05:02:00+01:00,953.63,18.0,22.0,0.0,68.56,False,0,False,False,0,False
2024-02-06 05:03:00+01:00,952.86,18.0,21.98,0.0,68.56,False,0,False,False,0,False
2024-02-06 05:04:00+01:00,952.09,18.0,21.96,0.0,68.56,False,0,False,False,0,False
2024-02-06 05:05:00+01:00,951.32,18.0,21.94,0.0,68.56,False,0,False,False,0,False
2024-02-06 05:06:00+01:00,950.55,18.0,21.92,0.0,68.56,False,0,False,False,0,False
2024-02-06 05:07:00+01:00,949.78,18.0,21.9,0.0,68.56,False,0,False,False,0,False
2024-02-06 05:08:00+01:00,949.02,18.0,21.88,0.0,68.56,False,0,False,False,0,False
2024-02-06 05:09:00+01:00,948.25,18.0,21.86,0.0,68.56,False,0,False,False,0,False
2024-02-06 05:10:00+01:00,947.49,18.0,21.84,0.0,68.56,False,0,False,False,0,False
2024-02-06 05:11:00+01:00,946.73,18.0,21.82,0.0,68.56,False,0,False,False,0,False
2024-02-06 05:12:00+01:00,945.97,18.0,21.8,0.0,68.56,False,0,False,False,0,False
2024-02-06 05:13:00+01:00,945.21,18.0,21.78,0.0,68.56,False,0,False,False,0,False
2024-02-06 05:14:00+01:00,944.45,18.0,21.76,0.0,68.56,False,0,False,False,0,False
2024-02-06 05:15:00+01:00,943.69,18.0,21.74,0.0,68.56,False,0,False,False,0,False
2024-02-06 05:16:00+01:00,942.94,18.0,21.72,0.0,68.56,False,0,False,False,0,False
2024-02-06 05:17:00+01:00,942.18,18.0,21.7,0.0,68.56,False,0,False,False,0,False
2024-02-06 05:18:00+01:00,941.43,18.0,21.68,0.0,68.56,False,0,False,False,0,False
2024-02-06 05:19:00+01:00,940.68,18.0,21.66,0.0,68.56,False,0,False,False,0,False
2024-02-06 05:20:00+01:00,939.93,18.0,21.64,0.0,68.56,False,0,False,False,0,False
2024-02-06 05:21:00+01:00,939.18,18.0,21.62,0.0,68.56,False,0,False,False,0,False
2024-02-06 05:22:00+01:00,938.43,18.0,21.6,0.0,68.56,False,0,False,False,0,False
2024-02-06 05:23:00+01:00,937.68,18.0,21.58,0.0,68.56,False,0,False,False,0,False
2024-02-06 05:24:00+01:00,936.94,18.0,21.56,0.0,68.56,False,0,False,False,0,False
2024-02-06 05:25:00+01:00,936.19,18.0,21.54,0.0,68.56,False,0,False,False,0,False
2024-02-06 05:26:00+01:00,935.45,18.0,21.52,0.0,68.56,False,0,False,False,0,False
2024-02-06 05:27:00+01:00,934.71,18.0,21.5,0.0,68.56,False,0,False,False,0,False
2024-02-06 05:28:00+01:00,933.96,18.0,21.48,0.0,68.56,False,0,False,False,0,False
2024-02-06 05:29:00+01:00,933.22,18.0,21.47,0.0,68.56,False,0,False,False,0,False
2024-02-06 05:30:00+01:00,932.49,18.0,21.45,0.0,68.56,False,0,False,False,0,False
2024-02-06 05:31:00+01:00,931.75,18.0,21.43,0.0,68.56,False,0,False,False,0,False
2024-02-06 05:32:00+01:00,931.01,18.0,21.41,0.0,68.56,False,0,False,False,0,False
2024-02-06 05:33:00+01:00,930.28,18.0,21.39,0.0,68.56,False,0,False,False,0,False
2024-02-06 05:34:00+01:00,929.54,18.0,21.37,0.0,68.56,False,0,False,False,0,False
2024-02-06 05:35:00+01:00,928.81,18.0,21.35,0.0,68.56,False,0,False,False,0,False
2024-02-06 05:36:00+01:00,928.08,18.0,21.33,0.0,68.56,False,0,False,False,0,False
2024-02-06 05:37:00+01:00,927.35,18.0,21.31,0.0,68.56,False,0,False,False,0,False
2024-02-06 05:38:00+01:00,926.62,18.0,21.29,0.0,68.56,False,0,False,False,0,False
2024-02-06 05:39:00+01:00,925.89,18.0,21.27,0.0,68.56,False,0,False,False,0,False
2024-02-06 05:40:00+01:00,925.17,18.0,21.25,0.0,68.56,False,0,False,False,0,False
2024-02-06 05:41:00+01:00,924.44,18.0,21.23,0.0,68.56,False,0,False,False,0,False
2024-02-06 05:42:00+01:00,923.72,18.0,21.21,0.0,68.56,False,0,False,False,0,False
2024-02-06 05:43:00+01:00,922.99,18.0,21.19,0.0,68.56,False,0,False,False,0,False
2024-02-06 05:44:00+01:00,922.27,18.0,21.18,0.0,68.56,False,0,False,False,0,False
2024-02-06 05:45:00+01:00,921.55,18.0,21.16,0.0,68.56,False,0,False,False,0,False
2024-02-06 05:46:00+01:00,920.83,18.0,21.14,0.0,68.56,False,0,False,False,0,False
2024-02-06 05:47:00+01:00,920.11,18.0,21.12,0.0,68.56,False,0,False,False,0,False
2024-02-06 05:48:00+01:00,919.39,18.0,21.1,0.0,68.56,False,0,False,False,0,False
2024-02-06 05:49:00+01:00,918.68,18.0,21.08,0.0,68.56,False,0,False,False,0,False
2024-02-06 05:50:00+01:00,917.96,18.0,21.06,0.0,68.56,False,0,False,False,0,False
2024-02-06 05:51:00+01:00,917.25,18.0,21.04,0.0,68.56,False,0,False,False,0,False
2024-02-06 05:52:00+01:00,916.54,18.0,21.02,0.0,68.56,False,0,False,False,0,False
2024-02-06 05:53:00+01:00,917.65,18.0,21.02,0.0,68.56,True,1,False,False,1,True
2024-02-06 05:54:00+01:00,919.93,18.0,21.04,0.0,68.56,True,1,True,False,1,True
2024-02-06 05:55:00+01:00,922.61,18.0,21.05,0.0,68.56,True,1,True,False,1,True
2024-02-06 05:56:00+01:00,925.33,18.0,21.07,0.0,68.56,True,1,True,False,1,True
2024-02-06 05:57:00+01:00,928.0,18.0,21.09,0.0,68.56,True,1,True,False,1,True
2024-02-06 05:58:00+01:00,930.64,18.0,21.1,0.0,68.56,True,1,True,False,1,True
2024-02-06 05:59:00+01:00,933.25,18.0,21.12,0.0,68.56,True,1,True,False,1,True
2024-02-06 06:00:00+01:00,935.86,18.0,21.14,0.0,68.56,True,1,True,False,1,True
2024-02-06 06:01:00+01:00,938.46,18.0,21.15,0.0,68.56,True,1,True,False,1,True
2024-02-06 06:02:00+01:00,941.06,18.0,21.17,0.0,68.56,True,1,True,False,1,True
2024-02-06 06:03:00+01:00,943.65,18.0,21.19,0.0,68.56,True,1,True,False,1,True
2024-02-06 06:04:00+01:00,946.25,18.0,21.2,0.0,68.56,True,1,True,False,1,True
2024-02-06 06:05:00+01:00,948.83,18.0,21.22,0.0,68.56,True,1,True,False,1,True
2024-02-06 06:06:00+01:00,951.42,18.0,21.24,0.0,68.56,True,1,True,False,1,True
2024-02-06 06:07:00+01:00,953.99,18.0,21.25,0.0,68.56,True,1,True,False,1,True
2024-02-06 06:08:00+01:00,956.57,18.0,21.27,0.0,68.56,True,1,True,False,1,True
2024-02-06 06:09:00+01:00,959.14,18.0,21.28,0.0,68.56,True,1,True,False,1,True
2024-02-06 06:10:00+01:00,961.7,18.0,21.3,0.0,68.56,True,1,True,False,1,True
2024-02-06 06:11:00+01:00,964.26,18.0,21.32,0.0,68.56,True,1,True,False,1,True
2024-02-06 06:12:00+01:00,966.82,18.0,21.33,0.0,68.56,True,1,True,False,1,True
2024-02-06 06:13:00+01:00,969.37,18.0,21.35,0.0,68.56,True,1,True,False,1,True
2024-02-06 06:14:00+01:00,971.92,18.0,21.37,0.0,68.56,True,1,True,False,1,True
2024-02-06 06:15:00+01:00,974.47,18.0,21.38,0.0,68.56,True,1,True,False,1,True
2024-02-06 06:16:00+01:00,977.01,18.0,21.4,0.0,68.56,True,1,True,False,1,True
2024-02-06 06:17:00+01:00,979.54,18.0,21.41,0.0,68.56,True,1,True,False,1,True
2024-02-06 06:18:00+01:00,982.07,18.0,21.43,0.0,68.56,True,1,True,False,1,True
2024-02-06 06:19:00+01:00,984.6,18.0,21.44,0.0,68.56,True,1,True,False,1,True
2024-02-06 06:20:00+01:00,987.12,18.0,21.46,0.0,68.56,True,1,True,False,1,True
2024-02-06 06:21:00+01:00,989.64,18.0,21.48,0.0,68.56,True,1,True,False,1,True
2024-02-06 06:22:00+01:00,992.16,18.0,21.49,0.0,68.56,True,1,True,False,1,True
2024-02-06 06:23:00+01:00,994.67,18.0,21.51,0.0,68.56,True,1,True,False,1,True
2024-02-06 06:24:00+01:00,997.17,18.0,21.52,0.0,68.56,True,1,True,False,1,True
2024-02-06 06:25:00+01:00,999.68,18.0,21.54,0.0,68.56,True,1,True,False,1,True
2024-02-06 06:26:00+01:00,1002.17,18.0,21.56,0.0,68.56,True,1,True,False,1,True
2024-02-06 06:27:00+01:00,1004.67,18.0,21.57,0.0,68.56,True,1,True,False,1,True
2024-02-06 06:28:00+01:00,1007.16,18.0,21.59,0.0,68.56,True,1,True,False,1,True
2024-02-06 06:29:00+01:00,1009.64,18.0,21.6,0.0,68.56,True,1,True,False,1,True
2024-02-06 06:30:00+01:00,1012.12,18.0,21.62,0.0,68.56,True,1,True,False,1,True
2024-02-06 06:31:00+01:00,1014.6,18.0,21.63,0.0,68.56,True,1,True,False,1,True
2024-02-06 06:32:00+01:00,1017.07,18.0,21.65,0.0,68.56,True,1,True,False,1,True
2024-02-06 06:33:00+01:00,1019.54,18.0,21.66,0.0,68.56,True,1,True,False,1,True
2024-02-06 06:34:00+01:00,1022.01,18.0,21.68,0.0,68.56,True,1,True,False,1,True
2024-02-06 06:35:00+01:00,1024.47,18.0,21.69,0.0,68.56,True,1,True,False,1,True
2024-02-06 06:36:00+01:00,1026.93,18.0,21.71,0.0,68.56,True,1,True,False,1,True
2024-02-06 06:37:00+01:00,1029.38,18.0,21.72,0.0,68.56,True,1,True,False,1,True
2024-02-06 06:38:00+01:00,1031.83,18.0,21.74,0.0,68.56,True,1,True,False,1,True
2024-02-06 06:39:00+01:00,1034.27,18.0,21.76,0.0,68.56,True,1,True,False,1,True
2024-02-06 06:40:00+01:00,1036.71,18.0,21.77,0.0,68.56,True,1,True,False,1,True
2024-02-06 06:41:00+01:00,1039.15,18.0,21.79,0.0,68.56,True,1,True,False,1,True
2024-02-06 06:42:00+01:00,1041.58,18.0,21.8,0.0,68.56,True,1,True,False,1,True
2024-02-06 06:43:00+01:00,1044.01,18.0,21.82,0.0,68.56,True,1,True,False,1,True
2024-02-06 06:44:00+01:00,1046.43,18.0,21.83,0.0,68.56,True,1,True,False,1,True
2024-02-06 06:45:00+01:00,1048.85,18.0,21.85,0.0,68.56,True,1,True,False,1,True
2024-02-06 06:46:00+01:00,1051.27,18.0,21.86,0.0,68.56,True,1,True,False,1,True
2024-02-06 06:47:00+01:00,1051.85,18.0,21.86,0.0,68.56,False,0,True,True,1,True
2024-02-06 06:48:00+01:00,1051.27,18.0,21.84,0.0,68.56,False,0,False,False,1,True
2024-02-06 06:49:00+01:00,1050.29,18.0,21.82,0.0,68.56,False,0,False,False,1,True
2024-02-06 06:50:00+01:00,1049.26,18.0,21.8,0.0,68.56,False,0,False,False,1,True
2024-02-06 06:51:00+01:00,1048.27,18.0,21.77,0.0,68.56,False,0,False,False,1,True
2024-02-06 06:52:00+01:00,1047.33,18.0,21.75,0.0,68.56,False,0,False,False,1,True
2024-02-06 06:53:00+01:00,1048.22,18.0,21.75,0.0,68.56,True,1,False,False,1,True
2024-02-06 06:54:00+01:00,1050.28,18.0,21.76,0.0,68.56,True,1,True,False,1,True
2024-02-06 06:55:00+01:00,1052.75,18.0,21.78,0.0,68.56,True,1,True,False,1,True
2024-02-06 06:56:00+01:00,1057.08,18.01,21.8,0.0,68.56,True,2,True,False,1,True
2024-02-06 06:57:00+01:00,1062.53,18.03,21.82,0.0,68.56,True,2,True,False,1,True
2024-02-06 06:58:00+01:00,1068.34,18.05,21.85,0.0,68.56,True,2,True,False,1,True
2024-02-06 06:59:00+01:00,1074.17,18.06,21.88,0.0,68.56,True,2,True,False,1,True
2024-02-06 07:00:00+01:00,1079.95,18.08,21.91,0.0,68.56,True,2,True,False,1,True
2024-02-06 07:01:00+01:00,1085.18,18.35,21.58,0.0,68.56,True,2,True,False,1,True
2024-02-06 07:02:00+01:00,1090.15,18.76,21.08,0.0,68.56,True,2,True,False,1,True
2024-02-06 07:03:00+01:00,1095.12,19.17,20.59,0.0,68.56,True,2,True,False,1,True
2024-02-06 07:04:00+01:00,1100.17,19.54,20.17,0.0,68.56,True,2,True,False,1,True
2024-02-06 07:05:00+01:00,1105.32,19.86,19.84,0.0,68.56,True,2,True,False,1,True
2024-02-06 07:06:00+01:00,1110.56,20.13,19.57,0.0,68.56,True,2,True,False,1,True
2024-02-06 07:07:00+01:00,1115.86,20.36,19.35,0.0,68.56,True,2,True,False,1,True
2024-02-06 07:08:00+01:00,1121.22,20.56,19.18,0.0,68.56,True,2,True,False,1,True
2024-02-06 07:09:00+01:00,1126.64,20.73,19.05,0.0,68.56,True,2,True,False,1,True
2024-02-06 07:10:00+01:00,1132.09,20.88,18.94,0.0,68.56,True,2,True,False,1,True
2024-02-06 07:11:00+01:00,1137.59,21.0,18.88,0.0,68.56,True,2,True,False,1,True
2024-02-06 07:12:00+01:00,1143.11,21.0,18.95,0.0,68.56,True,2,True,False,1,True
2024-02-06 07:13:00+01:00,1148.64,21.0,19.03,0.0,68.56,True,2,True,False,1,True
2024-02-06 07:14:00+01:00,1154.15,21.0,19.11,0.0,68.56,True,2,True,False,1,True
2024-02-06 07:15:00+01:00,1159.65,21.0,19.18,0.0,68.56,True,2,True,False,1,True
2024-02-06 07:16:00+01:00,1165.14,21.0,19.26,0.0,68.56,True,2,True,False,1,True
2024-02-06 07:17:00+01:00,1170.63,21.0,19.33,0.0,68.56,True,2,True,False,1,True
2024-02-06 07:18:00+01:00,1176.11,21.0,19.41,0.0,68.56,True,2,True,False,1,True
2024-02-06 07:19:00+01:00,1181.58,21.0,19.48,0.0,68.56,True,2,True,False,1,True
2024-02-06 07:20:00+01:00,1187.04,21.0,19.55,0.0,68.56,True,2,True,False,1,True
2024-02-06 07:21:00+01:00,1192.49,21.0,19.63,0.0,68.56,True,2,True,False,1,True
2024-02-06 07:22:00+01:00,1197.93,21.0,19.7,0.0,68.56,True,2,True,False,1,True
2024-02-06 07:23:00+01:00,1203.37,21.0,19.78,0.0,68.56,True,2,True,False,1,True
2024-02-06 07:24:00+01:00,1208.8,21.0,19.85,0.0,68.56,True,2,True,False,1,True
2024-02-06 07:25:00+01:00,1214.21,21.0,19.93,0.0,68.56,True,2,True,False,1,True
2024-02-06 07:26:00+01:00,1219.63,21.0,20.0,0.0,68.56,True,2,True,False,1,True
2024-02-06 07:27:00+01:00,1225.03,21.0,20.07,0.0,68.56,True,2,True,False,2,True
2024-02-06 07:28:00+01:00,1230.42,21.0,20.15,0.0,68.56,True,2,True,False,2,True
2024-02-06 07:29:00+01:00,1235.81,21.0,20.22,0.0,68.56,True,2,True,False,2,True
2024-02-06 07:30:00+01:00,1241.18,21.0,20.29,0.0,68.56,True,2,True,False,2,True
2024-02-06 07:31:00+01:00,1246.55,21.0,20.37,0.0,68.56,True,2,True,False,2,True
2024-02-06 07:32:00+01:00,1251.91,21.0,20.44,0.0,68.56,True,2,True,False,2,True
2024-02-06 07:33:00+01:00,1257.26,21.0,20.51,0.0,68.56,True,2,True,False,2,True
2024-02-06 07:34:00+01:00,1262.61,21.0,20.59,0.0,68.56,True,2,True,False,2,True
2024-02-06 07:35:00+01:00,1267.94,21.0,20.66,0.0,68.56,True,2,True,False,2,True
2024-02-06 07:36:00+01:00,1273.27,21.0,20.73,0.0,68.56,True,2,True,False,2,True
2024-02-06 07:37:00+01:00,1278.59,21.0,20.8,0.0,68.56,True,2,True,False,2,True
2024-02-06 07:38:00+01:00,1283.9,21.0,20.88,0.0,68.56,True,2,True,False,2,True
2024-02-06 07:39:00+01:00,1289.2,21.0,20.95,0.0,68.56,True,2,True,False,2,True
2024-02-06 07:40:00+01:00,1294.49,21.0,21.02,0.0,68.56,True,2,True,False,2,True
2024-02-06 07:41:00+01:00,1299.78,21.0,21.09,0.0,68.56,True,2,True,False,2,True
2024-02-06 07:42:00+01:00,1305.05,21.0,21.16,0.0,68.56,True,2,True,False,2,True
2024-02-06 07:43:00+01:00,1310.32,21.0,21.23,0.0,68.56,True,2,True,False,2,True
2024-02-06 07:44:00+01:00,1315.58,21.0,21.31,0.0,68.56,True,2,True,False,2,True
2024-02-06 07:45:00+01:00,1320.83,21.0,21.38,0.0,68.56,True,2,True,False,2,True
2024-02-06 07:46:00+01:00,1326.07,21.0,21.45,0.0,68.56,True,2,True,False,2,True
2024-02-06 07:47:00+01:00,1331.31,21.0,21.52,0.0,68.56,True,2,True,False,2,True
2024-02-06 07:48:00+01:00,1334.72,21.0,21.57,0.0,68.56,True,1,True,False,1,True
2024-02-06 07:49:00+01:00,1336.96,21.0,21.59,0.0,68.56,True,1,True,False,1,True
2024-02-06 07:50:00+01:00,1338.81,21.0,21.62,0.0,68.56,True,1,True,False,1,True
2024-02-06 07:51:00+01:00,1340.61,21.0,21.64,0.0,68.56,True,1,True,False,1,True
2024-02-06 07:52:00+01:00,1342.45,21.0,21.66,0.0,68.56,True,1,True,False,1,True
2024-02-06 07:53:00+01:00,1344.33,21.0,21.69,0.0,68.56,True,1,True,False,1,True
2024-02-06 07:54:00+01:00,1346.21,21.0,21.71,0.0,68.56,True,1,True,False,1,True
2024-02-06 07:55:00+01:00,1348.1,21.0,21.73,0.0,68.56,True,1,True,False,1,True
2024-02-06 07:56:00+01:00,1349.98,21.0,21.76,0.0,68.56,True,1,True,False,1,True
2024-02-06 07:57:00+01:00,1351.86,21.0,21.78,0.0,68.56,True,1,True,False,1,True
2024-02-06 07:58:00+01:00,1353.73,21.0,21.8,0.0,68.56,True,1,True,False,1,True
2024-02-06 07:59:00+01:00,1355.6,21.0,21.83,0.0,68.56,True,1,True,False,1,True
2024-02-06 08:00:00+01:00,1357.47,21.0,21.85,0.0,68.56,True,1,True,False,1,True
