temperature,humidity,ventilation rate,volume,CO2_variance,features,scaledFeatures,prediction
22.02,49.87,0.25,65.0,10.71844999999998,[22.02    49.87     0.25    65.      10.71845],[-3.12579246  1.19416396  0.          0.          1.22326454],2
22.05,50.0,0.25,65.0,0.21124999999998523,[22.05    50.       0.25    65.       0.21125],[-3.06287361  1.223053    0.          0.         -0.77394429],2
22.13,49.33,0.25,65.0,3.075200000000045,[22.13   49.33    0.25   65.      3.0752],[-2.89509002  1.07416335  0.          0.         -0.22956461],2
22.19,49.77,0.25,65.0,5.152049999999022,[22.19    49.77     0.25    65.       5.15205],[-2.76925232  1.17194163  0.          0.          0.16520309],2
22.2,49.48,0.25,65.0,1.9012499999998669,[22.2     49.48     0.25    65.       1.90125],[-2.74827937  1.10749686  0.          0.         -0.45270905],2
22.22,49.51,0.25,65.0,0.20479999999991852,[22.22   49.51    0.25   65.      0.2048],[-2.70633347  1.11416356  0.          0.         -0.77517031],2
22.23,49.38,0.25,65.0,6.956450000000068,[22.23    49.38     0.25    65.       6.95645],[-2.68536052  1.08527452  0.          0.          0.50818349],2
22.23,50.22,0.25,65.0,5.544449999999758,[22.23    50.22     0.25    65.       5.54445],[-2.68536052  1.27194214  0.          0.          0.23979049],2
22.25,49.77,0.25,65.0,1.6380499999999012,[22.25    49.77     0.25    65.       1.63805],[-2.64341462  1.17194163  0.          0.         -0.50273811],2
22.25,49.83,0.25,65.0,3.2257999999999076,[22.25   49.83    0.25   65.      3.2258],[-2.64341462  1.18527503  0.          0.         -0.20093855],2
22.26,49.76,0.25,65.0,17.3192666666666,[22.26       49.76        0.25       65.         17.31926667],[-2.62244168  1.1697194   0.          0.          2.47794794],2
22.26,49.93,0.25,65.0,6.9937999999996086,[22.26   49.93    0.25   65.      6.9938],[-2.62244168  1.20749737  0.          0.          0.51528298],2
22.26,50.01,0.25,65.0,1.3612499999995873,[22.26    50.01     0.25    65.       1.36125],[-2.62244168  1.22527523  0.          0.         -0.55535226],2
22.31,49.51,0.25,65.0,0.5124333333332795,[22.31       49.51        0.25       65.          0.51243333],[-2.51757693  1.11416356  0.          0.         -0.71669536],2
22.32,49.54,0.25,65.0,2.101249999999674,[22.32    49.54     0.25    65.       2.10125],[-2.49660398  1.12083026  0.          0.         -0.41469305],2
22.33,49.52,0.25,65.0,0.02419999999998099,[2.233e+01 4.952e+01 2.500e-01 6.500e+01 2.420e-02],[-2.47563103  1.11638579  0.          0.         -0.80949876],2
22.35,41.42,0.25,65.0,1.3612499999995873,[22.35    41.42     0.25    65.       1.36125],[-2.43368513 -0.68362337  0.          0.         -0.55535226],0
22.36,41.66,0.25,65.0,8.24179999999978,[22.36   41.66    0.25   65.      8.2418],[-2.41271218 -0.63028977  0.          0.          0.75250285],2
22.38,49.73,0.25,65.0,5.024450000000231,[22.38    49.73     0.25    65.       5.02445],[-2.37076628  1.16305269  0.          0.          0.14094888],2
22.39,41.78,0.25,65.0,0.6049999999999,[22.39  41.78   0.25  65.     0.605],[-2.34979333 -0.60362296  0.          0.         -0.69910028],0
22.4,49.49,0.25,65.0,0.07220000000001987,[22.4    49.49    0.25   65.      0.0722],[-2.32882038  1.10971909  0.          0.         -0.80037492],2
22.42,49.84,0.25,65.0,9.073799999999476,[22.42   49.84    0.25   65.      9.0738],[-2.28687449  1.18749726  0.          0.          0.91064943],2
22.43,41.87,0.25,65.0,9.03125,[22.43    41.87     0.25    65.       9.03125],[-2.26590154 -0.58362286  0.          0.          0.90256152],2
22.46,42.01,0.25,65.0,2.6134333333335915,[22.46       42.01        0.25       65.          2.61343333],[-2.20298269 -0.55251159  0.          0.         -0.31733723],0
22.47,49.29,0.25,65.0,0.0031999999999941793,[2.247e+01 4.929e+01 2.500e-01 6.500e+01 3.200e-03],[-2.18200974  1.06527442  0.          0.         -0.81349044],2
22.49,49.66,0.25,65.0,0.016200000000031925,[2.249e+01 4.966e+01 2.500e-01 6.500e+01 1.620e-02],[-2.14006384  1.14749706  0.          0.         -0.8110194 ],2
22.5,41.93,0.25,65.0,0.40499999999997954,[22.5   41.93   0.25  65.     0.405],[-2.11909089 -0.57028946  0.          0.         -0.73711629],0
22.5,42.04,0.25,65.0,1.7484500000004337,[22.5     42.04     0.25    65.       1.74845],[-2.11909089 -0.54584489  0.          0.         -0.48175328],0
22.5,49.7,0.25,65.0,0.005000000000025011,[2.25e+01 4.97e+01 2.50e-01 6.50e+01 5.00e-03],[-2.11909089  1.15638599  0.          0.         -0.8131483 ],2
22.52,49.13,0.25,65.0,0.16244999999999613,[22.52    49.13     0.25    65.       0.16245],[-2.07714499  1.02971868  0.          0.         -0.7832202 ],2
22.53,42.08,0.25,65.0,1.3777999999997583,[22.53   42.08    0.25   65.      1.3778],[-2.05617204 -0.53695596  0.          0.         -0.55220644],0
22.53,42.26,0.25,65.0,0.007200000000000545,[2.253e+01 4.226e+01 2.500e-01 6.500e+01 7.200e-03],[-2.05617204 -0.49695575  0.          0.         -0.81273012],0
22.56,41.99,0.25,65.0,18.926433333333527,[22.56       41.99        0.25       65.         18.92643333],[-1.9932532  -0.55695606  0.          0.          2.78343821],2
22.57,41.86,0.25,65.0,16.131199999999716,[22.57   41.86    0.25   65.     16.1312],[-1.97228025 -0.5858451   0.          0.          2.25212019],2
22.57,41.92,0.25,65.0,0.5,[22.57 41.92  0.25 65.    0.5 ],[-1.97228025 -0.57251169  0.          0.         -0.71905869],0
22.57,42.16,0.25,65.0,14.796799999998441,[22.57   42.16    0.25   65.     14.7968],[-1.97228025 -0.51917809  0.          0.          1.99847741],2
22.59,41.91,0.25,65.0,1.4166999999997962,[22.59   41.91    0.25   65.      1.4167],[-1.93033435 -0.57473393  0.          0.         -0.54481233],0
22.59,41.92,0.25,65.0,0.2312000000001206,[22.59   41.92    0.25   65.      0.2312],[-1.93033435 -0.57251169  0.          0.         -0.7701522 ],0
22.59,41.93,0.25,65.0,1.729800000000237,[22.59   41.93    0.25   65.      1.7298],[-1.93033435 -0.57028946  0.          0.         -0.48529827],0
22.59,42.05,0.25,65.0,7.3728000000005585,[22.59   42.05    0.25   65.      7.3728],[-1.93033435 -0.54362266  0.          0.          0.58732331],0
22.59,42.07,0.25,65.0,3.808799999999661,[22.59   42.07    0.25   65.      3.8088],[-1.93033435 -0.53917819  0.          0.         -0.0901219 ],0
22.59,42.12,0.25,65.0,4.037666666666386,[22.59       42.12        0.25       65.          4.03766667],[-1.93033435 -0.52806702  0.          0.         -0.04661892],0
22.59,42.19,0.25,65.0,2.691200000000116,[22.59   42.19    0.25   65.      2.6912],[-1.93033435 -0.51251139  0.          0.         -0.30255534],0
22.59,42.22,0.25,65.0,18.30125000000041,[22.59    42.22     0.25    65.      18.30125],[-1.93033435 -0.50584469  0.          0.          2.66460335],2
22.59,49.46,0.25,65.0,8.585233333333392,[22.59       49.46        0.25       65.          8.58523333],[-1.93033435  1.10305239  0.          0.          0.81778266],2
22.59,49.5,0.25,65.0,1.2960499999999304,[22.59    49.5      0.25    65.       1.29605],[-1.93033435  1.11194132  0.          0.         -0.56774548],2
22.6,41.97,0.25,65.0,1.548799999999784,[22.6    41.97    0.25   65.      1.5488],[-1.9093614  -0.56140053  0.          0.         -0.51970276],0
22.6,42.03,0.25,65.0,19.219999999999576,[22.6  42.03  0.25 65.   19.22],[-1.9093614  -0.54806713  0.          0.          2.83923937],2
22.6,42.12,0.25,65.0,9.6800000000004,[22.6  42.12  0.25 65.    9.68],[-1.9093614  -0.52806702  0.          0.          1.02587594],2
22.6,48.92,0.25,65.0,2.1217999999998876,[22.6    48.92    0.25   65.      2.1218],[-1.9093614   0.98305178  0.          0.         -0.4107869 ],2
22.6,49.97,0.25,65.0,3.3540499999994937,[22.6     49.97     0.25    65.       3.35405],[-1.9093614   1.2163863   0.          0.         -0.17656079],2
22.62,42.08,0.25,65.0,1.729800000000237,[22.62   42.08    0.25   65.      1.7298],[-1.8674155  -0.53695596  0.          0.         -0.48529827],0
22.62,49.48,0.25,65.0,7.02453333333351,[22.62       49.48        0.25       65.          7.02453333],[-1.8674155   1.10749686  0.          0.          0.52112477],2
22.62,49.58,0.25,65.0,19.507299999999766,[22.62   49.58    0.25   65.     19.5073],[-1.8674155   1.12971919  0.          0.          2.89384936],2
22.62,49.62,0.25,65.0,18.12019999999989,[22.62   49.62    0.25   65.     18.1202],[-1.8674155   1.13860813  0.          0.          2.63018936],2
22.62,49.66,0.25,65.0,13.364449999999495,[22.62    49.66     0.25    65.      13.36445],[-1.8674155   1.14749706  0.          0.          1.72621629],2
22.62,49.67,0.25,65.0,4.118450000000176,[22.62    49.67     0.25    65.       4.11845],[-1.8674155   1.14971929  0.          0.         -0.03126362],2
22.62,49.98,0.25,65.0,4.147200000000314,[22.62   49.98    0.25   65.      4.1472],[-1.8674155   1.21860853  0.          0.         -0.02579882],2
22.63,41.96,0.25,65.0,2.6220499999999167,[22.63    41.96     0.25    65.       2.62205],[-1.84644255 -0.56362276  0.          0.         -0.31569937],0
22.63,49.38,0.25,65.0,0.4417999999997307,[22.63   49.38    0.25   65.      0.4418],[-1.84644255  1.08527452  0.          0.         -0.73012134],3
22.63,49.61,0.25,65.0,5.745100000000327,[22.63   49.61    0.25   65.      5.7451],[-1.84644255  1.13638589  0.          0.          0.27793005],2
22.63,49.64,0.25,65.0,7.880450000000108,[22.63    49.64     0.25    65.       7.88045],[-1.84644255  1.14305259  0.          0.          0.68381743],2
22.63,49.67,0.25,65.0,6.993800000000034,[22.63   49.67    0.25   65.      6.9938],[-1.84644255  1.14971929  0.          0.          0.51528298],2
22.63,50.03,0.25,65.0,1.5664499999999677,[22.63    50.03     0.25    65.       1.56645],[-1.84644255  1.2297197   0.          0.         -0.51634784],2
22.64,41.8,0.25,65.0,0.06480000000000491,[2.264e+01 4.180e+01 2.500e-01 6.500e+01 6.480e-02],[-1.8254696  -0.5991785   0.          0.         -0.80178151],0
22.64,49.27,0.25,65.0,1.7484500000000085,[22.64    49.27     0.25    65.       1.74845],[-1.8254696   1.06082995  0.          0.         -0.48175328],2
22.64,49.4,0.25,65.0,0.4607999999998712,[22.64   49.4     0.25   65.      0.4608],[-1.8254696   1.08971899  0.          0.         -0.72650982],3
22.64,49.64,0.25,65.0,0.0338000000000272,[2.264e+01 4.964e+01 2.500e-01 6.500e+01 3.380e-02],[-1.8254696   1.14305259  0.          0.         -0.80767399],3
22.64,49.67,0.25,65.0,0.24499999999995226,[22.64  49.67   0.25  65.     0.245],[-1.8254696   1.14971929  0.          0.         -0.76752909],3
22.64,49.87,0.25,65.0,17.701249999998918,[22.64    49.87     0.25    65.      17.70125],[-1.8254696   1.19416396  0.          0.          2.55055534],2
22.66,41.54,0.25,65.0,0.19845000000006877,[22.66    41.54     0.25    65.       0.19845],[-1.7835237  -0.65695657  0.          0.         -0.77637732],0
22.66,41.87,0.25,65.0,0.8580500000003753,[22.66    41.87     0.25    65.       0.85805],[-1.7835237  -0.58362286  0.          0.         -0.65100053],0
22.66,41.89,0.25,65.0,0.05780000000001082,[2.266e+01 4.189e+01 2.500e-01 6.500e+01 5.780e-02],[-1.7835237  -0.5791784   0.          0.         -0.80311207],0
22.66,45.89,0.25,65.0,4.292450000000519,[22.66    45.89     0.25    65.       4.29245],[-1.7835237   0.30971502  0.          0.          0.0018103 ],2
22.66,49.6,0.25,65.0,7.449800000000053,[22.66   49.6     0.25   65.      7.4498],[-1.7835237   1.13416366  0.          0.          0.60195947],2
22.66,49.72,0.25,65.0,0.5831999999999214,[22.66   49.72    0.25   65.      0.5832],[-1.7835237   1.16083046  0.          0.         -0.70324403],3
22.66,49.77,0.25,65.0,18.180450000001205,[22.66    49.77     0.25    65.      18.18045],[-1.7835237   1.17194163  0.          0.          2.64164168],2
22.66,49.82,0.25,65.0,0.5402333333333246,[22.66       49.82        0.25       65.          0.54023333],[-1.7835237   1.1830528   0.          0.         -0.71141113],3
22.66,49.83,0.25,65.0,4.410450000000418,[22.66    49.83     0.25    65.       4.41045],[-1.7835237   1.18527503  0.          0.          0.02423975],2
22.67,40.01,0.25,65.0,0.0024500000000035015,[2.267e+01 4.001e+01 2.500e-01 6.500e+01 2.450e-03],[-1.76255075 -0.9969583   0.          0.         -0.813633  ],0
22.67,40.77,0.25,65.0,4.351249999999464,[22.67    40.77     0.25    65.       4.35125],[-1.76255075 -0.82806855  0.          0.          0.01298701],0
22.67,40.85,0.25,65.0,0.30419999999989006,[22.67   40.85    0.25   65.      0.3042],[-1.76255075 -0.81029068  0.          0.         -0.75627635],0
22.67,41.86,0.25,65.0,0.8192000000002562,[22.67   41.86    0.25   65.      0.8192],[-1.76255075 -0.5858451   0.          0.         -0.65838514],0
22.67,49.26,0.25,65.0,0.7688000000001523,[22.67   49.26    0.25   65.      0.7688],[-1.76255075  1.05860772  0.          0.         -0.66796517],3
22.67,49.76,0.25,65.0,11.61620000000024,[22.67   49.76    0.25   65.     11.6162],[-1.76255075  1.1697194   0.          0.          1.39390888],2
22.67,49.77,0.25,65.0,2.952450000000431,[22.67    49.77     0.25    65.       2.95245],[-1.76255075  1.17194163  0.          0.         -0.25289693],2
22.67,49.78,0.25,65.0,0.02644999999992574,[2.267e+01 4.978e+01 2.500e-01 6.500e+01 2.645e-02],[-1.76255075  1.17416386  0.          0.         -0.80907108],3
22.68,40.66,0.25,65.0,0.336200000000041,[22.68   40.66    0.25   65.      0.3362],[-1.7415778  -0.85251312  0.          0.         -0.75019379],0
22.68,41.75,0.25,65.0,13.364450000000376,[22.68    41.75     0.25    65.      13.36445],[-1.7415778  -0.61028966  0.          0.          1.72621629],2
22.68,41.81,0.25,65.0,2.5538000000002365,[22.68   41.81    0.25   65.      2.5538],[-1.7415778  -0.59695626  0.          0.         -0.32867233],0
22.68,41.92,0.25,65.0,1.377799999999947,[22.68   41.92    0.25   65.      1.3778],[-1.7415778  -0.57251169  0.          0.         -0.55220644],0
22.68,41.96,0.25,65.0,1.2640500000000505,[22.68    41.96     0.25    65.       1.26405],[-1.7415778  -0.56362276  0.          0.         -0.57382804],0
22.68,48.7,0.25,65.0,0.04204999999998945,[2.268e+01 4.870e+01 2.500e-01 6.500e+01 4.205e-02],[-1.7415778   0.93416264  0.          0.         -0.80610583],3
22.68,49.67,0.25,65.0,0.5940500000001586,[22.68    49.67     0.25    65.       0.59405],[-1.7415778   1.14971929  0.          0.         -0.70118166],3
22.68,49.7,0.25,65.0,0.3280499999999558,[22.68    49.7      0.25    65.       0.32805],[-1.7415778   1.15638599  0.          0.         -0.75174295],3
22.68,49.77,0.25,65.0,0.3612499999999227,[22.68    49.77     0.25    65.       0.36125],[-1.7415778   1.17194163  0.          0.         -0.74543229],3
22.7,40.44,0.25,65.0,0.06125000000008754,[2.270e+01 4.044e+01 2.500e-01 6.500e+01 6.125e-02],[-1.6996319  -0.90140226  0.          0.         -0.8024563 ],0
22.7,40.52,0.25,65.0,0.46079999999992577,[22.7    40.52    0.25   65.      0.4608],[-1.6996319  -0.88362439  0.          0.         -0.72650982],0
22.7,40.96,0.25,65.0,1.8228000000002145,[22.7    40.96    0.25   65.      1.8228],[-1.6996319  -0.78584611  0.          0.         -0.46762083],0
22.7,41.53,0.25,65.0,0.4512500000001512,[22.7     41.53     0.25    65.       0.45125],[-1.6996319  -0.6591788   0.          0.         -0.72832509],0
22.7,46.06,0.25,65.0,1.201250000000282,[22.7     46.06     0.25    65.       1.20125],[-1.6996319   0.34749299  0.          0.         -0.58576507],0
22.7,49.19,0.25,65.0,3.206158333333191,[22.7        49.19        0.25       65.          3.20615833],[-1.6996319   1.04305208  0.          0.         -0.20467204],2
22.7,49.75,0.25,65.0,1.0658000000000531,[22.7    49.75    0.25   65.      1.0658],[-1.6996319   1.16749716  0.          0.         -0.61151141],3
22.71,36.8,0.25,65.0,5.34644999999994,[22.71    36.8      0.25    65.       5.34645],[-1.67865895 -1.71029526  0.          0.          0.20215465],0
22.71,40.07,0.25,65.0,9.417800000000138,[22.71   40.07    0.25   65.      9.4178],[-1.67865895 -0.9836249   0.          0.          0.97603696],0
22.71,40.55,0.25,65.0,2.691200000000116,[22.71   40.55    0.25   65.      2.6912],[-1.67865895 -0.87695769  0.          0.         -0.30255534],0
22.71,40.84,0.25,65.0,2.69120000000038,[22.71   40.84    0.25   65.      2.6912],[-1.67865895 -0.81251292  0.          0.         -0.30255534],0
22.71,41.75,0.25,65.0,0.8191999999998195,[22.71   41.75    0.25   65.      0.8192],[-1.67865895 -0.61028966  0.          0.         -0.65838514],0
22.71,41.78,0.25,65.0,6.909300000000334,[22.71   41.78    0.25   65.      6.9093],[-1.67865895 -0.60362296  0.          0.          0.49922122],0
22.71,48.66,0.25,65.0,3.8364499999999495,[22.71    48.66     0.25    65.       3.83645],[-1.67865895  0.92527371  0.          0.         -0.08486619],2
22.71,49.4,0.25,65.0,1.0804500000002073,[22.71    49.4      0.25    65.       1.08045],[-1.67865895  1.08971899  0.          0.         -0.60872674],3
22.71,49.42,0.25,65.0,1.6744499999998668,[22.71    49.42     0.25    65.       1.67445],[-1.67865895  1.09416345  0.          0.         -0.4958192 ],2
22.71,49.43,0.25,65.0,2.7612500000000533,[22.71    49.43     0.25    65.       2.76125],[-1.67865895  1.09638569  0.          0.         -0.28924023],2
22.71,49.68,0.25,65.0,0.9247999999997093,[22.71   49.68    0.25   65.      0.9248],[-1.67865895  1.15194153  0.          0.         -0.63831269],3
22.71,49.71,0.25,65.0,4.032799999999445,[22.71   49.71    0.25   65.      4.0328],[-1.67865895  1.15860823  0.          0.         -0.04754397],2
22.73,40.39,0.25,65.0,8.080199999999927,[22.73   40.39    0.25   65.      8.0802],[-1.63671306 -0.91251343  0.          0.          0.72178592],0
22.73,41.09,0.25,65.0,2.040199999999963,[22.73   41.09    0.25   65.      2.0402],[-1.63671306 -0.75695708  0.          0.         -0.42629743],0
22.73,41.14,0.25,65.0,0.8580500000000775,[22.73    41.14     0.25    65.       0.85805],[-1.63671306 -0.74584591  0.          0.         -0.65100053],0
22.73,41.45,0.25,65.0,0.012799999999994907,[2.273e+01 4.145e+01 2.500e-01 6.500e+01 1.280e-02],[-1.63671306 -0.67695667  0.          0.         -0.81166567],0
22.73,41.58,0.25,65.0,12.005000000000445,[22.73  41.58   0.25  65.    12.005],[-1.63671306 -0.64806763  0.          0.          1.467812  ],2
22.73,41.66,0.25,65.0,3.302450000000421,[22.73    41.66     0.25    65.       3.30245],[-1.63671306 -0.63028977  0.          0.         -0.18636892],0
22.73,41.73,0.25,65.0,4.945091666666852,[22.73       41.73        0.25       65.          4.94509167],[-1.63671306 -0.61473413  0.          0.          0.12586445],0
22.73,41.74,0.25,65.0,0.9112500000000306,[22.73    41.74     0.25    65.       0.91125],[-1.63671306 -0.6125119   0.          0.         -0.64088828],0
22.73,41.84,0.25,65.0,10.57999999999958,[22.73 41.84  0.25 65.   10.58],[-1.63671306 -0.59028956  0.          0.          1.19694796],2
22.73,41.87,0.25,65.0,6.610800000000102,[22.73   41.87    0.25   65.      6.6108],[-1.63671306 -0.58362286  0.          0.          0.44248233],0
22.73,41.88,0.25,65.0,3.7170333333331445,[22.73       41.88        0.25       65.          3.71703333],[-1.63671306 -0.58140063  0.          0.         -0.10756491],0
22.73,49.06,0.25,65.0,0.0017999999999967259,[2.273e+01 4.906e+01 2.500e-01 6.500e+01 1.800e-03],[-1.63671306  1.01416305  0.          0.         -0.81375655],3
22.73,49.36,0.25,65.0,11.602033333332953,[22.73       49.36        0.25       65.         11.60203333],[-1.63671306  1.08083005  0.          0.          1.39121608],2
22.73,49.39,0.25,65.0,7.96005000000049,[22.73    49.39     0.25    65.       7.96005],[-1.63671306  1.08749675  0.          0.          0.6989478 ],2
22.74,36.92,0.25,65.0,5.985799999999929,[22.74   36.92    0.25   65.      5.9858],[-1.61574011 -1.68362846  0.          0.          0.32368231],0
22.74,37.03,0.25,65.0,0.13519999999999055,[22.74   37.03    0.25   65.      0.1352],[-1.61574011 -1.65918389  0.          0.         -0.78839988],0
22.74,40.24,0.25,65.0,8.201250000000737,[22.74    40.24     0.25    65.       8.20125],[-1.61574011 -0.94584693  0.          0.          0.7447951 ],0
22.74,40.9,0.25,65.0,0.5,[22.74 40.9   0.25 65.    0.5 ],[-1.61574011 -0.79917952  0.          0.         -0.71905869],0
22.74,41.43,0.25,65.0,6.479999999999673,[22.74 41.43  0.25 65.    6.48],[-1.61574011 -0.68140114  0.          0.          0.41761986],0
22.74,41.57,0.25,65.0,8.869233333332819,[22.74       41.57        0.25       65.          8.86923333],[-1.61574011 -0.65028987  0.          0.          0.87176539],2
22.74,41.62,0.25,65.0,3.5377999999999155,[22.74   41.62    0.25   65.      3.5378],[-1.61574011 -0.6391787   0.          0.         -0.14163359],0
22.74,41.68,0.25,65.0,5.34644999999994,[22.74    41.68     0.25    65.       5.34645],[-1.61574011 -0.6258453   0.          0.          0.20215465],0
22.74,41.78,0.25,65.0,16.93619999999897,[22.74   41.78    0.25   65.     16.9362],[-1.61574011 -0.60362296  0.          0.          2.40513461],2
22.74,45.99,0.25,65.0,0.2244499999999726,[22.74    45.99     0.25    65.       0.22445],[-1.61574011  0.33193735  0.          0.         -0.77143524],0
22.74,48.53,0.25,65.0,3.8410333333333355,[22.74       48.53        0.25       65.          3.84103333],[-1.61574011  0.89638467  0.          0.         -0.08399499],2
22.74,48.57,0.25,65.0,0.9538250000000871,[22.74     48.57      0.25     65.        0.953825],[-1.61574011  0.9052736   0.          0.         -0.63279562],3
22.74,49.11,0.25,65.0,0.026450000000004182,[2.274e+01 4.911e+01 2.500e-01 6.500e+01 2.645e-02],[-1.61574011  1.02527422  0.          0.         -0.80907108],3
22.74,49.41,0.25,65.0,0.2048000000001368,[22.74   49.41    0.25   65.      0.2048],[-1.61574011  1.09194122  0.          0.         -0.77517031],3
22.74,49.45,0.25,65.0,0.7937999999998453,[22.74   49.45    0.25   65.      0.7938],[-1.61574011  1.10083016  0.          0.         -0.66321317],3
22.76,37.09,0.25,65.0,0.2738000000000067,[22.76   37.09    0.25   65.      0.2738],[-1.57379421 -1.64585049  0.          0.         -0.76205479],0
22.76,40.78,0.25,65.0,5.614170000000296,[22.76    40.78     0.25    65.       5.61417],[-1.57379421 -0.82584632  0.          0.          0.25304287],0
22.76,40.87,0.25,65.0,2.5764499999999586,[22.76    40.87     0.25    65.       2.57645],[-1.57379421 -0.80584622  0.          0.         -0.32436702],0
22.76,40.93,0.25,65.0,6.479999999999673,[22.76 40.93  0.25 65.    6.48],[-1.57379421 -0.79251281  0.          0.          0.41761986],0
22.76,41.28,0.25,65.0,15.920099999999787,[22.76   41.28    0.25   65.     15.9201],[-1.57379421 -0.71473464  0.          0.          2.2119943 ],2
22.76,41.39,0.25,65.0,0.012799999999976717,[2.276e+01 4.139e+01 2.500e-01 6.500e+01 1.280e-02],[-1.57379421 -0.69029007  0.          0.         -0.81166567],0
22.76,41.69,0.25,65.0,1.7671999999999914,[22.76   41.69    0.25   65.      1.7672],[-1.57379421 -0.62362307  0.          0.         -0.47818928],0
22.76,41.77,0.25,65.0,6.956450000000068,[22.76    41.77     0.25    65.       6.95645],[-1.57379421 -0.6058452   0.          0.          0.50818349],0
22.76,41.86,0.25,65.0,0.31999999999987266,[22.76 41.86  0.25 65.    0.32],[-1.57379421 -0.5858451   0.          0.         -0.75327309],0
22.76,41.92,0.25,65.0,0.17999999999994543,[22.76 41.92  0.25 65.    0.18],[-1.57379421 -0.57251169  0.          0.         -0.77988429],0
22.76,42.0,0.25,65.0,0.23805000000003765,[22.76    42.       0.25    65.       0.23805],[-1.57379421 -0.55473383  0.          0.         -0.76885015],0
22.76,46.12,0.25,65.0,0.4704499999999162,[22.76    46.12     0.25    65.       0.47045],[-1.57379421  0.36082639  0.          0.         -0.72467555],0
22.76,49.06,0.25,65.0,0.012799999999994907,[2.276e+01 4.906e+01 2.500e-01 6.500e+01 1.280e-02],[-1.57379421  1.01416305  0.          0.         -0.81166567],3
22.76,49.08,0.25,65.0,0.5201999999999815,[22.76   49.08    0.25   65.      0.5202],[-1.57379421  1.01860751  0.          0.         -0.71521907],3
22.76,49.28,0.25,65.0,3.1086999999999567,[22.76   49.28    0.25   65.      3.1087],[-1.57379421  1.06305219  0.          0.         -0.22319693],2
22.76,49.41,0.25,65.0,0.11520000000000873,[22.76   49.41    0.25   65.      0.1152],[-1.57379421  1.09194122  0.          0.         -0.79220148],3
22.77,37.21,0.25,65.0,0.035033333333319344,"[2.27700000e+01 3.72100000e+01 2.50000000e-01 6.50000000e+01
 3.50333333e-02]",[-1.55282126 -1.61918369  0.          0.         -0.80743956],0
22.77,40.35,0.25,65.0,0.8192000000001106,[22.77   40.35    0.25   65.      0.8192],[-1.55282126 -0.92140236  0.          0.         -0.65838514],0
22.77,40.85,0.25,65.0,3.1500499999996916,[22.77    40.85     0.25    65.       3.15005],[-1.55282126 -0.81029068  0.          0.         -0.21533712],0
22.77,41.22,0.25,65.0,9.331200000000216,[22.77   41.22    0.25   65.      9.3312],[-1.55282126 -0.72806804  0.          0.          0.95957603],2
22.77,42.04,0.25,65.0,0.2520500000000258,[22.77    42.04     0.25    65.       0.25205],[-1.55282126 -0.54584489  0.          0.         -0.76618903],0
22.77,45.8,0.25,65.0,0.11044999999995939,[22.77    45.8      0.25    65.       0.11045],[-1.55282126  0.28971492  0.          0.         -0.79310436],0
22.77,46.33,0.25,65.0,0.3200000000000546,[22.77 46.33  0.25 65.    0.32],[-1.55282126  0.40749329  0.          0.         -0.75327309],0
22.77,48.42,0.25,65.0,1.1552000000000588,[22.77   48.42    0.25   65.      1.1552],[-1.55282126  0.8719401   0.          0.         -0.59451825],3
22.77,48.48,0.25,65.0,10.6260499999998,[22.77    48.48     0.25    65.      10.62605],[-1.55282126  0.8852735   0.          0.          1.20570115],2
22.77,49.26,0.25,65.0,18.101733333334188,[22.77       49.26        0.25       65.         18.10173333],[-1.55282126  1.05860772  0.          0.          2.62667922],2
22.77,49.33,0.25,65.0,14.418449999999414,[22.77    49.33     0.25    65.      14.41845],[-1.55282126  1.07416335  0.          0.          1.92656063],2
22.77,49.35,0.25,65.0,2.645000000000157,[22.77  49.35   0.25  65.     2.645],[-1.55282126  1.07860782  0.          0.         -0.31133703],2
22.77,49.37,0.25,65.0,5.678449999999632,[22.77    49.37     0.25    65.       5.67845],[-1.55282126  1.08305229  0.          0.          0.26526122],2
22.77,49.38,0.25,65.0,2.555633333333546,[22.77       49.38        0.25       65.          2.55563333],[-1.55282126  1.08527452  0.          0.         -0.32832385],2
22.77,49.4,0.25,65.0,0.11520000000000873,[22.77   49.4     0.25   65.      0.1152],[-1.55282126  1.08971899  0.          0.         -0.79220148],3
22.77,49.46,0.25,65.0,0.06844999999995961,[22.77    49.46     0.25    65.       0.06845],[-1.55282126  1.10305239  0.          0.         -0.80108772],3
22.78,40.53,0.25,65.0,7.207599999999804,[22.78   40.53    0.25   65.      7.2076],[-1.53184831 -0.88140216  0.          0.          0.55592209],0
22.78,40.64,0.25,65.0,10.130799999999766,[22.78   40.64    0.25   65.     10.1308],[-1.53184831 -0.85695759  0.          0.          1.11156401],2
22.78,41.0,0.25,65.0,0.4608000000000349,[22.78   41.      0.25   65.      0.4608],[-1.53184831 -0.77695718  0.          0.         -0.72650982],0
22.78,41.33,0.25,65.0,14.443333333332989,[22.78       41.33        0.25       65.         14.44333333],[-1.53184831 -0.70362347  0.          0.          1.93129046],2
22.78,41.8,0.25,65.0,0.007200000000000545,[2.278e+01 4.180e+01 2.500e-01 6.500e+01 7.200e-03],[-1.53184831 -0.5991785   0.          0.         -0.81273012],0
22.78,41.91,0.25,65.0,0.43244999999984773,[22.78    41.91     0.25    65.       0.43245],[-1.53184831 -0.57473393  0.          0.         -0.73189859],0
22.78,45.51,0.25,65.0,1.1858000000002067,[22.78   45.51    0.25   65.      1.1858],[-1.53184831  0.22527014  0.          0.         -0.5887018 ],0
22.78,45.59,0.25,65.0,0.07999999999996817,[22.78 45.59  0.25 65.    0.08],[-1.53184831  0.24304801  0.          0.         -0.7988923 ],0
22.78,45.75,0.25,65.0,5.916799999999992,[22.78   45.75    0.25   65.      5.9168],[-1.53184831  0.27860375  0.          0.          0.31056679],2
22.78,45.77,0.25,65.0,0.8978000000001188,[22.78   45.77    0.25   65.      0.8978],[-1.53184831  0.28304822  0.          0.         -0.64344485],0
22.78,48.45,0.25,65.0,0.024199999999968486,[2.278e+01 4.845e+01 2.500e-01 6.500e+01 2.420e-02],[-1.53184831  0.8786068   0.          0.         -0.80949876],3
22.78,48.48,0.25,65.0,10.81125000000016,[22.78    48.48     0.25    65.      10.81125],[-1.53184831  0.8852735   0.          0.          1.24090397],2
22.78,49.06,0.25,65.0,0.08820000000003056,[22.78   49.06    0.25   65.      0.0882],[-1.53184831  1.01416305  0.          0.         -0.79733364],3
22.78,49.32,0.25,65.0,9.72404999999986,[22.78    49.32     0.25    65.       9.72405],[-1.53184831  1.07194112  0.          0.          1.03424896],2
22.78,49.36,0.25,65.0,1.748449999999796,[22.78    49.36     0.25    65.       1.74845],[-1.53184831  1.08083005  0.          0.         -0.48175328],2
22.8,40.44,0.25,65.0,7.920200000000072,[22.8    40.44    0.25   65.      7.9202],[-1.48990241 -0.90140226  0.          0.          0.69137311],0
22.8,40.63,0.25,65.0,7.372800000000122,[22.8    40.63    0.25   65.      7.3728],[-1.48990241 -0.85917982  0.          0.          0.58732331],0
22.8,40.65,0.25,65.0,0.871200000000066,[22.8    40.65    0.25   65.      0.8712],[-1.48990241 -0.85473535  0.          0.         -0.64850098],0
22.8,40.7,0.25,65.0,5.544449999999758,[22.8     40.7      0.25    65.       5.54445],[-1.48990241 -0.84362419  0.          0.          0.23979049],0
22.8,40.75,0.25,65.0,7.266624999999863,[22.8      40.75      0.25     65.        7.266625],[-1.48990241 -0.83251302  0.          0.          0.56714156],0
22.8,40.83,0.25,65.0,0.8844499999999033,[22.8     40.83     0.25    65.       0.88445],[-1.48990241 -0.81473515  0.          0.         -0.64598242],0
22.8,40.85,0.25,65.0,0.04813333333334658,"[2.28000000e+01 4.08500000e+01 2.50000000e-01 6.50000000e+01
 4.81333333e-02]",[-1.48990241 -0.81029068  0.          0.         -0.80494951],0
22.8,40.87,0.25,65.0,0.03920000000005602,[2.280e+01 4.087e+01 2.500e-01 6.500e+01 3.920e-02],[-1.48990241 -0.80584622  0.          0.         -0.80664756],0
22.8,41.05,0.25,65.0,17.701249999999593,[22.8     41.05     0.25    65.      17.70125],[-1.48990241 -0.76584601  0.          0.          2.55055534],2
22.8,41.29,0.25,65.0,0.6271999999998777,[22.8    41.29    0.25   65.      0.6272],[-1.48990241 -0.71251241  0.          0.         -0.69488051],0
22.8,41.34,0.25,65.0,10.580000000000105,[22.8  41.34  0.25 65.   10.58],[-1.48990241 -0.70140124  0.          0.          1.19694796],2
22.8,45.66,0.25,65.0,2.7144500000000953,[22.8     45.66     0.25    65.       2.71445],[-1.48990241  0.25860365  0.          0.         -0.29813597],0
22.8,46.12,0.25,65.0,7.605000000000355,[22.8   46.12   0.25  65.     7.605],[-1.48990241  0.36082639  0.          0.          0.63145989],2
22.8,48.36,0.25,65.0,1.602049999999935,[22.8     48.36     0.25    65.       1.60205],[-1.48990241  0.8586067   0.          0.         -0.50958099],3
22.8,49.25,0.25,65.0,9.461249999999604,[22.8     49.25     0.25    65.       9.46125],[-1.48990241  1.05638548  0.          0.          0.98429593],2
22.8,49.28,0.25,65.0,0.6844500000000852,[22.8     49.28     0.25    65.       0.68445],[-1.48990241  1.06305219  0.          0.         -0.68399842],3
22.8,49.32,0.25,65.0,1.4517700000000746,[22.8     49.32     0.25    65.       1.45177],[-1.48990241  1.07194112  0.          0.         -0.53814622],3
22.8,49.34,0.25,65.0,0.05120000000001601,[2.280e+01 4.934e+01 2.500e-01 6.500e+01 5.120e-02],[-1.48990241  1.07638559  0.          0.         -0.8043666 ],3
22.8,49.42,0.25,65.0,12.10870000000103,[22.8    49.42    0.25   65.     12.1087],[-1.48990241  1.09416345  0.          0.          1.4875233 ],2
22.82,39.7,0.25,65.0,6.74669999999986,[22.82   39.7     0.25   65.      6.7467],[-1.44795651 -1.06584754  0.          0.          0.4683142 ],0
22.82,40.52,0.25,65.0,15.961250000000513,[22.82    40.52     0.25    65.      15.96125],[-1.44795651 -0.88362439  0.          0.          2.21981609],2
22.82,40.62,0.25,65.0,6.444050000000522,[22.82    40.62     0.25    65.       6.44405],[-1.44795651 -0.86140205  0.          0.          0.41078648],0
22.82,40.65,0.25,65.0,2.2472000000004915,[22.82   40.65    0.25   65.      2.2472],[-1.44795651 -0.85473535  0.          0.         -0.38695087],0
22.82,40.66,0.25,65.0,7.059824999999979,[22.82     40.66      0.25     65.        7.059825],[-1.44795651 -0.85251312  0.          0.          0.52783301],0
22.82,40.67,0.25,65.0,0.192666666666656,[22.82       40.67        0.25       65.          0.19266667],[-1.44795651 -0.85029089  0.          0.         -0.77747661],0
22.82,40.72,0.25,65.0,0.6271999999998777,[22.82   40.72    0.25   65.      0.6272],[-1.44795651 -0.83917972  0.          0.         -0.69488051],0
22.82,40.79,0.25,65.0,11.61620000000024,[22.82   40.79    0.25   65.     11.6162],[-1.44795651 -0.82362408  0.          0.          1.39390888],2
22.82,40.82,0.25,65.0,16.820000000000395,[22.82 40.82  0.25 65.   16.82],[-1.44795651 -0.81695738  0.          0.          2.38304731],2
22.82,40.93,0.25,65.0,6.627733333333608,[22.82       40.93        0.25       65.          6.62773333],[-1.44795651 -0.79251281  0.          0.          0.44570102],0
22.82,40.97,0.25,65.0,2.6012333333331807,[22.82       40.97        0.25       65.          2.60123333],[-1.44795651 -0.78362388  0.          0.         -0.3196562 ],0
22.82,41.01,0.25,65.0,14.238100000000632,[22.82   41.01    0.25   65.     14.2381],[-1.44795651 -0.77473495  0.          0.          1.8922797 ],2
22.82,45.59,0.25,65.0,0.04205000000000594,[2.282e+01 4.559e+01 2.500e-01 6.500e+01 4.205e-02],[-1.44795651  0.24304801  0.          0.         -0.80610583],0
22.82,45.73,0.25,65.0,3.2767999999998603,[22.82   45.73    0.25   65.      3.2768],[-1.44795651  0.27415928  0.          0.         -0.19124447],2
22.82,45.79,0.25,65.0,6.956449999999432,[22.82    45.79     0.25    65.       6.95645],[-1.44795651  0.28749268  0.          0.          0.50818349],2
22.82,45.8,0.25,65.0,2.9690333333333045,[22.82       45.8         0.25       65.          2.96903333],[-1.44795651  0.28971492  0.          0.         -0.24974477],0
22.82,45.81,0.25,65.0,2.8321999999998537,[22.82   45.81    0.25   65.      2.8322],[-1.44795651  0.29193715  0.          0.         -0.27575405],0
22.82,45.93,0.25,65.0,6.552200000000839,[22.82   45.93    0.25   65.      6.5522],[-1.44795651  0.31860395  0.          0.          0.43134364],2
22.82,47.82,0.25,65.0,4.651249999999514,[22.82    47.82     0.25    65.       4.65125],[-1.44795651  0.73860609  0.          0.          0.07001102],2
22.82,47.88,0.25,65.0,3.699199999999456,[22.82   47.88    0.25   65.      3.6992],[-1.44795651  0.75193949  0.          0.         -0.11095467],2
22.82,48.38,0.25,65.0,5.695533333333695,[22.82       48.38        0.25       65.          5.69553333],[-1.44795651  0.86305117  0.          0.          0.26850842],2
22.82,49.01,0.25,65.0,5.644800000000428,[22.82   49.01    0.25   65.      5.6448],[-1.44795651  1.00305188  0.          0.          0.25886502],2
22.82,49.04,0.25,65.0,3.125,[22.82  49.04   0.25  65.     3.125],[-1.44795651  1.00971858  0.          0.         -0.22009862],2
22.82,49.24,0.25,65.0,2.53125,[22.82    49.24     0.25    65.       2.53125],[-1.44795651  1.05416325  0.          0.         -0.33295864],2
22.82,49.25,0.25,65.0,16.75223333333251,[22.82       49.25        0.25       65.         16.75223333],[-1.44795651  1.05638548  0.          0.          2.37016623],2
22.82,49.31,0.25,65.0,17.701249999998918,[22.82    49.31     0.25    65.      17.70125],[-1.44795651  1.06971889  0.          0.          2.55055534],2
22.82,49.35,0.25,65.0,0.4140499999998676,[22.82    49.35     0.25    65.       0.41405],[-1.44795651  1.07860782  0.          0.         -0.73539606],3
22.83,36.94,0.25,65.0,0.02880000000000218,[2.283e+01 3.694e+01 2.500e-01 6.500e+01 2.880e-02],[-1.42698356 -1.67918399  0.          0.         -0.80862439],0
22.83,36.98,0.25,65.0,1.7860500000000816,[22.83    36.98     0.25    65.       1.78605],[-1.42698356 -1.67029506  0.          0.         -0.47460627],0
22.83,36.99,0.25,65.0,0.6050000000000876,[22.83  36.99   0.25  65.     0.605],[-1.42698356 -1.66807283  0.          0.         -0.69910028],0
22.83,37.7,0.25,65.0,1.980050000000018,[22.83    37.7      0.25    65.       1.98005],[-1.42698356 -1.51029425  0.          0.         -0.43773074],0
22.83,39.65,0.25,65.0,1.53125,[22.83    39.65     0.25    65.       1.53125],[-1.42698356 -1.07695871  0.          0.         -0.52303866],0
22.83,39.7,0.25,65.0,17.464050000001155,[22.83    39.7      0.25    65.      17.46405],[-1.42698356 -1.06584754  0.          0.          2.50546835],2
22.83,39.87,0.25,65.0,5.779999999999923,[22.83 39.87  0.25 65.    5.78],[-1.42698356 -1.02806957  0.          0.          0.28456384],0
22.83,39.88,0.25,65.0,3.4586333333331565,[22.83       39.88        0.25       65.          3.45863333],[-1.42698356 -1.02584734  0.          0.         -0.15668159],0
22.83,40.01,0.25,65.0,2.808449999999741,[22.83    40.01     0.25    65.       2.80845],[-1.42698356 -0.9969583   0.          0.         -0.28026845],0
22.83,40.08,0.25,65.0,0.3280499999999558,[22.83    40.08     0.25    65.       0.32805],[-1.42698356 -0.98140266  0.          0.         -0.75174295],0
22.83,40.09,0.25,65.0,0.9660499999999811,[22.83    40.09     0.25    65.       0.96605],[-1.42698356 -0.97918043  0.          0.         -0.63047189],0
22.83,40.16,0.25,65.0,0.5617999999999421,[22.83   40.16    0.25   65.      0.5618],[-1.42698356 -0.9636248   0.          0.         -0.70731174],0
22.83,40.29,0.25,65.0,5.577800000000486,[22.83   40.29    0.25   65.      5.5778],[-1.42698356 -0.93473576  0.          0.          0.24612966],0
22.83,40.53,0.25,65.0,0.13005000000005335,[22.83    40.53     0.25    65.       0.13005],[-1.42698356 -0.88140216  0.          0.         -0.78937879],0
22.83,40.57,0.25,65.0,14.742449999999112,[22.83    40.57     0.25    65.      14.74245],[-1.42698356 -0.87251322  0.          0.          1.98814656],2
22.83,40.61,0.25,65.0,0.10125000000007162,[22.83    40.61     0.25    65.       0.10125],[-1.42698356 -0.86362429  0.          0.         -0.7948531 ],0
22.83,40.62,0.25,65.0,8.819999999999714,[22.83 40.62  0.25 65.    8.82],[-1.42698356 -0.86140205  0.          0.          0.86240712],0
22.83,40.65,0.25,65.0,0.682233333333424,[22.83       40.65        0.25       65.          0.68223333],[-1.42698356 -0.85473535  0.          0.         -0.68441977],0
22.83,40.67,0.25,65.0,7.880449999999657,[22.83    40.67     0.25    65.       7.88045],[-1.42698356 -0.85029089  0.          0.          0.68381743],0
22.83,40.69,0.25,65.0,1.9650666666667174,[22.83       40.69        0.25       65.          1.96506667],[-1.42698356 -0.84584642  0.          0.         -0.44057878],0
22.83,40.73,0.25,65.0,2.2260500000002685,[22.83    40.73     0.25    65.       2.22605],[-1.42698356 -0.83695749  0.          0.         -0.39097106],0
22.83,40.92,0.25,65.0,0.7199999999997817,[22.83 40.92  0.25 65.    0.72],[-1.42698356 -0.79473505  0.          0.         -0.67724108],0
22.83,40.96,0.25,65.0,0.09659999999995843,[22.83   40.96    0.25   65.      0.0966],[-1.42698356 -0.78584611  0.          0.         -0.79573697],0
22.83,40.99,0.25,65.0,0.13004999999993738,[22.83    40.99     0.25    65.       0.13005],[-1.42698356 -0.77917941  0.          0.         -0.78937879],0
22.83,41.1,0.25,65.0,7.068799999999539,[22.83   41.1     0.25   65.      7.0688],[-1.42698356 -0.75473484  0.          0.          0.52953898],0
22.83,41.27,0.25,65.0,0.24499999999987268,[22.83  41.27   0.25  65.     0.245],[-1.42698356 -0.71695687  0.          0.         -0.76752909],0
22.83,41.55,0.25,65.0,0.24499999999995226,[22.83  41.55   0.25  65.     0.245],[-1.42698356 -0.65473434  0.          0.         -0.76752909],0
22.83,45.78,0.25,65.0,9.018700000000173,[22.83   45.78    0.25   65.      9.0187],[-1.42698356  0.28527045  0.          0.          0.90017602],2
22.83,45.98,0.25,65.0,7.182049999999862,[22.83    45.98     0.25    65.       7.18205],[-1.42698356  0.32971512  0.          0.          0.55106554],2
22.83,47.79,0.25,65.0,1.3612499999995873,[22.83    47.79     0.25    65.       1.36125],[-1.42698356  0.73193939  0.          0.         -0.55535226],3
22.83,48.35,0.25,65.0,0.387200000000046,[22.83   48.35    0.25   65.      0.3872],[-1.42698356  0.85638447  0.          0.         -0.74049971],3
22.83,49.26,0.25,65.0,0.12004999999994875,[22.83    49.26     0.25    65.       0.12005],[-1.42698356  1.05860772  0.          0.         -0.79127959],3
22.83,49.33,0.25,65.0,3.050449999999506,[22.83    49.33     0.25    65.       3.05045],[-1.42698356  1.07416335  0.          0.         -0.23426909],2
22.83,49.38,0.25,65.0,7.621033333333925,[22.83       49.38        0.25       65.          7.62103333],[-1.42698356  1.08527452  0.          0.          0.63450751],2
22.83,49.39,0.25,65.0,0.6844499999996861,[22.83    49.39     0.25    65.       0.68445],[-1.42698356  1.08749675  0.          0.         -0.68399842],3
22.84,36.95,0.25,65.0,0.2970333333332954,[22.84       36.95        0.25       65.          0.29703333],[-1.40601061 -1.67696176  0.          0.         -0.75763859],0
22.84,37.04,0.25,65.0,0.02880000000000218,[2.284e+01 3.704e+01 2.500e-01 6.500e+01 2.880e-02],[-1.40601061 -1.65696166  0.          0.         -0.80862439],0
22.84,40.69,0.25,65.0,0.5640250000000268,[22.84     40.69      0.25     65.        0.564025],[-1.40601061 -0.84584642  0.          0.         -0.70688881],0
22.84,40.9,0.25,65.0,0.08819999999988731,[22.84   40.9     0.25   65.      0.0882],[-1.40601061 -0.79917952  0.          0.         -0.79733364],0
22.84,41.06,0.25,65.0,0.09623333333340575,[22.84       41.06        0.25       65.          0.09623333],[-1.40601061 -0.76362378  0.          0.         -0.79580666],0
22.84,41.1,0.25,65.0,15.512450000000912,[22.84    41.1      0.25    65.      15.51245],[-1.40601061 -0.75473484  0.          0.          2.13450818],2
22.84,41.21,0.25,65.0,7.411250000000088,[22.84    41.21     0.25    65.       7.41125],[-1.40601061 -0.73029028  0.          0.          0.59463188],0
22.84,41.28,0.25,65.0,0.2888000000000795,[22.84   41.28    0.25   65.      0.2888],[-1.40601061 -0.71473464  0.          0.         -0.75920359],0
22.84,41.39,0.25,65.0,6.661250000000332,[22.84    41.39     0.25    65.       6.66125],[-1.40601061 -0.69029007  0.          0.          0.45207187],0
22.84,41.42,0.25,65.0,2.783433333333057,[22.84       41.42        0.25       65.          2.78343333],[-1.40601061 -0.68362337  0.          0.         -0.28502362],0
22.84,42.54,0.25,65.0,0.11520000000000873,[22.84   42.54    0.25   65.      0.1152],[-1.40601061 -0.43473322  0.          0.         -0.79220148],0
22.84,45.91,0.25,65.0,0.009799999999990133,[2.284e+01 4.591e+01 2.500e-01 6.500e+01 9.800e-03],[-1.40601061  0.31415948  0.          0.         -0.81223591],0
22.84,48.27,0.25,65.0,0.2309333333333498,[22.84       48.27        0.25       65.          0.23093333],[-1.40601061  0.8386066   0.          0.         -0.77020288],3
22.84,49.32,0.25,65.0,6.864233333333499,[22.84       49.32        0.25       65.          6.86423333],[-1.40601061  1.07194112  0.          0.          0.49065494],2
22.84,49.33,0.25,65.0,1.1889000000002148,[22.84   49.33    0.25   65.      1.1889],[-1.40601061  1.07416335  0.          0.         -0.58811256],3
22.84,51.36,0.25,65.0,0.6612500000001046,[22.84    51.36     0.25    65.       0.66125],[-1.40601061  1.52527676  0.          0.         -0.68840828],3
22.86,36.96,0.25,65.0,0.14579999999998036,[22.86   36.96    0.25   65.      0.1458],[-1.36406471 -1.67473953  0.          0.         -0.78638503],0
22.86,37.98,0.25,65.0,0.009799999999990133,[2.286e+01 3.798e+01 2.500e-01 6.500e+01 9.800e-03],[-1.36406471 -1.44807171  0.          0.         -0.81223591],0
22.86,39.5,0.25,65.0,0.20843333333331457,[22.86       39.5         0.25       65.          0.20843333],[-1.36406471 -1.11029221  0.          0.         -0.77447968],0
22.86,39.51,0.25,65.0,0.3960499999999373,[22.86    39.51     0.25    65.       0.39605],[-1.36406471 -1.10806998  0.          0.         -0.7388175 ],0
22.86,39.82,0.25,65.0,3.86420000000024,[22.86   39.82    0.25   65.      3.8642],[-1.36406471 -1.03918074  0.          0.         -0.07959147],0
22.86,40.96,0.25,65.0,19.446933333333515,[22.86       40.96        0.25       65.         19.44693333],[-1.36406471 -0.78584611  0.          0.          2.88237487],2
22.86,41.05,0.25,65.0,7.752530000000599,[22.86    41.05     0.25    65.       7.75253],[-1.36406471 -0.76584601  0.          0.          0.65950239],0
22.86,41.09,0.25,65.0,19.048891666666595,[22.86       41.09        0.25       65.         19.04889167],[-1.36406471 -0.75695708  0.          0.          2.8067151 ],2
22.86,41.11,0.25,65.0,5.34644999999994,[22.86    41.11     0.25    65.       5.34645],[-1.36406471 -0.75251261  0.          0.          0.20215465],0
22.86,41.13,0.25,65.0,3.3281999999998124,[22.86   41.13    0.25   65.      3.3282],[-1.36406471 -0.74806814  0.          0.         -0.18147436],0
22.86,41.15,0.25,65.0,16.632699999999186,[22.86   41.15    0.25   65.     16.6327],[-1.36406471 -0.74362368  0.          0.          2.34744533],2
22.86,41.48,0.25,65.0,1.3448000000003506,[22.86   41.48    0.25   65.      1.3448],[-1.36406471 -0.67028997  0.          0.         -0.55847908],0
22.86,41.78,0.25,65.0,0.8844500000003569,[22.86    41.78     0.25    65.       0.88445],[-1.36406471 -0.60362296  0.          0.         -0.64598242],0
22.86,45.88,0.25,65.0,18.54404999999985,[22.86    45.88     0.25    65.      18.54405],[-1.36406471  0.30749278  0.          0.          2.71075478],2
22.86,45.99,0.25,65.0,0.19219999999996756,[22.86   45.99    0.25   65.      0.1922],[-1.36406471  0.33193735  0.          0.         -0.77756532],0
22.86,49.11,0.25,65.0,16.302050000000207,[22.86    49.11     0.25    65.      16.30205],[-1.36406471  1.02527422  0.          0.          2.28459537],2
22.86,49.21,0.25,65.0,6.265799999999871,[22.86   49.21    0.25   65.      6.2658],[-1.36406471  1.04749655  0.          0.          0.37690472],2
22.86,51.26,0.25,65.0,0.020000000000031833,[2.286e+01 5.126e+01 2.500e-01 6.500e+01 2.000e-02],[-1.36406471  1.50305442  0.          0.         -0.8102971 ],3
22.87,37.01,0.25,65.0,1.4997333333333203,[22.87       37.01        0.25       65.          1.49973333],[-1.34309177 -1.66362836  0.          0.         -0.52902935],0
22.87,37.07,0.25,65.0,0.004049999999997749,[2.287e+01 3.707e+01 2.500e-01 6.500e+01 4.050e-03],[-1.34309177 -1.65029496  0.          0.         -0.81332887],0
22.87,37.08,0.25,65.0,0.009799999999990133,[2.287e+01 3.708e+01 2.500e-01 6.500e+01 9.800e-03],[-1.34309177 -1.64807272  0.          0.         -0.81223591],0
22.87,37.88,0.25,65.0,10.488200000000448,[22.87   37.88    0.25   65.     10.4882],[-1.34309177 -1.47029404  0.          0.          1.17949862],0
22.87,38.66,0.25,65.0,0.5618000000000024,[22.87   38.66    0.25   65.      0.5618],[-1.34309177 -1.29695983  0.          0.         -0.70731174],0
22.87,38.71,0.25,65.0,1.4280500000000922,[22.87    38.71     0.25    65.       1.42805],[-1.34309177 -1.28584866  0.          0.         -0.54265492],0
22.87,39.14,0.25,65.0,0.7080500000000649,[22.87    39.14     0.25    65.       0.70805],[-1.34309177 -1.19029262  0.          0.         -0.67951254],0
22.87,40.89,0.25,65.0,1.185799999999944,[22.87   40.89    0.25   65.      1.1858],[-1.34309177 -0.80140175  0.          0.         -0.5887018 ],0
22.87,40.98,0.25,65.0,19.687633333333487,[22.87       40.98        0.25       65.         19.68763333],[-1.34309177 -0.78140165  0.          0.          2.92812713],2
22.87,40.99,0.25,65.0,11.544400000000431,[22.87   40.99    0.25   65.     11.5444],[-1.34309177 -0.77917941  0.          0.          1.38026114],2
22.87,41.03,0.25,65.0,13.377130000000262,[22.87    41.03     0.25    65.      13.37713],[-1.34309177 -0.77029048  0.          0.          1.7286265 ],2
22.87,41.09,0.25,65.0,5.356866666666643,[22.87       41.09        0.25       65.          5.35686667],[-1.34309177 -0.75695708  0.          0.          0.20413465],0
22.87,41.11,0.25,65.0,17.294933333333155,[22.87       41.11        0.25       65.         17.29493333],[-1.34309177 -0.75251261  0.          0.          2.47332265],2
22.87,41.12,0.25,65.0,8.310499999999765,[22.87   41.12    0.25   65.      8.3105],[-1.34309177 -0.75029038  0.          0.          0.76556135],0
22.87,41.35,0.25,65.0,0.18604999999986963,[22.87    41.35     0.25    65.       0.18605],[-1.34309177 -0.69917901  0.          0.         -0.77873431],0
22.87,41.96,0.25,65.0,1.7860499999997594,[22.87    41.96     0.25    65.       1.78605],[-1.34309177 -0.56362276  0.          0.         -0.47460627],0
22.87,42.04,0.25,65.0,0.8449999999997931,[22.87  42.04   0.25  65.     0.845],[-1.34309177 -0.54584489  0.          0.         -0.65348108],0
22.87,45.64,0.25,65.0,5.088050000000174,[22.87    45.64     0.25    65.       5.08805],[-1.34309177  0.25415918  0.          0.          0.15303797],2
22.87,45.9,0.25,65.0,0.4608000000000349,[22.87   45.9     0.25   65.      0.4608],[-1.34309177  0.31193725  0.          0.         -0.72650982],0
22.87,48.25,0.25,65.0,6.7344500000000584,[22.87    48.25     0.25    65.       6.73445],[-1.34309177  0.83416213  0.          0.          0.46598572],2
22.87,48.26,0.25,65.0,0.08000000000001364,[22.87 48.26  0.25 65.    0.08],[-1.34309177  0.83638437  0.          0.         -0.7988923 ],3
22.87,48.3,0.25,65.0,0.151249999999975,[22.87    48.3      0.25    65.       0.15125],[-1.34309177  0.8452733   0.          0.         -0.78534909],3
22.87,48.97,0.25,65.0,0.06845000000000168,[22.87    48.97     0.25    65.       0.06845],[-1.34309177  0.99416295  0.          0.         -0.80108772],3
22.87,49.02,0.25,65.0,0.06845000000008582,[22.87    49.02     0.25    65.       0.06845],[-1.34309177  1.00527411  0.          0.         -0.80108772],3
22.87,49.13,0.25,65.0,0.6384500000001233,[22.87    49.13     0.25    65.       0.63845],[-1.34309177  1.02971868  0.          0.         -0.69274211],3
22.87,49.14,0.25,65.0,4.861733333333925,[22.87       49.14        0.25       65.          4.86173333],[-1.34309177  1.03194092  0.          0.          0.11001969],2
22.87,49.31,0.25,65.0,7.068799999999966,[22.87   49.31    0.25   65.      7.0688],[-1.34309177  1.06971889  0.          0.          0.52953898],2
22.87,51.06,0.25,65.0,0.7080500000000649,[22.87    51.06     0.25    65.       0.70805],[-1.34309177  1.45860975  0.          0.         -0.67951254],3
22.89,35.3,0.25,65.0,5.120000000000146,[22.89 35.3   0.25 65.    5.12],[-1.30114587 -2.04363029  0.          0.          0.15911103],0
22.89,37.05,0.25,65.0,1.3284500000000852,[22.89    37.05     0.25    65.       1.32845],[-1.30114587 -1.65473943  0.          0.         -0.56158689],0
22.89,37.92,0.25,65.0,4.118450000000176,[22.89    37.92     0.25    65.       4.11845],[-1.30114587 -1.46140511  0.          0.         -0.03126362],0
22.89,38.66,0.25,65.0,3.1641333333335013,[22.89       38.66        0.25       65.          3.16413333],[-1.30114587 -1.29695983  0.          0.         -0.21266016],0
22.89,38.67,0.25,65.0,0.8216666666667599,[22.89       38.67        0.25       65.          0.82166667],[-1.30114587 -1.29473759  0.          0.         -0.65791628],0
22.89,38.71,0.25,65.0,14.148633333333214,[22.89       38.71        0.25       65.         14.14863333],[-1.30114587 -1.28584866  0.          0.          1.87527387],2
22.89,38.73,0.25,65.0,1.3122000000000995,[22.89   38.73    0.25   65.      1.3122],[-1.30114587 -1.28140419  0.          0.         -0.56467569],0
22.89,38.9,0.25,65.0,0.858050000000003,[22.89    38.9      0.25    65.       0.85805],[-1.30114587 -1.24362622  0.          0.         -0.65100053],0
22.89,39.16,0.25,65.0,4.530049999999973,[22.89    39.16     0.25    65.       4.53005],[-1.30114587 -1.18584815  0.          0.          0.04697332],0
22.89,39.21,0.25,65.0,0.9384499999999284,[22.89    39.21     0.25    65.       0.93845],[-1.30114587 -1.17473698  0.          0.         -0.6357181 ],0
22.89,39.33,0.25,65.0,7.840800000000144,[22.89   39.33    0.25   65.      7.8408],[-1.30114587 -1.14807018  0.          0.          0.67628076],0
22.89,40.72,0.25,65.0,1.5664499999999677,[22.89    40.72     0.25    65.       1.56645],[-1.30114587 -0.83917972  0.          0.         -0.51634784],0
22.89,40.94,0.25,65.0,13.139033333334297,[22.89       40.94        0.25       65.         13.13903333],[-1.30114587 -0.79029058  0.          0.          1.68336908],2
22.89,41.04,0.25,65.0,18.257820000000354,[22.89    41.04     0.25    65.      18.25782],[-1.30114587 -0.76806825  0.          0.          2.65634818],2
22.89,41.07,0.25,65.0,10.350426515152188,[22.89       41.07        0.25       65.         10.35042652],[-1.30114587 -0.76140155  0.          0.          1.15331063],2
22.89,41.1,0.25,65.0,2.1012500000001397,[22.89    41.1      0.25    65.       2.10125],[-1.30114587 -0.75473484  0.          0.         -0.41469305],0
22.89,41.15,0.25,65.0,6.524933333333621,[22.89       41.15        0.25       65.          6.52493333],[-1.30114587 -0.74362368  0.          0.          0.42616079],0
22.89,41.16,0.25,65.0,0.3967000000000549,[22.89   41.16    0.25   65.      0.3967],[-1.30114587 -0.74140144  0.          0.         -0.73869395],0
22.89,41.21,0.25,65.0,7.566050000000831,[22.89    41.21     0.25    65.       7.56605],[-1.30114587 -0.73029028  0.          0.          0.62405627],0
22.89,41.31,0.25,65.0,2.2471999999997685,[22.89   41.31    0.25   65.      2.2472],[-1.30114587 -0.70806794  0.          0.         -0.38695087],0
22.89,41.38,0.25,65.0,7.068800000000393,[22.89   41.38    0.25   65.      7.0688],[-1.30114587 -0.69251231  0.          0.          0.52953898],0
22.89,46.46,0.25,65.0,0.744200000000172,[22.89   46.46    0.25   65.      0.7442],[-1.30114587  0.43638233  0.          0.         -0.67264114],3
22.89,48.18,0.25,65.0,0.08405000000001026,[22.89    48.18     0.25    65.       0.08405],[-1.30114587  0.8186065   0.          0.         -0.79812247],3
22.89,48.19,0.25,65.0,0.125,[22.89  48.19   0.25  65.     0.125],[-1.30114587  0.82082873  0.          0.         -0.79033869],3
22.89,49.11,0.25,65.0,16.485833333332266,[22.89       49.11        0.25       65.         16.48583333],[-1.30114587  1.02527422  0.          0.          2.31952891],2
22.89,49.13,0.25,65.0,2.376199999999891,[22.89   49.13    0.25   65.      2.3762],[-1.30114587  1.02971868  0.          0.         -0.36243054],3
22.89,49.16,0.25,65.0,7.348870000000315,[22.89    49.16     0.25    65.       7.34887],[-1.30114587  1.03638538  0.          0.          0.58277469],2
22.89,49.17,0.25,65.0,0.27379999999983845,[22.89   49.17    0.25   65.      0.2738],[-1.30114587  1.03860762  0.          0.         -0.76205479],3
22.89,49.19,0.25,65.0,3.1000500000003055,[22.89    49.19     0.25    65.       3.10005],[-1.30114587  1.04305208  0.          0.         -0.22484112],2
22.89,49.28,0.25,65.0,2.376199999999767,[22.89   49.28    0.25   65.      2.3762],[-1.30114587  1.06305219  0.          0.         -0.36243054],3
22.89,50.99,0.25,65.0,0.2450000000001114,[22.89  50.99   0.25  65.     0.245],[-1.30114587  1.44305412  0.          0.         -0.76752909],3
22.89,51.07,0.25,65.0,0.04204999999998945,[2.289e+01 5.107e+01 2.500e-01 6.500e+01 4.205e-02],[-1.30114587  1.46083199  0.          0.         -0.80610583],3
22.89,51.08,0.25,65.0,10.718450000000505,[22.89    51.08     0.25    65.      10.71845],[-1.30114587  1.46305422  0.          0.          1.22326454],2
22.89,51.14,0.25,65.0,2.2280916666665607,[22.89       51.14        0.25       65.          2.22809167],[-1.30114587  1.47638762  0.          0.         -0.39058298],3
22.9,36.93,0.25,65.0,0.03919999999999236,[2.290e+01 3.693e+01 2.500e-01 6.500e+01 3.920e-02],[-1.28017292 -1.68140623  0.          0.         -0.80664756],0
22.9,36.95,0.25,65.0,8.44605000000029,[22.9     36.95     0.25    65.       8.44605],[-1.28017292 -1.67696176  0.          0.          0.79132669],0
22.9,37.04,0.25,65.0,0.672800000000095,[22.9    37.04    0.25   65.      0.6728],[-1.28017292 -1.65696166  0.          0.         -0.68621286],0
22.9,38.32,0.25,65.0,19.070800000000162,[22.9    38.32    0.25   65.     19.0708],[-1.28017292 -1.37251577  0.          0.          2.81087943],2
22.9,38.5,0.25,65.0,0.026450000000004182,[2.290e+01 3.850e+01 2.500e-01 6.500e+01 2.645e-02],[-1.28017292 -1.33251556  0.          0.         -0.80907108],0
22.9,38.51,0.25,65.0,1.6020500000000366,[22.9     38.51     0.25    65.       1.60205],[-1.28017292 -1.33029333  0.          0.         -0.50958099],0
22.9,38.67,0.25,65.0,1.4450000000000773,[22.9   38.67   0.25  65.     1.445],[-1.28017292 -1.29473759  0.          0.         -0.53943306],0
22.9,38.71,0.25,65.0,9.990450000000122,[22.9     38.71     0.25    65.       9.99045],[-1.28017292 -1.28584866  0.          0.          1.08488628],0
22.9,38.72,0.25,65.0,0.25204999999998545,[22.9     38.72     0.25    65.       0.25205],[-1.28017292 -1.28362643  0.          0.         -0.76618903],0
22.9,38.81,0.25,65.0,0.696200000000008,[22.9    38.81    0.25   65.      0.6962],[-1.28017292 -1.26362632  0.          0.         -0.68176498],0
22.9,40.98,0.25,65.0,1.110050000000183,[22.9     40.98     0.25    65.       1.11005],[-1.28017292 -0.78140165  0.          0.         -0.60310037],0
22.9,40.99,0.25,65.0,17.88020000000011,[22.9    40.99    0.25   65.     17.8802],[-1.28017292 -0.77917941  0.          0.          2.58457016],2
22.9,41.02,0.25,65.0,9.828933333332799,[22.9        41.02        0.25       65.          9.82893333],[-1.28017292 -0.77251271  0.          0.          1.05418519],2
22.9,41.06,0.25,65.0,4.3065619047618835,[22.9       41.06       0.25      65.         4.3065619],[-1.28017292 -0.76362378  0.          0.          0.00449269],0
22.9,41.08,0.25,65.0,14.06323333333413,[22.9        41.08        0.25       65.         14.06323333],[-1.28017292 -0.75917931  0.          0.          1.85904104],2
22.9,41.1,0.25,65.0,16.131199999999716,[22.9    41.1     0.25   65.     16.1312],[-1.28017292 -0.75473484  0.          0.          2.25212019],2
22.9,41.12,0.25,65.0,0.46063333333315143,[22.9        41.12        0.25       65.          0.46063333],[-1.28017292 -0.75029038  0.          0.         -0.7265415 ],0
22.9,41.33,0.25,65.0,0.014449999999993043,[2.290e+01 4.133e+01 2.500e-01 6.500e+01 1.445e-02],[-1.28017292 -0.70362347  0.          0.         -0.81135204],0
22.9,41.73,0.25,65.0,9.768200000000322,[22.9    41.73    0.25   65.      9.7682],[-1.28017292 -0.61473413  0.          0.          1.042641  ],2
22.9,41.89,0.25,65.0,3.3799999999997636,[22.9  41.89  0.25 65.    3.38],[-1.28017292 -0.5791784   0.          0.         -0.17162821],0
22.9,41.91,0.25,65.0,0.1811999999999319,[22.9    41.91    0.25   65.      0.1812],[-1.28017292 -0.57473393  0.          0.         -0.7796562 ],0
22.9,42.2,0.25,65.0,0.31999999999987266,[22.9  42.2   0.25 65.    0.32],[-1.28017292 -0.51028916  0.          0.         -0.75327309],0
22.9,45.09,0.25,65.0,0.5512500000000716,[22.9     45.09     0.25    65.       0.55125],[-1.28017292  0.13193634  0.          0.         -0.70931708],0
22.9,45.86,0.25,65.0,1.2167999999999148,[22.9    45.86    0.25   65.      1.2168],[-1.28017292  0.30304832  0.          0.         -0.58280932],0
22.9,47.57,0.25,65.0,14.472199999999976,[22.9    47.57    0.25   65.     14.4722],[-1.28017292  0.68305025  0.          0.          1.93677743],2
22.9,47.62,0.25,65.0,0.966049999999823,[22.9     47.62     0.25    65.       0.96605],[-1.28017292  0.69416142  0.          0.         -0.63047189],3
22.9,47.76,0.25,65.0,4.5,[22.9  47.76  0.25 65.    4.5 ],[-1.28017292  0.72527269  0.          0.          0.04126141],2
22.9,48.17,0.25,65.0,0.4181333333333913,[22.9        48.17        0.25       65.          0.41813333],[-1.28017292  0.81638426  0.          0.         -0.7346199 ],3
22.9,48.18,0.25,65.0,0.0084500000000068,[2.290e+01 4.818e+01 2.500e-01 6.500e+01 8.450e-03],[-1.28017292  0.8186065   0.          0.         -0.81249252],3
22.9,48.22,0.25,65.0,0.11520000000000873,[22.9    48.22    0.25   65.      0.1152],[-1.28017292  0.82749543  0.          0.         -0.79220148],3
22.9,48.32,0.25,65.0,0.28879999999999306,[22.9    48.32    0.25   65.      0.2888],[-1.28017292  0.84971777  0.          0.         -0.75920359],3
22.9,48.81,0.25,65.0,1.4280500000000922,[22.9     48.81     0.25    65.       1.42805],[-1.28017292  0.95860721  0.          0.         -0.54265492],3
22.9,48.88,0.25,65.0,0.006050000000014006,[2.290e+01 4.888e+01 2.500e-01 6.500e+01 6.050e-03],[-1.28017292  0.97416284  0.          0.         -0.81294871],3
22.9,49.15,0.25,65.0,17.36409999999868,[22.9    49.15    0.25   65.     17.3641],[-1.28017292  1.03416315  0.          0.          2.48646986],2
22.9,49.25,0.25,65.0,0.3960500000001902,[22.9     49.25     0.25    65.       0.39605],[-1.28017292  1.05638548  0.          0.         -0.7388175 ],3
22.9,50.36,0.25,65.0,8.028496666666634,[22.9        50.36        0.25       65.          8.02849667],[-1.28017292  1.30305341  0.          0.          0.71195815],2
22.9,50.38,0.25,65.0,11.01578095238132,[22.9        50.38        0.25       65.         11.01578095],[-1.28017292  1.30749787  0.          0.          1.27978122],2
22.9,50.39,0.25,65.0,2.6244333333331045,[22.9        50.39        0.25       65.          2.62443333],[-1.28017292  1.30972011  0.          0.         -0.31524635],2
22.9,50.42,0.25,65.0,0.08820000000003056,[22.9    50.42    0.25   65.      0.0882],[-1.28017292  1.31638681  0.          0.         -0.79733364],3
22.9,51.01,0.25,65.0,7.200300000000752,[22.9    51.01    0.25   65.      7.2003],[-1.28017292  1.44749859  0.          0.          0.5545345 ],2
22.9,51.02,0.25,65.0,1.6744500000000748,[22.9     51.02     0.25    65.       1.67445],[-1.28017292  1.44972082  0.          0.         -0.4958192 ],3
22.9,51.06,0.25,65.0,18.22823333333402,[22.9        51.06        0.25       65.         18.22823333],[-1.28017292  1.45860975  0.          0.          2.65072434],2
22.91,35.26,0.25,65.0,12.30080000000018,[22.91   35.26    0.25   65.     12.3008],[-1.25919997 -2.05251923  0.          0.          1.52403767],0
22.91,36.71,0.25,65.0,0.016200000000001227,[2.291e+01 3.671e+01 2.500e-01 6.500e+01 1.620e-02],[-1.25919997 -1.73029537  0.          0.         -0.8110194 ],0
22.91,36.92,0.25,65.0,0.061249999999988064,[2.291e+01 3.692e+01 2.500e-01 6.500e+01 6.125e-02],[-1.25919997 -1.68362846  0.          0.         -0.8024563 ],0
22.91,36.95,0.25,65.0,12.251250000000224,[22.91    36.95     0.25    65.      12.25125],[-1.25919997 -1.67696176  0.          0.          1.5146192 ],0
22.91,37.04,0.25,65.0,1.584200000000255,[22.91   37.04    0.25   65.      1.5842],[-1.25919997 -1.65696166  0.          0.         -0.51297392],0
22.91,38.11,0.25,65.0,0.07219999999997667,[22.91   38.11    0.25   65.      0.0722],[-1.25919997 -1.41918267  0.          0.         -0.80037492],0
22.91,38.23,0.25,65.0,5.44499999999985,[22.91  38.23   0.25  65.     5.445],[-1.25919997 -1.39251587  0.          0.          0.22088704],0
22.91,38.4,0.25,65.0,1.4280500000000922,[22.91    38.4      0.25    65.       1.42805],[-1.25919997 -1.3547379   0.          0.         -0.54265492],0
22.91,38.71,0.25,65.0,0.31204999999997124,[22.91    38.71     0.25    65.       0.31205],[-1.25919997 -1.28584866  0.          0.         -0.75478423],0
22.91,38.76,0.25,65.0,17.22845000000036,[22.91    38.76     0.25    65.      17.22845],[-1.25919997 -1.27473749  0.          0.          2.4606855 ],2
22.91,38.87,0.25,65.0,0.5304500000001475,[22.91    38.87     0.25    65.       0.53045],[-1.25919997 -1.25029292  0.          0.         -0.71327075],0
22.91,41.04,0.25,65.0,1.748449999999796,[22.91    41.04     0.25    65.       1.74845],[-1.25919997 -0.76806825  0.          0.         -0.48175328],0
22.91,41.05,0.25,65.0,7.8012499999997305,[22.91    41.05     0.25    65.       7.80125],[-1.25919997 -0.76584601  0.          0.          0.66876309],0
22.91,41.32,0.25,65.0,0.4232000000000669,[22.91   41.32    0.25   65.      0.4232],[-1.25919997 -0.70584571  0.          0.         -0.73365683],0
22.91,41.68,0.25,65.0,2.020049999999753,[22.91    41.68     0.25    65.       2.02005],[-1.25919997 -0.6258453   0.          0.         -0.43012754],0
22.91,41.69,0.25,65.0,8.77805000000023,[22.91    41.69     0.25    65.       8.77805],[-1.25919997 -0.62362307  0.          0.          0.85443326],2
22.91,41.8,0.25,65.0,1.080449999999873,[22.91    41.8      0.25    65.       1.08045],[-1.25919997 -0.5991785   0.          0.         -0.60872674],0
22.91,41.82,0.25,65.0,0.966049999999823,[22.91    41.82     0.25    65.       0.96605],[-1.25919997 -0.59473403  0.          0.         -0.63047189],0
22.91,41.84,0.25,65.0,3.7264500000000496,[22.91    41.84     0.25    65.       3.72645],[-1.25919997 -0.59028956  0.          0.         -0.10577499],0
22.91,41.86,0.25,65.0,4.263200000000213,[22.91   41.86    0.25   65.      4.2632],[-1.25919997 -0.5858451   0.          0.         -0.00374954],0
22.91,41.99,0.25,65.0,17.04333333333444,[22.91       41.99        0.25       65.         17.04333333],[-1.25919997 -0.55695606  0.          0.          2.42549852],2
22.91,42.01,0.25,65.0,3.838533333333323,[22.91       42.01        0.25       65.          3.83853333],[-1.25919997 -0.55251159  0.          0.         -0.08447019],0
22.91,42.03,0.25,65.0,16.704199999999187,[22.91   42.03    0.25   65.     16.7042],[-1.25919997 -0.54806713  0.          0.          2.36103605],2
22.91,45.11,0.25,65.0,3.8364499999999495,[22.91    45.11     0.25    65.       3.83645],[-1.25919997  0.1363808   0.          0.         -0.08486619],0
22.91,45.15,0.25,65.0,0.41404999999997105,[22.91    45.15     0.25    65.       0.41405],[-1.25919997  0.14526974  0.          0.         -0.73539606],0
22.91,46.02,0.25,65.0,16.53125,[22.91    46.02     0.25    65.      16.53125],[-1.25919997  0.33860405  0.          0.          2.32816171],2
22.91,48.12,0.25,65.0,0.8191999999999651,[22.91   48.12    0.25   65.      0.8192],[-1.25919997  0.8052731   0.          0.         -0.65838514],3
22.91,48.13,0.25,65.0,0.04500000000003752,[2.291e+01 4.813e+01 2.500e-01 6.500e+01 4.500e-02],[-1.25919997  0.80749533  0.          0.         -0.8055451 ],3
22.91,48.14,0.25,65.0,0.024200000000006,[2.291e+01 4.814e+01 2.500e-01 6.500e+01 2.420e-02],[-1.25919997  0.80971756  0.          0.         -0.80949876],3
22.91,48.17,0.25,65.0,0.096800000000024,[22.91   48.17    0.25   65.      0.0968],[-1.25919997  0.81638426  0.          0.         -0.79569895],3
22.91,48.19,0.25,65.0,0.28643333333330706,[22.91       48.19        0.25       65.          0.28643333],[-1.25919997  0.82082873  0.          0.         -0.75965344],3
22.91,48.28,0.25,65.0,0.7200000000000546,[22.91 48.28  0.25 65.    0.72],[-1.25919997  0.84082883  0.          0.         -0.67724108],3
22.91,48.3,0.25,65.0,3.251249999999884,[22.91    48.3      0.25    65.       3.25125],[-1.25919997  0.8452733   0.          0.         -0.19610102],2
22.91,48.41,0.25,65.0,0.1681999999999578,[22.91   48.41    0.25   65.      0.1682],[-1.25919997  0.86971787  0.          0.         -0.78212724],3
22.91,48.47,0.25,65.0,19.78205000000013,[22.91    48.47     0.25    65.      19.78205],[-1.25919997  0.88305127  0.          0.          2.94607385],2
22.91,48.8,0.25,65.0,2.6911999999998524,[22.91   48.8     0.25   65.      2.6912],[-1.25919997  0.95638498  0.          0.         -0.30255534],2
22.91,48.89,0.25,65.0,4.790933333333462,[22.91       48.89        0.25       65.          4.79093333],[-1.25919997  0.97638508  0.          0.          0.09656203],2
22.91,48.9,0.25,65.0,13.57205000000019,[22.91    48.9      0.25    65.      13.57205],[-1.25919997  0.97860731  0.          0.          1.7656769 ],2
22.91,48.96,0.25,65.0,1.8907000000001717,[22.91   48.96    0.25   65.      1.8907],[-1.25919997  0.99194071  0.          0.         -0.4547144 ],3
22.91,49.41,0.25,65.0,1.0952000000000268,[22.91   49.41    0.25   65.      1.0952],[-1.25919997  1.09194122  0.          0.         -0.60592305],3
22.91,50.31,0.25,65.0,19.344199999999464,[22.91   50.31    0.25   65.     19.3442],[-1.25919997  1.29194224  0.          0.          2.86284731],2
22.91,50.32,0.25,65.0,13.414900000000053,[22.91   50.32    0.25   65.     13.4149],[-1.25919997  1.29416447  0.          0.          1.73580582],2
22.91,50.34,0.25,65.0,12.184091666666857,[22.91       50.34        0.25       65.         12.18409167],[-1.25919997  1.29860894  0.          0.          1.50185375],2
22.91,50.36,0.25,65.0,12.829200000000142,[22.91   50.36    0.25   65.     12.8292],[-1.25919997  1.30305341  0.          0.          1.62447595],2
22.91,50.37,0.25,65.0,11.544466666666873,[22.91       50.37        0.25       65.         11.54446667],[-1.25919997  1.30527564  0.          0.          1.38027381],2
22.91,50.38,0.25,65.0,7.032499999999857,[22.91   50.38    0.25   65.      7.0325],[-1.25919997  1.30749787  0.          0.          0.52263907],2
22.91,50.39,0.25,65.0,3.8610916666661708,[22.91       50.39        0.25       65.          3.86109167],[-1.25919997  1.30972011  0.          0.         -0.0801823 ],2
22.91,50.4,0.25,65.0,5.99853333333339,[22.91       50.4         0.25       65.          5.99853333],[-1.25919997  1.31194234  0.          0.          0.32610267],2
22.91,50.45,0.25,65.0,0.15125000000003752,[22.91    50.45     0.25    65.       0.15125],[-1.25919997  1.32305351  0.          0.         -0.78534909],3
22.91,50.9,0.25,65.0,4.470050000000367,[22.91    50.9      0.25    65.       4.47005],[-1.25919997  1.42305402  0.          0.          0.03556852],2
22.91,50.93,0.25,65.0,3.608033333333378,[22.91       50.93        0.25       65.          3.60803333],[-1.25919997  1.42972072  0.          0.         -0.12828363],2
22.91,51.0,0.25,65.0,0.5629000000001204,[22.91   51.      0.25   65.      0.5629],[-1.25919997  1.44527635  0.          0.         -0.70710265],3
22.91,51.06,0.25,65.0,10.125,[22.91  51.06   0.25  65.    10.125],[-1.25919997  1.45860975  0.          0.          1.11046155],2
22.91,51.08,0.25,65.0,9.990449999999614,[22.91    51.08     0.25    65.       9.99045],[-1.25919997  1.46305422  0.          0.          1.08488628],2
22.93,36.99,0.25,65.0,5.096133333333332,[22.93       36.99        0.25       65.          5.09613333],[-1.21725407 -1.66807283  0.          0.          0.15457445],0
22.93,38.08,0.25,65.0,2.784799999999898,[22.93   38.08    0.25   65.      2.7848],[-1.21725407 -1.42584937  0.          0.         -0.28476385],0
22.93,38.57,0.25,65.0,5.644800000000237,[22.93   38.57    0.25   65.      5.6448],[-1.21725407 -1.31695993  0.          0.          0.25886502],0
22.93,38.61,0.25,65.0,18.00553333333279,[22.93       38.61        0.25       65.         18.00553333],[-1.21725407 -1.30807099  0.          0.          2.60839352],2
22.93,38.63,0.25,65.0,1.7392333333334964,[22.93       38.63        0.25       65.          1.73923333],[-1.21725407 -1.30362653  0.          0.         -0.48350518],0
22.93,38.65,0.25,65.0,7.323661904762015,[22.93      38.65       0.25      65.         7.3236619],[-1.21725407 -1.29918206  0.          0.          0.57798314],0
22.93,38.66,0.25,65.0,2.8807200000002386,[22.93    38.66     0.25    65.       2.88072],[-1.21725407 -1.29695983  0.          0.         -0.26653137],0
22.93,38.67,0.25,65.0,5.686761904761972,[22.93      38.67       0.25      65.         5.6867619],[-1.21725407 -1.29473759  0.          0.          0.26684114],0
22.93,38.69,0.25,65.0,3.432199999999863,[22.93   38.69    0.25   65.      3.4322],[-1.21725407 -1.29029313  0.          0.         -0.16170604],0
22.93,38.73,0.25,65.0,9.360533333333404,[22.93       38.73        0.25       65.          9.36053333],[-1.21725407 -1.28140419  0.          0.          0.96515171],0
22.93,38.8,0.25,65.0,10.170049999999959,[22.93    38.8      0.25    65.      10.17005],[-1.21725407 -1.26584856  0.          0.          1.11902466],0
22.93,38.82,0.25,65.0,5.5111999999999775,[22.93   38.82    0.25   65.      5.5112],[-1.21725407 -1.26140409  0.          0.          0.23347033],0
22.93,38.83,0.25,65.0,10.904450000000073,[22.93    38.83     0.25    65.      10.90445],[-1.21725407 -1.25918186  0.          0.          1.25861943],0
22.93,40.98,0.25,65.0,7.258049999999792,[22.93    40.98     0.25    65.       7.25805],[-1.21725407 -0.78140165  0.          0.          0.56551162],0
22.93,41.01,0.25,65.0,0.530450000000089,[22.93    41.01     0.25    65.       0.53045],[-1.21725407 -0.77473495  0.          0.         -0.71327075],0
22.93,41.02,0.25,65.0,2.3112500000001956,[22.93    41.02     0.25    65.       2.31125],[-1.21725407 -0.77251271  0.          0.         -0.37477624],0
22.93,41.79,0.25,65.0,13.005000000001276,[22.93  41.79   0.25  65.    13.005],[-1.21725407 -0.60140073  0.          0.          1.65789202],2
22.93,41.8,0.25,65.0,2.6911999999995886,[22.93   41.8     0.25   65.      2.6912],[-1.21725407 -0.5991785   0.          0.         -0.30255534],0
22.93,41.83,0.25,65.0,3.64500000000043,[22.93  41.83   0.25  65.     3.645],[-1.21725407 -0.5925118   0.          0.         -0.12125701],0
22.93,41.88,0.25,65.0,3.808799999999661,[22.93   41.88    0.25   65.      3.8088],[-1.21725407 -0.58140063  0.          0.         -0.0901219 ],0
22.93,41.93,0.25,65.0,9.996699999999482,[22.93   41.93    0.25   65.      9.9967],[-1.21725407 -0.57028946  0.          0.          1.08607428],2
22.93,47.6,0.25,65.0,16.53125,[22.93    47.6      0.25    65.      16.53125],[-1.21725407  0.68971695  0.          0.          2.32816171],2
22.93,48.1,0.25,65.0,2.464758333333288,[22.93       48.1         0.25       65.          2.46475833],[-1.21725407  0.80082863  0.          0.         -0.34559737],3
22.93,48.11,0.25,65.0,1.0367999999999968,[22.93   48.11    0.25   65.      1.0368],[-1.21725407  0.80305086  0.          0.         -0.61702373],3
22.93,48.12,0.25,65.0,6.633899999999705,[22.93   48.12    0.25   65.      6.6339],[-1.21725407  0.8052731   0.          0.          0.44687318],2
22.93,48.14,0.25,65.0,0.7660333333333746,[22.93       48.14        0.25       65.          0.76603333],[-1.21725407  0.80971756  0.          0.         -0.66849106],3
22.93,48.15,0.25,65.0,0.11045000000001283,[22.93    48.15     0.25    65.       0.11045],[-1.21725407  0.8119398   0.          0.         -0.79310436],3
22.93,48.17,0.25,65.0,0.022049999999971828,[2.293e+01 4.817e+01 2.500e-01 6.500e+01 2.205e-02],[-1.21725407  0.81638426  0.          0.         -0.80990743],3
22.93,48.53,0.25,65.0,0.01620000000001146,[2.293e+01 4.853e+01 2.500e-01 6.500e+01 1.620e-02],[-1.21725407  0.89638467  0.          0.         -0.8110194 ],3
22.93,48.74,0.25,65.0,0.8064499999999769,[22.93    48.74     0.25    65.       0.80645],[-1.21725407  0.94305157  0.          0.         -0.66080866],3
22.93,48.88,0.25,65.0,7.920200000000072,[22.93   48.88    0.25   65.      7.9202],[-1.21725407  0.97416284  0.          0.          0.69137311],2
22.93,48.89,0.25,65.0,6.564958333332918,[22.93       48.89        0.25       65.          6.56495833],[-1.21725407  0.97638508  0.          0.          0.43376874],2
22.93,50.32,0.25,65.0,7.352233333333688,[22.93       50.32        0.25       65.          7.35223333],[-1.21725407  1.29416447  0.          0.          0.58341399],2
22.93,50.33,0.25,65.0,5.370952777778109,[22.93       50.33        0.25       65.          5.37095278],[-1.21725407  1.29638671  0.          0.          0.20681214],2
22.93,50.35,0.25,65.0,3.6007999999997318,[22.93   50.35    0.25   65.      3.6008],[-1.21725407  1.30083117  0.          0.         -0.12965855],2
22.93,50.36,0.25,65.0,6.480000000000082,[22.93 50.36  0.25 65.    6.48],[-1.21725407  1.30305341  0.          0.          0.41761986],2
22.93,50.37,0.25,65.0,0.26903333333325097,[22.93       50.37        0.25       65.          0.26903333],[-1.21725407  1.30527564  0.          0.         -0.76296083],3
22.93,50.38,0.25,65.0,3.1021000000001324,[22.93   50.38    0.25   65.      3.1021],[-1.21725407  1.30749787  0.          0.         -0.22445145],2
22.93,50.39,0.25,65.0,13.520000000000827,[22.93 50.39  0.25 65.   13.52],[-1.21725407  1.30972011  0.          0.          1.75578323],2
22.93,50.94,0.25,65.0,1.0576000000000885,[22.93   50.94    0.25   65.      1.0576],[-1.21725407  1.43194295  0.          0.         -0.61307006],3
22.93,51.11,0.25,65.0,11.28125,[22.93    51.11     0.25    65.      11.28125],[-1.21725407  1.46972092  0.          0.          1.33024158],2
22.94,37.97,0.25,65.0,0.31999999999996365,[22.94 37.97  0.25 65.    0.32],[-1.19628112 -1.45029394  0.          0.         -0.75327309],0
22.94,37.99,0.25,65.0,11.10123333333337,[22.94       37.99        0.25       65.         11.10123333],[-1.19628112 -1.44584947  0.          0.          1.29602401],0
22.94,38.04,0.25,65.0,6.480000000000286,[22.94 38.04  0.25 65.    6.48],[-1.19628112 -1.43473831  0.          0.          0.41761986],0
22.94,38.33,0.25,65.0,5.05619999999966,[22.94   38.33    0.25   65.      5.0562],[-1.19628112 -1.37029353  0.          0.          0.14698392],0
22.94,38.6,0.25,65.0,0.25204999999990474,[22.94    38.6      0.25    65.       0.25205],[-1.19628112 -1.31029323  0.          0.         -0.76618903],0
22.94,38.61,0.25,65.0,1.1406333333332013,[22.94       38.61        0.25       65.          1.14063333],[-1.19628112 -1.30807099  0.          0.         -0.59728709],0
22.94,38.64,0.25,65.0,4.765166666666597,[22.94       38.64        0.25       65.          4.76516667],[-1.19628112 -1.30140429  0.          0.          0.0916643 ],0
22.94,38.65,0.25,65.0,11.509491666666422,[22.94       38.65        0.25       65.         11.50949167],[-1.19628112 -1.29918206  0.          0.          1.37362576],0
22.94,38.66,0.25,65.0,1.076433333333357,[22.94       38.66        0.25       65.          1.07643333],[-1.19628112 -1.29695983  0.          0.         -0.60949022],0
22.94,38.67,0.25,65.0,11.568050000000557,[22.94    38.67     0.25    65.      11.56805],[-1.19628112 -1.29473759  0.          0.          1.38475653],0
22.94,38.69,0.25,65.0,4.785895238095409,[22.94       38.69        0.25       65.          4.78589524],[-1.19628112 -1.29029313  0.          0.          0.09560439],0
22.94,38.7,0.25,65.0,10.41943333333352,[22.94       38.7         0.25       65.         10.41943333],[-1.19628112 -1.28807089  0.          0.          1.16642745],0
22.94,38.71,0.25,65.0,8.491233333333192,[22.94       38.71        0.25       65.          8.49123333],[-1.19628112 -1.28584866  0.          0.          0.79991514],0
22.94,38.73,0.25,65.0,8.690700000000014,[22.94   38.73    0.25   65.      8.6907],[-1.19628112 -1.28140419  0.          0.          0.83782977],0
22.94,38.74,0.25,65.0,0.40499999999992836,[22.94  38.74   0.25  65.     0.405],[-1.19628112 -1.27918196  0.          0.         -0.73711629],0
22.94,38.82,0.25,65.0,0.6844500000000187,[22.94    38.82     0.25    65.       0.68445],[-1.19628112 -1.26140409  0.          0.         -0.68399842],0
22.94,40.55,0.25,65.0,0.027299999999988143,[2.294e+01 4.055e+01 2.500e-01 6.500e+01 2.730e-02],[-1.19628112 -0.87695769  0.          0.         -0.80890951],0
22.94,40.71,0.25,65.0,0.3960500000000384,[22.94    40.71     0.25    65.       0.39605],[-1.19628112 -0.84140195  0.          0.         -0.7388175 ],0
22.94,41.02,0.25,65.0,2.6911999999995886,[22.94   41.02    0.25   65.      2.6912],[-1.19628112 -0.77251271  0.          0.         -0.30255534],0
22.94,41.41,0.25,65.0,2.0,[22.94 41.41  0.25 65.    2.  ],[-1.19628112 -0.68584561  0.          0.         -0.43393865],0
22.94,41.71,0.25,65.0,4.5,[22.94 41.71  0.25 65.    4.5 ],[-1.19628112 -0.6191786   0.          0.          0.04126141],0
22.94,42.0,0.25,65.0,13.80963333333435,[22.94       42.          0.25       65.         13.80963333],[-1.19628112 -0.55473383  0.          0.          1.81083674],2
22.94,44.61,0.25,65.0,2.204999999999809,[22.94  44.61   0.25  65.     2.205],[-1.19628112  0.02526913  0.          0.         -0.39497224],0
22.94,45.66,0.25,65.0,7.1442000000003265,[22.94   45.66    0.25   65.      7.1442],[-1.19628112  0.25860365  0.          0.          0.54387101],2
22.94,45.69,0.25,65.0,16.359200000000808,[22.94   45.69    0.25   65.     16.3592],[-1.19628112  0.26527035  0.          0.          2.29545844],2
22.94,47.61,0.25,65.0,9.6800000000004,[22.94 47.61  0.25 65.    9.68],[-1.19628112  0.69193919  0.          0.          1.02587594],2
22.94,47.79,0.25,65.0,19.59379999999923,[22.94   47.79    0.25   65.     19.5938],[-1.19628112  0.73193939  0.          0.          2.91029129],2
22.94,48.08,0.25,65.0,0.5820999999999823,[22.94   48.08    0.25   65.      0.5821],[-1.19628112  0.79638416  0.          0.         -0.70345312],3
22.94,48.11,0.25,65.0,0.26593333333332125,[22.94       48.11        0.25       65.          0.26593333],[-1.19628112  0.80305086  0.          0.         -0.76355008],3
22.94,48.12,0.25,65.0,1.1552000000000588,[22.94   48.12    0.25   65.      1.1552],[-1.19628112  0.8052731   0.          0.         -0.59451825],3
22.94,48.14,0.25,65.0,1.3753666666666173,[22.94       48.14        0.25       65.          1.37536667],[-1.19628112  0.80971756  0.          0.         -0.55266897],3
22.94,48.15,0.25,65.0,0.9641333333334217,[22.94       48.15        0.25       65.          0.96413333],[-1.19628112  0.8119398   0.          0.         -0.63083621],3
22.94,48.3,0.25,65.0,0.5100499999999908,[22.94    48.3      0.25    65.       0.51005],[-1.19628112  0.8452733   0.          0.         -0.71714838],3
22.94,48.76,0.25,65.0,3.89205000000085,[22.94    48.76     0.25    65.       3.89205],[-1.19628112  0.94749604  0.          0.         -0.07429774],2
22.94,48.78,0.25,65.0,4.560099999999844,[22.94   48.78    0.25   65.      4.5601],[-1.19628112  0.95194051  0.          0.          0.05268522],2
22.94,48.84,0.25,65.0,11.869899999999872,[22.94   48.84    0.25   65.     11.8699],[-1.19628112  0.96527391  0.          0.          1.44213219],2
22.94,48.9,0.25,65.0,5.678450000000016,[22.94    48.9      0.25    65.       5.67845],[-1.19628112  0.97860731  0.          0.          0.26526122],2
22.94,48.92,0.25,65.0,12.076633333333158,[22.94       48.92        0.25       65.         12.07663333],[-1.19628112  0.98305178  0.          0.          1.48142806],2
22.94,50.22,0.25,65.0,0.6498000000002436,[22.94   50.22    0.25   65.      0.6498],[-1.19628112  1.27194214  0.          0.         -0.6905847 ],3
22.94,50.23,0.25,65.0,1.7860499999999742,[22.94    50.23     0.25    65.       1.78605],[-1.19628112  1.27416437  0.          0.         -0.47460627],3
22.94,50.26,0.25,65.0,0.3181999999999533,[22.94   50.26    0.25   65.      0.3182],[-1.19628112  1.28083107  0.          0.         -0.75361523],3
22.94,50.32,0.25,65.0,0.28125,[22.94    50.32     0.25    65.       0.28125],[-1.19628112  1.29416447  0.          0.         -0.76063869],3
22.94,50.91,0.25,65.0,0.10580000000001673,[22.94   50.91    0.25   65.      0.1058],[-1.19628112  1.42527625  0.          0.         -0.79398823],3
22.94,50.92,0.25,65.0,0.15125000000003752,[22.94    50.92     0.25    65.       0.15125],[-1.19628112  1.42749848  0.          0.         -0.78534909],3
22.94,50.95,0.25,65.0,3.0012499999995543,[22.94    50.95     0.25    65.       3.00125],[-1.19628112  1.43416519  0.          0.         -0.24362102],2
22.96,36.26,0.25,65.0,1.602049999999935,[22.96    36.26     0.25    65.       1.60205],[-1.15433522 -1.83029587  0.          0.         -0.50958099],0
22.96,36.52,0.25,65.0,4.205000000000099,[22.96  36.52   0.25  65.     4.205],[-1.15433522 -1.7725178   0.          0.         -0.01481219],0
22.96,36.54,0.25,65.0,0.07605000000001685,[22.96    36.54     0.25    65.       0.07605],[-1.15433522 -1.76807334  0.          0.         -0.79964311],0
22.96,37.33,0.25,65.0,1.5138000000000158,[22.96   37.33    0.25   65.      1.5138],[-1.15433522 -1.59251689  0.          0.         -0.52635556],0
22.96,38.48,0.25,65.0,0.8844499999999789,[22.96    38.48     0.25    65.       0.88445],[-1.15433522 -1.33696003  0.          0.         -0.64598242],0
22.96,38.54,0.25,65.0,1.7404666666666373,[22.96       38.54        0.25       65.          1.74046667],[-1.15433522 -1.32362663  0.          0.         -0.48327075],0
22.96,38.56,0.25,65.0,10.396800000000528,[22.96   38.56    0.25   65.     10.3968],[-1.15433522 -1.31918216  0.          0.          1.1621253 ],0
22.96,38.62,0.25,65.0,3.6720499999999445,[22.96    38.62     0.25    65.       3.67205],[-1.15433522 -1.30584876  0.          0.         -0.11611534],0
22.96,38.65,0.25,65.0,3.2999300000000056,[22.96    38.65     0.25    65.       3.29993],[-1.15433522 -1.29918206  0.          0.         -0.18684792],0
22.96,38.66,0.25,65.0,11.139200000000129,[22.96   38.66    0.25   65.     11.1392],[-1.15433522 -1.29695983  0.          0.          1.30324071],0
22.96,38.75,0.25,65.0,10.44244999999971,[22.96    38.75     0.25    65.      10.44245],[-1.15433522 -1.27695972  0.          0.          1.17080245],0
22.96,38.77,0.25,65.0,14.349233333333272,[22.96       38.77        0.25       65.         14.34923333],[-1.15433522 -1.27251526  0.          0.          1.91340393],2
22.96,40.77,0.25,65.0,0.011250000000005115,[2.296e+01 4.077e+01 2.500e-01 6.500e+01 1.125e-02],[-1.15433522 -0.82806855  0.          0.         -0.8119603 ],0
22.96,41.85,0.25,65.0,0.6612500000001046,[22.96    41.85     0.25    65.       0.66125],[-1.15433522 -0.58806733  0.          0.         -0.68840828],0
22.96,41.87,0.25,65.0,5.088050000000174,[22.96    41.87     0.25    65.       5.08805],[-1.15433522 -0.58362286  0.          0.          0.15303797],0
22.96,44.49,0.25,65.0,4.200033333333289,[22.96       44.49        0.25       65.          4.20003333],[-1.15433522 -0.00139768  0.          0.         -0.01575626],0
22.96,44.56,0.25,65.0,3.251250000000464,[22.96    44.56     0.25    65.       3.25125],[-1.15433522  0.01415796  0.          0.         -0.19610102],0
22.96,45.53,0.25,65.0,4.292449999999853,[22.96    45.53     0.25    65.       4.29245],[-1.15433522  0.22971461  0.          0.          0.0018103 ],2
22.96,45.59,0.25,65.0,7.604999999999024,[22.96  45.59   0.25  65.     7.605],[-1.15433522  0.24304801  0.          0.          0.63145989],2
22.96,45.67,0.25,65.0,15.961250000000513,[22.96    45.67     0.25    65.      15.96125],[-1.15433522  0.26082588  0.          0.          2.21981609],2
22.96,45.69,0.25,65.0,0.18605000000007768,[22.96    45.69     0.25    65.       0.18605],[-1.15433522  0.26527035  0.          0.         -0.77873431],3
22.96,45.71,0.25,65.0,3.511250000000241,[22.96    45.71     0.25    65.       3.51125],[-1.15433522  0.26971481  0.          0.         -0.14668021],2
22.96,45.87,0.25,65.0,0.06124999999996817,[2.296e+01 4.587e+01 2.500e-01 6.500e+01 6.125e-02],[-1.15433522  0.30527055  0.          0.         -0.8024563 ],3
22.96,47.76,0.25,65.0,17.820449999999486,[22.96    47.76     0.25    65.      17.82045],[-1.15433522  0.72527269  0.          0.          2.57321288],2
22.96,48.08,0.25,65.0,0.11093333333331648,[22.96       48.08        0.25       65.          0.11093333],[-1.15433522  0.79638416  0.          0.         -0.79301249],3
22.96,48.09,0.25,65.0,0.14579999999998036,[22.96   48.09    0.25   65.      0.1458],[-1.15433522  0.7986064   0.          0.         -0.78638503],3
22.96,48.1,0.25,65.0,0.22445000000004875,[22.96    48.1      0.25    65.       0.22445],[-1.15433522  0.80082863  0.          0.         -0.77143524],3
22.96,48.11,0.25,65.0,0.36603333333335514,[22.96       48.11        0.25       65.          0.36603333],[-1.15433522  0.80305086  0.          0.         -0.74452307],3
22.96,48.13,0.25,65.0,0.12005000000000446,[22.96    48.13     0.25    65.       0.12005],[-1.15433522  0.80749533  0.          0.         -0.79127959],3
22.96,48.14,0.25,65.0,0.5724499999999927,[22.96    48.14     0.25    65.       0.57245],[-1.15433522  0.80971756  0.          0.         -0.70528739],3
22.96,48.65,0.25,65.0,17.346050000000254,[22.96    48.65     0.25    65.      17.34605],[-1.15433522  0.92305147  0.          0.          2.48303891],2
22.96,49.82,0.25,65.0,1.6380499999999012,[22.96    49.82     0.25    65.       1.63805],[-1.15433522  1.1830528   0.          0.         -0.50273811],3
22.96,49.86,0.25,65.0,0.016199999999970533,[2.296e+01 4.986e+01 2.500e-01 6.500e+01 1.620e-02],[-1.15433522  1.19194173  0.          0.         -0.8110194 ],3
22.96,50.17,0.25,65.0,2.376199999999891,[22.96   50.17    0.25   65.      2.3762],[-1.15433522  1.26083097  0.          0.         -0.36243054],3
22.96,50.21,0.25,65.0,0.5650916666666026,[22.96       50.21        0.25       65.          0.56509167],[-1.15433522  1.2697199   0.          0.         -0.70668606],3
22.96,50.22,0.25,65.0,1.01487999999989,[22.96    50.22     0.25    65.       1.01488],[-1.15433522  1.27194214  0.          0.         -0.62119028],3
22.96,50.31,0.25,65.0,1.8432000000001396,[22.96   50.31    0.25   65.      1.8432],[-1.15433522  1.29194224  0.          0.         -0.4637432 ],3
22.97,36.29,0.25,65.0,5.31379999999997,[22.97   36.29    0.25   65.      5.3138],[-1.13336227 -1.82362917  0.          0.          0.19594854],0
22.97,36.42,0.25,65.0,8.611250000000377,[22.97    36.42     0.25    65.       8.61125],[-1.13336227 -1.79474014  0.          0.          0.82272791],0
22.97,36.45,0.25,65.0,0.28125,[22.97    36.45     0.25    65.       0.28125],[-1.13336227 -1.78807344  0.          0.         -0.76063869],0
22.97,36.47,0.25,65.0,0.9522000000000722,[22.97   36.47    0.25   65.      0.9522],[-1.13336227 -1.78362897  0.          0.         -0.6331045 ],0
22.97,36.56,0.25,65.0,1.906899999999884,[22.97   36.56    0.25   65.      1.9069],[-1.13336227 -1.76362887  0.          0.         -0.4516351 ],0
22.97,36.74,0.25,65.0,1.1500333333331778,[22.97       36.74        0.25       65.          1.15003333],[-1.13336227 -1.72362866  0.          0.         -0.59550033],0
22.97,36.9,0.25,65.0,0.05780000000003015,[2.297e+01 3.690e+01 2.500e-01 6.500e+01 5.780e-02],[-1.13336227 -1.68807293  0.          0.         -0.80311207],0
22.97,38.48,0.25,65.0,1.729800000000131,[22.97   38.48    0.25   65.      1.7298],[-1.13336227 -1.33696003  0.          0.         -0.48529827],0
22.97,38.5,0.25,65.0,0.06845000000002271,[22.97    38.5      0.25    65.       0.06845],[-1.13336227 -1.33251556  0.          0.         -0.80108772],0
22.97,38.51,0.25,65.0,3.225625000000028,[22.97     38.51      0.25     65.        3.225625],[-1.13336227 -1.33029333  0.          0.         -0.20097182],0
22.97,38.54,0.25,65.0,12.440533333333443,[22.97       38.54        0.25       65.         12.44053333],[-1.13336227 -1.32362663  0.          0.          1.55059818],2
22.97,38.56,0.25,65.0,5.31379999999997,[22.97   38.56    0.25   65.      5.3138],[-1.13336227 -1.31918216  0.          0.          0.19594854],0
22.97,38.61,0.25,65.0,0.05444999999997599,[2.297e+01 3.861e+01 2.500e-01 6.500e+01 5.445e-02],[-1.13336227 -1.30807099  0.          0.         -0.80374884],0
22.97,38.72,0.25,65.0,0.14044999999998553,[22.97    38.72     0.25    65.       0.14045],[-1.13336227 -1.28362643  0.          0.         -0.78740196],0
22.97,40.05,0.25,65.0,2.9683333333331707,[22.97       40.05        0.25       65.          2.96833333],[-1.13336227 -0.98806937  0.          0.         -0.24987782],0
22.97,41.25,0.25,65.0,7.449799999999834,[22.97   41.25    0.25   65.      7.4498],[-1.13336227 -0.72140134  0.          0.          0.60195947],0
22.97,41.74,0.25,65.0,1.729800000000237,[22.97   41.74    0.25   65.      1.7298],[-1.13336227 -0.6125119   0.          0.         -0.48529827],0
22.97,41.99,0.25,65.0,0.01804999999998877,[2.297e+01 4.199e+01 2.500e-01 6.500e+01 1.805e-02],[-1.13336227 -0.55695606  0.          0.         -0.81066775],0
22.97,44.66,0.25,65.0,6.588449999999158,[22.97    44.66     0.25    65.       6.58845],[-1.13336227  0.03638029  0.          0.          0.43823404],2
22.97,45.01,0.25,65.0,0.0001999999999996362,[2.297e+01 4.501e+01 2.500e-01 6.500e+01 2.000e-04],[-1.13336227  0.11415847  0.          0.         -0.81406068],0
22.97,45.53,0.25,65.0,9.073799999999476,[22.97   45.53    0.25   65.      9.0738],[-1.13336227  0.22971461  0.          0.          0.91064943],2
22.97,45.66,0.25,65.0,11.664449999999649,[22.97    45.66     0.25    65.      11.66445],[-1.13336227  0.25860365  0.          0.          1.40308024],2
22.97,45.76,0.25,65.0,0.22445000000004875,[22.97    45.76     0.25    65.       0.22445],[-1.13336227  0.28082598  0.          0.         -0.77143524],3
22.97,45.93,0.25,65.0,0.0031999999999941793,[2.297e+01 4.593e+01 2.500e-01 6.500e+01 3.200e-03],[-1.13336227  0.31860395  0.          0.         -0.81349044],3
22.97,46.1,0.25,65.0,11.28125,[22.97    46.1      0.25    65.      11.28125],[-1.13336227  0.35638192  0.          0.          1.33024158],2
22.97,46.25,0.25,65.0,3.3024500000001287,[22.97    46.25     0.25    65.       3.30245],[-1.13336227  0.38971542  0.          0.         -0.18636892],2
22.97,48.13,0.25,65.0,1.2167999999999148,[22.97   48.13    0.25   65.      1.2168],[-1.13336227  0.80749533  0.          0.         -0.58280932],3
22.97,48.15,0.25,65.0,0.048050000000035946,[2.297e+01 4.815e+01 2.500e-01 6.500e+01 4.805e-02],[-1.13336227  0.8119398   0.          0.         -0.80496535],3
22.97,48.65,0.25,65.0,3.1000500000000226,[22.97    48.65     0.25    65.       3.10005],[-1.13336227  0.92305147  0.          0.         -0.22484112],3
22.97,48.68,0.25,65.0,0.9522000000000722,[22.97   48.68    0.25   65.      0.9522],[-1.13336227  0.92971817  0.          0.         -0.6331045 ],3
22.97,48.98,0.25,65.0,0.2887999999999067,[22.97   48.98    0.25   65.      0.2888],[-1.13336227  0.99638518  0.          0.         -0.75920359],3
22.97,49.83,0.25,65.0,1.2482000000000646,[22.97   49.83    0.25   65.      1.2482],[-1.13336227  1.18527503  0.          0.         -0.57684081],3
22.97,49.84,0.25,65.0,8.094566666665695,[22.97       49.84        0.25       65.          8.09456667],[-1.13336227  1.18749726  0.          0.          0.72451673],2
22.97,49.85,0.25,65.0,6.570133333332893,[22.97       49.85        0.25       65.          6.57013333],[-1.13336227  1.1897195   0.          0.          0.43475241],2
22.97,49.86,0.25,65.0,14.494633333332764,[22.97       49.86        0.25       65.         14.49463333],[-1.13336227  1.19194173  0.          0.          1.94104156],2
22.97,49.87,0.25,65.0,5.024450000000231,[22.97    49.87     0.25    65.       5.02445],[-1.13336227  1.19416396  0.          0.          0.14094888],2
22.97,49.89,0.25,65.0,0.15002500000000993,[22.97     49.89      0.25     65.        0.150025],[-1.13336227  1.19860843  0.          0.         -0.78558194],3
22.97,50.17,0.25,65.0,0.2520500000000258,[22.97    50.17     0.25    65.       0.25205],[-1.13336227  1.26083097  0.          0.         -0.76618903],3
22.97,50.25,0.25,65.0,0.5831999999999214,[22.97   50.25    0.25   65.      0.5832],[-1.13336227  1.27860884  0.          0.         -0.70324403],3
22.97,50.31,0.25,65.0,5.273633333333308,[22.97       50.31        0.25       65.          5.27363333],[-1.13336227  1.29194224  0.          0.          0.18831366],2
22.97,50.87,0.25,65.0,1.3284499999999926,[22.97    50.87     0.25    65.       1.32845],[-1.13336227  1.41638732  0.          0.         -0.56158689],3
22.97,50.89,0.25,65.0,0.4204000000000698,[22.97   50.89    0.25   65.      0.4204],[-1.13336227  1.42083178  0.          0.         -0.73418906],3
22.98,36.27,0.25,65.0,2.464200000000061,[22.98   36.27    0.25   65.      2.4642],[-1.11238932 -1.82807364  0.          0.         -0.3457035 ],0
22.98,36.28,0.25,65.0,6.6978000000000915,[22.98   36.28    0.25   65.      6.6978],[-1.11238932 -1.82585141  0.          0.          0.45901929],0
22.98,36.34,0.25,65.0,4.673433333333225,[22.98       36.34        0.25       65.          4.67343333],[-1.11238932 -1.81251801  0.          0.          0.07422763],0
22.98,36.36,0.25,65.0,1.2960500000001134,[22.98    36.36     0.25    65.       1.29605],[-1.11238932 -1.80807354  0.          0.         -0.56774548],0
22.98,36.41,0.25,65.0,2.2684500000001115,[22.98    36.41     0.25    65.       2.26845],[-1.11238932 -1.79696237  0.          0.         -0.38291167],0
22.98,36.46,0.25,65.0,5.951250000000157,[22.98    36.46     0.25    65.       5.95125],[-1.11238932 -1.7858512   0.          0.          0.31711505],0
22.98,36.49,0.25,65.0,0.186050000000043,[22.98    36.49     0.25    65.       0.18605],[-1.11238932 -1.7791845   0.          0.         -0.77873431],0
22.98,36.51,0.25,65.0,0.1624500000000609,[22.98    36.51     0.25    65.       0.16245],[-1.11238932 -1.77474004  0.          0.         -0.7832202 ],0
22.98,36.57,0.25,65.0,1.9497333333333642,[22.98       36.57        0.25       65.          1.94973333],[-1.11238932 -1.76140663  0.          0.         -0.44349334],0
22.98,36.67,0.25,65.0,6.090050000000032,[22.98    36.67     0.25    65.       6.09005],[-1.11238932 -1.7391843   0.          0.          0.34349816],0
22.98,36.68,0.25,65.0,0.8651999999999064,[22.98   36.68    0.25   65.      0.8652],[-1.11238932 -1.73696207  0.          0.         -0.64964146],0
22.98,36.71,0.25,65.0,14.045000000000663,[22.98  36.71   0.25  65.    14.045],[-1.11238932 -1.73029537  0.          0.          1.85557525],0
22.98,36.72,0.25,65.0,2.1424500000002213,[22.98    36.72     0.25    65.       2.14245],[-1.11238932 -1.72807313  0.          0.         -0.40686175],0
22.98,36.74,0.25,65.0,3.707233333333499,[22.98       36.74        0.25       65.          3.70723333],[-1.11238932 -1.72362866  0.          0.         -0.10942769],0
22.98,36.75,0.25,65.0,11.79010000000002,[22.98   36.75    0.25   65.     11.7901],[-1.11238932 -1.72140643  0.          0.          1.4269638 ],0
22.98,37.45,0.25,65.0,0.2738000000000067,[22.98   37.45    0.25   65.      0.2738],[-1.11238932 -1.56585008  0.          0.         -0.76205479],0
22.98,37.47,0.25,65.0,3.484800000000114,[22.98   37.47    0.25   65.      3.4848],[-1.11238932 -1.56140562  0.          0.         -0.15170783],0
22.98,37.5,0.25,65.0,0.8320499999999531,[22.98    37.5      0.25    65.       0.83205],[-1.11238932 -1.55473892  0.          0.         -0.65594261],0
22.98,37.65,0.25,65.0,0.9522000000000722,[22.98   37.65    0.25   65.      0.9522],[-1.11238932 -1.52140541  0.          0.         -0.6331045 ],0
22.98,38.41,0.25,65.0,0.0018000000000001363,[2.298e+01 3.841e+01 2.500e-01 6.500e+01 1.800e-03],[-1.11238932 -1.35251566  0.          0.         -0.81375655],0
22.98,38.42,0.25,65.0,0.0007999999999985448,[2.298e+01 3.842e+01 2.500e-01 6.500e+01 8.000e-04],[-1.11238932 -1.35029343  0.          0.         -0.81394663],0
22.98,38.57,0.25,65.0,4.337099999999892,[22.98   38.57    0.25   65.      4.3371],[-1.11238932 -1.31695993  0.          0.          0.01029738],0
22.98,38.63,0.25,65.0,2.142449999999986,[22.98    38.63     0.25    65.       2.14245],[-1.11238932 -1.30362653  0.          0.         -0.40686175],0
22.98,38.64,0.25,65.0,0.0017999999999967259,[2.298e+01 3.864e+01 2.500e-01 6.500e+01 1.800e-03],[-1.11238932 -1.30140429  0.          0.         -0.81375655],0
22.98,38.66,0.25,65.0,15.770433333333372,[22.98       38.66        0.25       65.         15.77043333],[-1.11238932 -1.29695983  0.          0.          2.18354566],2
22.98,41.78,0.25,65.0,0.1376333333333221,[22.98       41.78        0.25       65.          0.13763333],[-1.11238932 -0.60362296  0.          0.         -0.78793735],0
22.98,41.92,0.25,65.0,0.19220000000014378,[22.98   41.92    0.25   65.      0.1922],[-1.11238932 -0.57251169  0.          0.         -0.77756532],0
22.98,42.25,0.25,65.0,1.125,[22.98  42.25   0.25  65.     1.125],[-1.11238932 -0.49917799  0.          0.         -0.60025867],0
22.98,47.17,0.25,65.0,3.0504500000003483,[22.98    47.17     0.25    65.       3.05045],[-1.11238932  0.59416091  0.          0.         -0.23426909],3
22.98,47.75,0.25,65.0,6.160050000000367,[22.98    47.75     0.25    65.       6.16005],[-1.11238932  0.72305045  0.          0.          0.35680376],2
22.98,48.43,0.25,65.0,6.956450000000068,[22.98    48.43     0.25    65.       6.95645],[-1.11238932  0.87416234  0.          0.          0.50818349],2
22.98,48.45,0.25,65.0,0.6498000000000492,[22.98   48.45    0.25   65.      0.6498],[-1.11238932  0.8786068   0.          0.         -0.6905847 ],3
22.98,48.49,0.25,65.0,0.006050000000007753,[2.298e+01 4.849e+01 2.500e-01 6.500e+01 6.050e-03],[-1.11238932  0.88749574  0.          0.         -0.81294871],3
22.98,48.57,0.25,65.0,2.2471999999998893,[22.98   48.57    0.25   65.      2.2472],[-1.11238932  0.9052736   0.          0.         -0.38695087],3
22.98,48.58,0.25,65.0,9.083333333333243,[22.98       48.58        0.25       65.          9.08333333],[-1.11238932  0.90749584  0.          0.          0.91246153],2
22.98,48.64,0.25,65.0,0.2244499999999345,[22.98    48.64     0.25    65.       0.22445],[-1.11238932  0.92082924  0.          0.         -0.77143524],3
22.98,48.8,0.25,65.0,19.971199999999598,[22.98   48.8     0.25   65.     19.9712],[-1.11238932  0.95638498  0.          0.          2.98202749],2
22.98,48.85,0.25,65.0,0.6160500000000152,[22.98    48.85     0.25    65.       0.61605],[-1.11238932  0.96749614  0.          0.         -0.6969999 ],3
22.98,49.21,0.25,65.0,9.03125,[22.98    49.21     0.25    65.       9.03125],[-1.11238932  1.04749655  0.          0.          0.90256152],2
22.98,49.41,0.25,65.0,0.8320499999999531,[22.98    49.41     0.25    65.       0.83205],[-1.11238932  1.09194122  0.          0.         -0.65594261],3
22.98,49.8,0.25,65.0,9.227233333333693,[22.98       49.8         0.25       65.          9.22723333],[-1.11238932  1.17860833  0.          0.          0.93981404],2
22.98,49.83,0.25,65.0,6.470100000000432,[22.98   49.83    0.25   65.      6.4701],[-1.11238932  1.18527503  0.          0.          0.41573807],2
22.98,49.84,0.25,65.0,1.1690800000001256,[22.98    49.84     0.25    65.       1.16908],[-1.11238932  1.18749726  0.          0.         -0.59187994],3
22.98,49.85,0.25,65.0,1.2660333333329603,[22.98       49.85        0.25       65.          1.26603333],[-1.11238932  1.1897195   0.          0.         -0.57345105],3
22.98,49.86,0.25,65.0,7.196061111110675,[22.98       49.86        0.25       65.          7.19606111],[-1.11238932  1.19194173  0.          0.          0.55372877],2
22.98,49.88,0.25,65.0,0.16035833333331087,[22.98       49.88        0.25       65.          0.16035833],[-1.11238932  1.1963862   0.          0.         -0.78361778],3
22.98,49.89,0.25,65.0,17.832433333333828,[22.98       49.89        0.25       65.         17.83243333],[-1.11238932  1.19860843  0.          0.          2.57549067],2
22.98,49.9,0.25,65.0,2.2723000000001243,[22.98   49.9     0.25   65.      2.2723],[-1.11238932  1.20083066  0.          0.         -0.38217986],3
22.98,50.25,0.25,65.0,0.00045000000000259204,[2.298e+01 5.025e+01 2.500e-01 6.500e+01 4.500e-04],[-1.11238932  1.27860884  0.          0.         -0.81401316],3
22.98,50.32,0.25,65.0,0.4418000000000513,[22.98   50.32    0.25   65.      0.4418],[-1.11238932  1.29416447  0.          0.         -0.73012134],3
22.98,50.85,0.25,65.0,4.285633333332985,[22.98       50.85        0.25       65.          4.28563333],"[-1.11238932e+00  1.41194285e+00  0.00000000e+00  0.00000000e+00
  5.14591551e-04]",2
22.98,50.86,0.25,65.0,2.5764499999999586,[22.98    50.86     0.25    65.       2.57645],[-1.11238932  1.41416508  0.          0.         -0.32436702],3
23.0,33.67,0.25,65.0,5.31379999999997,[23.     33.67    0.25   65.      5.3138],[-1.07044342 -2.40585436  0.          0.          0.19594854],0
23.0,36.15,0.25,65.0,2.976800000000133,[23.     36.15    0.25   65.      2.9768],[-1.07044342 -1.85474044  0.          0.         -0.24826848],0
23.0,36.18,0.25,65.0,0.026450000000004182,[2.300e+01 3.618e+01 2.500e-01 6.500e+01 2.645e-02],[-1.07044342 -1.84807374  0.          0.         -0.80907108],0
23.0,36.27,0.25,65.0,0.20480000000002765,[23.     36.27    0.25   65.      0.2048],[-1.07044342 -1.82807364  0.          0.         -0.77517031],0
23.0,36.28,0.25,65.0,0.125,[23.    36.28   0.25  65.     0.125],[-1.07044342 -1.82585141  0.          0.         -0.79033869],0
23.0,36.31,0.25,65.0,2.332800000000054,[23.     36.31    0.25   65.      2.3328],[-1.07044342 -1.81918471  0.          0.         -0.37068002],0
23.0,36.36,0.25,65.0,16.017800000000143,[23.     36.36    0.25   65.     16.0178],[-1.07044342 -1.80807354  0.          0.          2.23056512],2
23.0,36.4,0.25,65.0,3.2767999999998603,[23.     36.4     0.25   65.      3.2768],[-1.07044342 -1.79918461  0.          0.         -0.19124447],0
23.0,36.54,0.25,65.0,4.004449999999955,[23.      36.54     0.25    65.       4.00445],[-1.07044342 -1.76807334  0.          0.         -0.05293274],0
23.0,36.59,0.25,65.0,0.11045000000001283,[23.      36.59     0.25    65.       0.11045],[-1.07044342 -1.75696217  0.          0.         -0.79310436],0
23.0,36.76,0.25,65.0,3.5912000000001707,[23.     36.76    0.25   65.      3.5912],[-1.07044342 -1.7191842   0.          0.         -0.13148331],0
23.0,37.44,0.25,65.0,0.6612499999999085,[23.      37.44     0.25    65.       0.66125],[-1.07044342 -1.56807232  0.          0.         -0.68840828],0
23.0,37.49,0.25,65.0,0.3960500000000384,[23.      37.49     0.25    65.       0.39605],[-1.07044342 -1.55696115  0.          0.         -0.7388175 ],0
23.0,38.33,0.25,65.0,0.25920000000001964,[23.     38.33    0.25   65.      0.2592],[-1.07044342 -1.37029353  0.          0.         -0.76482996],0
23.0,38.49,0.25,65.0,0.23805000000003765,[23.      38.49     0.25    65.       0.23805],[-1.07044342 -1.3347378   0.          0.         -0.76885015],0
23.0,38.67,0.25,65.0,0.5940499999999108,[23.      38.67     0.25    65.       0.59405],[-1.07044342 -1.29473759  0.          0.         -0.70118166],0
23.0,38.7,0.25,65.0,1.7860499999998667,[23.      38.7      0.25    65.       1.78605],[-1.07044342 -1.28807089  0.          0.         -0.47460627],0
23.0,40.74,0.25,65.0,0.07605000000001685,[23.      40.74     0.25    65.       0.07605],[-1.07044342 -0.83473525  0.          0.         -0.79964311],0
23.0,40.77,0.25,65.0,7.144200000000112,[23.     40.77    0.25   65.      7.1442],[-1.07044342 -0.82806855  0.          0.          0.54387101],0
23.0,40.88,0.25,65.0,0.8064499999999769,[23.      40.88     0.25    65.       0.80645],[-1.07044342 -0.80362398  0.          0.         -0.66080866],0
23.0,44.38,0.25,65.0,0.0024500000000035015,[2.300e+01 4.438e+01 2.500e-01 6.500e+01 2.450e-03],[-1.07044342 -0.02584225  0.          0.         -0.813633  ],0
23.0,44.57,0.25,65.0,0.15124999999991245,[23.      44.57     0.25    65.       0.15125],[-1.07044342  0.01638019  0.          0.         -0.78534909],0
23.0,45.3,0.25,65.0,0.2591999999999378,[23.     45.3     0.25   65.      0.2592],[-1.07044342  0.17860324  0.          0.         -0.76482996],3
23.0,45.74,0.25,65.0,0.057799999999933516,[2.300e+01 4.574e+01 2.500e-01 6.500e+01 5.780e-02],[-1.07044342  0.27638151  0.          0.         -0.80311207],3
23.0,46.03,0.25,65.0,9.548449999999523,[23.      46.03     0.25    65.       9.54845],[-1.07044342  0.34082629  0.          0.          1.00087091],2
23.0,47.38,0.25,65.0,0.21423333333330744,[23.         47.38        0.25       65.          0.21423333],[-1.07044342  0.64082781  0.          0.         -0.77337722],3
23.0,48.4,0.25,65.0,14.41845000000033,[23.      48.4      0.25    65.      14.41845],[-1.07044342  0.86749563  0.          0.          1.92656063],2
23.0,48.44,0.25,65.0,18.701426666666823,[23.         48.44        0.25       65.         18.70142667],[-1.07044342  0.87638457  0.          0.          2.74066894],2
23.0,48.47,0.25,65.0,14.703800000000088,[23.     48.47    0.25   65.     14.7038],[-1.07044342  0.88305127  0.          0.          1.98079997],2
23.0,48.54,0.25,65.0,1.0288299999998864,[23.      48.54     0.25    65.       1.02883],[-1.07044342  0.8986069   0.          0.         -0.61853867],3
23.0,48.55,0.25,65.0,15.862933333333366,[23.         48.55        0.25       65.         15.86293333],[-1.07044342  0.90082914  0.          0.          2.20112806],2
23.0,48.61,0.25,65.0,3.7757299999998883,[23.      48.61     0.25    65.       3.77573],[-1.07044342  0.91416254  0.          0.         -0.09640785],2
23.0,48.62,0.25,65.0,17.08282500000028,[23.       48.62      0.25     65.       17.082825],[-1.07044342  0.91638477  0.          0.          2.4330051 ],2
23.0,48.78,0.25,65.0,1.08045000000004,[23.      48.78     0.25    65.       1.08045],[-1.07044342  0.95194051  0.          0.         -0.60872674],3
23.0,48.83,0.25,65.0,2.93083333333339,[23.         48.83        0.25       65.          2.93083333],[-1.07044342  0.96305168  0.          0.         -0.25700583],3
23.0,49.27,0.25,65.0,16.704199999999187,[23.     49.27    0.25   65.     16.7042],[-1.07044342  1.06082995  0.          0.          2.36103605],2
23.0,49.3,0.25,65.0,2.928200000000176,[23.     49.3     0.25   65.      2.9282],[-1.07044342  1.06749665  0.          0.         -0.25750637],3
23.0,49.78,0.25,65.0,3.3466333333335236,[23.         49.78        0.25       65.          3.34663333],[-1.07044342  1.17416386  0.          0.         -0.17797055],2
23.0,49.79,0.25,65.0,0.001800000000003547,[2.300e+01 4.979e+01 2.500e-01 6.500e+01 1.800e-03],[-1.07044342  1.1763861   0.          0.         -0.81375655],3
23.0,49.81,0.25,65.0,0.7342333333334059,[23.         49.81        0.25       65.          0.73423333],[-1.07044342  1.18083056  0.          0.         -0.67453561],3
23.0,49.82,0.25,65.0,4.022933333333409,[23.         49.82        0.25       65.          4.02293333],[-1.07044342  1.1830528   0.          0.         -0.04941943],2
23.0,49.84,0.25,65.0,1.8650999999997053,[23.     49.84    0.25   65.      1.8651],[-1.07044342  1.18749726  0.          0.         -0.45958044],3
23.0,49.88,0.25,65.0,18.604999999999446,[23.    49.88   0.25  65.    18.605],[-1.07044342  1.1963862   0.          0.          2.72234016],2
23.0,49.89,0.25,65.0,1.1802333333335266,[23.         49.89        0.25       65.          1.18023333],[-1.07044342  1.19860843  0.          0.         -0.58975992],3
23.0,49.9,0.25,65.0,0.5940500000001586,[23.      49.9      0.25    65.       0.59405],[-1.07044342  1.20083066  0.          0.         -0.70118166],3
23.0,50.16,0.25,65.0,0.9517000000000468,[23.     50.16    0.25   65.      0.9517],[-1.07044342  1.25860874  0.          0.         -0.63319954],3
23.0,50.26,0.25,65.0,0.40500000000008185,[23.    50.26   0.25  65.     0.405],[-1.07044342  1.28083107  0.          0.         -0.73711629],3
23.01,36.2,0.25,65.0,3.618049999999688,[23.01    36.2      0.25    65.       3.61805],[-1.04947047 -1.84362928  0.          0.         -0.12637966],0
23.01,36.22,0.25,65.0,0.5201999999999815,[23.01   36.22    0.25   65.      0.5202],[-1.04947047 -1.83918481  0.          0.         -0.71521907],0
23.01,36.58,0.25,65.0,10.965833333333556,[23.01       36.58        0.25       65.         10.96583333],[-1.04947047 -1.7591844   0.          0.          1.27028717],0
23.01,37.03,0.25,65.0,0.48020000000001783,[23.01   37.03    0.25   65.      0.4802],[-1.04947047 -1.65918389  0.          0.         -0.72282227],0
23.01,37.37,0.25,65.0,0.07605000000003902,[23.01    37.37     0.25    65.       0.07605],[-1.04947047 -1.58362795  0.          0.         -0.79964311],0
23.01,37.94,0.25,65.0,2.576450000000346,[23.01    37.94     0.25    65.       2.57645],[-1.04947047 -1.45696064  0.          0.         -0.32436702],0
23.01,38.25,0.25,65.0,0.6844500000000852,[23.01    38.25     0.25    65.       0.68445],[-1.04947047 -1.3880714   0.          0.         -0.68399842],0
23.01,38.28,0.25,65.0,0.006050000000007753,[2.301e+01 3.828e+01 2.500e-01 6.500e+01 6.050e-03],[-1.04947047 -1.3814047   0.          0.         -0.81294871],0
23.01,38.41,0.25,65.0,0.1872999999999384,[23.01   38.41    0.25   65.      0.1873],[-1.04947047 -1.35251566  0.          0.         -0.77849671],0
23.01,38.6,0.25,65.0,0.7371000000000123,[23.01   38.6     0.25   65.      0.7371],[-1.04947047 -1.31029323  0.          0.         -0.67399071],0
23.01,41.42,0.25,65.0,13.05605000000007,[23.01    41.42     0.25    65.      13.05605],[-1.04947047 -0.68362337  0.          0.          1.66759561],2
23.01,41.47,0.25,65.0,0.0007999999999985448,[2.301e+01 4.147e+01 2.500e-01 6.500e+01 8.000e-04],[-1.04947047 -0.6725122   0.          0.         -0.81394663],0
23.01,41.71,0.25,65.0,0.7564499999996028,[23.01    41.71     0.25    65.       0.75645],[-1.04947047 -0.6191786   0.          0.         -0.67031266],0
23.01,41.86,0.25,65.0,2.311249999999951,[23.01    41.86     0.25    65.       2.31125],[-1.04947047 -0.5858451   0.          0.         -0.37477624],0
23.01,44.67,0.25,65.0,3.00125000000039,[23.01    44.67     0.25    65.       3.00125],[-1.04947047  0.03860253  0.          0.         -0.24362102],0
23.01,45.35,0.25,65.0,4.061249999999741,[23.01    45.35     0.25    65.       4.06125],[-1.04947047  0.18971441  0.          0.         -0.0421362 ],2
23.01,45.5,0.25,65.0,0.22444999999982024,[23.01    45.5      0.25    65.       0.22445],[-1.04947047  0.22304791  0.          0.         -0.77143524],3
23.01,45.71,0.25,65.0,1.1858000000004691,[23.01   45.71    0.25   65.      1.1858],[-1.04947047  0.26971481  0.          0.         -0.5887018 ],3
23.01,48.24,0.25,65.0,0.5724500000001752,[23.01    48.24     0.25    65.       0.57245],[-1.04947047  0.8319399   0.          0.         -0.70528739],3
23.01,48.41,0.25,65.0,8.862050000000153,[23.01    48.41     0.25    65.       8.86205],[-1.04947047  0.86971787  0.          0.          0.87039998],2
23.01,48.49,0.25,65.0,17.346050000000254,[23.01    48.49     0.25    65.      17.34605],[-1.04947047  0.88749574  0.          0.          2.48303891],2
23.01,48.52,0.25,65.0,0.4232000000000146,[23.01   48.52    0.25   65.      0.4232],[-1.04947047  0.89416244  0.          0.         -0.73365683],3
23.01,48.58,0.25,65.0,11.80979999999979,[23.01   48.58    0.25   65.     11.8098],[-1.04947047  0.90749584  0.          0.          1.43070838],2
23.01,48.59,0.25,65.0,10.562033333333119,[23.01       48.59        0.25       65.         10.56203333],[-1.04947047  0.90971807  0.          0.          1.19353286],2
23.01,48.68,0.25,65.0,0.8844499999999033,[23.01    48.68     0.25    65.       0.88445],[-1.04947047  0.92971817  0.          0.         -0.64598242],3
23.01,48.74,0.25,65.0,2.574699999999888,[23.01   48.74    0.25   65.      2.5747],[-1.04947047  0.94305157  0.          0.         -0.32469966],3
23.01,48.79,0.25,65.0,2.9282000000000385,[23.01   48.79    0.25   65.      2.9282],[-1.04947047  0.95416274  0.          0.         -0.25750637],3
23.01,48.8,0.25,65.0,13.730699999999775,[23.01   48.8     0.25   65.     13.7307],[-1.04947047  0.95638498  0.          0.          1.7958331 ],2
23.01,49.7,0.25,65.0,4.440200000000054,[23.01   49.7     0.25   65.      4.4402],[-1.04947047  1.15638599  0.          0.          0.02989463],2
23.01,49.77,0.25,65.0,0.04500000000002046,[2.301e+01 4.977e+01 2.500e-01 6.500e+01 4.500e-02],[-1.04947047  1.17194163  0.          0.         -0.8055451 ],3
23.01,49.82,0.25,65.0,5.3137999999996,[23.01   49.82    0.25   65.      5.3138],[-1.04947047  1.1830528   0.          0.          0.19594854],2
23.01,49.83,0.25,65.0,0.8012249999999455,[23.01     49.83      0.25     65.        0.801225],[-1.04947047  1.18527503  0.          0.         -0.66180183],3
23.01,49.88,0.25,65.0,0.9112499999998772,[23.01    49.88     0.25    65.       0.91125],[-1.04947047  1.1963862   0.          0.         -0.64088828],3
23.01,50.17,0.25,65.0,0.5201999999999815,[23.01   50.17    0.25   65.      0.5202],[-1.04947047  1.26083097  0.          0.         -0.71521907],3
23.01,50.29,0.25,65.0,1.9207999999994028,[23.01   50.29    0.25   65.      1.9208],[-1.04947047  1.28749777  0.          0.         -0.44899299],3
23.01,50.92,0.25,65.0,0.510049999999876,[23.01    50.92     0.25    65.       0.51005],[-1.04947047  1.42749848  0.          0.         -0.71714838],3
23.01,50.95,0.25,65.0,0.04204999999998945,[2.301e+01 5.095e+01 2.500e-01 6.500e+01 4.205e-02],[-1.04947047  1.43416519  0.          0.         -0.80610583],3
23.03,35.87,0.25,65.0,1.7484499999999021,[23.03    35.87     0.25    65.       1.74845],[-1.00752458 -1.91696298  0.          0.         -0.48175328],0
23.03,36.54,0.25,65.0,0.0007999999999985448,[2.303e+01 3.654e+01 2.500e-01 6.500e+01 8.000e-04],[-1.00752458 -1.76807334  0.          0.         -0.81394663],0
23.03,36.61,0.25,65.0,1.1551999999999722,[23.03   36.61    0.25   65.      1.1552],[-1.00752458 -1.7525177   0.          0.         -0.59451825],0
23.03,37.34,0.25,65.0,14.41844999999972,[23.03    37.34     0.25    65.      14.41845],[-1.00752458 -1.59029465  0.          0.          1.92656063],2
23.03,37.52,0.25,65.0,0.994049999999875,[23.03    37.52     0.25    65.       0.99405],[-1.00752458 -1.55029445  0.          0.         -0.62514965],0
23.03,37.59,0.25,65.0,14.742450000000037,[23.03    37.59     0.25    65.      14.74245],[-1.00752458 -1.53473881  0.          0.          1.98814656],2
23.03,37.66,0.25,65.0,5.828433333333599,[23.03       37.66        0.25       65.          5.82843333],[-1.00752458 -1.51918318  0.          0.          0.29377005],0
23.03,37.67,0.25,65.0,14.688200000000085,[23.03   37.67    0.25   65.     14.6882],[-1.00752458 -1.51696095  0.          0.          1.97783472],2
23.03,37.88,0.25,65.0,3.8920499999998985,[23.03    37.88     0.25    65.       3.89205],[-1.00752458 -1.47029404  0.          0.         -0.07429774],0
23.03,37.92,0.25,65.0,0.125,[23.03  37.92   0.25  65.     0.125],[-1.00752458 -1.46140511  0.          0.         -0.79033869],0
23.03,38.27,0.25,65.0,1.6562000000001944,[23.03   38.27    0.25   65.      1.6562],[-1.00752458 -1.38362693  0.          0.         -0.49928816],0
23.03,38.32,0.25,65.0,0.014449999999983379,[2.303e+01 3.832e+01 2.500e-01 6.500e+01 1.445e-02],[-1.00752458 -1.37251577  0.          0.         -0.81135204],0
23.03,40.63,0.25,65.0,1.862450000000123,[23.03    40.63     0.25    65.       1.86245],[-1.00752458 -0.85917982  0.          0.         -0.46008416],0
23.03,40.75,0.25,65.0,13.41620000000033,[23.03   40.75    0.25   65.     13.4162],[-1.00752458 -0.83251302  0.          0.          1.73605293],2
23.03,40.76,0.25,65.0,0.3674333333333172,[23.03       40.76        0.25       65.          0.36743333],[-1.00752458 -0.83029078  0.          0.         -0.74425696],0
23.03,40.77,0.25,65.0,1.1400499999999862,[23.03    40.77     0.25    65.       1.14005],[-1.00752458 -0.82806855  0.          0.         -0.59739797],0
23.03,40.81,0.25,65.0,11.400933333334002,[23.03       40.81        0.25       65.         11.40093333],[-1.00752458 -0.81917962  0.          0.          1.35299099],2
23.03,40.85,0.25,65.0,0.924799999999864,[23.03   40.85    0.25   65.      0.9248],[-1.00752458 -0.81029068  0.          0.         -0.63831269],0
23.03,41.42,0.25,65.0,10.951199999999234,[23.03   41.42    0.25   65.     10.9512],[-1.00752458 -0.68362337  0.          0.          1.26750567],2
23.03,41.45,0.25,65.0,1.548799999999784,[23.03   41.45    0.25   65.      1.5488],[-1.00752458 -0.67695667  0.          0.         -0.51970276],0
23.03,44.31,0.25,65.0,4.147199999999987,[23.03   44.31    0.25   65.      4.1472],[-1.00752458 -0.04139788  0.          0.         -0.02579882],0
23.03,45.29,0.25,65.0,4.774049999999396,[23.03    45.29     0.25    65.       4.77405],[-1.00752458  0.17638101  0.          0.          0.09335284],2
23.03,45.3,0.25,65.0,3.458449999999988,[23.03    45.3      0.25    65.       3.45845],[-1.00752458  0.17860324  0.          0.         -0.15671644],0
23.03,45.67,0.25,65.0,11.61620000000024,[23.03   45.67    0.25   65.     11.6162],[-1.00752458  0.26082588  0.          0.          1.39390888],2
23.03,48.78,0.25,65.0,0.296449999999986,[23.03    48.78     0.25    65.       0.29645],[-1.00752458  0.95194051  0.          0.         -0.75774947],3
23.03,49.32,0.25,65.0,1.8961000000003072,[23.03   49.32    0.25   65.      1.8961],[-1.00752458  1.07194112  0.          0.         -0.45368796],3
23.03,49.71,0.25,65.0,0.00044999999999577084,[2.303e+01 4.971e+01 2.500e-01 6.500e+01 4.500e-04],[-1.00752458  1.15860823  0.          0.         -0.81401316],3
23.03,49.73,0.25,65.0,1.9046999999997403,[23.03   49.73    0.25   65.      1.9047],[-1.00752458  1.16305269  0.          0.         -0.45205327],3
23.03,49.75,0.25,65.0,3.7954333333333183,[23.03       49.75        0.25       65.          3.79543333],[-1.00752458  1.16749716  0.          0.         -0.09266264],2
23.03,49.77,0.25,65.0,13.016100000000801,[23.03   49.77    0.25   65.     13.0161],[-1.00752458  1.17194163  0.          0.          1.66000191],2
23.03,49.81,0.25,65.0,2.0149000000001265,[23.03   49.81    0.25   65.      2.0149],[-1.00752458  1.18083056  0.          0.         -0.43110646],3
23.03,49.82,0.25,65.0,9.218799999999481,[23.03   49.82    0.25   65.      9.2188],[-1.00752458  1.1830528   0.          0.          0.93821103],2
23.03,50.03,0.25,65.0,1.6744499999998668,[23.03    50.03     0.25    65.       1.67445],[-1.00752458  1.2297197   0.          0.         -0.4958192 ],3
23.03,50.21,0.25,65.0,2.2897999999997274,[23.03   50.21    0.25   65.      2.2898],[-1.00752458  1.2697199   0.          0.         -0.37885346],3
23.03,50.87,0.25,65.0,0.5408999999999369,[23.03   50.87    0.25   65.      0.5409],[-1.00752458  1.41638732  0.          0.         -0.71128441],3
23.03,50.9,0.25,65.0,0.21779999999997898,[23.03   50.9     0.25   65.      0.2178],[-1.00752458  1.42305402  0.          0.         -0.77269927],3
23.03,51.01,0.25,65.0,2.832199999999448,[23.03   51.01    0.25   65.      2.8322],[-1.00752458  1.44749859  0.          0.         -0.27575405],3
23.04,35.83,0.25,65.0,12.350450000000135,[23.04    35.83     0.25    65.      12.35045],[-0.98655163 -1.92585192  0.          0.          1.53347514],0
23.04,35.98,0.25,65.0,2.040199999999963,[23.04   35.98    0.25   65.      2.0402],[-0.98655163 -1.89251841  0.          0.         -0.42629743],0
23.04,36.14,0.25,65.0,0.11520000000000873,[23.04   36.14    0.25   65.      0.1152],[-0.98655163 -1.85696268  0.          0.         -0.79220148],0
23.04,36.2,0.25,65.0,0.8449999999999409,[23.04  36.2    0.25  65.     0.845],[-0.98655163 -1.84362928  0.          0.         -0.65348108],0
23.04,36.47,0.25,65.0,0.07220000000001987,[23.04   36.47    0.25   65.      0.0722],[-0.98655163 -1.78362897  0.          0.         -0.80037492],0
23.04,36.51,0.25,65.0,4.999999999990905e-05,[2.304e+01 3.651e+01 2.500e-01 6.500e+01 5.000e-05],[-0.98655163 -1.77474004  0.          0.         -0.81408919],0
23.04,37.75,0.25,65.0,0.026450000000004182,[2.304e+01 3.775e+01 2.500e-01 6.500e+01 2.645e-02],[-0.98655163 -1.49918308  0.          0.         -0.80907108],0
23.04,38.37,0.25,65.0,0.0480500000000007,[2.304e+01 3.837e+01 2.500e-01 6.500e+01 4.805e-02],[-0.98655163 -1.3614046   0.          0.         -0.80496535],0
23.04,38.4,0.25,65.0,0.03379999999999764,[2.304e+01 3.840e+01 2.500e-01 6.500e+01 3.380e-02],[-0.98655163 -1.3547379   0.          0.         -0.80767399],0
23.04,38.41,0.25,65.0,0.03125,[2.304e+01 3.841e+01 2.500e-01 6.500e+01 3.125e-02],[-0.98655163 -1.35251566  0.          0.         -0.8081587 ],0
23.04,38.48,0.25,65.0,0.05119999999997963,[2.304e+01 3.848e+01 2.500e-01 6.500e+01 5.120e-02],[-0.98655163 -1.33696003  0.          0.         -0.8043666 ],0
23.04,40.58,0.25,65.0,1.4889333333332275,[23.04       40.58        0.25       65.          1.48893333],[-0.98655163 -0.87029099  0.          0.         -0.53108221],0
23.04,40.61,0.25,65.0,8.676633333333772,[23.04       40.61        0.25       65.          8.67663333],[-0.98655163 -0.86362429  0.          0.          0.83515598],0
23.04,40.83,0.25,65.0,2.959599999999829,[23.04   40.83    0.25   65.      2.9596],[-0.98655163 -0.81473515  0.          0.         -0.25153786],0
23.04,41.37,0.25,65.0,0.43244999999984773,[23.04    41.37     0.25    65.       0.43245],[-0.98655163 -0.69473454  0.          0.         -0.73189859],0
23.04,45.24,0.25,65.0,5.000000000104592e-05,[2.304e+01 4.524e+01 2.500e-01 6.500e+01 5.000e-05],[-0.98655163  0.16526984  0.          0.         -0.81408919],3
23.04,45.34,0.25,65.0,3.7366333333335984,[23.04       45.34        0.25       65.          3.73663333],[-0.98655163  0.18749217  0.          0.         -0.10383934],0
23.04,45.56,0.25,65.0,0.05445000000001351,[2.304e+01 4.556e+01 2.500e-01 6.500e+01 5.445e-02],[-0.98655163  0.23638131  0.          0.         -0.80374884],3
23.04,45.63,0.25,65.0,0.20479999999991852,[23.04   45.63    0.25   65.      0.2048],[-0.98655163  0.25193695  0.          0.         -0.77517031],3
23.04,45.91,0.25,65.0,0.5618000000003037,[23.04   45.91    0.25   65.      0.5618],[-0.98655163  0.31415948  0.          0.         -0.70731174],3
23.04,48.48,0.25,65.0,0.03125,[2.304e+01 4.848e+01 2.500e-01 6.500e+01 3.125e-02],[-0.98655163  0.8852735   0.          0.         -0.8081587 ],3
23.04,48.51,0.25,65.0,0.38823333333317644,[23.04       48.51        0.25       65.          0.38823333],[-0.98655163  0.8919402   0.          0.         -0.7403033 ],3
23.04,48.59,0.25,65.0,0.15125000000010005,[23.04    48.59     0.25    65.       0.15125],[-0.98655163  0.90971807  0.          0.         -0.78534909],3
23.04,48.79,0.25,65.0,7.0687999999993245,[23.04   48.79    0.25   65.      7.0688],[-0.98655163  0.95416274  0.          0.          0.52953898],2
23.04,48.96,0.25,65.0,12.55004999999967,[23.04    48.96     0.25    65.      12.55005],[-0.98655163  0.99194071  0.          0.          1.57141511],2
23.04,49.03,0.25,65.0,5.024450000000231,[23.04    49.03     0.25    65.       5.02445],[-0.98655163  1.00749635  0.          0.          0.14094888],2
23.04,49.33,0.25,65.0,0.2520500000000258,[23.04    49.33     0.25    65.       0.25205],[-0.98655163  1.07416335  0.          0.         -0.76618903],3
23.04,49.73,0.25,65.0,3.333433333333026,[23.04       49.73        0.25       65.          3.33343333],[-0.98655163  1.16305269  0.          0.         -0.18047961],3
23.04,49.74,0.25,65.0,0.3314333333332754,[23.04       49.74        0.25       65.          0.33143333],[-0.98655163  1.16527493  0.          0.         -0.75109984],3
23.04,49.75,0.25,65.0,9.229033333333382,[23.04       49.75        0.25       65.          9.22903333],[-0.98655163  1.16749716  0.          0.          0.94015618],2
23.04,49.78,0.25,65.0,0.016199999999990996,[2.304e+01 4.978e+01 2.500e-01 6.500e+01 1.620e-02],[-0.98655163  1.17416386  0.          0.         -0.8110194 ],3
23.04,49.8,0.25,65.0,4.413424999999935,[23.04     49.8       0.25     65.        4.413425],[-0.98655163  1.17860833  0.          0.          0.02480523],2
23.04,49.81,0.25,65.0,0.36125000000001933,[23.04    49.81     0.25    65.       0.36125],[-0.98655163  1.18083056  0.          0.         -0.74543229],3
23.04,50.07,0.25,65.0,1.3284499999999926,[23.04    50.07     0.25    65.       1.32845],[-0.98655163  1.23860863  0.          0.         -0.56158689],3
23.04,50.9,0.25,65.0,12.600199999999909,[23.04   50.9     0.25   65.     12.6002],[-0.98655163  1.42305402  0.          0.          1.58094763],2
23.04,50.94,0.25,65.0,4.6200666666669035,[23.04       50.94        0.25       65.          4.62006667],[-0.98655163  1.43194295  0.          0.          0.06408369],2
23.05,33.82,0.25,65.0,0.2664500000000133,[23.05    33.82     0.25    65.       0.26645],[-0.96557868 -2.37252086  0.          0.         -0.76345187],0
23.05,33.85,0.25,65.0,0.2880333333333129,[23.05       33.85        0.25       65.          0.28803333],[-0.96557868 -2.36585416  0.          0.         -0.75934931],0
23.05,35.69,0.25,65.0,1.0512499999999836,[23.05    35.69     0.25    65.       1.05125],[-0.96557868 -1.95696319  0.          0.         -0.61427707],0
23.05,35.72,0.25,65.0,0.06480000000002538,[2.305e+01 3.572e+01 2.500e-01 6.500e+01 6.480e-02],[-0.96557868 -1.95029649  0.          0.         -0.80178151],0
23.05,35.78,0.25,65.0,5.492033333333219,[23.05       35.78        0.25       65.          5.49203333],[-0.96557868 -1.93696308  0.          0.          0.22982713],0
23.05,35.81,0.25,65.0,0.2802333333333169,[23.05       35.81        0.25       65.          0.28023333],[-0.96557868 -1.93029638  0.          0.         -0.76083194],0
23.05,35.86,0.25,65.0,0.0012499999999977262,[2.305e+01 3.586e+01 2.500e-01 6.500e+01 1.250e-03],[-0.96557868 -1.91918522  0.          0.         -0.8138611 ],0
23.05,35.98,0.25,65.0,0.5202000000000394,[23.05   35.98    0.25   65.      0.5202],[-0.96557868 -1.89251841  0.          0.         -0.71521907],0
23.05,36.12,0.25,65.0,3.511249999999789,[23.05    36.12     0.25    65.       3.51125],[-0.96557868 -1.86140714  0.          0.         -0.14668021],0
23.05,36.15,0.25,65.0,1.4449999999999807,[23.05  36.15   0.25  65.     1.445],[-0.96557868 -1.85474044  0.          0.         -0.53943306],0
23.05,36.43,0.25,65.0,0.41405000000007447,[23.05    36.43     0.25    65.       0.41405],[-0.96557868 -1.7925179   0.          0.         -0.73539606],0
23.05,36.92,0.25,65.0,5.511199999999788,[23.05   36.92    0.25   65.      5.5112],[-0.96557868 -1.68362846  0.          0.          0.23347033],0
23.05,37.75,0.25,65.0,0.026450000000004182,[2.305e+01 3.775e+01 2.500e-01 6.500e+01 2.645e-02],[-0.96557868 -1.49918308  0.          0.         -0.80907108],0
23.05,38.36,0.25,65.0,1.2408999999999506,[23.05   38.36    0.25   65.      1.2409],[-0.96557868 -1.36362683  0.          0.         -0.5782284 ],0
23.05,38.41,0.25,65.0,3.808799999999975,[23.05   38.41    0.25   65.      3.8088],[-0.96557868 -1.35251566  0.          0.         -0.0901219 ],0
23.05,38.44,0.25,65.0,0.0024499999999955434,[2.305e+01 3.844e+01 2.500e-01 6.500e+01 2.450e-03],[-0.96557868 -1.34584896  0.          0.         -0.813633  ],0
23.05,38.57,0.25,65.0,0.0071999999999937244,[2.305e+01 3.857e+01 2.500e-01 6.500e+01 7.200e-03],[-0.96557868 -1.31695993  0.          0.         -0.81273012],0
23.05,40.61,0.25,65.0,0.18604999999997365,[23.05    40.61     0.25    65.       0.18605],[-0.96557868 -0.86362429  0.          0.         -0.77873431],0
23.05,41.65,0.25,65.0,4.5904499999995725,[23.05    41.65     0.25    65.       4.59045],[-0.96557868 -0.632512    0.          0.          0.05845415],0
23.05,41.7,0.25,65.0,1.1704499999997844,[23.05    41.7      0.25    65.       1.17045],[-0.96557868 -0.62140083  0.          0.         -0.59161953],0
23.05,41.71,0.25,65.0,1.3284499999999926,[23.05    41.71     0.25    65.       1.32845],[-0.96557868 -0.6191786   0.          0.         -0.56158689],0
23.05,41.72,0.25,65.0,7.527199999999983,[23.05   41.72    0.25   65.      7.5272],[-0.96557868 -0.61695637  0.          0.          0.61667166],0
23.05,44.81,0.25,65.0,10.57999999999958,[23.05 44.81  0.25 65.   10.58],[-0.96557868  0.0697138   0.          0.          1.19694796],2
23.05,45.26,0.25,65.0,4.29244999999952,[23.05    45.26     0.25    65.       4.29245],[-0.96557868  0.16971431  0.          0.          0.0018103 ],2
23.05,45.71,0.25,65.0,0.2520500000000258,[23.05    45.71     0.25    65.       0.25205],[-0.96557868  0.26971481  0.          0.         -0.76618903],3
23.05,45.96,0.25,65.0,0.048049999999983085,[2.305e+01 4.596e+01 2.500e-01 6.500e+01 4.805e-02],[-0.96557868  0.32527065  0.          0.         -0.80496535],3
23.05,47.15,0.25,65.0,0.00044999999999577084,[2.305e+01 4.715e+01 2.500e-01 6.500e+01 4.500e-04],[-0.96557868  0.58971644  0.          0.         -0.81401316],3
23.05,47.31,0.25,65.0,0.2592000000001015,[23.05   47.31    0.25   65.      0.2592],[-0.96557868  0.62527218  0.          0.         -0.76482996],3
23.05,47.34,0.25,65.0,0.004050000000002865,[2.305e+01 4.734e+01 2.500e-01 6.500e+01 4.050e-03],[-0.96557868  0.63193888  0.          0.         -0.81332887],3
23.05,48.52,0.25,65.0,0.016199999999970533,[2.305e+01 4.852e+01 2.500e-01 6.500e+01 1.620e-02],[-0.96557868  0.89416244  0.          0.         -0.8110194 ],3
23.05,49.02,0.25,65.0,0.720000000000191,[23.05 49.02  0.25 65.    0.72],[-0.96557868  1.00527411  0.          0.         -0.67724108],3
23.05,49.31,0.25,65.0,1.1400499999998146,[23.05    49.31     0.25    65.       1.14005],[-0.96557868  1.06971889  0.          0.         -0.59739797],3
23.05,49.55,0.25,65.0,0.4512499999999352,[23.05    49.55     0.25    65.       0.45125],[-0.96557868  1.12305249  0.          0.         -0.72832509],3
23.05,49.7,0.25,65.0,14.83689166666673,[23.05       49.7         0.25       65.         14.83689167],[-0.96557868  1.15638599  0.          0.          2.00609803],2
23.05,49.72,0.25,65.0,1.7942333333332345,[23.05       49.72        0.25       65.          1.79423333],[-0.96557868  1.16083046  0.          0.         -0.47305078],3
23.05,49.74,0.25,65.0,11.87613333333313,[23.05       49.74        0.25       65.         11.87613333],[-0.96557868  1.16527493  0.          0.          1.44331702],2
23.05,49.76,0.25,65.0,4.40163333333296,[23.05       49.76        0.25       65.          4.40163333],[-0.96557868  1.1697194   0.          0.          0.02256387],2
23.05,49.87,0.25,65.0,2.3506333333332137,[23.05       49.87        0.25       65.          2.35063333],[-0.96557868  1.19416396  0.          0.         -0.36729026],3
23.05,49.92,0.25,65.0,5.712200000000369,[23.05   49.92    0.25   65.      5.7122],[-0.96557868  1.20527513  0.          0.          0.27167642],2
23.05,50.03,0.25,65.0,0.848033333333216,[23.05       50.03        0.25       65.          0.84803333],[-0.96557868  1.2297197   0.          0.         -0.6529045 ],3
23.05,51.01,0.25,65.0,1.9404500000002778,[23.05    51.01     0.25    65.       1.94045],[-0.96557868  1.44749859  0.          0.         -0.44525791],3
23.05,51.07,0.25,65.0,0.22063333333328652,[23.05       51.07        0.25       65.          0.22063333],[-0.96557868  1.46083199  0.          0.         -0.77216071],3
23.05,51.14,0.25,65.0,3.3024499999995443,[23.05    51.14     0.25    65.       3.30245],[-0.96557868  1.47638762  0.          0.         -0.18636892],3
23.07,33.82,0.25,65.0,0.0060499999999952475,[2.307e+01 3.382e+01 2.500e-01 6.500e+01 6.050e-03],[-0.92363278 -2.37252086  0.          0.         -0.81294871],0
23.07,35.77,0.25,65.0,0.151249999999975,[23.07    35.77     0.25    65.       0.15125],[-0.92363278 -1.93918532  0.          0.         -0.78534909],0
23.07,35.89,0.25,65.0,13.520000000000236,[23.07 35.89  0.25 65.   13.52],[-0.92363278 -1.91251852  0.          0.          1.75578323],0
23.07,35.91,0.25,65.0,2.354450000000158,[23.07    35.91     0.25    65.       2.35445],[-0.92363278 -1.90807405  0.          0.         -0.36656478],0
23.07,35.96,0.25,65.0,0.00499999999999659,[2.307e+01 3.596e+01 2.500e-01 6.500e+01 5.000e-03],[-0.92363278 -1.89696288  0.          0.         -0.8131483 ],0
23.07,35.99,0.25,65.0,1.7881333333334457,[23.07       35.99        0.25       65.          1.78813333],[-0.92363278 -1.89029618  0.          0.         -0.47421027],0
23.07,36.03,0.25,65.0,1.8432000000000306,[23.07   36.03    0.25   65.      1.8432],[-0.92363278 -1.88140725  0.          0.         -0.4637432 ],0
23.07,36.38,0.25,65.0,0.06479999999998445,[2.307e+01 3.638e+01 2.500e-01 6.500e+01 6.480e-02],[-0.92363278 -1.80362907  0.          0.         -0.80178151],0
23.07,36.39,0.25,65.0,1.2960499999999304,[23.07    36.39     0.25    65.       1.29605],[-0.92363278 -1.80140684  0.          0.         -0.56774548],0
23.07,36.41,0.25,65.0,4.999999999990905e-05,[2.307e+01 3.641e+01 2.500e-01 6.500e+01 5.000e-05],[-0.92363278 -1.79696237  0.          0.         -0.81408919],0
23.07,36.43,0.25,65.0,0.9474999999998027,[23.07   36.43    0.25   65.      0.9475],[-0.92363278 -1.7925179   0.          0.         -0.63399787],0
23.07,36.47,0.25,65.0,0.5512500000001314,[23.07    36.47     0.25    65.       0.55125],[-0.92363278 -1.78362897  0.          0.         -0.70931708],0
23.07,36.57,0.25,65.0,8.12044999999989,[23.07    36.57     0.25    65.       8.12045],[-0.92363278 -1.76140663  0.          0.          0.72943664],0
23.07,40.49,0.25,65.0,0.28125,[23.07    40.49     0.25    65.       0.28125],[-0.92363278 -0.89029109  0.          0.         -0.76063869],0
23.07,40.53,0.25,65.0,6.480000000000286,[23.07 40.53  0.25 65.    6.48],[-0.92363278 -0.88140216  0.          0.          0.41761986],0
23.07,41.57,0.25,65.0,0.3444499999999396,[23.07    41.57     0.25    65.       0.34445],[-0.92363278 -0.65028987  0.          0.         -0.74862563],0
23.07,43.37,0.25,65.0,0.03919999999999236,[2.307e+01 4.337e+01 2.500e-01 6.500e+01 3.920e-02],[-0.92363278 -0.25028783  0.          0.         -0.80664756],0
23.07,44.23,0.25,65.0,13.05605000000036,[23.07    44.23     0.25    65.      13.05605],[-0.92363278 -0.05917575  0.          0.          1.66759561],2
23.07,45.02,0.25,65.0,0.20479999999991852,[23.07   45.02    0.25   65.      0.2048],[-0.92363278  0.1163807   0.          0.         -0.77517031],3
23.07,45.88,0.25,65.0,8.29829999999968,[23.07   45.88    0.25   65.      8.2983],[-0.92363278  0.30749278  0.          0.          0.76324237],2
23.07,46.12,0.25,65.0,0.03125,[2.307e+01 4.612e+01 2.500e-01 6.500e+01 3.125e-02],[-0.92363278  0.36082639  0.          0.         -0.8081587 ],3
23.07,47.37,0.25,65.0,5.611249999999695,[23.07    47.37     0.25    65.       5.61125],[-0.92363278  0.63860558  0.          0.          0.25248784],2
23.07,48.48,0.25,65.0,17.820449999998804,[23.07    48.48     0.25    65.      17.82045],[-0.92363278  0.8852735   0.          0.          2.57321288],2
23.07,48.52,0.25,65.0,16.822966666666737,[23.07       48.52        0.25       65.         16.82296667],[-0.92363278  0.89416244  0.          0.          2.38361122],2
23.07,48.69,0.25,65.0,0.07286666666666107,[23.07       48.69        0.25       65.          0.07286667],[-0.92363278  0.93194041  0.          0.         -0.8002482 ],3
23.07,48.97,0.25,65.0,5.478049999999819,[23.07    48.97     0.25    65.       5.47805],[-0.92363278  0.99416295  0.          0.          0.22716918],2
23.07,49.18,0.25,65.0,0.2591999999999378,[23.07   49.18    0.25   65.      0.2592],[-0.92363278  1.04082985  0.          0.         -0.76482996],3
23.07,49.57,0.25,65.0,0.7688000000001523,[23.07   49.57    0.25   65.      0.7688],[-0.92363278  1.12749696  0.          0.         -0.66796517],3
23.07,49.65,0.25,65.0,0.2244499999999726,[23.07    49.65     0.25    65.       0.22445],[-0.92363278  1.14527483  0.          0.         -0.77143524],3
23.07,49.87,0.25,65.0,17.928014285714166,[23.07       49.87        0.25       65.         17.92801429],[-0.92363278  1.19416396  0.          0.          2.5936587 ],2
23.07,49.9,0.25,65.0,2.040199999999963,[23.07   49.9     0.25   65.      2.0402],[-0.92363278  1.20083066  0.          0.         -0.42629743],3
23.07,49.91,0.25,65.0,4.330000000000321,[23.07 49.91  0.25 65.    4.33],[-0.92363278  1.2030529   0.          0.          0.00894781],2
23.07,49.93,0.25,65.0,0.03644999999999509,[2.307e+01 4.993e+01 2.500e-01 6.500e+01 3.645e-02],[-0.92363278  1.20749737  0.          0.         -0.80717028],3
23.07,49.98,0.25,65.0,17.11124999999947,[23.07    49.98     0.25    65.      17.11125],[-0.92363278  1.21860853  0.          0.          2.43840812],2
23.07,50.0,0.25,65.0,0.4512500000001512,[23.07    50.       0.25    65.       0.45125],[-0.92363278  1.223053    0.          0.         -0.72832509],3
23.07,50.88,0.25,65.0,0.713766666666567,[23.07       50.88        0.25       65.          0.71376667],[-0.92363278  1.41860955  0.          0.         -0.67842591],3
23.07,50.93,0.25,65.0,2.3112500000001956,[23.07    50.93     0.25    65.       2.31125],[-0.92363278  1.42972072  0.          0.         -0.37477624],3
23.07,51.14,0.25,65.0,0.4418000000000513,[23.07   51.14    0.25   65.      0.4418],[-0.92363278  1.47638762  0.          0.         -0.73012134],3
23.07,51.24,0.25,65.0,0.19844999999999713,[23.07    51.24     0.25    65.       0.19845],[-0.92363278  1.49860996  0.          0.         -0.77637732],3
23.08,35.67,0.25,65.0,0.29645000000002975,[23.08    35.67     0.25    65.       0.29645],[-0.90265983 -1.96140765  0.          0.         -0.75774947],0
23.08,35.81,0.25,65.0,0.36863333333337733,[23.08       35.81        0.25       65.          0.36863333],[-0.90265983 -1.93029638  0.          0.         -0.74402886],0
23.08,35.82,0.25,65.0,6.565499999999827,[23.08   35.82    0.25   65.      6.5655],[-0.90265983 -1.92807415  0.          0.          0.4338717 ],0
23.08,35.87,0.25,65.0,8.067200000000053,[23.08   35.87    0.25   65.      8.0672],[-0.90265983 -1.91696298  0.          0.          0.71931488],0
23.08,35.91,0.25,65.0,1.248199999999885,[23.08   35.91    0.25   65.      1.2482],[-0.90265983 -1.90807405  0.          0.         -0.57684081],0
23.08,36.25,0.25,65.0,15.512449999999962,[23.08    36.25     0.25    65.      15.51245],[-0.90265983 -1.83251811  0.          0.          2.13450818],2
23.08,36.35,0.25,65.0,0.20653333333332827,[23.08       36.35        0.25       65.          0.20653333],[-0.90265983 -1.81029577  0.          0.         -0.77484084],0
23.08,36.37,0.25,65.0,0.5574333333332491,[23.08       36.37        0.25       65.          0.55743333],[-0.90265983 -1.80585131  0.          0.         -0.70814176],0
23.08,38.29,0.25,65.0,0.03635833333332796,"[2.30800000e+01 3.82900000e+01 2.50000000e-01 6.50000000e+01
 3.63583333e-02]",[-0.90265983 -1.37918247  0.          0.         -0.8071877 ],0
23.08,39.72,0.25,65.0,1.6380499999999012,[23.08    39.72     0.25    65.       1.63805],[-0.90265983 -1.06140307  0.          0.         -0.50273811],0
23.08,39.76,0.25,65.0,15.0152000000001,[23.08   39.76    0.25   65.     15.0152],[-0.90265983 -1.05251414  0.          0.          2.03999089],2
23.08,40.64,0.25,65.0,0.024199999999993498,[2.308e+01 4.064e+01 2.500e-01 6.500e+01 2.420e-02],[-0.90265983 -0.85695759  0.          0.         -0.80949876],0
23.08,41.16,0.25,65.0,0.004049999999982401,[2.308e+01 4.116e+01 2.500e-01 6.500e+01 4.050e-03],[-0.90265983 -0.74140144  0.          0.         -0.81332887],0
23.08,41.71,0.25,65.0,5.248799999999661,[23.08   41.71    0.25   65.      5.2488],[-0.90265983 -0.6191786   0.          0.          0.18359334],0
23.08,43.86,0.25,65.0,10.260449999999876,[23.08    43.86     0.25    65.      10.26045],[-0.90265983 -0.14139839  0.          0.          1.13620789],2
23.08,44.91,0.25,65.0,5.644800000000046,[23.08   44.91    0.25   65.      5.6448],[-0.90265983  0.09193613  0.          0.          0.25886502],2
23.08,44.95,0.25,65.0,8.106700000000254,[23.08   44.95    0.25   65.      8.1067],[-0.90265983  0.10082507  0.          0.          0.72682304],2
23.08,45.0,0.25,65.0,6.234376666666124,[23.08       45.          0.25       65.          6.23437667],[-0.90265983  0.11193623  0.          0.          0.37093177],2
23.08,45.05,0.25,65.0,3.853199999999668,[23.08   45.05    0.25   65.      3.8532],[-0.90265983  0.1230474   0.          0.         -0.08168235],0
23.08,45.09,0.25,65.0,0.13004999999993738,[23.08    45.09     0.25    65.       0.13005],[-0.90265983  0.13193634  0.          0.         -0.78937879],3
23.08,45.11,0.25,65.0,0.07999999999989996,[23.08 45.11  0.25 65.    0.08],[-0.90265983  0.1363808   0.          0.         -0.7988923 ],3
23.08,45.89,0.25,65.0,0.19220000000014378,[23.08   45.89    0.25   65.      0.1922],[-0.90265983  0.30971502  0.          0.         -0.77756532],3
23.08,45.98,0.25,65.0,2.2260500000000287,[23.08    45.98     0.25    65.       2.22605],[-0.90265983  0.32971512  0.          0.         -0.39097106],3
23.08,48.36,0.25,65.0,0.11044999999995939,[23.08    48.36     0.25    65.       0.11045],[-0.90265983  0.8586067   0.          0.         -0.79310436],3
23.08,48.37,0.25,65.0,7.4884499999995775,[23.08    48.37     0.25    65.       7.48845],[-0.90265983  0.86082893  0.          0.          0.60930606],2
23.08,48.47,0.25,65.0,14.62223333333289,[23.08       48.47        0.25       65.         14.62223333],[-0.90265983  0.88305127  0.          0.          1.96529577],2
23.08,48.61,0.25,65.0,12.048133333333281,[23.08       48.61        0.25       65.         12.04813333],[-0.90265983  0.91416254  0.          0.          1.47601078],2
23.08,48.73,0.25,65.0,5.814050000000085,[23.08    48.73     0.25    65.       5.81405],[-0.90265983  0.94082934  0.          0.          0.29103607],2
23.08,49.19,0.25,65.0,16.112133333332537,[23.08       49.19        0.25       65.         16.11213333],[-0.90265983  1.04305208  0.          0.          2.248496  ],2
23.08,49.81,0.25,65.0,2.8754333333334987,[23.08       49.81        0.25       65.          2.87543333],[-0.90265983  1.18083056  0.          0.         -0.26753626],3
23.08,49.85,0.25,65.0,4.470049999999687,[23.08    49.85     0.25    65.       4.47005],[-0.90265983  1.1897195   0.          0.          0.03556852],2
23.08,49.91,0.25,65.0,2.69083333333351,[23.08       49.91        0.25       65.          2.69083333],[-0.90265983  1.2030529   0.          0.         -0.30262503],3
23.08,49.93,0.25,65.0,0.8844499999999033,[23.08    49.93     0.25    65.       0.88445],[-0.90265983  1.20749737  0.          0.         -0.64598242],3
23.08,50.06,0.25,65.0,0.2520499999999451,[23.08    50.06     0.25    65.       0.25205],[-0.90265983  1.2363864   0.          0.         -0.76618903],3
23.08,50.07,0.25,65.0,0.15670000000007422,[23.08   50.07    0.25   65.      0.1567],[-0.90265983  1.23860863  0.          0.         -0.78431316],3
23.08,50.84,0.25,65.0,17.46404999999914,[23.08    50.84     0.25    65.      17.46405],[-0.90265983  1.40972062  0.          0.          2.50546835],2
23.1,35.66,0.25,65.0,14.52604999999962,[23.1     35.66     0.25    65.      14.52605],[-0.86071393 -1.96362989  0.          0.          1.94701324],0
23.1,35.67,0.25,65.0,0.490050000000009,[23.1     35.67     0.25    65.       0.49005],[-0.86071393 -1.96140765  0.          0.         -0.72094998],0
23.1,35.92,0.25,65.0,0.06845000000002271,[23.1     35.92     0.25    65.       0.06845],[-0.86071393 -1.90585181  0.          0.         -0.80108772],0
23.1,36.24,0.25,65.0,8.254433333333028,[23.1        36.24        0.25       65.          8.25443333],[-0.86071393 -1.83474034  0.          0.          0.75490419],0
23.1,36.28,0.25,65.0,1.9208000000000713,[23.1    36.28    0.25   65.      1.9208],[-0.86071393 -1.82585141  0.          0.         -0.44899299],0
23.1,36.3,0.25,65.0,0.06480000000002538,[2.31e+01 3.63e+01 2.50e-01 6.50e+01 6.48e-02],[-0.86071393 -1.82140694  0.          0.         -0.80178151],0
23.1,36.34,0.25,65.0,0.011250000000005115,[2.310e+01 3.634e+01 2.500e-01 6.500e+01 1.125e-02],[-0.86071393 -1.81251801  0.          0.         -0.8119603 ],0
23.1,40.24,0.25,65.0,5.8482000000000545,[23.1    40.24    0.25   65.      5.8482],[-0.86071393 -0.94584693  0.          0.          0.2975273 ],0
23.1,40.34,0.25,65.0,4.774049999999923,[23.1     40.34     0.25    65.       4.77405],[-0.86071393 -0.92362459  0.          0.          0.09335284],0
23.1,40.38,0.25,65.0,3.4584500000001377,[23.1     40.38     0.25    65.       3.45845],[-0.86071393 -0.91473566  0.          0.         -0.15671644],0
23.1,40.5,0.25,65.0,0.04204999999998945,[2.310e+01 4.050e+01 2.500e-01 6.500e+01 4.205e-02],[-0.86071393 -0.88806886  0.          0.         -0.80610583],0
23.1,40.52,0.25,65.0,0.24509999999993476,[23.1    40.52    0.25   65.      0.2451],[-0.86071393 -0.88362439  0.          0.         -0.76751008],0
23.1,40.56,0.25,65.0,0.43245000000005923,[23.1     40.56     0.25    65.       0.43245],[-0.86071393 -0.87473546  0.          0.         -0.73189859],0
23.1,40.57,0.25,65.0,2.142449999999986,[23.1     40.57     0.25    65.       2.14245],[-0.86071393 -0.87251322  0.          0.         -0.40686175],0
23.1,40.72,0.25,65.0,0.0012499999999977262,[2.310e+01 4.072e+01 2.500e-01 6.500e+01 1.250e-03],[-0.86071393 -0.83917972  0.          0.         -0.8138611 ],0
23.1,41.64,0.25,65.0,2.080799999999926,[23.1    41.64    0.25   65.      2.0808],[-0.86071393 -0.63473423  0.          0.         -0.41858018],0
23.1,41.88,0.25,65.0,0.25204999999978367,[23.1     41.88     0.25    65.       0.25205],[-0.86071393 -0.58140063  0.          0.         -0.76618903],0
23.1,43.89,0.25,65.0,14.526050000000232,[23.1     43.89     0.25    65.      14.52605],[-0.86071393 -0.13473169  0.          0.          1.94701324],2
23.1,43.91,0.25,65.0,0.13519999999999055,[23.1    43.91    0.25   65.      0.1352],[-0.86071393 -0.13028722  0.          0.         -0.78839988],0
23.1,44.05,0.25,65.0,6.372450000000178,[23.1     44.05     0.25    65.       6.37245],[-0.86071393 -0.09917595  0.          0.          0.39717675],2
23.1,44.96,0.25,65.0,3.8063583333329123,[23.1        44.96        0.25       65.          3.80635833],[-0.86071393  0.1030473   0.          0.         -0.09058601],0
23.1,45.01,0.25,65.0,3.6457333333330575,[23.1        45.01        0.25       65.          3.64573333],[-0.86071393  0.11415847  0.          0.         -0.12111762],0
23.1,45.05,0.25,65.0,12.386033333333215,[23.1        45.05        0.25       65.         12.38603333],[-0.86071393  0.1230474   0.          0.          1.54023882],2
23.1,45.06,0.25,65.0,7.067433333333328,[23.1        45.06        0.25       65.          7.06743333],[-0.86071393  0.12526963  0.          0.          0.5292792 ],2
23.1,45.11,0.25,65.0,0.3639000000000611,[23.1    45.11    0.25   65.      0.3639],[-0.86071393  0.1363808   0.          0.         -0.74492858],3
23.1,45.13,0.25,65.0,1.805000000000173,[23.1   45.13   0.25  65.     1.805],[-0.86071393  0.14082527  0.          0.         -0.47100425],3
23.1,45.16,0.25,65.0,0.5100500000001056,[23.1     45.16     0.25    65.       0.51005],[-0.86071393  0.14749197  0.          0.         -0.71714838],3
23.1,45.36,0.25,65.0,0.4418000000000513,[23.1    45.36    0.25   65.      0.4418],[-0.86071393  0.19193664  0.          0.         -0.73012134],3
23.1,45.88,0.25,65.0,1.0952000000000268,[23.1    45.88    0.25   65.      1.0952],[-0.86071393  0.30749278  0.          0.         -0.60592305],3
23.1,46.14,0.25,65.0,16.646449999999895,[23.1     46.14     0.25    65.      16.64645],[-0.86071393  0.36527086  0.          0.          2.35005893],2
23.1,48.34,0.25,65.0,0.387199999999996,[23.1    48.34    0.25   65.      0.3872],[-0.86071393  0.85416223  0.          0.         -0.74049971],3
23.1,48.35,0.25,65.0,0.6727999999998312,[23.1    48.35    0.25   65.      0.6728],[-0.86071393  0.85638447  0.          0.         -0.68621286],3
23.1,48.46,0.25,65.0,0.0008000000000030923,[2.310e+01 4.846e+01 2.500e-01 6.500e+01 8.000e-04],[-0.86071393  0.88082904  0.          0.         -0.81394663],3
23.1,48.64,0.25,65.0,3.075200000000045,[23.1    48.64    0.25   65.      3.0752],[-0.86071393  0.92082924  0.          0.         -0.22956461],3
23.1,49.55,0.25,65.0,10.396799999999752,[23.1    49.55    0.25   65.     10.3968],[-0.86071393  1.12305249  0.          0.          1.1621253 ],2
23.1,49.56,0.25,65.0,4.061249999999741,[23.1     49.56     0.25    65.       4.06125],[-0.86071393  1.12527472  0.          0.         -0.0421362 ],2
23.1,49.58,0.25,65.0,0.007200000000000545,[2.310e+01 4.958e+01 2.500e-01 6.500e+01 7.200e-03],[-0.86071393  1.12971919  0.          0.         -0.81273012],3
23.1,49.65,0.25,65.0,19.656449999999886,[23.1     49.65     0.25    65.      19.65645],[-0.86071393  1.14527483  0.          0.          2.9221998 ],2
23.1,49.83,0.25,65.0,3.5716333333335486,[23.1        49.83        0.25       65.          3.57163333],[-0.86071393  1.18527503  0.          0.         -0.13520255],3
23.1,49.89,0.25,65.0,4.681799999999833,[23.1    49.89    0.25   65.      4.6818],[-0.86071393  1.19860843  0.          0.          0.07581796],2
23.1,50.8,0.25,65.0,4.681800000000877,[23.1    50.8     0.25   65.      4.6818],[-0.86071393  1.40083168  0.          0.          0.07581796],2
23.1,50.86,0.25,65.0,0.17999999999994543,[23.1  50.86  0.25 65.    0.18],[-0.86071393  1.41416508  0.          0.         -0.77988429],3
23.1,50.99,0.25,65.0,4.118450000000665,[23.1     50.99     0.25    65.       4.11845],[-0.86071393  1.44305412  0.          0.         -0.03126362],2
23.1,51.02,0.25,65.0,1.7672000000002053,[23.1    51.02    0.25   65.      1.7672],[-0.86071393  1.44972082  0.          0.         -0.47818928],3
23.11,33.84,0.25,65.0,0.5617999999999421,[23.11   33.84    0.25   65.      0.5618],[-0.83974098 -2.36807639  0.          0.         -0.70731174],0
23.11,35.71,0.25,65.0,0.19220000000003806,[23.11   35.71    0.25   65.      0.1922],[-0.83974098 -1.95251872  0.          0.         -0.77756532],0
23.11,35.8,0.25,65.0,0.011250000000005115,[2.311e+01 3.580e+01 2.500e-01 6.500e+01 1.125e-02],[-0.83974098 -1.93251862  0.          0.         -0.8119603 ],0
23.11,35.99,0.25,65.0,0.2178000000000165,[23.11   35.99    0.25   65.      0.2178],[-0.83974098 -1.89029618  0.          0.         -0.77269927],0
23.11,36.16,0.25,65.0,5.848199999999665,[23.11   36.16    0.25   65.      5.8482],[-0.83974098 -1.85251821  0.          0.          0.2975273 ],0
23.11,36.27,0.25,65.0,3.4852333333334173,[23.11       36.27        0.25       65.          3.48523333],[-0.83974098 -1.82807364  0.          0.         -0.15162546],0
23.11,36.29,0.25,65.0,2.1480333333332404,[23.11       36.29        0.25       65.          2.14803333],[-0.83974098 -1.82362917  0.          0.         -0.40580047],0
23.11,38.32,0.25,65.0,1.548799999999984,[23.11   38.32    0.25   65.      1.5488],[-0.83974098 -1.37251577  0.          0.         -0.51970276],0
23.11,38.41,0.25,65.0,0.43244999999990064,[23.11    38.41     0.25    65.       0.43245],[-0.83974098 -1.35251566  0.          0.         -0.73189859],0
23.11,40.47,0.25,65.0,0.006050000000007753,[2.311e+01 4.047e+01 2.500e-01 6.500e+01 6.050e-03],[-0.83974098 -0.89473556  0.          0.         -0.81294871],0
23.11,40.55,0.25,65.0,0.014450000000002705,[2.311e+01 4.055e+01 2.500e-01 6.500e+01 1.445e-02],[-0.83974098 -0.87695769  0.          0.         -0.81135204],0
23.11,40.69,0.25,65.0,11.616933333333504,[23.11       40.69        0.25       65.         11.61693333],[-0.83974098 -0.84584642  0.          0.          1.39404828],2
23.11,40.72,0.25,65.0,0.6825000000000674,[23.11   40.72    0.25   65.      0.6825],[-0.83974098 -0.83917972  0.          0.         -0.68436908],0
23.11,40.73,0.25,65.0,2.2981000000002485,[23.11   40.73    0.25   65.      2.2981],[-0.83974098 -0.83695749  0.          0.         -0.37727579],0
23.11,41.63,0.25,65.0,0.21779999999997898,[23.11   41.63    0.25   65.      0.2178],[-0.83974098 -0.63695647  0.          0.         -0.77269927],0
23.11,41.89,0.25,65.0,0.06845000000008582,[23.11    41.89     0.25    65.       0.06845],[-0.83974098 -0.5791784   0.          0.         -0.80108772],0
23.11,41.95,0.25,65.0,5.216450000000059,[23.11    41.95     0.25    65.       5.21645],[-0.83974098 -0.56584499  0.          0.          0.17744425],0
23.11,41.96,0.25,65.0,4.560199999999945,[23.11   41.96    0.25   65.      4.5602],[-0.83974098 -0.56362276  0.          0.          0.05270423],0
23.11,43.86,0.25,65.0,3.6992000000000744,[23.11   43.86    0.25   65.      3.6992],[-0.83974098 -0.14139839  0.          0.         -0.11095467],0
23.11,43.95,0.25,65.0,9.99045000000063,[23.11    43.95     0.25    65.       9.99045],[-0.83974098 -0.12139829  0.          0.          1.08488628],2
23.11,45.11,0.25,65.0,9.636050000000939,[23.11    45.11     0.25    65.       9.63605],[-0.83974098  0.1363808   0.          0.          1.01752192],2
23.11,45.22,0.25,65.0,3.07570000000017,[23.11   45.22    0.25   65.      3.0757],[-0.83974098  0.16082537  0.          0.         -0.22946957],3
23.11,45.29,0.25,65.0,0.026450000000004182,[2.311e+01 4.529e+01 2.500e-01 6.500e+01 2.645e-02],[-0.83974098  0.17638101  0.          0.         -0.80907108],3
23.11,45.32,0.25,65.0,4.176049999999961,[23.11    45.32     0.25    65.       4.17605],[-0.83974098  0.18304771  0.          0.         -0.02031501],3
23.11,45.34,0.25,65.0,3.8088000000006024,[23.11   45.34    0.25   65.      3.8088],[-0.83974098  0.18749217  0.          0.         -0.0901219 ],3
23.11,45.36,0.25,65.0,19.844999999998997,[23.11  45.36   0.25  65.    19.845],[-0.83974098  0.19193664  0.          0.          2.95803939],2
23.11,45.8,0.25,65.0,18.727199999999332,[23.11   45.8     0.25   65.     18.7272],[-0.83974098  0.28971492  0.          0.          2.74556794],2
23.11,47.05,0.25,65.0,17.11124999999947,[23.11    47.05     0.25    65.      17.11125],[-0.83974098  0.56749411  0.          0.          2.43840812],2
23.11,48.21,0.25,65.0,0.1669333333333283,[23.11       48.21        0.25       65.          0.16693333],[-0.83974098  0.8252732   0.          0.         -0.78236801],3
23.11,48.33,0.25,65.0,2.6133583333336206,[23.11       48.33        0.25       65.          2.61335833],[-0.83974098  0.85194     0.          0.         -0.31735148],3
23.11,48.35,0.25,65.0,1.7613000000000312,[23.11   48.35    0.25   65.      1.7613],[-0.83974098  0.85638447  0.          0.         -0.47931075],3
23.11,48.36,0.25,65.0,1.1488249999997666,[23.11     48.36      0.25     65.        1.148825],[-0.83974098  0.8586067   0.          0.         -0.59573001],3
23.11,48.37,0.25,65.0,6.956450000000068,[23.11    48.37     0.25    65.       6.95645],[-0.83974098  0.86082893  0.          0.          0.50818349],2
23.11,48.39,0.25,65.0,3.8784333333330743,[23.11       48.39        0.25       65.          3.87843333],[-0.83974098  0.8652734   0.          0.         -0.07688599],3
23.11,48.58,0.25,65.0,0.6384500000000591,[23.11    48.58     0.25    65.       0.63845],[-0.83974098  0.90749584  0.          0.         -0.69274211],3
23.11,48.64,0.25,65.0,0.011250000000013643,[2.311e+01 4.864e+01 2.500e-01 6.500e+01 1.125e-02],[-0.83974098  0.92082924  0.          0.         -0.8119603 ],3
23.11,48.77,0.25,65.0,19.971200000000316,[23.11   48.77    0.25   65.     19.9712],[-0.83974098  0.94971828  0.          0.          2.98202749],2
23.11,49.42,0.25,65.0,18.666050000000777,[23.11    49.42     0.25    65.      18.66605],[-0.83974098  1.09416345  0.          0.          2.73394454],2
23.11,49.48,0.25,65.0,4.176049999999961,[23.11    49.48     0.25    65.       4.17605],[-0.83974098  1.10749686  0.          0.         -0.02031501],2
23.11,49.61,0.25,65.0,2.8329333333333144,[23.11       49.61        0.25       65.          2.83293333],[-0.83974098  1.13638589  0.          0.         -0.27561466],3
23.11,49.62,0.25,65.0,5.268899999999398,[23.11   49.62    0.25   65.      5.2689],[-0.83974098  1.13860813  0.          0.          0.18741394],2
23.11,49.63,0.25,65.0,19.405130000000554,[23.11    49.63     0.25    65.      19.40513],[-0.83974098  1.14083036  0.          0.          2.87442889],2
23.11,49.76,0.25,65.0,2.4420500000000804,[23.11    49.76     0.25    65.       2.44205],[-0.83974098  1.1697194   0.          0.         -0.34991377],3
23.11,49.8,0.25,65.0,15.125,[23.11  49.8    0.25  65.    15.125],[-0.83974098  1.17860833  0.          0.          2.06086167],2
23.11,49.95,0.25,65.0,0.33619999999985456,[23.11   49.95    0.25   65.      0.3362],[-0.83974098  1.21194183  0.          0.         -0.75019379],3
23.11,50.7,0.25,65.0,0.23805000000003765,[23.11    50.7      0.25    65.       0.23805],[-0.83974098  1.37860935  0.          0.         -0.76885015],3
23.11,50.74,0.25,65.0,4.321799999999158,[23.11   50.74    0.25   65.      4.3218],[-0.83974098  1.38749828  0.          0.          0.00738915],2
23.11,50.79,0.25,65.0,6.090050000000429,[23.11    50.79     0.25    65.       6.09005],[-0.83974098  1.39860945  0.          0.          0.34349816],2
23.11,50.8,0.25,65.0,6.530533333333105,[23.11       50.8         0.25       65.          6.53053333],[-0.83974098  1.40083168  0.          0.          0.42722524],2
23.11,50.85,0.25,65.0,0.012799999999976717,[2.311e+01 5.085e+01 2.500e-01 6.500e+01 1.280e-02],[-0.83974098  1.41194285  0.          0.         -0.81166567],3
23.11,50.9,0.25,65.0,0.49004999999989646,[23.11    50.9      0.25    65.       0.49005],[-0.83974098  1.42305402  0.          0.         -0.72094998],3
23.11,50.91,0.25,65.0,2.808449999999741,[23.11    50.91     0.25    65.       2.80845],[-0.83974098  1.42527625  0.          0.         -0.28026845],3
23.11,51.02,0.25,65.0,0.11045000000006626,[23.11    51.02     0.25    65.       0.11045],[-0.83974098  1.44972082  0.          0.         -0.79310436],3
23.13,33.8,0.25,65.0,0.41405000000002273,[23.13    33.8      0.25    65.       0.41405],[-0.79779508 -2.37696532  0.          0.         -0.73539606],0
23.13,33.86,0.25,65.0,8.736200000000267,[23.13   33.86    0.25   65.      8.7362],[-0.79779508 -2.36363192  0.          0.          0.84647841],0
23.13,35.87,0.25,65.0,2.3112500000001956,[23.13    35.87     0.25    65.       2.31125],[-0.79779508 -1.91696298  0.          0.         -0.37477624],0
23.13,35.96,0.25,65.0,4.32180000000016,[23.13   35.96    0.25   65.      4.3218],[-0.79779508 -1.89696288  0.          0.          0.00738915],0
23.13,35.98,0.25,65.0,0.12005000000000446,[23.13    35.98     0.25    65.       0.12005],[-0.79779508 -1.89251841  0.          0.         -0.79127959],0
23.13,36.01,0.25,65.0,0.20479999999995488,[23.13   36.01    0.25   65.      0.2048],[-0.79779508 -1.88585171  0.          0.         -0.77517031],0
23.13,36.19,0.25,65.0,0.03379999999999764,[2.313e+01 3.619e+01 2.500e-01 6.500e+01 3.380e-02],[-0.79779508 -1.84585151  0.          0.         -0.80767399],0
23.13,39.67,0.25,65.0,0.6160500000000152,[23.13    39.67     0.25    65.       0.61605],[-0.79779508 -1.07251424  0.          0.         -0.6969999 ],0
23.13,40.35,0.25,65.0,0.007200000000007367,[2.313e+01 4.035e+01 2.500e-01 6.500e+01 7.200e-03],[-0.79779508 -0.92140236  0.          0.         -0.81273012],0
23.13,40.66,0.25,65.0,4.935425000000045,[23.13     40.66      0.25     65.        4.935425],[-0.79779508 -0.85251312  0.          0.          0.12402701],0
23.13,40.68,0.25,65.0,7.106449999999931,[23.13    40.68     0.25    65.       7.10645],[-0.79779508 -0.84806865  0.          0.          0.53669549],0
23.13,40.78,0.25,65.0,9.504799999999811,[23.13   40.78    0.25   65.      9.5048],[-0.79779508 -0.82584632  0.          0.          0.99257392],0
23.13,41.64,0.25,65.0,9.417800000000632,[23.13   41.64    0.25   65.      9.4178],[-0.79779508 -0.63473423  0.          0.          0.97603696],2
23.13,41.93,0.25,65.0,1.7298000000000253,[23.13   41.93    0.25   65.      1.7298],[-0.79779508 -0.57028946  0.          0.         -0.48529827],0
23.13,43.55,0.25,65.0,5.216450000000059,[23.13    43.55     0.25    65.       5.21645],[-0.79779508 -0.21028763  0.          0.          0.17744425],0
23.13,43.88,0.25,65.0,0.4512500000000432,[23.13    43.88     0.25    65.       0.45125],[-0.79779508 -0.13695392  0.          0.         -0.72832509],0
23.13,44.04,0.25,65.0,4.118449999999687,[23.13    44.04     0.25    65.       4.11845],[-0.79779508 -0.10139819  0.          0.         -0.03126362],0
23.13,44.42,0.25,65.0,18.0,[23.13 44.42  0.25 65.   18.  ],[-0.79779508 -0.01695331  0.          0.          2.60734174],2
23.13,44.6,0.25,65.0,0.00979999999999809,[2.313e+01 4.460e+01 2.500e-01 6.500e+01 9.800e-03],[-0.79779508  0.02304689  0.          0.         -0.81223591],3
23.13,45.24,0.25,65.0,1.9689800000000541,[23.13    45.24     0.25    65.       1.96898],[-0.79779508  0.16526984  0.          0.         -0.43983493],3
23.13,45.26,0.25,65.0,9.025866666666493,[23.13       45.26        0.25       65.          9.02586667],[-0.79779508  0.16971431  0.          0.          0.90153826],2
23.13,45.27,0.25,65.0,5.420933333333849,[23.13       45.27        0.25       65.          5.42093333],[-0.79779508  0.17193654  0.          0.          0.21631244],2
23.13,45.3,0.25,65.0,11.356433333333376,[23.13       45.3         0.25       65.         11.35643333],[-0.79779508  0.17860324  0.          0.          1.34453243],2
23.13,45.83,0.25,65.0,0.1922000000000028,[23.13   45.83    0.25   65.      0.1922],[-0.79779508  0.29638162  0.          0.         -0.77756532],3
23.13,46.0,0.25,65.0,15.680000000001401,[23.13 46.    0.25 65.   15.68],[-0.79779508  0.33415959  0.          0.          2.16635609],2
23.13,46.77,0.25,65.0,0.78125,[23.13    46.77     0.25    65.       0.78125],[-0.79779508  0.50527157  0.          0.         -0.66559868],3
23.13,47.01,0.25,65.0,0.009800000000029922,[2.313e+01 4.701e+01 2.500e-01 6.500e+01 9.800e-03],[-0.79779508  0.55860517  0.          0.         -0.81223591],3
23.13,47.16,0.25,65.0,10.71844999999998,[23.13    47.16     0.25    65.      10.71845],[-0.79779508  0.59193868  0.          0.          1.22326454],2
23.13,47.36,0.25,65.0,1.729800000000237,[23.13   47.36    0.25   65.      1.7298],[-0.79779508  0.63638335  0.          0.         -0.48529827],3
23.13,48.53,0.25,65.0,1.1425999999998784,[23.13   48.53    0.25   65.      1.1426],[-0.79779508  0.89638467  0.          0.         -0.59691326],3
23.13,48.58,0.25,65.0,1.6561999999998842,[23.13   48.58    0.25   65.      1.6562],[-0.79779508  0.90749584  0.          0.         -0.49928816],3
23.13,48.84,0.25,65.0,2.7004000000002026,[23.13   48.84    0.25   65.      2.7004],[-0.79779508  0.96527391  0.          0.         -0.3008066 ],3
23.13,49.45,0.25,65.0,10.68813333333321,[23.13       49.45        0.25       65.         10.68813333],[-0.79779508  1.10083016  0.          0.          1.21750195],2
23.13,49.54,0.25,65.0,0.4324500000001649,[23.13    49.54     0.25    65.       0.43245],[-0.79779508  1.12083026  0.          0.         -0.73189859],3
23.13,49.55,0.25,65.0,18.44730000000019,[23.13   49.55    0.25   65.     18.4473],[-0.79779508  1.12305249  0.          0.          2.69236454],2
23.13,49.59,0.25,65.0,2.808624999999981,[23.13     49.59      0.25     65.        2.808625],[-0.79779508  1.13194142  0.          0.         -0.28023519],3
23.13,50.25,0.25,65.0,1.9800500000002443,[23.13    50.25     0.25    65.       1.98005],[-0.79779508  1.27860884  0.          0.         -0.43773074],3
23.13,50.34,0.25,65.0,0.732050000000044,[23.13    50.34     0.25    65.       0.73205],[-0.79779508  1.29860894  0.          0.         -0.67495062],3
23.13,50.36,0.25,65.0,1.0368000000000785,[23.13   50.36    0.25   65.      1.0368],[-0.79779508  1.30305341  0.          0.         -0.61702373],3
23.13,50.67,0.25,65.0,0.41405000000017794,[23.13    50.67     0.25    65.       0.41405],[-0.79779508  1.37194265  0.          0.         -0.73539606],3
23.13,50.72,0.25,65.0,0.33493333333331377,[23.13       50.72        0.25       65.          0.33493333],[-0.79779508  1.38305381  0.          0.         -0.75043456],3
23.13,50.74,0.25,65.0,0.15743333333331885,[23.13       50.74        0.25       65.          0.15743333],[-0.79779508  1.38749828  0.          0.         -0.78417377],3
23.14,35.88,0.25,65.0,15.714299999999861,[23.14   35.88    0.25   65.     15.7143],[-0.77682213 -1.91474075  0.          0.          2.17287583],0
23.14,36.0,0.25,65.0,1.3447999999998843,[23.14   36.      0.25   65.      1.3448],[-0.77682213 -1.88807395  0.          0.         -0.55847908],0
23.14,36.05,0.25,65.0,3.2972333333333745,[23.14       36.05        0.25       65.          3.29723333],[-0.77682213 -1.87696278  0.          0.         -0.1873605 ],0
23.14,36.13,0.25,65.0,2.842899999999915,[23.14   36.13    0.25   65.      2.8429],[-0.77682213 -1.85918491  0.          0.         -0.2737202 ],0
23.14,36.15,0.25,65.0,0.5530916666666271,[23.14       36.15        0.25       65.          0.55309167],[-0.77682213 -1.85474044  0.          0.         -0.70896702],0
23.14,36.22,0.25,65.0,0.11520000000000873,[23.14   36.22    0.25   65.      0.1152],[-0.77682213 -1.83918481  0.          0.         -0.79220148],0
23.14,38.07,0.25,65.0,0.13004999999999536,[23.14    38.07     0.25    65.       0.13005],[-0.77682213 -1.42807161  0.          0.         -0.78937879],0
23.14,38.14,0.25,65.0,0.16244999999999613,[23.14    38.14     0.25    65.       0.16245],[-0.77682213 -1.41251597  0.          0.         -0.7832202 ],0
23.14,38.27,0.25,65.0,0.048050000000035946,[2.314e+01 3.827e+01 2.500e-01 6.500e+01 4.805e-02],[-0.77682213 -1.38362693  0.          0.         -0.80496535],0
23.14,38.36,0.25,65.0,0.00044999999999918147,[2.314e+01 3.836e+01 2.500e-01 6.500e+01 4.500e-04],[-0.77682213 -1.36362683  0.          0.         -0.81401316],0
23.14,39.64,0.25,65.0,0.024200000000006,[2.314e+01 3.964e+01 2.500e-01 6.500e+01 2.420e-02],[-0.77682213 -1.07918094  0.          0.         -0.80949876],0
23.14,39.88,0.25,65.0,1.0368000000000785,[23.14   39.88    0.25   65.      1.0368],[-0.77682213 -1.02584734  0.          0.         -0.61702373],0
23.14,40.55,0.25,65.0,0.9622916666667142,[23.14       40.55        0.25       65.          0.96229167],[-0.77682213 -0.87695769  0.          0.         -0.63118627],0
23.14,40.66,0.25,65.0,0.03379999999999764,[2.314e+01 4.066e+01 2.500e-01 6.500e+01 3.380e-02],[-0.77682213 -0.85251312  0.          0.         -0.80767399],0
23.14,40.77,0.25,65.0,17.464050000000483,[23.14    40.77     0.25    65.      17.46405],[-0.77682213 -0.82806855  0.          0.          2.50546835],2
23.14,41.02,0.25,65.0,0.07604999999999468,[23.14    41.02     0.25    65.       0.07605],[-0.77682213 -0.77251271  0.          0.         -0.79964311],0
23.14,41.16,0.25,65.0,8.847291666666996,[23.14       41.16        0.25       65.          8.84729167],[-0.77682213 -0.74140144  0.          0.          0.86759472],0
23.14,41.77,0.25,65.0,2.101250000000373,[23.14    41.77     0.25    65.       2.10125],[-0.77682213 -0.6058452   0.          0.         -0.41469305],0
23.14,41.8,0.25,65.0,11.424200000000413,[23.14   41.8     0.25   65.     11.4242],[-0.77682213 -0.5991785   0.          0.          1.35741352],2
23.14,44.05,0.25,65.0,0.8580500000000775,[23.14    44.05     0.25    65.       0.85805],[-0.77682213 -0.09917595  0.          0.         -0.65100053],0
23.14,44.73,0.25,65.0,0.004999999999990905,[2.314e+01 4.473e+01 2.500e-01 6.500e+01 5.000e-03],[-0.77682213  0.05193593  0.          0.         -0.8131483 ],3
23.14,44.91,0.25,65.0,10.764800000000992,[23.14   44.91    0.25   65.     10.7648],[-0.77682213  0.09193613  0.          0.          1.23207475],2
23.14,44.96,0.25,65.0,2.808449999999741,[23.14    44.96     0.25    65.       2.80845],[-0.77682213  0.1030473   0.          0.         -0.28026845],3
23.14,45.01,0.25,65.0,17.72536666666646,[23.14       45.01        0.25       65.         17.72536667],[-0.77682213  0.11415847  0.          0.          2.55513943],2
23.14,45.24,0.25,65.0,13.377291666666538,[23.14       45.24        0.25       65.         13.37729167],[-0.77682213  0.16526984  0.          0.          1.72865723],2
23.14,45.39,0.25,65.0,0.4140499999998676,[23.14    45.39     0.25    65.       0.41405],[-0.77682213  0.19860334  0.          0.         -0.73539606],3
23.14,45.48,0.25,65.0,16.18804999999837,[23.14    45.48     0.25    65.      16.18805],[-0.77682213  0.21860344  0.          0.          2.26292624],2
23.14,45.99,0.25,65.0,13.78125,[23.14    45.99     0.25    65.      13.78125],[-0.77682213  0.33193735  0.          0.          1.80544164],2
23.14,46.21,0.25,65.0,1.036799999999915,[23.14   46.21    0.25   65.      1.0368],[-0.77682213  0.38082649  0.          0.         -0.61702373],3
23.14,47.09,0.25,65.0,18.0,[23.14 47.09  0.25 65.   18.  ],[-0.77682213  0.57638304  0.          0.          2.60734174],2
23.14,48.27,0.25,65.0,0.24499999999987268,[23.14  48.27   0.25  65.     0.245],[-0.77682213  0.8386066   0.          0.         -0.76752909],3
23.14,48.52,0.25,65.0,0.11520000000000873,[23.14   48.52    0.25   65.      0.1152],[-0.77682213  0.89416244  0.          0.         -0.79220148],3
23.14,48.84,0.25,65.0,0.01999999999998636,[2.314e+01 4.884e+01 2.500e-01 6.500e+01 2.000e-02],[-0.77682213  0.96527391  0.          0.         -0.8102971 ],3
23.14,49.6,0.25,65.0,13.396300000000409,[23.14   49.6     0.25   65.     13.3963],[-0.77682213  1.13416366  0.          0.          1.73227033],2
23.14,49.61,0.25,65.0,9.104533333333098,[23.14       49.61        0.25       65.          9.10453333],[-0.77682213  1.13638589  0.          0.          0.91649122],2
23.14,50.33,0.25,65.0,2.9605333333333688,[23.14       50.33        0.25       65.          2.96053333],[-0.77682213  1.29638671  0.          0.         -0.25136045],3
23.14,50.34,0.25,65.0,0.7186566666664884,[23.14       50.34        0.25       65.          0.71865667],[-0.77682213  1.29860894  0.          0.         -0.67749642],3
23.14,50.35,0.25,65.0,0.3200000000000546,[23.14 50.35  0.25 65.    0.32],[-0.77682213  1.30083117  0.          0.         -0.75327309],3
23.14,50.36,0.25,65.0,0.04203333333326976,"[2.31400000e+01 5.03600000e+01 2.50000000e-01 6.50000000e+01
 4.20333333e-02]",[-0.77682213  1.30305341  0.          0.         -0.806109  ],3
23.14,50.39,0.25,65.0,1.9800499999997918,[23.14    50.39     0.25    65.       1.98005],[-0.77682213  1.30972011  0.          0.         -0.43773074],3
23.14,50.58,0.25,65.0,4.9927999999998995,[23.14   50.58    0.25   65.      4.9928],[-0.77682213  1.35194254  0.          0.          0.13493285],2
23.14,50.85,0.25,65.0,2.91336666666664,[23.14       50.85        0.25       65.          2.91336667],[-0.77682213  1.41194285  0.          0.         -0.26032589],3
23.15,33.84,0.25,65.0,14.47219999999967,[23.15   33.84    0.25   65.     14.4722],[-0.75584918 -2.36807639  0.          0.          1.93677743],0
23.15,35.83,0.25,65.0,5.478049999999819,[23.15    35.83     0.25    65.       5.47805],[-0.75584918 -1.92585192  0.          0.          0.22716918],0
23.15,35.86,0.25,65.0,6.024900000000224,[23.15   35.86    0.25   65.      6.0249],[-0.75584918 -1.91918522  0.          0.          0.33111444],0
23.15,36.17,0.25,65.0,0.23805000000003765,[23.15    36.17     0.25    65.       0.23805],[-0.75584918 -1.85029598  0.          0.         -0.76885015],0
23.15,38.13,0.25,65.0,12.25124999999938,[23.15    38.13     0.25    65.      12.25125],[-0.75584918 -1.4147382   0.          0.          1.5146192 ],0
23.15,38.22,0.25,65.0,3.8920499999998985,[23.15    38.22     0.25    65.       3.89205],[-0.75584918 -1.3947381   0.          0.         -0.07429774],0
23.15,39.36,0.25,65.0,0.9522000000000722,[23.15   39.36    0.25   65.      0.9522],[-0.75584918 -1.14140348  0.          0.         -0.6331045 ],0
23.15,39.9,0.25,65.0,7.372799999999904,[23.15   39.9     0.25   65.      7.3728],[-0.75584918 -1.02140287  0.          0.          0.58732331],0
23.15,39.97,0.25,65.0,0.151249999999975,[23.15    39.97     0.25    65.       0.15125],[-0.75584918 -1.00584723  0.          0.         -0.78534909],0
23.15,40.26,0.25,65.0,1.411200000000107,[23.15   40.26    0.25   65.      1.4112],[-0.75584918 -0.94140246  0.          0.         -0.54585777],0
23.15,40.37,0.25,65.0,15.290449999999849,[23.15    40.37     0.25    65.      15.29045],[-0.75584918 -0.91695789  0.          0.          2.09231041],2
23.15,40.46,0.25,65.0,16.646449999999895,[23.15    40.46     0.25    65.      16.64645],[-0.75584918 -0.89695779  0.          0.          2.35005893],2
23.15,40.59,0.25,65.0,5.8824500000000235,[23.15    40.59     0.25    65.       5.88245],[-0.75584918 -0.86806875  0.          0.          0.30403754],0
23.15,40.83,0.25,65.0,4.0612499999999025,[23.15    40.83     0.25    65.       4.06125],[-0.75584918 -0.81473515  0.          0.         -0.0421362 ],0
23.15,41.19,0.25,65.0,0.0071999999999869035,[2.315e+01 4.119e+01 2.500e-01 6.500e+01 7.200e-03],[-0.75584918 -0.73473474  0.          0.         -0.81273012],0
23.15,43.26,0.25,65.0,10.488200000001228,[23.15   43.26    0.25   65.     10.4882],[-0.75584918 -0.2747324   0.          0.          1.17949862],2
23.15,43.82,0.25,65.0,0.04500000000002046,[2.315e+01 4.382e+01 2.500e-01 6.500e+01 4.500e-02],[-0.75584918 -0.15028732  0.          0.         -0.8055451 ],0
23.15,44.89,0.25,65.0,1.4791999999998513,[23.15   44.89    0.25   65.      1.4792],[-0.75584918  0.08749166  0.          0.         -0.53293233],3
23.15,44.94,0.25,65.0,15.40125000000038,[23.15    44.94     0.25    65.      15.40125],[-0.75584918  0.09860283  0.          0.          2.11337128],2
23.15,45.1,0.25,65.0,11.858449999999468,[23.15    45.1      0.25    65.      11.85845],[-0.75584918  0.13415857  0.          0.          1.43995577],2
23.15,45.66,0.25,65.0,5.41204999999988,[23.15    45.66     0.25    65.       5.41205],[-0.75584918  0.25860365  0.          0.          0.2146239 ],2
23.15,45.86,0.25,65.0,0.19219999999993234,[23.15   45.86    0.25   65.      0.1922],[-0.75584918  0.30304832  0.          0.         -0.77756532],3
23.15,45.88,0.25,65.0,3.406050000000332,[23.15    45.88     0.25    65.       3.40605],[-0.75584918  0.30749278  0.          0.         -0.16667663],3
23.15,45.9,0.25,65.0,15.2351999999999,[23.15   45.9     0.25   65.     15.2352],[-0.75584918  0.31193725  0.          0.          2.08180849],2
23.15,46.05,0.25,65.0,12.627733333334163,[23.15       46.05        0.25       65.         12.62773333],[-0.75584918  0.34527075  0.          0.          1.58618116],2
23.15,48.46,0.25,65.0,9.838899999999823,[23.15   48.46    0.25   65.      9.8389],[-0.75584918  0.88082904  0.          0.          1.05607966],2
23.15,48.5,0.25,65.0,12.550049999999954,[23.15    48.5      0.25    65.      12.55005],[-0.75584918  0.88971797  0.          0.          1.57141511],2
23.15,48.75,0.25,65.0,11.836933333333722,[23.15       48.75        0.25       65.         11.83693333],[-0.75584918  0.94527381  0.          0.          1.43586588],2
23.15,48.86,0.25,65.0,0.3698000000001095,[23.15   48.86    0.25   65.      0.3698],[-0.75584918  0.96971838  0.          0.         -0.7438071 ],3
23.15,49.53,0.25,65.0,0.19844999999985388,[23.15    49.53     0.25    65.       0.19845],[-0.75584918  1.11860802  0.          0.         -0.77637732],3
23.15,49.54,0.25,65.0,0.15679999999996944,[23.15   49.54    0.25   65.      0.1568],[-0.75584918  1.12083026  0.          0.         -0.78429415],3
23.15,49.55,0.25,65.0,0.0001999999999996362,[2.315e+01 4.955e+01 2.500e-01 6.500e+01 2.000e-04],[-0.75584918  1.12305249  0.          0.         -0.81406068],3
23.15,49.58,0.25,65.0,2.53125,[23.15    49.58     0.25    65.       2.53125],[-0.75584918  1.12971919  0.          0.         -0.33295864],3
23.15,49.88,0.25,65.0,0.6727999999999631,[23.15   49.88    0.25   65.      0.6728],[-0.75584918  1.1963862   0.          0.         -0.68621286],3
23.15,50.22,0.25,65.0,19.625699999999547,[23.15   50.22    0.25   65.     19.6257],[-0.75584918  1.27194214  0.          0.          2.91635484],2
23.15,50.25,0.25,65.0,1.317033333333455,[23.15       50.25        0.25       65.          1.31703333],[-0.75584918  1.27860884  0.          0.         -0.56375697],3
23.15,50.26,0.25,65.0,0.8320499999999531,[23.15    50.26     0.25    65.       0.83205],[-0.75584918  1.28083107  0.          0.         -0.65594261],3
23.15,50.27,0.25,65.0,0.02923333333332014,"[2.31500000e+01 5.02700000e+01 2.50000000e-01 6.50000000e+01
 2.92333333e-02]",[-0.75584918  1.28305331  0.          0.         -0.80854202],3
23.15,50.31,0.25,65.0,1.296050000000022,[23.15    50.31     0.25    65.       1.29605],[-0.75584918  1.29194224  0.          0.         -0.56774548],3
23.15,50.33,0.25,65.0,0.2888000000000795,[23.15   50.33    0.25   65.      0.2888],[-0.75584918  1.29638671  0.          0.         -0.75920359],3
23.15,50.36,0.25,65.0,4.070699999999623,[23.15   50.36    0.25   65.      4.0707],[-0.75584918  1.30305341  0.          0.         -0.04033994],3
23.15,50.37,0.25,65.0,1.3366333333334381,[23.15       50.37        0.25       65.          1.33663333],[-0.75584918  1.30527564  0.          0.         -0.5600314 ],3
23.15,50.64,0.25,65.0,3.354050000000377,[23.15    50.64     0.25    65.       3.35405],[-0.75584918  1.36527595  0.          0.         -0.17656079],3
23.15,50.66,0.25,65.0,0.2591999999999378,[23.15   50.66    0.25   65.      0.2592],[-0.75584918  1.36972041  0.          0.         -0.76482996],3
23.15,50.76,0.25,65.0,9.444933333333038,[23.15       50.76        0.25       65.          9.44493333],[-0.75584918  1.39194275  0.          0.          0.98119446],2
23.15,50.87,0.25,65.0,13.992050000001612,[23.15    50.87     0.25    65.      13.99205],[-0.75584918  1.41638732  0.          0.          1.84551051],2
23.15,53.57,0.25,65.0,0.2591999999999378,[23.15   53.57    0.25   65.      0.2592],[-0.75584918  2.01639037  0.          0.         -0.76482996],3
23.17,35.61,0.25,65.0,0.3361999999999944,[23.17   35.61    0.25   65.      0.3362],[-0.71390328 -1.97474105  0.          0.         -0.75019379],0
23.17,35.7,0.25,65.0,0.15679999999996944,[23.17   35.7     0.25   65.      0.1568],[-0.71390328 -1.95474095  0.          0.         -0.78429415],0
23.17,35.75,0.25,65.0,7.810833333333602,[23.17       35.75        0.25       65.          7.81083333],[-0.71390328 -1.94362978  0.          0.          0.67058469],0
23.17,35.9,0.25,65.0,0.7200000000000546,[23.17 35.9   0.25 65.    0.72],[-0.71390328 -1.91029628  0.          0.         -0.67724108],0
23.17,35.91,0.25,65.0,0.3041999999999787,[23.17   35.91    0.25   65.      0.3042],[-0.71390328 -1.90807405  0.          0.         -0.75627635],0
23.17,36.01,0.25,65.0,0.43244999999990064,[23.17    36.01     0.25    65.       0.43245],[-0.71390328 -1.88585171  0.          0.         -0.73189859],0
23.17,36.08,0.25,65.0,8.946450000000077,[23.17    36.08     0.25    65.       8.94645],[-0.71390328 -1.87029608  0.          0.          0.88644274],0
23.17,37.04,0.25,65.0,0.03125,[2.317e+01 3.704e+01 2.500e-01 6.500e+01 3.125e-02],[-0.71390328 -1.65696166  0.          0.         -0.8081587 ],0
23.17,37.91,0.25,65.0,0.28879999999999306,[23.17   37.91    0.25   65.      0.2888],[-0.71390328 -1.46362734  0.          0.         -0.75920359],0
23.17,37.92,0.25,65.0,1.4449999999997873,[23.17  37.92   0.25  65.     1.445],[-0.71390328 -1.46140511  0.          0.         -0.53943306],0
23.17,37.93,0.25,65.0,0.011250000000005115,[2.317e+01 3.793e+01 2.500e-01 6.500e+01 1.125e-02],[-0.71390328 -1.45918287  0.          0.         -0.8119603 ],0
23.17,37.95,0.25,65.0,0.47045000000002646,[23.17    37.95     0.25    65.       0.47045],[-0.71390328 -1.45473841  0.          0.         -0.72467555],0
23.17,38.0,0.25,65.0,4.440200000000054,[23.17   38.      0.25   65.      4.4402],[-0.71390328 -1.44362724  0.          0.          0.02989463],0
23.17,38.04,0.25,65.0,0.026450000000004182,[2.317e+01 3.804e+01 2.500e-01 6.500e+01 2.645e-02],[-0.71390328 -1.43473831  0.          0.         -0.80907108],0
23.17,38.05,0.25,65.0,4.894424999999852,[23.17     38.05      0.25     65.        4.894425],[-0.71390328 -1.43251607  0.          0.          0.11623373],0
23.17,38.08,0.25,65.0,10.134530000000339,[23.17    38.08     0.25    65.      10.13453],[-0.71390328 -1.42584937  0.          0.          1.11227301],0
23.17,38.11,0.25,65.0,0.03644999999999509,[2.317e+01 3.811e+01 2.500e-01 6.500e+01 3.645e-02],[-0.71390328 -1.41918267  0.          0.         -0.80717028],0
23.17,40.15,0.25,65.0,3.753800000000025,[23.17   40.15    0.25   65.      3.7538],[-0.71390328 -0.96584703  0.          0.         -0.1005763 ],0
23.17,40.17,0.25,65.0,2.0,[23.17 40.17  0.25 65.    2.  ],[-0.71390328 -0.96140256  0.          0.         -0.43393865],0
23.17,40.27,0.25,65.0,3.8406333333336047,[23.17       40.27        0.25       65.          3.84063333],[-0.71390328 -0.93918023  0.          0.         -0.08407102],0
23.17,40.5,0.25,65.0,3.3281999999998124,[23.17   40.5     0.25   65.      3.3282],[-0.71390328 -0.88806886  0.          0.         -0.18147436],0
23.17,40.57,0.25,65.0,16.76204999999979,[23.17    40.57     0.25    65.      16.76205],[-0.71390328 -0.87251322  0.          0.          2.37203218],2
23.17,40.61,0.25,65.0,0.0577999999999915,[2.317e+01 4.061e+01 2.500e-01 6.500e+01 5.780e-02],[-0.71390328 -0.86362429  0.          0.         -0.80311207],0
23.17,40.65,0.25,65.0,1.2167999999999148,[23.17   40.65    0.25   65.      1.2168],[-0.71390328 -0.85473535  0.          0.         -0.58280932],0
23.17,40.75,0.25,65.0,7.497433333333286,[23.17       40.75        0.25       65.          7.49743333],[-0.71390328 -0.83251302  0.          0.          0.61101361],0
23.17,40.88,0.25,65.0,10.534050000000668,[23.17    40.88     0.25    65.      10.53405],[-0.71390328 -0.80362398  0.          0.          1.18821378],2
23.17,40.92,0.25,65.0,1.5842000000001537,[23.17   40.92    0.25   65.      1.5842],[-0.71390328 -0.79473505  0.          0.         -0.51297392],0
23.17,40.93,0.25,65.0,0.9522000000001506,[23.17   40.93    0.25   65.      0.9522],[-0.71390328 -0.79251281  0.          0.         -0.6331045 ],0
23.17,40.96,0.25,65.0,8.405000000001026,[23.17  40.96   0.25  65.     8.405],[-0.71390328 -0.78584611  0.          0.          0.78352391],0
23.17,41.04,0.25,65.0,0.9248000000001732,[23.17   41.04    0.25   65.      0.9248],[-0.71390328 -0.76806825  0.          0.         -0.63831269],0
23.17,41.14,0.25,65.0,4.590450000000262,[23.17    41.14     0.25    65.       4.59045],[-0.71390328 -0.74584591  0.          0.          0.05845415],0
23.17,41.22,0.25,65.0,11.596433333333758,[23.17       41.22        0.25       65.         11.59643333],[-0.71390328 -0.72806804  0.          0.          1.39015163],2
23.17,41.24,0.25,65.0,3.0258000000000895,[23.17   41.24    0.25   65.      3.0258],[-0.71390328 -0.72362358  0.          0.         -0.23895456],0
23.17,41.28,0.25,65.0,2.808449999999741,[23.17    41.28     0.25    65.       2.80845],[-0.71390328 -0.71473464  0.          0.         -0.28026845],0
23.17,41.56,0.25,65.0,1.602049999999935,[23.17    41.56     0.25    65.       1.60205],[-0.71390328 -0.6525121   0.          0.         -0.50958099],0
23.17,44.95,0.25,65.0,5.354233333333628,[23.17       44.95        0.25       65.          5.35423333],[-0.71390328  0.10082507  0.          0.          0.20363411],2
23.17,45.0,0.25,65.0,0.19844999999999713,[23.17    45.       0.25    65.       0.19845],[-0.71390328  0.11193623  0.          0.         -0.77637732],3
23.17,45.09,0.25,65.0,1.824049999999939,[23.17    45.09     0.25    65.       1.82405],[-0.71390328  0.13193634  0.          0.         -0.46738323],3
23.17,45.26,0.25,65.0,10.85780000000091,[23.17   45.26    0.25   65.     10.8578],[-0.71390328  0.16971431  0.          0.          1.24975219],2
23.17,45.41,0.25,65.0,1.0890333333332303,[23.17       45.41        0.25       65.          1.08903333],[-0.71390328  0.20304781  0.          0.         -0.60709521],3
23.17,45.45,0.25,65.0,0.0004500000000060027,[2.317e+01 4.545e+01 2.500e-01 6.500e+01 4.500e-04],[-0.71390328  0.21193674  0.          0.         -0.81401316],3
23.17,45.46,0.25,65.0,1.9012499999998669,[23.17    45.46     0.25    65.       1.90125],[-0.71390328  0.21415898  0.          0.         -0.45270905],3
23.17,45.49,0.25,65.0,16.57269999999965,[23.17   45.49    0.25   65.     16.5727],[-0.71390328  0.22082568  0.          0.          2.33604052],2
23.17,45.5,0.25,65.0,9.202049999999844,[23.17    45.5      0.25    65.       9.20205],[-0.71390328  0.22304791  0.          0.          0.93502719],2
23.17,45.51,0.25,65.0,14.113424999999594,[23.17     45.51      0.25     65.       14.113425],[-0.71390328  0.22527014  0.          0.          1.86858147],2
23.17,45.78,0.25,65.0,7.488450000000897,[23.17    45.78     0.25    65.       7.48845],[-0.71390328  0.28527045  0.          0.          0.60930606],2
23.17,45.82,0.25,65.0,3.6441333333332335,[23.17       45.82        0.25       65.          3.64413333],[-0.71390328  0.29415938  0.          0.         -0.12142174],3
23.17,48.8,0.25,65.0,7.182049999999862,[23.17    48.8      0.25    65.       7.18205],[-0.71390328  0.95638498  0.          0.          0.55106554],2
23.17,49.0,0.25,65.0,19.096199999998987,[23.17   49.      0.25   65.     19.0962],[-0.71390328  1.00082965  0.          0.          2.81570747],2
23.17,49.32,0.25,65.0,4.176049999999632,[23.17    49.32     0.25    65.       4.17605],[-0.71390328  1.07194112  0.          0.         -0.02031501],3
23.17,49.34,0.25,65.0,10.351250000000311,[23.17    49.34     0.25    65.      10.35125],[-0.71390328  1.07638559  0.          0.          1.15346716],2
23.17,49.71,0.25,65.0,13.83380000000055,[23.17   49.71    0.25   65.     13.8338],[-0.71390328  1.15860823  0.          0.          1.81543035],2
23.17,49.73,0.25,65.0,3.354050000000377,[23.17    49.73     0.25    65.       3.35405],[-0.71390328  1.16305269  0.          0.         -0.17656079],3
23.17,50.02,0.25,65.0,0.1404500000000458,[23.17    50.02     0.25    65.       0.14045],[-0.71390328  1.22749747  0.          0.         -0.78740196],3
23.17,50.03,0.25,65.0,0.004999999999990905,[2.317e+01 5.003e+01 2.500e-01 6.500e+01 5.000e-03],[-0.71390328  1.2297197   0.          0.         -0.8131483 ],3
23.17,50.09,0.25,65.0,4.410449999999743,[23.17    50.09     0.25    65.       4.41045],[-0.71390328  1.2430531   0.          0.          0.02423975],3
23.17,50.2,0.25,65.0,4.195719999999834,[23.17    50.2      0.25    65.       4.19572],[-0.71390328  1.26749767  0.          0.         -0.01657614],3
23.17,50.21,0.25,65.0,19.219999999998873,[23.17 50.21  0.25 65.   19.22],[-0.71390328  1.2697199   0.          0.          2.83923937],2
23.17,50.33,0.25,65.0,17.465033333332265,[23.17       50.33        0.25       65.         17.46503333],[-0.71390328  1.29638671  0.          0.          2.50565527],2
23.17,50.39,0.25,65.0,12.152449999999753,[23.17    50.39     0.25    65.      12.15245],[-0.71390328  1.30972011  0.          0.          1.4958393 ],2
23.17,50.5,0.25,65.0,1.3384333333332075,[23.17       50.5         0.25       65.          1.33843333],[-0.71390328  1.33416468  0.          0.         -0.55968926],3
23.17,50.63,0.25,65.0,1.2168000000000923,[23.17   50.63    0.25   65.      1.2168],[-0.71390328  1.36305371  0.          0.         -0.58280932],3
23.17,50.68,0.25,65.0,0.4512499999999352,[23.17    50.68     0.25    65.       0.45125],[-0.71390328  1.37416488  0.          0.         -0.72832509],3
23.17,50.69,0.25,65.0,5.088050000000174,[23.17    50.69     0.25    65.       5.08805],[-0.71390328  1.37638711  0.          0.          0.15303797],2
23.18,35.64,0.25,65.0,0.3926333333334004,[23.18       35.64        0.25       65.          0.39263333],[-0.69293034 -1.96807435  0.          0.         -0.73946694],0
23.18,35.74,0.25,65.0,0.4608000000000349,[23.18   35.74    0.25   65.      0.4608],[-0.69293034 -1.94585202  0.          0.         -0.72650982],0
23.18,35.77,0.25,65.0,12.700799999999816,[23.18   35.77    0.25   65.     12.7008],[-0.69293034 -1.93918532  0.          0.          1.60006968],0
23.18,35.92,0.25,65.0,7.068799999999966,[23.18   35.92    0.25   65.      7.0688],[-0.69293034 -1.90585181  0.          0.          0.52953898],0
23.18,36.04,0.25,65.0,0.1624500000000609,[23.18    36.04     0.25    65.       0.16245],[-0.69293034 -1.87918501  0.          0.         -0.7832202 ],0
23.18,36.05,0.25,65.0,3.808799999999975,[23.18   36.05    0.25   65.      3.8088],[-0.69293034 -1.87696278  0.          0.         -0.0901219 ],0
23.18,36.16,0.25,65.0,4.3512499999999665,[23.18    36.16     0.25    65.       4.35125],[-0.69293034 -1.85251821  0.          0.          0.01298701],0
23.18,37.87,0.25,65.0,0.15773333333326886,[23.18       37.87        0.25       65.          0.15773333],[-0.69293034 -1.47251628  0.          0.         -0.78411674],0
23.18,37.9,0.25,65.0,3.251250000000029,[23.18    37.9      0.25    65.       3.25125],[-0.69293034 -1.46584958  0.          0.         -0.19610102],0
23.18,37.94,0.25,65.0,0.6497999999999197,[23.18   37.94    0.25   65.      0.6498],[-0.69293034 -1.45696064  0.          0.         -0.6905847 ],0
23.18,37.96,0.25,65.0,1.1800333333333402,[23.18       37.96        0.25       65.          1.18003333],[-0.69293034 -1.45251617  0.          0.         -0.58979793],0
23.18,37.99,0.25,65.0,6.919200000000101,[23.18   37.99    0.25   65.      6.9192],[-0.69293034 -1.44584947  0.          0.          0.50110301],0
23.18,38.0,0.25,65.0,5.458091666666673,[23.18       38.          0.25       65.          5.45809167],[-0.69293034 -1.44362724  0.          0.          0.2233755 ],0
23.18,38.01,0.25,65.0,3.848133333333469,[23.18       38.01        0.25       65.          3.84813333],[-0.69293034 -1.44140501  0.          0.         -0.08264542],0
23.18,38.02,0.25,65.0,11.531199999999533,[23.18   38.02    0.25   65.     11.5312],[-0.69293034 -1.43918277  0.          0.          1.37775208],0
23.18,38.04,0.25,65.0,5.9538799999999865,[23.18    38.04     0.25    65.       5.95388],[-0.69293034 -1.43473831  0.          0.          0.31761496],0
23.18,38.05,0.25,65.0,2.2471999999998893,[23.18   38.05    0.25   65.      2.2472],[-0.69293034 -1.43251607  0.          0.         -0.38695087],0
23.18,38.07,0.25,65.0,4.488433333333315,[23.18       38.07        0.25       65.          4.48843333],[-0.69293034 -1.42807161  0.          0.          0.03906282],0
23.18,38.09,0.25,65.0,0.5512499999999523,[23.18    38.09     0.25    65.       0.55125],[-0.69293034 -1.42362714  0.          0.         -0.70931708],0
23.18,38.1,0.25,65.0,2.4420500000000804,[23.18    38.1      0.25    65.       2.44205],[-0.69293034 -1.4214049   0.          0.         -0.34991377],0
23.18,39.27,0.25,65.0,0.004050000000007981,[2.318e+01 3.927e+01 2.500e-01 6.500e+01 4.050e-03],[-0.69293034 -1.16140358  0.          0.         -0.81332887],0
23.18,40.15,0.25,65.0,17.321733333333068,[23.18       40.15        0.25       65.         17.32173333],[-0.69293034 -0.96584703  0.          0.          2.4784168 ],2
23.18,40.17,0.25,65.0,1.3778000000000414,[23.18   40.17    0.25   65.      1.3778],[-0.69293034 -0.96140256  0.          0.         -0.55220644],0
23.18,40.25,0.25,65.0,3.4584499999998384,[23.18    40.25     0.25    65.       3.45845],[-0.69293034 -0.94362469  0.          0.         -0.15671644],0
23.18,40.3,0.25,65.0,17.482499999999973,[23.18   40.3     0.25   65.     17.4825],[-0.69293034 -0.93251353  0.          0.          2.50897533],2
23.18,40.41,0.25,65.0,8.092233333333114,[23.18       40.41        0.25       65.          8.09223333],[-0.69293034 -0.90806896  0.          0.          0.72407321],0
23.18,40.43,0.25,65.0,0.2520500000000258,[23.18    40.43     0.25    65.       0.25205],[-0.69293034 -0.90362449  0.          0.         -0.76618903],0
23.18,40.45,0.25,65.0,13.522233333333567,[23.18       40.45        0.25       65.         13.52223333],[-0.69293034 -0.89918002  0.          0.          1.75620775],2
23.18,40.56,0.25,65.0,12.35044999999957,[23.18    40.56     0.25    65.      12.35045],[-0.69293034 -0.87473546  0.          0.          1.53347514],2
23.18,40.61,0.25,65.0,0.9248000000000959,[23.18   40.61    0.25   65.      0.9248],[-0.69293034 -0.86362429  0.          0.         -0.63831269],0
23.18,40.66,0.25,65.0,0.8002333333333442,[23.18       40.66        0.25       65.          0.80023333],[-0.69293034 -0.85251312  0.          0.         -0.66199033],0
23.18,40.74,0.25,65.0,2.53125,[23.18    40.74     0.25    65.       2.53125],[-0.69293034 -0.83473525  0.          0.         -0.33295864],0
23.18,40.78,0.25,65.0,18.54404999999985,[23.18    40.78     0.25    65.      18.54405],[-0.69293034 -0.82584632  0.          0.          2.71075478],2
23.18,40.83,0.25,65.0,1.1400499999998146,[23.18    40.83     0.25    65.       1.14005],[-0.69293034 -0.81473515  0.          0.         -0.59739797],0
23.18,40.84,0.25,65.0,18.788449999999973,[23.18    40.84     0.25    65.      18.78845],[-0.69293034 -0.81251292  0.          0.          2.75721034],2
23.18,40.88,0.25,65.0,5.003233333333379,[23.18       40.88        0.25       65.          5.00323333],[-0.69293034 -0.80362398  0.          0.          0.13691602],0
23.18,40.95,0.25,65.0,15.792199999999387,[23.18   40.95    0.25   65.     15.7922],[-0.69293034 -0.78806835  0.          0.          2.18768307],2
23.18,40.99,0.25,65.0,17.251633333332787,[23.18       40.99        0.25       65.         17.25163333],[-0.69293034 -0.77917941  0.          0.          2.46509219],2
23.18,41.04,0.25,65.0,0.21779999999997898,[23.18   41.04    0.25   65.      0.2178],[-0.69293034 -0.76806825  0.          0.         -0.77269927],0
23.18,41.23,0.25,65.0,15.888433333333307,[23.18       41.23        0.25       65.         15.88843333],[-0.69293034 -0.72584581  0.          0.          2.2059751 ],2
23.18,41.28,0.25,65.0,0.732050000000044,[23.18    41.28     0.25    65.       0.73205],[-0.69293034 -0.71473464  0.          0.         -0.67495062],0
23.18,43.5,0.25,65.0,7.672899999999949,[23.18   43.5     0.25   65.      7.6729],[-0.69293034 -0.2213988   0.          0.          0.64436632],2
23.18,44.11,0.25,65.0,5.184199999999722,[23.18   44.11    0.25   65.      5.1842],[-0.69293034 -0.08584255  0.          0.          0.17131417],0
23.18,45.19,0.25,65.0,8.364050000000596,[23.18    45.19     0.25    65.       8.36405],[-0.69293034  0.15415867  0.          0.          0.77574013],2
23.18,48.38,0.25,65.0,2.8322000000001246,[23.18   48.38    0.25   65.      2.8322],[-0.69293034  0.86305117  0.          0.         -0.27575405],3
23.18,48.41,0.25,65.0,0.6612499999997123,[23.18    48.41     0.25    65.       0.66125],[-0.69293034  0.86971787  0.          0.         -0.68840828],3
23.18,48.46,0.25,65.0,2.075633333333293,[23.18       48.46        0.25       65.          2.07563333],[-0.69293034  0.88082904  0.          0.         -0.41956226],3
23.18,48.5,0.25,65.0,0.8844499999999789,[23.18    48.5      0.25    65.       0.88445],[-0.69293034  0.88971797  0.          0.         -0.64598242],3
23.18,48.59,0.25,65.0,19.892433333332786,[23.18       48.59        0.25       65.         19.89243333],[-0.69293034  0.90971807  0.          0.          2.96705552],2
23.18,48.75,0.25,65.0,0.03644999999999509,[2.318e+01 4.875e+01 2.500e-01 6.500e+01 3.645e-02],[-0.69293034  0.94527381  0.          0.         -0.80717028],3
23.18,48.79,0.25,65.0,4.126425000000025,[23.18     48.79      0.25     65.        4.126425],[-0.69293034  0.95416274  0.          0.         -0.02974773],3
23.18,49.04,0.25,65.0,0.03644999999999509,[2.318e+01 4.904e+01 2.500e-01 6.500e+01 3.645e-02],[-0.69293034  1.00971858  0.          0.         -0.80717028],3
23.18,49.07,0.25,65.0,11.092049999999368,[23.18    49.07     0.25    65.      11.09205],[-0.69293034  1.01638528  0.          0.          1.29427844],2
23.18,49.3,0.25,65.0,1.9208000000000713,[23.18   49.3     0.25   65.      1.9208],[-0.69293034  1.06749665  0.          0.         -0.44899299],3
23.18,49.32,0.25,65.0,4.651249999999514,[23.18    49.32     0.25    65.       4.65125],[-0.69293034  1.07194112  0.          0.          0.07001102],2
23.18,49.35,0.25,65.0,6.484799999999959,[23.18   49.35    0.25   65.      6.4848],[-0.69293034  1.07860782  0.          0.          0.41853225],2
23.18,49.72,0.25,65.0,4.539033333333632,[23.18       49.72        0.25       65.          4.53903333],[-0.69293034  1.16083046  0.          0.          0.04868087],3
23.18,49.74,0.25,65.0,0.8191999999998195,[23.18   49.74    0.25   65.      0.8192],[-0.69293034  1.16527493  0.          0.         -0.65838514],3
23.18,49.76,0.25,65.0,0.18605000000007768,[23.18    49.76     0.25    65.       0.18605],[-0.69293034  1.1697194   0.          0.         -0.77873431],3
23.18,49.98,0.25,65.0,0.0007999999999985448,[2.318e+01 4.998e+01 2.500e-01 6.500e+01 8.000e-04],[-0.69293034  1.21860853  0.          0.         -0.81394663],3
23.18,49.99,0.25,65.0,9.13223333333272,[23.18       49.99        0.25       65.          9.13223333],[-0.69293034  1.22083077  0.          0.          0.92175644],2
23.18,50.0,0.25,65.0,2.2684499999999903,[23.18    50.       0.25    65.       2.26845],[-0.69293034  1.223053    0.          0.         -0.38291167],3
23.18,50.01,0.25,65.0,0.048049999999983085,[2.318e+01 5.001e+01 2.500e-01 6.500e+01 4.805e-02],[-0.69293034  1.22527523  0.          0.         -0.80496535],3
23.18,50.04,0.25,65.0,13.286958333332864,[23.18       50.04        0.25       65.         13.28695833],[-0.69293034  1.23194193  0.          0.          1.71148667],2
23.18,50.05,0.25,65.0,0.13519999999999055,[23.18   50.05    0.25   65.      0.1352],[-0.69293034  1.23416417  0.          0.         -0.78839988],3
23.18,50.08,0.25,65.0,2.6220499999999167,[23.18    50.08     0.25    65.       2.62205],[-0.69293034  1.24083087  0.          0.         -0.31569937],3
23.18,50.09,0.25,65.0,11.956049999999378,[23.18    50.09     0.25    65.      11.95605],[-0.69293034  1.2430531   0.          0.          1.45850758],2
23.18,50.3,0.25,65.0,8.38896999999999,[23.18    50.3      0.25    65.       8.38897],[-0.69293034  1.28972001  0.          0.          0.78047693],2
23.18,50.36,0.25,65.0,0.04499999999995225,[2.318e+01 5.036e+01 2.500e-01 6.500e+01 4.500e-02],[-0.69293034  1.30305341  0.          0.         -0.8055451 ],3
23.18,50.38,0.25,65.0,9.694033333333397,[23.18       50.38        0.25       65.          9.69403333],[-0.69293034  1.30749787  0.          0.          1.0285434 ],2
23.18,50.39,0.25,65.0,0.0881999999999828,[23.18   50.39    0.25   65.      0.0882],[-0.69293034  1.30972011  0.          0.         -0.79733364],3
23.18,50.54,0.25,65.0,0.03379999999996808,[2.318e+01 5.054e+01 2.500e-01 6.500e+01 3.380e-02],[-0.69293034  1.34305361  0.          0.         -0.80767399],3
23.19,35.57,0.25,65.0,0.0018000000000069577,[2.319e+01 3.557e+01 2.500e-01 6.500e+01 1.800e-03],[-0.67195739 -1.98362999  0.          0.         -0.81375655],0
23.19,35.61,0.25,65.0,8.545599999999807,[23.19   35.61    0.25   65.      8.5456],[-0.67195739 -1.97474105  0.          0.          0.81024916],0
23.19,35.74,0.25,65.0,1.4432333333333565,[23.19       35.74        0.25       65.          1.44323333],[-0.67195739 -1.94585202  0.          0.         -0.53976887],0
23.19,35.76,0.25,65.0,0.4632333333333367,[23.19       35.76        0.25       65.          0.46323333],[-0.67195739 -1.94140755  0.          0.         -0.72604729],0
23.19,35.79,0.25,65.0,4.928233333333111,[23.19       35.79        0.25       65.          4.92823333],[-0.67195739 -1.93474085  0.          0.          0.12266002],0
23.19,35.81,0.25,65.0,17.69053666666667,[23.19       35.81        0.25       65.         17.69053667],[-0.67195739 -1.93029638  0.          0.          2.54851895],1
23.19,35.86,0.25,65.0,10.44244999999971,[23.19    35.86     0.25    65.      10.44245],[-0.67195739 -1.91918522  0.          0.          1.17080245],0
23.19,35.87,0.25,65.0,1.9601999999999236,[23.19   35.87    0.25   65.      1.9602],[-0.67195739 -1.91696298  0.          0.         -0.44150383],0
23.19,36.05,0.25,65.0,3.4060499999998872,[23.19    36.05     0.25    65.       3.40605],[-0.67195739 -1.87696278  0.          0.         -0.16667663],0
23.19,36.09,0.25,65.0,4.380800000000107,[23.19   36.09    0.25   65.      4.3808],[-0.67195739 -1.86807384  0.          0.          0.01860387],0
23.19,36.15,0.25,65.0,4.867599999999766,[23.19   36.15    0.25   65.      4.8676],[-0.67195739 -1.85474044  0.          0.          0.11113483],0
23.19,36.2,0.25,65.0,3.4322000000001607,[23.19   36.2     0.25   65.      3.4322],[-0.67195739 -1.84362928  0.          0.         -0.16170604],0
23.19,36.21,0.25,65.0,0.0060499999999952475,[2.319e+01 3.621e+01 2.500e-01 6.500e+01 6.050e-03],[-0.67195739 -1.84140704  0.          0.         -0.81294871],0
23.19,37.85,0.25,65.0,0.0084500000000068,[2.319e+01 3.785e+01 2.500e-01 6.500e+01 8.450e-03],[-0.67195739 -1.47696074  0.          0.         -0.81249252],0
23.19,37.86,0.25,65.0,0.43245000000005923,[23.19    37.86     0.25    65.       0.43245],[-0.67195739 -1.47473851  0.          0.         -0.73189859],0
23.19,37.87,0.25,65.0,0.13319999999995893,[23.19   37.87    0.25   65.      0.1332],[-0.67195739 -1.47251628  0.          0.         -0.78878004],0
23.19,37.91,0.25,65.0,0.0071999999999937244,[2.319e+01 3.791e+01 2.500e-01 6.500e+01 7.200e-03],[-0.67195739 -1.46362734  0.          0.         -0.81273012],0
23.19,38.0,0.25,65.0,6.609958333333609,[23.19       38.          0.25       65.          6.60995833],[-0.67195739 -1.44362724  0.          0.          0.44232234],0
23.19,38.03,0.25,65.0,4.432033333333472,[23.19       38.03        0.25       65.          4.43203333],[-0.67195739 -1.43696054  0.          0.          0.02834231],0
23.19,38.04,0.25,65.0,9.81245000000003,[23.19    38.04     0.25    65.       9.81245],[-0.67195739 -1.43473831  0.          0.          1.05105204],0
23.19,38.05,0.25,65.0,0.5940500000000967,[23.19    38.05     0.25    65.       0.59405],[-0.67195739 -1.43251607  0.          0.         -0.70118166],0
23.19,38.07,0.25,65.0,11.080433333333609,[23.19       38.07        0.25       65.         11.08043333],[-0.67195739 -1.42807161  0.          0.          1.29207034],0
23.19,38.1,0.25,65.0,11.616199999999694,[23.19   38.1     0.25   65.     11.6162],[-0.67195739 -1.4214049   0.          0.          1.39390888],0
23.19,39.2,0.25,65.0,0.005000000000007958,[2.319e+01 3.920e+01 2.500e-01 6.500e+01 5.000e-03],[-0.67195739 -1.17695922  0.          0.         -0.8131483 ],0
23.19,39.22,0.25,65.0,0.23119999999992732,[23.19   39.22    0.25   65.      0.2312],[-0.67195739 -1.17251475  0.          0.         -0.7701522 ],0
23.19,40.13,0.25,65.0,0.7442000000000333,[23.19   40.13    0.25   65.      0.7442],[-0.67195739 -0.9702915   0.          0.         -0.67264114],0
23.19,40.19,0.25,65.0,6.488233333333309,[23.19       40.19        0.25       65.          6.48823333],[-0.67195739 -0.9569581   0.          0.          0.41918485],0
23.19,40.21,0.25,65.0,2.7594333333331154,[23.19       40.21        0.25       65.          2.75943333],[-0.67195739 -0.95251363  0.          0.         -0.28958554],0
23.19,40.22,0.25,65.0,7.296199999999756,[23.19   40.22    0.25   65.      7.2962],[-0.67195739 -0.9502914   0.          0.          0.57276318],0
23.19,40.45,0.25,65.0,0.01999999999997499,[2.319e+01 4.045e+01 2.500e-01 6.500e+01 2.000e-02],[-0.67195739 -0.89918002  0.          0.         -0.8102971 ],0
23.19,40.53,0.25,65.0,4.949233333333652,[23.19       40.53        0.25       65.          4.94923333],[-0.67195739 -0.88140216  0.          0.          0.1266517 ],0
23.19,40.6,0.25,65.0,19.971199999999957,[23.19   40.6     0.25   65.     19.9712],[-0.67195739 -0.86584652  0.          0.          2.98202749],2
23.19,40.7,0.25,65.0,1.0108000000000377,[23.19   40.7     0.25   65.      1.0108],[-0.67195739 -0.84362419  0.          0.         -0.62196581],0
23.19,40.72,0.25,65.0,0.35063333333341196,[23.19       40.72        0.25       65.          0.35063333],[-0.67195739 -0.83917972  0.          0.         -0.7474503 ],0
23.19,40.96,0.25,65.0,5.680300000000118,[23.19   40.96    0.25   65.      5.6803],[-0.67195739 -0.78584611  0.          0.          0.26561287],0
23.19,41.01,0.25,65.0,0.05780000000001082,[2.319e+01 4.101e+01 2.500e-01 6.500e+01 5.780e-02],[-0.67195739 -0.77473495  0.          0.         -0.80311207],0
23.19,44.32,0.25,65.0,0.4232000000000669,[23.19   44.32    0.25   65.      0.4232],[-0.67195739 -0.03917565  0.          0.         -0.73365683],3
23.19,44.68,0.25,65.0,0.10125000000007162,[23.19    44.68     0.25    65.       0.10125],[-0.67195739  0.04082476  0.          0.         -0.7948531 ],3
23.19,44.82,0.25,65.0,5.003433333333202,[23.19       44.82        0.25       65.          5.00343333],[-0.67195739  0.07193603  0.          0.          0.13695403],2
23.19,44.85,0.25,65.0,2.464200000000061,[23.19   44.85    0.25   65.      2.4642],[-0.67195739  0.07860273  0.          0.         -0.3457035 ],3
23.19,44.9,0.25,65.0,0.00844999999996985,[2.319e+01 4.490e+01 2.500e-01 6.500e+01 8.450e-03],[-0.67195739  0.0897139   0.          0.         -0.81249252],3
23.19,45.47,0.25,65.0,0.48020000000001783,[23.19   45.47    0.25   65.      0.4802],[-0.67195739  0.21638121  0.          0.         -0.72282227],3
23.19,45.49,0.25,65.0,12.682589999999617,[23.19    45.49     0.25    65.      12.68259],[-0.67195739  0.22082568  0.          0.          1.59660832],2
23.19,45.5,0.25,65.0,17.98243611111139,[23.19       45.5         0.25       65.         17.98243611],[-0.67195739  0.22304791  0.          0.          2.6040032 ],2
23.19,45.63,0.25,65.0,1.2012500000001056,[23.19    45.63     0.25    65.       1.20125],[-0.67195739  0.25193695  0.          0.         -0.58576507],3
23.19,45.79,0.25,65.0,3.2767999999998603,[23.19   45.79    0.25   65.      3.2768],[-0.67195739  0.28749268  0.          0.         -0.19124447],3
23.19,48.27,0.25,65.0,0.07220000000004147,[23.19   48.27    0.25   65.      0.0722],[-0.67195739  0.8386066   0.          0.         -0.80037492],3
23.19,48.3,0.25,65.0,1.0658000000000531,[23.19   48.3     0.25   65.      1.0658],[-0.67195739  0.8452733   0.          0.         -0.61151141],3
23.19,48.38,0.25,65.0,0.18946666666668746,[23.19       48.38        0.25       65.          0.18946667],[-0.67195739  0.86305117  0.          0.         -0.77808487],3
23.19,48.59,0.25,65.0,6.603599999999975,[23.19   48.59    0.25   65.      6.6036],[-0.67195739  0.90971807  0.          0.          0.44111375],2
23.19,48.98,0.25,65.0,0.09159999999996526,[23.19   48.98    0.25   65.      0.0916],[-0.67195739  0.99638518  0.          0.         -0.79668737],3
23.19,49.34,0.25,65.0,10.580000000001151,[23.19 49.34  0.25 65.   10.58],[-0.67195739  1.07638559  0.          0.          1.19694796],2
23.19,49.66,0.25,65.0,0.28125,[23.19    49.66     0.25    65.       0.28125],[-0.67195739  1.14749706  0.          0.         -0.76063869],3
23.19,49.74,0.25,65.0,3.948050000000805,[23.19    49.74     0.25    65.       3.94805],[-0.67195739  1.16527493  0.          0.         -0.06365326],3
23.19,49.75,0.25,65.0,1.1400499999998146,[23.19    49.75     0.25    65.       1.14005],[-0.67195739  1.16749716  0.          0.         -0.59739797],3
23.19,50.0,0.25,65.0,0.23805000000003765,[23.19    50.       0.25    65.       0.23805],[-0.67195739  1.223053    0.          0.         -0.76885015],3
23.19,50.31,0.25,65.0,4.9340916666665,[23.19       50.31        0.25       65.          4.93409167],[-0.67195739  1.29194224  0.          0.          0.12377357],2
23.19,50.32,0.25,65.0,5.34644999999994,[23.19    50.32     0.25    65.       5.34645],[-0.67195739  1.29416447  0.          0.          0.20215465],2
23.19,50.62,0.25,65.0,0.03644999999999509,[2.319e+01 5.062e+01 2.500e-01 6.500e+01 3.645e-02],[-0.67195739  1.36083148  0.          0.         -0.80717028],3
23.19,50.65,0.25,65.0,0.13520000000004967,[23.19   50.65    0.25   65.      0.1352],[-0.67195739  1.36749818  0.          0.         -0.78839988],3
23.19,50.67,0.25,65.0,11.80980000000062,[23.19   50.67    0.25   65.     11.8098],[-0.67195739  1.37194265  0.          0.          1.43070838],2
23.19,53.81,0.25,65.0,0.012799999999994907,[2.319e+01 5.381e+01 2.500e-01 6.500e+01 1.280e-02],[-0.67195739  2.06972398  0.          0.         -0.81166567],3
23.21,35.54,0.25,65.0,0.16244999999999613,[23.21    35.54     0.25    65.       0.16245],[-0.63001149 -1.99029669  0.          0.         -0.7832202 ],0
23.21,35.59,0.25,65.0,8.006800000000192,[23.21   35.59    0.25   65.      8.0068],[-0.63001149 -1.97918552  0.          0.          0.70783404],0
23.21,35.6,0.25,65.0,1.2960500000001134,[23.21    35.6      0.25    65.       1.29605],[-0.63001149 -1.97696329  0.          0.         -0.56774548],0
23.21,35.62,0.25,65.0,1.5664499999999677,[23.21    35.62     0.25    65.       1.56645],[-0.63001149 -1.97251882  0.          0.         -0.51634784],0
23.21,35.66,0.25,65.0,6.125,[23.21  35.66   0.25  65.     6.125],[-0.63001149 -1.96362989  0.          0.          0.35014145],0
23.21,35.67,0.25,65.0,0.011250000000005115,[2.321e+01 3.567e+01 2.500e-01 6.500e+01 1.125e-02],[-0.63001149 -1.96140765  0.          0.         -0.8119603 ],0
23.21,35.71,0.25,65.0,0.23263333333330466,[23.21       35.71        0.25       65.          0.23263333],[-0.63001149 -1.95251872  0.          0.         -0.76987975],0
23.21,35.76,0.25,65.0,1.015033333333355,[23.21       35.76        0.25       65.          1.01503333],[-0.63001149 -1.94140755  0.          0.         -0.62116114],0
23.21,36.2,0.25,65.0,5.180933333333254,[23.21       36.2         0.25       65.          5.18093333],[-0.63001149 -1.84362928  0.          0.          0.17069324],0
23.21,36.24,0.25,65.0,0.03644999999999509,[2.321e+01 3.624e+01 2.500e-01 6.500e+01 3.645e-02],[-0.63001149 -1.83474034  0.          0.         -0.80717028],0
23.21,36.36,0.25,65.0,0.07604999999997251,[23.21    36.36     0.25    65.       0.07605],[-0.63001149 -1.80807354  0.          0.         -0.79964311],0
23.21,36.37,0.25,65.0,0.2270333333333103,[23.21       36.37        0.25       65.          0.22703333],[-0.63001149 -1.80585131  0.          0.         -0.7709442 ],0
23.21,37.81,0.25,65.0,0.31822499999996806,[23.21     37.81      0.25     65.        0.318225],[-0.63001149 -1.48584968  0.          0.         -0.75361048],0
23.21,39.17,0.25,65.0,8.904200000000115,[23.21   39.17    0.25   65.      8.9042],[-0.63001149 -1.18362592  0.          0.          0.87841186],0
23.21,39.18,0.25,65.0,12.662066666666526,[23.21       39.18        0.25       65.         12.66206667],[-0.63001149 -1.18140368  0.          0.          1.59270724],2
23.21,39.31,0.25,65.0,0.024200000000006,[2.321e+01 3.931e+01 2.500e-01 6.500e+01 2.420e-02],[-0.63001149 -1.15251465  0.          0.         -0.80949876],0
23.21,40.05,0.25,65.0,19.719200000000185,[23.21   40.05    0.25   65.     19.7192],[-0.63001149 -0.98806937  0.          0.          2.93412732],2
23.21,40.07,0.25,65.0,0.4607999999998712,[23.21   40.07    0.25   65.      0.4608],[-0.63001149 -0.9836249   0.          0.         -0.72650982],0
23.21,40.16,0.25,65.0,3.1000500000000226,[23.21    40.16     0.25    65.       3.10005],[-0.63001149 -0.9636248   0.          0.         -0.22484112],0
23.21,40.18,0.25,65.0,2.3980500000001195,[23.21    40.18     0.25    65.       2.39805],[-0.63001149 -0.95918033  0.          0.         -0.35827729],0
23.21,40.22,0.25,65.0,19.61255833333329,[23.21       40.22        0.25       65.         19.61255833],[-0.63001149 -0.9502914   0.          0.          2.91385687],2
23.21,40.25,0.25,65.0,5.678450000000207,[23.21    40.25     0.25    65.       5.67845],[-0.63001149 -0.94362469  0.          0.          0.26526122],0
23.21,40.33,0.25,65.0,0.10125000000002046,[23.21    40.33     0.25    65.       0.10125],[-0.63001149 -0.92584683  0.          0.         -0.7948531 ],0
23.21,40.55,0.25,65.0,2.904700000000156,[23.21   40.55    0.25   65.      2.9047],[-0.63001149 -0.87695769  0.          0.         -0.26197325],0
23.21,40.56,0.25,65.0,10.215199999999918,[23.21   40.56    0.25   65.     10.2152],[-0.63001149 -0.87473546  0.          0.          1.12760677],2
23.21,40.6,0.25,65.0,0.17404999999995172,[23.21    40.6      0.25    65.       0.17405],[-0.63001149 -0.86584652  0.          0.         -0.78101527],0
23.21,40.63,0.25,65.0,0.9494333333333006,[23.21       40.63        0.25       65.          0.94943333],[-0.63001149 -0.85917982  0.          0.         -0.63363039],0
23.21,43.23,0.25,65.0,1.7672000000000982,[23.21   43.23    0.25   65.      1.7672],[-0.63001149 -0.2813991   0.          0.         -0.47818928],0
23.21,43.6,0.25,65.0,0.06480000000002538,[2.321e+01 4.360e+01 2.500e-01 6.500e+01 6.480e-02],[-0.63001149 -0.19917646  0.          0.         -0.80178151],0
23.21,43.78,0.25,65.0,7.068799999999966,[23.21   43.78    0.25   65.      7.0688],[-0.63001149 -0.15917626  0.          0.          0.52953898],2
23.21,43.86,0.25,65.0,1.2799999999998546,[23.21 43.86  0.25 65.    1.28],[-0.63001149 -0.14139839  0.          0.         -0.57079627],0
23.21,43.98,0.25,65.0,0.0018000000000001363,[2.321e+01 4.398e+01 2.500e-01 6.500e+01 1.800e-03],[-0.63001149 -0.11473159  0.          0.         -0.81375655],0
23.21,44.32,0.25,65.0,3.251250000000319,[23.21    44.32     0.25    65.       3.25125],[-0.63001149 -0.03917565  0.          0.         -0.19610102],0
23.21,44.37,0.25,65.0,1.7484500000001149,[23.21    44.37     0.25    65.       1.74845],[-0.63001149 -0.02806448  0.          0.         -0.48175328],3
23.21,44.42,0.25,65.0,2.1222333333332917,[23.21       44.42        0.25       65.          2.12223333],[-0.63001149 -0.01695331  0.          0.         -0.41070453],3
23.21,44.62,0.25,65.0,7.411250000000306,[23.21    44.62     0.25    65.       7.41125],[-0.63001149  0.02749136  0.          0.          0.59463188],2
23.21,44.68,0.25,65.0,0.15125000000006877,[23.21    44.68     0.25    65.       0.15125],[-0.63001149  0.04082476  0.          0.         -0.78534909],3
23.21,44.79,0.25,65.0,7.411250000000088,[23.21    44.79     0.25    65.       7.41125],[-0.63001149  0.06526933  0.          0.          0.59463188],2
23.21,44.81,0.25,65.0,15.724758333333371,[23.21       44.81        0.25       65.         15.72475833],[-0.63001149  0.0697138   0.          0.          2.17486375],2
23.21,45.39,0.25,65.0,16.01779999999982,[23.21   45.39    0.25   65.     16.0178],[-0.63001149  0.19860334  0.          0.          2.23056512],2
23.21,45.64,0.25,65.0,0.039200000000024195,[2.321e+01 4.564e+01 2.500e-01 6.500e+01 3.920e-02],[-0.63001149  0.25415918  0.          0.         -0.80664756],3
23.21,45.85,0.25,65.0,19.844999999998997,[23.21  45.85   0.25  65.    19.845],[-0.63001149  0.30082608  0.          0.          2.95803939],2
23.21,46.18,0.25,65.0,15.29044999999922,[23.21    46.18     0.25    65.      15.29045],[-0.63001149  0.37415979  0.          0.          2.09231041],2
23.21,46.27,0.25,65.0,0.7408333333333954,[23.21       46.27        0.25       65.          0.74083333],[-0.63001149  0.39415989  0.          0.         -0.67328108],3
23.21,48.25,0.25,65.0,0.009800000000029922,[2.321e+01 4.825e+01 2.500e-01 6.500e+01 9.800e-03],[-0.63001149  0.83416213  0.          0.         -0.81223591],3
23.21,48.33,0.25,65.0,0.0024500000000035015,[2.321e+01 4.833e+01 2.500e-01 6.500e+01 2.450e-03],[-0.63001149  0.85194     0.          0.         -0.813633  ],3
23.21,48.62,0.25,65.0,2.5830700000000064,[23.21    48.62     0.25    65.       2.58307],[-0.63001149  0.91638477  0.          0.         -0.32310869],3
23.21,48.76,0.25,65.0,0.23804999999992,[23.21    48.76     0.25    65.       0.23805],[-0.63001149  0.94749604  0.          0.         -0.76885015],3
23.21,48.82,0.25,65.0,11.616199999999145,[23.21   48.82    0.25   65.     11.6162],[-0.63001149  0.96082944  0.          0.          1.39390888],2
23.21,49.74,0.25,65.0,10.534050000000668,[23.21    49.74     0.25    65.      10.53405],[-0.63001149  1.16527493  0.          0.          1.18821378],2
23.21,49.8,0.25,65.0,6.808050000000201,[23.21    49.8      0.25    65.       6.80805],[-0.63001149  1.17860833  0.          0.          0.47997561],2
23.21,49.81,0.25,65.0,6.9180333333339625,[23.21       49.81        0.25       65.          6.91803333],[-0.63001149  1.18083056  0.          0.          0.50088125],2
23.21,49.82,0.25,65.0,0.06844999999995961,[23.21    49.82     0.25    65.       0.06845],[-0.63001149  1.1830528   0.          0.         -0.80108772],3
23.21,50.04,0.25,65.0,0.00333333333332727,"[2.32100000e+01 5.00400000e+01 2.50000000e-01 6.50000000e+01
 3.33333333e-03]",[-0.63001149  1.23194193  0.          0.         -0.8134651 ],3
23.21,50.24,0.25,65.0,0.10124999999996931,[23.21    50.24     0.25    65.       0.10125],[-0.63001149  1.2763866   0.          0.         -0.7948531 ],3
23.21,50.29,0.25,65.0,9.288049999999766,[23.21    50.29     0.25    65.       9.28805],[-0.63001149  1.28749777  0.          0.          0.95137407],2
23.21,50.34,0.25,65.0,3.291100000000048,[23.21   50.34    0.25   65.      3.2911],[-0.63001149  1.29860894  0.          0.         -0.18852633],3
23.21,50.42,0.25,65.0,0.020000000000031833,[2.321e+01 5.042e+01 2.500e-01 6.500e+01 2.000e-02],[-0.63001149  1.31638681  0.          0.         -0.8102971 ],3
23.21,50.45,0.25,65.0,14.418449999999414,[23.21    50.45     0.25    65.      14.41845],[-0.63001149  1.32305351  0.          0.          1.92656063],2
23.21,50.65,0.25,65.0,15.74413333333288,[23.21       50.65        0.25       65.         15.74413333],[-0.63001149  1.36749818  0.          0.          2.17854655],2
23.21,50.67,0.25,65.0,16.473800000000704,[23.21   50.67    0.25   65.     16.4738],[-0.63001149  1.37194265  0.          0.          2.31724161],2
23.21,50.69,0.25,65.0,2.7378000000000746,[23.21   50.69    0.25   65.      2.7378],[-0.63001149  1.37638711  0.          0.         -0.29369761],3
23.21,51.46,0.25,65.0,2.508800000000275,[23.21   51.46    0.25   65.      2.5088],[-0.63001149  1.5474991   0.          0.         -0.33722593],3
23.21,53.61,0.25,65.0,0.8755333333332874,[23.21       53.61        0.25       65.          0.87553333],[-0.63001149  2.02527931  0.          0.         -0.6476773 ],3
23.21,53.78,0.25,65.0,0.05444999999997599,[2.321e+01 5.378e+01 2.500e-01 6.500e+01 5.445e-02],[-0.63001149  2.06305728  0.          0.         -0.80374884],3
23.22,35.54,0.25,65.0,0.296449999999986,[23.22    35.54     0.25    65.       0.29645],[-0.60903854 -1.99029669  0.          0.         -0.75774947],0
23.22,35.57,0.25,65.0,6.017366666666702,[23.22       35.57        0.25       65.          6.01736667],[-0.60903854 -1.98362999  0.          0.          0.32968251],0
23.22,35.58,0.25,65.0,0.096800000000024,[23.22   35.58    0.25   65.      0.0968],[-0.60903854 -1.98140775  0.          0.         -0.79569895],0
23.22,35.6,0.25,65.0,0.011249999999988063,[2.322e+01 3.560e+01 2.500e-01 6.500e+01 1.125e-02],[-0.60903854 -1.97696329  0.          0.         -0.8119603 ],0
23.22,35.66,0.25,65.0,1.4450000000000773,[23.22  35.66   0.25  65.     1.445],[-0.60903854 -1.96362989  0.          0.         -0.53943306],0
23.22,35.68,0.25,65.0,0.007200000000007367,[2.322e+01 3.568e+01 2.500e-01 6.500e+01 7.200e-03],[-0.60903854 -1.95918542  0.          0.         -0.81273012],0
23.22,36.51,0.25,65.0,0.23805000000003765,[23.22    36.51     0.25    65.       0.23805],[-0.60903854 -1.77474004  0.          0.         -0.76885015],0
23.22,36.65,0.25,65.0,1.8049999999998487,[23.22  36.65   0.25  65.     1.805],[-0.60903854 -1.74362877  0.          0.         -0.47100425],0
23.22,36.69,0.25,65.0,3.9200000000003503,[23.22 36.69  0.25 65.    3.92],[-0.60903854 -1.73473983  0.          0.         -0.068985  ],0
23.22,37.17,0.25,65.0,0.4304333333333792,[23.22       37.17        0.25       65.          0.43043333],[-0.60903854 -1.62807262  0.          0.         -0.73228192],0
23.22,37.34,0.25,65.0,0.48020000000001783,[23.22   37.34    0.25   65.      0.4802],[-0.60903854 -1.59029465  0.          0.         -0.72282227],0
23.22,37.36,0.25,65.0,0.48020000000001783,[23.22   37.36    0.25   65.      0.4802],[-0.60903854 -1.58585019  0.          0.         -0.72282227],0
23.22,37.74,0.25,65.0,0.005000000000007958,[2.322e+01 3.774e+01 2.500e-01 6.500e+01 5.000e-03],[-0.60903854 -1.50140531  0.          0.         -0.8131483 ],0
23.22,37.84,0.25,65.0,0.38173333333336884,[23.22       37.84        0.25       65.          0.38173333],[-0.60903854 -1.47918298  0.          0.         -0.74153882],0
23.22,37.85,0.25,65.0,1.7297999999999196,[23.22   37.85    0.25   65.      1.7298],[-0.60903854 -1.47696074  0.          0.         -0.48529827],0
23.22,37.86,0.25,65.0,0.8844499999999033,[23.22    37.86     0.25    65.       0.88445],[-0.60903854 -1.47473851  0.          0.         -0.64598242],0
23.22,38.44,0.25,65.0,5.478049999999819,[23.22    38.44     0.25    65.       5.47805],[-0.60903854 -1.34584896  0.          0.          0.22716918],0
23.22,39.11,0.25,65.0,0.2738000000000067,[23.22   39.11    0.25   65.      0.2738],[-0.60903854 -1.19695932  0.          0.         -0.76205479],0
23.22,39.17,0.25,65.0,0.04723333333331724,"[2.32200000e+01 3.91700000e+01 2.50000000e-01 6.50000000e+01
 4.72333333e-02]",[-0.60903854 -1.18362592  0.          0.         -0.80512058],0
23.22,39.21,0.25,65.0,5.433699999999787,[23.22   39.21    0.25   65.      5.4337],[-0.60903854 -1.17473698  0.          0.          0.21873913],0
23.22,39.25,0.25,65.0,11.139200000000129,[23.22   39.25    0.25   65.     11.1392],[-0.60903854 -1.16584805  0.          0.          1.30324071],0
23.22,39.28,0.25,65.0,5.544449999999758,[23.22    39.28     0.25    65.       5.54445],[-0.60903854 -1.15918135  0.          0.          0.23979049],0
23.22,39.42,0.25,65.0,5.31379999999997,[23.22   39.42    0.25   65.      5.3138],[-0.60903854 -1.12807008  0.          0.          0.19594854],0
23.22,39.9,0.25,65.0,0.15680000000006494,[23.22   39.9     0.25   65.      0.1568],[-0.60903854 -1.02140287  0.          0.         -0.78429415],0
23.22,40.02,0.25,65.0,12.716233333333522,[23.22       40.02        0.25       65.         12.71623333],[-0.60903854 -0.99473607  0.          0.          1.60300325],2
23.22,40.04,0.25,65.0,1.8624499999997937,[23.22    40.04     0.25    65.       1.86245],[-0.60903854 -0.9902916   0.          0.         -0.46008416],0
23.22,40.08,0.25,65.0,3.3014333333332853,[23.22       40.08        0.25       65.          3.30143333],[-0.60903854 -0.98140266  0.          0.         -0.18656217],0
23.22,40.16,0.25,65.0,9.768200000000322,[23.22   40.16    0.25   65.      9.7682],[-0.60903854 -0.9636248   0.          0.          1.042641  ],0
23.22,40.19,0.25,65.0,0.018049999999999566,[2.322e+01 4.019e+01 2.500e-01 6.500e+01 1.805e-02],[-0.60903854 -0.9569581   0.          0.         -0.81066775],0
23.22,40.52,0.25,65.0,12.20180000000027,[23.22   40.52    0.25   65.     12.2018],[-0.60903854 -0.88362439  0.          0.          1.50521975],2
23.22,40.54,0.25,65.0,15.125,[23.22  40.54   0.25  65.    15.125],[-0.60903854 -0.87917992  0.          0.          2.06086167],2
23.22,40.56,0.25,65.0,2.53125,[23.22    40.56     0.25    65.       2.53125],[-0.60903854 -0.87473546  0.          0.         -0.33295864],0
23.22,44.03,0.25,65.0,3.4322000000001607,[23.22   44.03    0.25   65.      3.4322],[-0.60903854 -0.10362042  0.          0.         -0.16170604],0
23.22,44.07,0.25,65.0,15.792199999999706,[23.22   44.07    0.25   65.     15.7922],[-0.60903854 -0.09473149  0.          0.          2.18768307],2
23.22,44.33,0.25,65.0,1.9977333333333223,[23.22       44.33        0.25       65.          1.99773333],[-0.60903854 -0.03695341  0.          0.         -0.4343695 ],3
23.22,44.35,0.25,65.0,6.734449999999641,[23.22    44.35     0.25    65.       6.73445],[-0.60903854 -0.03250895  0.          0.          0.46598572],2
23.22,44.38,0.25,65.0,14.828519999999422,[23.22    44.38     0.25    65.      14.82852],[-0.60903854 -0.02584225  0.          0.          2.00450675],2
23.22,44.53,0.25,65.0,17.46405000000015,[23.22    44.53     0.25    65.      17.46405],[-0.60903854  0.00749126  0.          0.          2.50546835],2
23.22,44.54,0.25,65.0,6.516049999999638,[23.22    44.54     0.25    65.       6.51605],[-0.60903854  0.00971349  0.          0.          0.42447225],2
23.22,44.69,0.25,65.0,0.8191999999999651,[23.22   44.69    0.25   65.      0.8192],[-0.60903854  0.04304699  0.          0.         -0.65838514],3
23.22,44.82,0.25,65.0,7.01815999999958,[23.22    44.82     0.25    65.       7.01816],[-0.60903854  0.07193603  0.          0.          0.51991333],2
23.22,44.84,0.25,65.0,14.112670000000033,[23.22    44.84     0.25    65.      14.11267],[-0.60903854  0.0763805   0.          0.          1.86843796],2
23.22,45.65,0.25,65.0,16.734533333334245,[23.22       45.65        0.25       65.         16.73453333],[-0.60903854  0.25638141  0.          0.          2.36680181],2
23.22,45.69,0.25,65.0,0.23805000000003765,[23.22    45.69     0.25    65.       0.23805],[-0.60903854  0.26527035  0.          0.         -0.76885015],3
23.22,45.85,0.25,65.0,11.328800000001038,[23.22   45.85    0.25   65.     11.3288],[-0.60903854  0.30082608  0.          0.          1.33927988],2
23.22,46.12,0.25,65.0,1.25709999999962,[23.22   46.12    0.25   65.      1.2571],[-0.60903854  0.36082639  0.          0.         -0.5751491 ],3
23.22,46.14,0.25,65.0,9.03125,[23.22    46.14     0.25    65.       9.03125],[-0.60903854  0.36527086  0.          0.          0.90256152],2
23.22,46.15,0.25,65.0,3.9800333333331785,[23.22       46.15        0.25       65.          3.98003333],[-0.60903854  0.36749309  0.          0.         -0.05757386],3
23.22,46.22,0.25,65.0,17.235833333334632,[23.22       46.22        0.25       65.         17.23583333],[-0.60903854  0.38304872  0.          0.          2.46208892],2
23.22,48.63,0.25,65.0,6.479999999999673,[23.22 48.63  0.25 65.    6.48],[-0.60903854  0.91860701  0.          0.          0.41761986],2
23.22,48.81,0.25,65.0,2.4200000000003503,[23.22 48.81  0.25 65.    2.42],[-0.60903854  0.95860721  0.          0.         -0.35410504],3
23.22,49.07,0.25,65.0,0.01620000000001146,[2.322e+01 4.907e+01 2.500e-01 6.500e+01 1.620e-02],[-0.60903854  1.01638528  0.          0.         -0.8110194 ],3
23.22,49.65,0.25,65.0,1.110050000000183,[23.22    49.65     0.25    65.       1.11005],[-0.60903854  1.14527483  0.          0.         -0.60310037],3
23.22,49.72,0.25,65.0,0.028799999999974898,[2.322e+01 4.972e+01 2.500e-01 6.500e+01 2.880e-02],[-0.60903854  1.16083046  0.          0.         -0.80862439],3
23.22,49.85,0.25,65.0,0.8869999999998477,[23.22  49.85   0.25  65.     0.887],[-0.60903854  1.1897195   0.          0.         -0.64549772],3
23.22,49.86,0.25,65.0,0.05445000000008854,[2.322e+01 4.986e+01 2.500e-01 6.500e+01 5.445e-02],[-0.60903854  1.19194173  0.          0.         -0.80374884],3
23.22,50.02,0.25,65.0,0.06023333333333329,"[2.32200000e+01 5.00200000e+01 2.50000000e-01 6.50000000e+01
 6.02333333e-02]",[-0.60903854  1.22749747  0.          0.         -0.80264954],3
23.22,50.49,0.25,65.0,0.23893333333333527,[23.22       50.49        0.25       65.          0.23893333],[-0.60903854  1.33194244  0.          0.         -0.76868224],3
23.22,51.5,0.25,65.0,1.3122000000003757,[23.22   51.5     0.25   65.      1.3122],[-0.60903854  1.55638803  0.          0.         -0.56467569],3
23.22,53.06,0.25,65.0,3.2767999999998603,[23.22   53.06    0.25   65.      3.2768],[-0.60903854  1.90305646  0.          0.         -0.19124447],3
23.24,33.8,0.25,65.0,0.15680000000006494,[23.24   33.8     0.25   65.      0.1568],[-0.56709264 -2.37696532  0.          0.         -0.78429415],0
23.24,35.49,0.25,65.0,0.23896666666666042,[23.24       35.49        0.25       65.          0.23896667],[-0.56709264 -2.00140786  0.          0.         -0.76867591],0
23.24,35.63,0.25,65.0,3.125,[23.24  35.63   0.25  65.     3.125],[-0.56709264 -1.97029659  0.          0.         -0.22009862],0
23.24,35.68,0.25,65.0,0.6612500000001046,[23.24    35.68     0.25    65.       0.66125],[-0.56709264 -1.95918542  0.          0.         -0.68840828],0
23.24,35.69,0.25,65.0,4.898449999999808,[23.24    35.69     0.25    65.       4.89845],[-0.56709264 -1.95696319  0.          0.          0.1169988 ],0
23.24,35.81,0.25,65.0,12.4733500000001,[23.24    35.81     0.25    65.      12.47335],[-0.56709264 -1.93029638  0.          0.          1.55683598],0
23.24,35.87,0.25,65.0,7.879600000000051,[23.24   35.87    0.25   65.      7.8796],[-0.56709264 -1.91696298  0.          0.          0.68365586],0
23.24,37.14,0.25,65.0,0.6498000000000492,[23.24   37.14    0.25   65.      0.6498],[-0.56709264 -1.63473932  0.          0.         -0.6905847 ],0
23.24,37.15,0.25,65.0,3.175199999999954,[23.24   37.15    0.25   65.      3.1752],[-0.56709264 -1.63251709  0.          0.         -0.2105566 ],0
23.24,37.17,0.25,65.0,2.080966666666814,[23.24       37.17        0.25       65.          2.08096667],[-0.56709264 -1.62807262  0.          0.         -0.4185485 ],0
23.24,37.2,0.25,65.0,1.4620500000000622,[23.24    37.2      0.25    65.       1.46205],[-0.56709264 -1.62140592  0.          0.         -0.5361922 ],0
23.24,37.73,0.25,65.0,0.296449999999986,[23.24    37.73     0.25    65.       0.29645],[-0.56709264 -1.50362755  0.          0.         -0.75774947],0
23.24,37.8,0.25,65.0,1.3058333333331702,[23.24       37.8         0.25       65.          1.30583333],[-0.56709264 -1.48807191  0.          0.         -0.56588587],0
23.24,37.81,0.25,65.0,0.02205000000000764,[2.324e+01 3.781e+01 2.500e-01 6.500e+01 2.205e-02],[-0.56709264 -1.48584968  0.          0.         -0.80990743],0
23.24,37.82,0.25,65.0,0.4608000000000349,[23.24   37.82    0.25   65.      0.4608],[-0.56709264 -1.48362744  0.          0.         -0.72650982],0
23.24,38.28,0.25,65.0,1.125,[23.24  38.28   0.25  65.     1.125],[-0.56709264 -1.3814047   0.          0.         -0.60025867],0
23.24,38.33,0.25,65.0,12.450050000000045,[23.24    38.33     0.25    65.      12.45005],[-0.56709264 -1.37029353  0.          0.          1.55240711],0
23.24,38.51,0.25,65.0,1.881799999999775,[23.24   38.51    0.25   65.      1.8818],[-0.56709264 -1.33029333  0.          0.         -0.45640611],0
23.24,38.57,0.25,65.0,0.096800000000024,[23.24   38.57    0.25   65.      0.0968],[-0.56709264 -1.31695993  0.          0.         -0.79569895],0
23.24,39.17,0.25,65.0,1.875900000000187,[23.24   39.17    0.25   65.      1.8759],[-0.56709264 -1.18362592  0.          0.         -0.45752758],0
23.24,39.21,0.25,65.0,0.5105333333332641,[23.24       39.21        0.25       65.          0.51053333],[-0.56709264 -1.17473698  0.          0.         -0.71705651],0
23.24,39.22,0.25,65.0,3.4322000000001607,[23.24   39.22    0.25   65.      3.4322],[-0.56709264 -1.17251475  0.          0.         -0.16170604],0
23.24,39.77,0.25,65.0,1.3612499999998686,[23.24    39.77     0.25    65.       1.36125],[-0.56709264 -1.0502919   0.          0.         -0.55535226],0
23.24,39.85,0.25,65.0,17.404999999999532,[23.24  39.85   0.25  65.    17.405],[-0.56709264 -1.03251404  0.          0.          2.49424413],2
23.24,39.87,0.25,65.0,2.3980500000001195,[23.24    39.87     0.25    65.       2.39805],[-0.56709264 -1.02806957  0.          0.         -0.35827729],0
23.24,39.9,0.25,65.0,0.25920000000001964,[23.24   39.9     0.25   65.      0.2592],[-0.56709264 -1.02140287  0.          0.         -0.76482996],0
23.24,40.03,0.25,65.0,0.16819999999999077,[23.24   40.03    0.25   65.      0.1682],[-0.56709264 -0.99251383  0.          0.         -0.78212724],0
23.24,40.25,0.25,65.0,2.7532333333333376,[23.24       40.25        0.25       65.          2.75323333],[-0.56709264 -0.94362469  0.          0.         -0.29076404],0
23.24,40.28,0.25,65.0,0.011249999999988063,[2.324e+01 4.028e+01 2.500e-01 6.500e+01 1.125e-02],[-0.56709264 -0.93695799  0.          0.         -0.8119603 ],0
23.24,40.35,0.25,65.0,0.966049999999902,[23.24    40.35     0.25    65.       0.96605],[-0.56709264 -0.92140236  0.          0.         -0.63047189],0
23.24,40.38,0.25,65.0,11.28125,[23.24    40.38     0.25    65.      11.28125],[-0.56709264 -0.91473566  0.          0.          1.33024158],2
23.24,40.41,0.25,65.0,1.8556000000000439,[23.24   40.41    0.25   65.      1.8556],[-0.56709264 -0.90806896  0.          0.         -0.4613862 ],0
23.24,40.52,0.25,65.0,17.21083333333379,[23.24       40.52        0.25       65.         17.21083333],[-0.56709264 -0.88362439  0.          0.          2.45733692],2
23.24,40.61,0.25,65.0,19.971199999999598,[23.24   40.61    0.25   65.     19.9712],[-0.56709264 -0.86362429  0.          0.          2.98202749],2
23.24,43.5,0.25,65.0,0.11044999999990596,[23.24    43.5      0.25    65.       0.11045],[-0.56709264 -0.2213988   0.          0.         -0.79310436],0
23.24,43.82,0.25,65.0,15.680000000000446,[23.24 43.82  0.25 65.   15.68],[-0.56709264 -0.15028732  0.          0.          2.16635609],2
23.24,44.05,0.25,65.0,9.097691666666877,[23.24       44.05        0.25       65.          9.09769167],[-0.56709264 -0.09917595  0.          0.          0.91519076],2
23.24,44.06,0.25,65.0,14.960450000000149,[23.24    44.06     0.25    65.      14.96045],[-0.56709264 -0.09695372  0.          0.          2.02958401],2
23.24,44.07,0.25,65.0,0.457199999999946,[23.24   44.07    0.25   65.      0.4572],[-0.56709264 -0.09473149  0.          0.         -0.72719411],3
23.24,44.12,0.25,65.0,0.04210000000000044,[2.324e+01 4.412e+01 2.500e-01 6.500e+01 4.210e-02],[-0.56709264 -0.08362032  0.          0.         -0.80609633],3
23.24,44.13,0.25,65.0,3.78125,[23.24    44.13     0.25    65.       3.78125],[-0.56709264 -0.08139808  0.          0.         -0.0953586 ],0
23.24,44.14,0.25,65.0,0.78125,[23.24    44.14     0.25    65.       0.78125],[-0.56709264 -0.07917585  0.          0.         -0.66559868],3
23.24,44.15,0.25,65.0,2.660166666666687,[23.24       44.15        0.25       65.          2.66016667],[-0.56709264 -0.07695362  0.          0.         -0.30845415],0
23.24,44.18,0.25,65.0,4.122533333333345,[23.24       44.18        0.25       65.          4.12253333],[-0.56709264 -0.07028692  0.          0.         -0.03048746],0
23.24,44.32,0.25,65.0,4.079033333333151,[23.24       44.32        0.25       65.          4.07903333],[-0.56709264 -0.03917565  0.          0.         -0.03875594],0
23.24,44.33,0.25,65.0,0.11223333333333799,[23.24       44.33        0.25       65.          0.11223333],[-0.56709264 -0.03695341  0.          0.         -0.79276538],3
23.24,44.36,0.25,65.0,2.2471999999998893,[23.24   44.36    0.25   65.      2.2472],[-0.56709264 -0.03028671  0.          0.         -0.38695087],3
23.24,44.38,0.25,65.0,3.3281999999998124,[23.24   44.38    0.25   65.      3.3282],[-0.56709264 -0.02584225  0.          0.         -0.18147436],3
23.24,44.43,0.25,65.0,1.566533333333147,[23.24       44.43        0.25       65.          1.56653333],[-0.56709264 -0.01473108  0.          0.         -0.516332  ],3
23.24,44.66,0.25,65.0,2.080799999999926,[23.24   44.66    0.25   65.      2.0808],[-0.56709264  0.03638029  0.          0.         -0.41858018],3
23.24,44.69,0.25,65.0,14.41143333333297,[23.24       44.69        0.25       65.         14.41143333],[-0.56709264  0.04304699  0.          0.          1.9252269 ],2
23.24,44.78,0.25,65.0,0.8191999999999651,[23.24   44.78    0.25   65.      0.8192],[-0.56709264  0.0630471   0.          0.         -0.65838514],3
23.24,44.79,0.25,65.0,1.6020500000002402,[23.24    44.79     0.25    65.       1.60205],[-0.56709264  0.06526933  0.          0.         -0.50958099],3
23.24,44.86,0.25,65.0,12.483149999999922,[23.24    44.86     0.25    65.      12.48315],[-0.56709264  0.08082496  0.          0.          1.55869876],2
23.24,44.87,0.25,65.0,14.691291666667192,[23.24       44.87        0.25       65.         14.69129167],[-0.56709264  0.0830472   0.          0.          1.97842238],2
23.24,45.21,0.25,65.0,0.5617999999999421,[23.24   45.21    0.25   65.      0.5618],[-0.56709264  0.15860314  0.          0.         -0.70731174],3
23.24,45.27,0.25,65.0,1.1551999999999722,[23.24   45.27    0.25   65.      1.1552],[-0.56709264  0.17193654  0.          0.         -0.59451825],3
23.24,45.28,0.25,65.0,2.9924999999999495,[23.24   45.28    0.25   65.      2.9925],[-0.56709264  0.17415877  0.          0.         -0.24528422],3
23.24,45.39,0.25,65.0,4.147200000000314,[23.24   45.39    0.25   65.      4.1472],[-0.56709264  0.19860334  0.          0.         -0.02579882],3
23.24,45.46,0.25,65.0,0.00979999999999809,[2.324e+01 4.546e+01 2.500e-01 6.500e+01 9.800e-03],[-0.56709264  0.21415898  0.          0.         -0.81223591],3
23.24,45.6,0.25,65.0,4.5904499999995725,[23.24    45.6      0.25    65.       4.59045],[-0.56709264  0.24527025  0.          0.          0.05845415],3
23.24,45.65,0.25,65.0,18.48320000000025,[23.24   45.65    0.25   65.     18.4832],[-0.56709264  0.25638141  0.          0.          2.69918841],2
23.24,46.06,0.25,65.0,19.406450000000113,[23.24    46.06     0.25    65.      19.40645],[-0.56709264  0.34749299  0.          0.          2.87467979],2
23.24,46.1,0.25,65.0,2.732133333333089,[23.24       46.1         0.25       65.          2.73213333],[-0.56709264  0.35638192  0.          0.         -0.29477473],3
23.24,46.13,0.25,65.0,0.39604999999988666,[23.24    46.13     0.25    65.       0.39605],[-0.56709264  0.36304862  0.          0.         -0.7388175 ],3
23.24,46.15,0.25,65.0,18.719625000000473,[23.24     46.15      0.25     65.       18.719625],[-0.56709264  0.36749309  0.          0.          2.74412808],2
23.24,48.3,0.25,65.0,0.9248000000000959,[23.24   48.3     0.25   65.      0.9248],[-0.56709264  0.8452733   0.          0.         -0.63831269],3
23.24,48.32,0.25,65.0,0.19773333333332382,[23.24       48.32        0.25       65.          0.19773333],[-0.56709264  0.84971777  0.          0.         -0.77651354],3
23.24,48.39,0.25,65.0,1.185799999999944,[23.24   48.39    0.25   65.      1.1858],[-0.56709264  0.8652734   0.          0.         -0.5887018 ],3
23.24,48.57,0.25,65.0,0.2591999999999378,[23.24   48.57    0.25   65.      0.2592],[-0.56709264  0.9052736   0.          0.         -0.76482996],3
23.24,48.61,0.25,65.0,1.328450000000178,[23.24    48.61     0.25    65.       1.32845],[-0.56709264  0.91416254  0.          0.         -0.56158689],3
23.24,48.74,0.25,65.0,7.920200000000072,[23.24   48.74    0.25   65.      7.9202],[-0.56709264  0.94305157  0.          0.          0.69137311],2
23.24,48.92,0.25,65.0,3.1000499999994564,[23.24    48.92     0.25    65.       3.10005],[-0.56709264  0.98305178  0.          0.         -0.22484112],3
23.24,49.01,0.25,65.0,1.1100500000000135,[23.24    49.01     0.25    65.       1.11005],[-0.56709264  1.00305188  0.          0.         -0.60310037],3
23.24,49.64,0.25,65.0,0.2380499999998023,[23.24    49.64     0.25    65.       0.23805],[-0.56709264  1.14305259  0.          0.         -0.76885015],3
23.24,49.65,0.25,65.0,4.560199999999945,[23.24   49.65    0.25   65.      4.5602],[-0.56709264  1.14527483  0.          0.          0.05270423],3
23.24,49.68,0.25,65.0,0.2450000000001114,[23.24  49.68   0.25  65.     0.245],[-0.56709264  1.15194153  0.          0.         -0.76752909],3
23.24,49.83,0.25,65.0,1.151758333333506,[23.24       49.83        0.25       65.          1.15175833],[-0.56709264  1.18527503  0.          0.         -0.59517245],3
23.24,49.87,0.25,65.0,0.17853333333339055,[23.24       49.87        0.25       65.          0.17853333],[-0.56709264  1.19416396  0.          0.         -0.78016308],3
23.24,50.55,0.25,65.0,0.0881999999999828,[23.24   50.55    0.25   65.      0.0882],[-0.56709264  1.34527584  0.          0.         -0.79733364],3
23.24,50.63,0.25,65.0,0.49990000000023094,[23.24   50.63    0.25   65.      0.4999],[-0.56709264  1.36305371  0.          0.         -0.71907769],3
23.25,35.84,0.25,65.0,0.490050000000009,[23.25    35.84     0.25    65.       0.49005],[-0.54611969 -1.92362968  0.          0.         -0.72094998],0
23.25,36.4,0.25,65.0,4.508933333333297,[23.25       36.4         0.25       65.          4.50893333],[-0.54611969 -1.79918461  0.          0.          0.04295946],0
23.25,36.89,0.25,65.0,0.3041999999999787,[23.25   36.89    0.25   65.      0.3042],[-0.54611969 -1.69029516  0.          0.         -0.75627635],0
23.25,37.29,0.25,65.0,0.024199999999993498,[2.325e+01 3.729e+01 2.500e-01 6.500e+01 2.420e-02],[-0.54611969 -1.60140582  0.          0.         -0.80949876],0
23.25,38.33,0.25,65.0,8.652800000000104,[23.25   38.33    0.25   65.      8.6528],[-0.54611969 -1.37029353  0.          0.          0.83062574],0
23.25,38.4,0.25,65.0,9.202049999999844,[23.25    38.4      0.25    65.       9.20205],[-0.54611969 -1.3547379   0.          0.          0.93502719],0
23.25,38.78,0.25,65.0,1.4280500000000922,[23.25    38.78     0.25    65.       1.42805],[-0.54611969 -1.27029302  0.          0.         -0.54265492],0
23.25,38.85,0.25,65.0,10.305799999999834,[23.25   38.85    0.25   65.     10.3058],[-0.54611969 -1.25473739  0.          0.          1.14482802],0
23.25,39.14,0.25,65.0,2.644999999999895,[23.25  39.14   0.25  65.     2.645],[-0.54611969 -1.19029262  0.          0.         -0.31133703],0
23.25,39.16,0.25,65.0,0.8977999999998904,[23.25   39.16    0.25   65.      0.8978],[-0.54611969 -1.18584815  0.          0.         -0.64344485],0
23.25,39.4,0.25,65.0,2.1230333333333062,[23.25       39.4         0.25       65.          2.12303333],[-0.54611969 -1.13251455  0.          0.         -0.41055247],0
23.25,39.41,0.25,65.0,4.530049999999973,[23.25    39.41     0.25    65.       4.53005],[-0.54611969 -1.13029231  0.          0.          0.04697332],0
23.25,39.75,0.25,65.0,1.674449999999971,[23.25    39.75     0.25    65.       1.67445],[-0.54611969 -1.05473637  0.          0.         -0.4958192 ],0
23.25,39.96,0.25,65.0,3.423433333333385,[23.25       39.96        0.25       65.          3.42343333],[-0.54611969 -1.00806947  0.          0.         -0.16337241],0
23.25,40.34,0.25,65.0,0.7688000000000113,[23.25   40.34    0.25   65.      0.7688],[-0.54611969 -0.92362459  0.          0.         -0.66796517],0
23.25,40.51,0.25,65.0,9.116449999999922,[23.25    40.51     0.25    65.       9.11645],[-0.54611969 -0.88584662  0.          0.          0.91875634],0
23.25,41.14,0.25,65.0,3.251250000000464,[23.25    41.14     0.25    65.       3.25125],[-0.54611969 -0.74584591  0.          0.         -0.19610102],0
23.25,43.73,0.25,65.0,4.999999999990905e-05,[2.325e+01 4.373e+01 2.500e-01 6.500e+01 5.000e-05],[-0.54611969 -0.17028743  0.          0.         -0.81408919],0
23.25,44.02,0.25,65.0,4.6512499999998616,[23.25    44.02     0.25    65.       4.65125],[-0.54611969 -0.10584265  0.          0.          0.07001102],0
23.25,44.05,0.25,65.0,4.743200000000301,[23.25   44.05    0.25   65.      4.7432],[-0.54611969 -0.09917595  0.          0.          0.08748887],0
23.25,44.06,0.25,65.0,3.025033333333395,[23.25       44.06        0.25       65.          3.02503333],[-0.54611969 -0.09695372  0.          0.         -0.23910029],0
23.25,44.08,0.25,65.0,5.320720000000064,[23.25    44.08     0.25    65.       5.32072],[-0.54611969 -0.09250925  0.          0.          0.19726389],0
23.25,44.1,0.25,65.0,10.471433333333472,[23.25       44.1         0.25       65.         10.47143333],[-0.54611969 -0.08806478  0.          0.          1.17631161],2
23.25,44.11,0.25,65.0,4.2228999999999255,[23.25   44.11    0.25   65.      4.2229],[-0.54611969 -0.08584255  0.          0.         -0.01140976],0
23.25,44.17,0.25,65.0,2.71722500000005,[23.25     44.17      0.25     65.        2.717225],[-0.54611969 -0.07250915  0.          0.         -0.2976085 ],3
23.25,44.18,0.25,65.0,2.5580333333333547,[23.25       44.18        0.25       65.          2.55803333],[-0.54611969 -0.07028692  0.          0.         -0.32786766],3
23.25,44.35,0.25,65.0,14.940633333333052,[23.25       44.35        0.25       65.         14.94063333],[-0.54611969 -0.03250895  0.          0.          2.02581725],2
23.25,44.4,0.25,65.0,6.8450000000001685,[23.25  44.4    0.25  65.     6.845],[-0.54611969 -0.02139778  0.          0.          0.48699907],2
23.25,44.41,0.25,65.0,8.446049999999822,[23.25    44.41     0.25    65.       8.44605],[-0.54611969 -0.01917555  0.          0.          0.79132669],2
23.25,44.56,0.25,65.0,2.7144500000002276,[23.25    44.56     0.25    65.       2.71445],[-0.54611969  0.01415796  0.          0.         -0.29813597],3
23.25,44.61,0.25,65.0,0.004999999999990905,[2.325e+01 4.461e+01 2.500e-01 6.500e+01 5.000e-03],[-0.54611969  0.02526913  0.          0.         -0.8131483 ],3
23.25,44.68,0.25,65.0,0.732050000000044,[23.25    44.68     0.25    65.       0.73205],[-0.54611969  0.04082476  0.          0.         -0.67495062],3
23.25,44.77,0.25,65.0,3.175199999999954,[23.25   44.77    0.25   65.      3.1752],[-0.54611969  0.06082486  0.          0.         -0.2105566 ],3
23.25,44.82,0.25,65.0,10.044933333333546,[23.25       44.82        0.25       65.         10.04493333],[-0.54611969  0.07193603  0.          0.          1.09524248],2
23.25,44.84,0.25,65.0,7.537599999999913,[23.25   44.84    0.25   65.      7.5376],[-0.54611969  0.0763805   0.          0.          0.6186485 ],2
23.25,44.97,0.25,65.0,7.310825000000111,[23.25     44.97      0.25     65.        7.310825],[-0.54611969  0.10526953  0.          0.          0.5755431 ],2
23.25,45.11,0.25,65.0,1.8264333333332625,[23.25       45.11        0.25       65.          1.82643333],[-0.54611969  0.1363808   0.          0.         -0.4669302 ],3
23.25,45.19,0.25,65.0,0.696199999999941,[23.25   45.19    0.25   65.      0.6962],[-0.54611969  0.15415867  0.          0.         -0.68176498],3
23.25,45.2,0.25,65.0,3.5911999999997137,[23.25   45.2     0.25   65.      3.5912],[-0.54611969  0.1563809   0.          0.         -0.13148331],3
23.25,45.28,0.25,65.0,1.8028916666667716,[23.25       45.28        0.25       65.          1.80289167],[-0.54611969  0.17415877  0.          0.         -0.47140501],3
23.25,45.45,0.25,65.0,7.296200000000191,[23.25   45.45    0.25   65.      7.2962],[-0.54611969  0.21193674  0.          0.          0.57276318],2
23.25,45.83,0.25,65.0,19.53125,[23.25    45.83     0.25    65.      19.53125],[-0.54611969  0.29638162  0.          0.          2.89840178],2
23.25,45.89,0.25,65.0,13.83380000000055,[23.25   45.89    0.25   65.     13.8338],[-0.54611969  0.30971502  0.          0.          1.81543035],2
23.25,45.96,0.25,65.0,1.5664499999999677,[23.25    45.96     0.25    65.       1.56645],[-0.54611969  0.32527065  0.          0.         -0.51634784],3
23.25,48.18,0.25,65.0,6.336799999999806,[23.25   48.18    0.25   65.      6.3368],[-0.54611969  0.8186065   0.          0.          0.3904004 ],2
23.25,48.21,0.25,65.0,1.2167999999999148,[23.25   48.21    0.25   65.      1.2168],[-0.54611969  0.8252732   0.          0.         -0.58280932],3
23.25,48.23,0.25,65.0,0.125,[23.25  48.23   0.25  65.     0.125],[-0.54611969  0.82971766  0.          0.         -0.79033869],3
23.25,48.47,0.25,65.0,5.478049999999819,[23.25    48.47     0.25    65.       5.47805],[-0.54611969  0.88305127  0.          0.          0.22716918],2
23.25,48.59,0.25,65.0,0.01999999999998636,[2.325e+01 4.859e+01 2.500e-01 6.500e+01 2.000e-02],[-0.54611969  0.90971807  0.          0.         -0.8102971 ],3
23.25,48.6,0.25,65.0,6.055200000000063,[23.25   48.6     0.25   65.      6.0552],[-0.54611969  0.91194031  0.          0.          0.33687387],2
23.25,48.61,0.25,65.0,15.125,[23.25  48.61   0.25  65.    15.125],[-0.54611969  0.91416254  0.          0.          2.06086167],2
23.25,48.62,0.25,65.0,17.52320000000043,[23.25   48.62    0.25   65.     17.5232],[-0.54611969  0.91638477  0.          0.          2.51671159],2
23.25,48.88,0.25,65.0,0.01445000000001237,[2.325e+01 4.888e+01 2.500e-01 6.500e+01 1.445e-02],[-0.54611969  0.97416284  0.          0.         -0.81135204],3
23.25,49.67,0.25,65.0,15.125,[23.25  49.67   0.25  65.    15.125],[-0.54611969  1.14971929  0.          0.          2.06086167],2
23.25,49.77,0.25,65.0,0.026450000000004182,[2.325e+01 4.977e+01 2.500e-01 6.500e+01 2.645e-02],[-0.54611969  1.17194163  0.          0.         -0.80907108],3
23.25,50.44,0.25,65.0,1.3944500000001214,[23.25    50.44     0.25    65.       1.39445],[-0.54611969  1.32083128  0.          0.         -0.54904161],3
23.25,50.62,0.25,65.0,3.0288000000000292,[23.25   50.62    0.25   65.      3.0288],[-0.54611969  1.36083148  0.          0.         -0.23838432],3
23.25,50.65,0.25,65.0,7.071099999999513,[23.25   50.65    0.25   65.      7.0711],[-0.54611969  1.36749818  0.          0.          0.52997616],2
23.27,33.77,0.25,65.0,0.23120000000000465,[23.27   33.77    0.25   65.      0.2312],[-0.50417379 -2.38363202  0.          0.         -0.7701522 ],0
23.27,35.18,0.25,65.0,5.120000000000146,[23.27 35.18  0.25 65.    5.12],[-0.50417379 -2.0702971   0.          0.          0.15911103],0
23.27,35.28,0.25,65.0,4.999999999990905e-05,[2.327e+01 3.528e+01 2.500e-01 6.500e+01 5.000e-05],[-0.50417379 -2.04807476  0.          0.         -0.81408919],0
23.27,35.53,0.25,65.0,3.5137333333336054,[23.27       35.53        0.25       65.          3.51373333],[-0.50417379 -1.99251892  0.          0.         -0.14620818],0
23.27,35.83,0.25,65.0,0.009800000000006049,[2.327e+01 3.583e+01 2.500e-01 6.500e+01 9.800e-03],[-0.50417379 -1.92585192  0.          0.         -0.81223591],0
23.27,36.41,0.25,65.0,0.08404999999996364,[23.27    36.41     0.25    65.       0.08405],[-0.50417379 -1.79696237  0.          0.         -0.79812247],0
23.27,38.19,0.25,65.0,2.1012500000002565,[23.27    38.19     0.25    65.       2.10125],[-0.50417379 -1.4014048   0.          0.         -0.41469305],0
23.27,38.32,0.25,65.0,0.054449999999994746,[2.327e+01 3.832e+01 2.500e-01 6.500e+01 5.445e-02],[-0.50417379 -1.37251577  0.          0.         -0.80374884],0
23.27,38.68,0.25,65.0,3.150049999999977,[23.27    38.68     0.25    65.       3.15005],[-0.50417379 -1.29251536  0.          0.         -0.21533712],0
23.27,38.76,0.25,65.0,2.53125,[23.27    38.76     0.25    65.       2.53125],[-0.50417379 -1.27473749  0.          0.         -0.33295864],0
23.27,39.05,0.25,65.0,6.552199999999811,[23.27   39.05    0.25   65.      6.5522],[-0.50417379 -1.21029272  0.          0.          0.43134364],0
23.27,39.1,0.25,65.0,0.05779999999997217,[2.327e+01 3.910e+01 2.500e-01 6.500e+01 5.780e-02],[-0.50417379 -1.19918155  0.          0.         -0.80311207],0
23.27,39.67,0.25,65.0,8.12044999999989,[23.27    39.67     0.25    65.       8.12045],[-0.50417379 -1.07251424  0.          0.          0.72943664],0
23.27,39.72,0.25,65.0,2.2049999999999286,[23.27  39.72   0.25  65.     2.205],[-0.50417379 -1.06140307  0.          0.         -0.39497224],0
23.27,39.74,0.25,65.0,0.10579999999999058,[23.27   39.74    0.25   65.      0.1058],[-0.50417379 -1.05695861  0.          0.         -0.79398823],0
23.27,39.96,0.25,65.0,0.4607999999998712,[23.27   39.96    0.25   65.      0.4608],[-0.50417379 -1.00806947  0.          0.         -0.72650982],0
23.27,40.59,0.25,65.0,6.956449999999432,[23.27    40.59     0.25    65.       6.95645],[-0.50417379 -0.86806875  0.          0.          0.50818349],0
23.27,41.12,0.25,65.0,3.3281999999998124,[23.27   41.12    0.25   65.      3.3282],[-0.50417379 -0.75029038  0.          0.         -0.18147436],0
23.27,43.73,0.25,65.0,0.15680000000006494,[23.27   43.73    0.25   65.      0.1568],[-0.50417379 -0.17028743  0.          0.         -0.78429415],3
23.27,44.09,0.25,65.0,3.95803333333334,[23.27       44.09        0.25       65.          3.95803333],[-0.50417379 -0.09028702  0.          0.         -0.06175562],0
23.27,44.12,0.25,65.0,0.004050000000007981,[2.327e+01 4.412e+01 2.500e-01 6.500e+01 4.050e-03],[-0.50417379 -0.08362032  0.          0.         -0.81332887],3
23.27,44.15,0.25,65.0,0.6088249999999926,[23.27     44.15      0.25     65.        0.608825],[-0.50417379 -0.07695362  0.          0.         -0.69837323],3
23.27,44.17,0.25,65.0,5.594630000000196,[23.27    44.17     0.25    65.       5.59463],[-0.50417379 -0.07250915  0.          0.          0.24932871],0
23.27,44.18,0.25,65.0,3.3024500000002748,[23.27    44.18     0.25    65.       3.30245],[-0.50417379 -0.07028692  0.          0.         -0.18636892],3
23.27,44.22,0.25,65.0,16.302049999999884,[23.27    44.22     0.25    65.      16.30205],[-0.50417379 -0.06139798  0.          0.          2.28459537],2
23.27,44.24,0.25,65.0,0.7364333333333951,[23.27       44.24        0.25       65.          0.73643333],[-0.50417379 -0.05695352  0.          0.         -0.67411743],3
23.27,44.34,0.25,65.0,7.920200000000072,[23.27   44.34    0.25   65.      7.9202],[-0.50417379 -0.03473118  0.          0.          0.69137311],2
23.27,44.62,0.25,65.0,15.961946666667028,[23.27       44.62        0.25       65.         15.96194667],[-0.50417379  0.02749136  0.          0.          2.21994852],2
23.27,44.7,0.25,65.0,1.548799999999984,[23.27   44.7     0.25   65.      1.5488],[-0.50417379  0.04526923  0.          0.         -0.51970276],3
23.27,44.71,0.25,65.0,3.347633333333365,[23.27       44.71        0.25       65.          3.34763333],[-0.50417379  0.04749146  0.          0.         -0.17778047],3
23.27,44.9,0.25,65.0,16.58879999999995,[23.27   44.9     0.25   65.     16.5888],[-0.50417379  0.0897139   0.          0.          2.33910081],2
23.27,44.94,0.25,65.0,18.950633333332867,[23.27       44.94        0.25       65.         18.95063333],[-0.50417379  0.09860283  0.          0.          2.78803815],2
23.27,45.12,0.25,65.0,1.548800000000184,[23.27   45.12    0.25   65.      1.5488],[-0.50417379  0.13860304  0.          0.         -0.51970276],3
23.27,45.3,0.25,65.0,1.296049999999656,[23.27    45.3      0.25    65.       1.29605],[-0.50417379  0.17860324  0.          0.         -0.56774548],3
23.27,45.56,0.25,65.0,3.8920499999998985,[23.27    45.56     0.25    65.       3.89205],[-0.50417379  0.23638131  0.          0.         -0.07429774],3
23.27,45.64,0.25,65.0,0.24943333333327297,[23.27       45.64        0.25       65.          0.24943333],[-0.50417379  0.25415918  0.          0.         -0.7666864 ],3
23.27,45.69,0.25,65.0,0.8308000000002509,[23.27   45.69    0.25   65.      0.8308],[-0.50417379  0.26527035  0.          0.         -0.65618021],3
23.27,45.91,0.25,65.0,0.9799999999996498,[23.27 45.91  0.25 65.    0.98],[-0.50417379  0.31415948  0.          0.         -0.62782027],3
23.27,45.94,0.25,65.0,0.8580499999999285,[23.27    45.94     0.25    65.       0.85805],[-0.50417379  0.32082619  0.          0.         -0.65100053],3
23.27,48.46,0.25,65.0,3.2258000000003406,[23.27   48.46    0.25   65.      3.2258],[-0.50417379  0.88082904  0.          0.         -0.20093855],3
23.27,48.56,0.25,65.0,0.16820000000015561,[23.27   48.56    0.25   65.      0.1682],[-0.50417379  0.90305137  0.          0.         -0.78212724],3
23.27,48.59,0.25,65.0,13.25902500000067,[23.27     48.59      0.25     65.       13.259025],[-0.50417379  0.90971807  0.          0.          1.7061771 ],2
23.27,48.64,0.25,65.0,0.7199999999999181,[23.27 48.64  0.25 65.    0.72],[-0.50417379  0.92082924  0.          0.         -0.67724108],3
23.27,49.62,0.25,65.0,5.848200000000249,[23.27   49.62    0.25   65.      5.8482],[-0.50417379  1.13860813  0.          0.          0.2975273 ],2
23.27,49.64,0.25,65.0,0.871200000000066,[23.27   49.64    0.25   65.      0.8712],[-0.50417379  1.14305259  0.          0.         -0.64850098],3
23.27,49.78,0.25,65.0,1.8049999999995248,[23.27  49.78   0.25  65.     1.805],[-0.50417379  1.17416386  0.          0.         -0.47100425],3
23.27,49.88,0.25,65.0,9.461249999999604,[23.27    49.88     0.25    65.       9.46125],[-0.50417379  1.1963862   0.          0.          0.98429593],2
23.27,49.92,0.25,65.0,3.6979583333325254,[23.27       49.92        0.25       65.          3.69795833],[-0.50417379  1.20527513  0.          0.         -0.11119069],3
23.27,49.95,0.25,65.0,0.3444499999999396,[23.27    49.95     0.25    65.       0.34445],[-0.50417379  1.21194183  0.          0.         -0.74862563],3
23.27,50.02,0.25,65.0,0.29943333333332506,[23.27       50.02        0.25       65.          0.29943333],[-0.50417379  1.22749747  0.          0.         -0.7571824 ],3
23.28,35.65,0.25,65.0,0.7441999999999639,[23.28   35.65    0.25   65.      0.7442],[-0.48320084 -1.96585212  0.          0.         -0.67264114],0
23.28,36.4,0.25,65.0,0.5100499999999908,[23.28    36.4      0.25    65.       0.51005],[-0.48320084 -1.79918461  0.          0.         -0.71714838],0
23.28,37.72,0.25,65.0,8.658900000000056,[23.28   37.72    0.25   65.      8.6589],[-0.48320084 -1.50584978  0.          0.          0.83178523],0
23.28,37.76,0.25,65.0,1.1704500000002191,[23.28    37.76     0.25    65.       1.17045],[-0.48320084 -1.49696084  0.          0.         -0.59161953],0
23.28,37.79,0.25,65.0,16.07445000000009,[23.28    37.79     0.25    65.      16.07445],[-0.48320084 -1.49029414  0.          0.          2.24133315],1
23.28,37.81,0.25,65.0,0.016199999999980765,[2.328e+01 3.781e+01 2.500e-01 6.500e+01 1.620e-02],[-0.48320084 -1.48584968  0.          0.         -0.8110194 ],0
23.28,38.17,0.25,65.0,0.096800000000024,[23.28   38.17    0.25   65.      0.0968],[-0.48320084 -1.40584927  0.          0.         -0.79569895],0
23.28,38.7,0.25,65.0,17.760800000000216,[23.28   38.7     0.25   65.     17.7608],[-0.48320084 -1.28807089  0.          0.          2.5618746 ],1
23.28,39.78,0.25,65.0,3.753799999999869,[23.28   39.78    0.25   65.      3.7538],[-0.48320084 -1.04806967  0.          0.         -0.1005763 ],0
23.28,41.33,0.25,65.0,0.3042000000000674,[23.28   41.33    0.25   65.      0.3042],[-0.48320084 -0.70362347  0.          0.         -0.75627635],0
23.28,41.37,0.25,65.0,0.27380000000009086,[23.28   41.37    0.25   65.      0.2738],[-0.48320084 -0.69473454  0.          0.         -0.76205479],0
23.28,41.55,0.25,65.0,2.2260500000002685,[23.28    41.55     0.25    65.       2.22605],[-0.48320084 -0.65473434  0.          0.         -0.39097106],0
23.28,41.6,0.25,65.0,4.380800000000107,[23.28   41.6     0.25   65.      4.3808],[-0.48320084 -0.64362317  0.          0.          0.01860387],0
23.28,44.26,0.25,65.0,3.9480499999998466,[23.28    44.26     0.25    65.       3.94805],[-0.48320084 -0.05250905  0.          0.         -0.06365326],3
23.28,44.69,0.25,65.0,0.2664500000000133,[23.28    44.69     0.25    65.       0.26645],[-0.48320084  0.04304699  0.          0.         -0.76345187],3
23.28,44.76,0.25,65.0,0.251633333333337,[23.28       44.76        0.25       65.          0.25163333],[-0.48320084  0.05860263  0.          0.         -0.76626823],3
23.28,45.22,0.25,65.0,0.6049999999999,[23.28  45.22   0.25  65.     0.605],[-0.48320084  0.16082537  0.          0.         -0.69910028],3
23.28,45.3,0.25,65.0,0.004050000000002865,[2.328e+01 4.530e+01 2.500e-01 6.500e+01 4.050e-03],[-0.48320084  0.17860324  0.          0.         -0.81332887],3
23.28,45.7,0.25,65.0,17.560833333333076,[23.28       45.7         0.25       65.         17.56083333],[-0.48320084  0.26749258  0.          0.          2.52386493],2
23.28,45.72,0.25,65.0,0.08404999999994034,[23.28    45.72     0.25    65.       0.08405],[-0.48320084  0.27193705  0.          0.         -0.79812247],3
23.28,45.74,0.25,65.0,12.694533333333888,[23.28       45.74        0.25       65.         12.69453333],[-0.48320084  0.27638151  0.          0.          1.59887851],2
23.28,45.91,0.25,65.0,3.175199999999954,[23.28   45.91    0.25   65.      3.1752],[-0.48320084  0.31415948  0.          0.         -0.2105566 ],3
23.28,46.28,0.25,65.0,1.110049999999929,[23.28    46.28     0.25    65.       1.11005],[-0.48320084  0.39638213  0.          0.         -0.60310037],3
23.28,48.29,0.25,65.0,0.039200000000040106,[2.328e+01 4.829e+01 2.500e-01 6.500e+01 3.920e-02],[-0.48320084  0.84305107  0.          0.         -0.80664756],3
23.28,48.58,0.25,65.0,13.57205000000019,[23.28    48.58     0.25    65.      13.57205],[-0.48320084  0.90749584  0.          0.          1.7656769 ],2
23.28,48.6,0.25,65.0,10.556024999999552,[23.28     48.6       0.25     65.       10.556025],[-0.48320084  0.91194031  0.          0.          1.19239079],2
23.28,48.61,0.25,65.0,0.03125,[2.328e+01 4.861e+01 2.500e-01 6.500e+01 3.125e-02],[-0.48320084  0.91416254  0.          0.         -0.8081587 ],3
23.28,48.65,0.25,65.0,0.11044999999990596,[23.28    48.65     0.25    65.       0.11045],[-0.48320084  0.92305147  0.          0.         -0.79310436],3
23.28,48.84,0.25,65.0,9.504800000000307,[23.28   48.84    0.25   65.      9.5048],[-0.48320084  0.96527391  0.          0.          0.99257392],2
23.28,48.91,0.25,65.0,12.20180000000027,[23.28   48.91    0.25   65.     12.2018],[-0.48320084  0.98082954  0.          0.          1.50521975],2
23.28,49.03,0.25,65.0,4.061250000000065,[23.28    49.03     0.25    65.       4.06125],[-0.48320084  1.00749635  0.          0.         -0.0421362 ],3
23.28,49.04,0.25,65.0,4.0328000000000905,[23.28   49.04    0.25   65.      4.0328],[-0.48320084  1.00971858  0.          0.         -0.04754397],3
23.28,49.62,0.25,65.0,0.510049999999876,[23.28    49.62     0.25    65.       0.51005],[-0.48320084  1.13860813  0.          0.         -0.71714838],3
23.28,49.89,0.25,65.0,14.177633333333882,[23.28       49.89        0.25       65.         14.17763333],[-0.48320084  1.19860843  0.          0.          1.88078619],2
23.28,49.93,0.25,65.0,3.591199999999866,[23.28   49.93    0.25   65.      3.5912],[-0.48320084  1.20749737  0.          0.         -0.13148331],3
23.28,49.98,0.25,65.0,16.775980000000043,[23.28    49.98     0.25    65.      16.77598],[-0.48320084  1.21860853  0.          0.          2.37467999],2
23.28,50.47,0.25,65.0,0.048049999999983085,[2.328e+01 5.047e+01 2.500e-01 6.500e+01 4.805e-02],[-0.48320084  1.32749798  0.          0.         -0.80496535],3
23.28,50.53,0.25,65.0,0.3960500000001902,[23.28    50.53     0.25    65.       0.39605],[-0.48320084  1.34083138  0.          0.         -0.7388175 ],3
23.28,50.64,0.25,65.0,10.90445000000034,[23.28    50.64     0.25    65.      10.90445],[-0.48320084  1.36527595  0.          0.          1.25861943],2
23.28,50.78,0.25,65.0,0.0001999999999996362,[2.328e+01 5.078e+01 2.500e-01 6.500e+01 2.000e-04],[-0.48320084  1.39638722  0.          0.         -0.81406068],3
23.28,50.82,0.25,65.0,0.21780000000012906,[23.28   50.82    0.25   65.      0.2178],[-0.48320084  1.40527615  0.          0.         -0.77269927],3
23.28,51.3,0.25,65.0,0.8450000000000887,[23.28  51.3    0.25  65.     0.845],[-0.48320084  1.51194336  0.          0.         -0.65348108],3
23.28,53.04,0.25,65.0,0.0017999999999967259,[2.328e+01 5.304e+01 2.500e-01 6.500e+01 1.800e-03],[-0.48320084  1.89861199  0.          0.         -0.81375655],3
23.28,53.35,0.25,65.0,0.15124999999991245,[23.28    53.35     0.25    65.       0.15125],[-0.48320084  1.96750123  0.          0.         -0.78534909],3
23.29,35.08,0.25,65.0,2.8321999999998537,[23.29   35.08    0.25   65.      2.8322],[-0.46222789 -2.09251943  0.          0.         -0.27575405],0
23.29,36.36,0.25,65.0,2.952450000000155,[23.29    36.36     0.25    65.       2.95245],[-0.46222789 -1.80807354  0.          0.         -0.25289693],0
23.29,36.44,0.25,65.0,0.78125,[23.29    36.44     0.25    65.       0.78125],[-0.46222789 -1.79029567  0.          0.         -0.66559868],0
23.29,37.39,0.25,65.0,0.966049999999902,[23.29    37.39     0.25    65.       0.96605],[-0.46222789 -1.57918349  0.          0.         -0.63047189],0
23.29,37.64,0.25,65.0,8.323199999999703,[23.29   37.64    0.25   65.      8.3232],[-0.46222789 -1.52362765  0.          0.          0.76797536],0
23.29,37.69,0.25,65.0,6.919200000000101,[23.29   37.69    0.25   65.      6.9192],[-0.46222789 -1.51251648  0.          0.          0.50110301],0
23.29,37.75,0.25,65.0,18.12019999999989,[23.29   37.75    0.25   65.     18.1202],[-0.46222789 -1.49918308  0.          0.          2.63018936],1
23.29,39.73,0.25,65.0,5.248800000000029,[23.29   39.73    0.25   65.      5.2488],[-0.46222789 -1.05918084  0.          0.          0.18359334],0
23.29,39.95,0.25,65.0,1.2960500000001134,[23.29    39.95     0.25    65.       1.29605],[-0.46222789 -1.0102917   0.          0.         -0.56774548],0
23.29,40.67,0.25,65.0,18.483199999999904,[23.29   40.67    0.25   65.     18.4832],[-0.46222789 -0.85029089  0.          0.          2.69918841],2
23.29,43.23,0.25,65.0,0.19219999999993234,[23.29   43.23    0.25   65.      0.1922],[-0.46222789 -0.2813991   0.          0.         -0.77756532],0
23.29,44.04,0.25,65.0,4.32180000000016,[23.29   44.04    0.25   65.      4.3218],[-0.46222789 -0.10139819  0.          0.          0.00738915],0
23.29,44.09,0.25,65.0,1.4280500000000922,[23.29    44.09     0.25    65.       1.42805],[-0.46222789 -0.09028702  0.          0.         -0.54265492],3
23.29,44.15,0.25,65.0,0.0007999999999985448,[2.329e+01 4.415e+01 2.500e-01 6.500e+01 8.000e-04],[-0.46222789 -0.07695362  0.          0.         -0.81394663],3
23.29,44.69,0.25,65.0,0.15679999999996944,[23.29   44.69    0.25   65.      0.1568],[-0.46222789  0.04304699  0.          0.         -0.78429415],3
23.29,44.74,0.25,65.0,4.176049999999797,[23.29    44.74     0.25    65.       4.17605],[-0.46222789  0.05415816  0.          0.         -0.02031501],3
23.29,45.01,0.25,65.0,16.878049999999682,[23.29    45.01     0.25    65.      16.87805],[-0.46222789  0.11415847  0.          0.          2.39408146],2
23.29,45.24,0.25,65.0,13.676450000000095,[23.29    45.24     0.25    65.      13.67645],[-0.46222789  0.16526984  0.          0.          1.78552125],2
23.29,45.7,0.25,65.0,7.182049999999862,[23.29    45.7      0.25    65.       7.18205],[-0.46222789  0.26749258  0.          0.          0.55106554],2
23.29,48.05,0.25,65.0,1.479199999999656,[23.29   48.05    0.25   65.      1.4792],[-0.46222789  0.78971746  0.          0.         -0.53293233],3
23.29,48.21,0.25,65.0,1.7112500000001472,[23.29    48.21     0.25    65.       1.71125],[-0.46222789  0.8252732   0.          0.         -0.48882426],3
23.29,48.59,0.25,65.0,0.2349666666666167,[23.29       48.59        0.25       65.          0.23496667],[-0.46222789  0.90971807  0.          0.         -0.76943623],3
23.29,48.63,0.25,65.0,0.7564500000000224,[23.29    48.63     0.25    65.       0.75645],[-0.46222789  0.91860701  0.          0.         -0.67031266],3
23.29,48.72,0.25,65.0,0.1681999999999578,[23.29   48.72    0.25   65.      0.1682],[-0.46222789  0.93860711  0.          0.         -0.78212724],3
23.29,48.91,0.25,65.0,16.017799999999177,[23.29   48.91    0.25   65.     16.0178],[-0.46222789  0.98082954  0.          0.          2.23056512],2
23.29,48.95,0.25,65.0,0.9248000000001732,[23.29   48.95    0.25   65.      0.9248],[-0.46222789  0.98971848  0.          0.         -0.63831269],3
23.29,48.99,0.25,65.0,13.84030666666624,[23.29       48.99        0.25       65.         13.84030667],[-0.46222789  0.99860741  0.          0.          1.81666713],2
23.29,49.0,0.25,65.0,1.463466666666445,[23.29       49.          0.25       65.          1.46346667],[-0.46222789  1.00082965  0.          0.         -0.53592292],3
23.29,49.02,0.25,65.0,12.499433333333537,[23.29       49.02        0.25       65.         12.49943333],[-0.46222789  1.00527411  0.          0.          1.5617939 ],2
23.29,49.03,0.25,65.0,0.08093333333334225,[23.29       49.03        0.25       65.          0.08093333],[-0.46222789  1.00749635  0.          0.         -0.79871489],3
23.29,49.66,0.25,65.0,0.05780000000001082,[2.329e+01 4.966e+01 2.500e-01 6.500e+01 5.780e-02],[-0.46222789  1.14749706  0.          0.         -0.80311207],3
23.29,49.79,0.25,65.0,6.372450000000584,[23.29    49.79     0.25    65.       6.37245],[-0.46222789  1.1763861   0.          0.          0.39717675],2
23.29,49.88,0.25,65.0,4.410449999999743,[23.29    49.88     0.25    65.       4.41045],[-0.46222789  1.1963862   0.          0.          0.02423975],3
23.29,49.89,0.25,65.0,3.5112499999999396,[23.29    49.89     0.25    65.       3.51125],[-0.46222789  1.19860843  0.          0.         -0.14668021],3
23.29,49.92,0.25,65.0,4.5300500000003145,[23.29    49.92     0.25    65.       4.53005],[-0.46222789  1.20527513  0.          0.          0.04697332],3
23.29,49.94,0.25,65.0,6.743333333333565,[23.29       49.94        0.25       65.          6.74333333],[-0.46222789  1.2097196   0.          0.          0.46767427],2
23.29,49.96,0.25,65.0,4.061249999999741,[23.29    49.96     0.25    65.       4.06125],[-0.46222789  1.21416407  0.          0.         -0.0421362 ],3
23.29,49.97,0.25,65.0,0.003200000000003274,[2.329e+01 4.997e+01 2.500e-01 6.500e+01 3.200e-03],[-0.46222789  1.2163863   0.          0.         -0.81349044],3
23.29,49.99,0.25,65.0,4.725100000000108,[23.29   49.99    0.25   65.      4.7251],[-0.46222789  1.22083077  0.          0.          0.08404843],3
23.29,50.04,0.25,65.0,0.14243333333336983,[23.29       50.04        0.25       65.          0.14243333],[-0.46222789  1.23194193  0.          0.         -0.78702497],3
23.29,50.61,0.25,65.0,0.02205000000000764,[2.329e+01 5.061e+01 2.500e-01 6.500e+01 2.205e-02],[-0.46222789  1.35860925  0.          0.         -0.80990743],3
23.29,50.68,0.25,65.0,9.244999999999315,[23.29  50.68   0.25  65.     9.245],[-0.46222789  1.37416488  0.          0.          0.94319113],2
23.29,50.85,0.25,65.0,0.3612499999999227,[23.29    50.85     0.25    65.       0.36125],[-0.46222789  1.41194285  0.          0.         -0.74543229],3
23.29,50.9,0.25,65.0,18.148433333333497,[23.29       50.9         0.25       65.         18.14843333],[-0.46222789  1.42305402  0.          0.          2.63555596],2
23.31,34.9,0.25,65.0,0.1681999999999578,[23.31   34.9     0.25   65.      0.1682],[-0.42028199 -2.13251964  0.          0.         -0.78212724],0
23.31,35.66,0.25,65.0,0.48020000000001783,[23.31   35.66    0.25   65.      0.4802],[-0.42028199 -1.96362989  0.          0.         -0.72282227],0
23.31,35.75,0.25,65.0,1.0952000000000268,[23.31   35.75    0.25   65.      1.0952],[-0.42028199 -1.94362978  0.          0.         -0.60592305],0
23.31,35.83,0.25,65.0,0.7564500000000224,[23.31    35.83     0.25    65.       0.75645],[-0.42028199 -1.92585192  0.          0.         -0.67031266],0
23.31,36.48,0.25,65.0,7.144199999999897,[23.31   36.48    0.25   65.      7.1442],[-0.42028199 -1.78140674  0.          0.          0.54387101],0
23.31,36.51,0.25,65.0,3.511249999999789,[23.31    36.51     0.25    65.       3.51125],[-0.42028199 -1.77474004  0.          0.         -0.14668021],0
23.31,36.56,0.25,65.0,0.5100499999999908,[23.31    36.56     0.25    65.       0.51005],[-0.42028199 -1.76362887  0.          0.         -0.71714838],0
23.31,36.78,0.25,65.0,0.387199999999946,[23.31   36.78    0.25   65.      0.3872],[-0.42028199 -1.71473973  0.          0.         -0.74049971],0
23.31,37.25,0.25,65.0,3.251250000000029,[23.31    37.25     0.25    65.       3.25125],[-0.42028199 -1.61029475  0.          0.         -0.19610102],0
23.31,37.27,0.25,65.0,10.7648000000002,[23.31   37.27    0.25   65.     10.7648],[-0.42028199 -1.60585029  0.          0.          1.23207475],0
23.31,37.41,0.25,65.0,0.4232000000000669,[23.31   37.41    0.25   65.      0.4232],[-0.42028199 -1.57473902  0.          0.         -0.73365683],0
23.31,37.43,0.25,65.0,5.504233333333499,[23.31       37.43        0.25       65.          5.50423333],[-0.42028199 -1.57029455  0.          0.          0.23214611],0
23.31,37.6,0.25,65.0,0.02880000000000218,[2.331e+01 3.760e+01 2.500e-01 6.500e+01 2.880e-02],[-0.42028199 -1.53251658  0.          0.         -0.80862439],0
23.31,37.65,0.25,65.0,8.764933333333214,[23.31       37.65        0.25       65.          8.76493333],[-0.42028199 -1.52140541  0.          0.          0.85194005],0
23.31,37.68,0.25,65.0,2.464199999999934,[23.31   37.68    0.25   65.      2.4642],[-0.42028199 -1.51473871  0.          0.         -0.3457035 ],0
23.31,37.69,0.25,65.0,0.009800000000006049,[2.331e+01 3.769e+01 2.500e-01 6.500e+01 9.800e-03],[-0.42028199 -1.51251648  0.          0.         -0.81223591],0
23.31,37.77,0.25,65.0,13.992049999999807,[23.31    37.77     0.25    65.      13.99205],[-0.42028199 -1.49473861  0.          0.          1.84551051],1
23.31,37.78,0.25,65.0,0.05444999999997599,[2.331e+01 3.778e+01 2.500e-01 6.500e+01 5.445e-02],[-0.42028199 -1.49251638  0.          0.         -0.80374884],0
23.31,38.51,0.25,65.0,0.15679999999996944,[23.31   38.51    0.25   65.      0.1568],[-0.42028199 -1.33029333  0.          0.         -0.78429415],0
23.31,39.01,0.25,65.0,0.5831999999999828,[23.31   39.01    0.25   65.      0.5832],[-0.42028199 -1.21918165  0.          0.         -0.70324403],0
23.31,39.52,0.25,65.0,0.6498000000000492,[23.31   39.52    0.25   65.      0.6498],[-0.42028199 -1.10584774  0.          0.         -0.6905847 ],0
23.31,39.56,0.25,65.0,0.03644999999999509,[2.331e+01 3.956e+01 2.500e-01 6.500e+01 3.645e-02],[-0.42028199 -1.09695881  0.          0.         -0.80717028],0
23.31,39.62,0.25,65.0,10.672200000000284,[23.31   39.62    0.25   65.     10.6722],[-0.42028199 -1.08362541  0.          0.          1.21447334],0
23.31,39.69,0.25,65.0,0.4945333333333924,[23.31       39.69        0.25       65.          0.49453333],[-0.42028199 -1.06806977  0.          0.         -0.72009779],0
23.31,39.7,0.25,65.0,1.5841999999999514,[23.31   39.7     0.25   65.      1.5842],[-0.42028199 -1.06584754  0.          0.         -0.51297392],0
23.31,39.73,0.25,65.0,0.026450000000004182,[2.331e+01 3.973e+01 2.500e-01 6.500e+01 2.645e-02],[-0.42028199 -1.05918084  0.          0.         -0.80907108],0
23.31,40.56,0.25,65.0,7.334450000000374,[23.31    40.56     0.25    65.       7.33445],[-0.42028199 -0.87473546  0.          0.          0.58003374],0
23.31,40.61,0.25,65.0,0.7080499999999973,[23.31    40.61     0.25    65.       0.70805],[-0.42028199 -0.86362429  0.          0.         -0.67951254],0
23.31,40.77,0.25,65.0,2.599199999999938,[23.31   40.77    0.25   65.      2.5992],[-0.42028199 -0.82806855  0.          0.         -0.3200427 ],0
23.31,41.45,0.25,65.0,6.808050000000201,[23.31    41.45     0.25    65.       6.80805],[-0.42028199 -0.67695667  0.          0.          0.47997561],0
23.31,41.51,0.25,65.0,2.906099999999591,[23.31   41.51    0.25   65.      2.9061],[-0.42028199 -0.66362327  0.          0.         -0.26170714],0
23.31,43.8,0.25,65.0,10.260449999999876,[23.31    43.8      0.25    65.      10.26045],[-0.42028199 -0.15473179  0.          0.          1.13620789],2
23.31,43.89,0.25,65.0,15.07005000000005,[23.31    43.89     0.25    65.      15.07005],[-0.42028199 -0.13473169  0.          0.          2.05041678],2
23.31,44.32,0.25,65.0,0.01804999999998877,[2.331e+01 4.432e+01 2.500e-01 6.500e+01 1.805e-02],[-0.42028199 -0.03917565  0.          0.         -0.81066775],3
23.31,45.04,0.25,65.0,12.550050000000525,[23.31    45.04     0.25    65.      12.55005],[-0.42028199  0.12082517  0.          0.          1.57141511],2
23.31,45.19,0.25,65.0,8.69444999999983,[23.31    45.19     0.25    65.       8.69445],[-0.42028199  0.15415867  0.          0.          0.83854257],2
23.31,45.46,0.25,65.0,1.960200000000036,[23.31   45.46    0.25   65.      1.9602],[-0.42028199  0.21415898  0.          0.         -0.44150383],3
23.31,45.64,0.25,65.0,18.431569999999027,[23.31    45.64     0.25    65.      18.43157],[-0.42028199  0.25415918  0.          0.          2.68937458],2
23.31,48.02,0.25,65.0,1.9404499999996059,[23.31    48.02     0.25    65.       1.94045],[-0.42028199  0.78305076  0.          0.         -0.44525791],3
23.31,48.03,0.25,65.0,8.503599999999985,[23.31   48.03    0.25   65.      8.5036],[-0.42028199  0.78527299  0.          0.          0.8022658 ],2
23.31,48.1,0.25,65.0,1.9661200000000632,[23.31    48.1      0.25    65.       1.96612],[-0.42028199  0.80082863  0.          0.         -0.44037856],3
23.31,48.19,0.25,65.0,0.17405000000005233,[23.31    48.19     0.25    65.       0.17405],[-0.42028199  0.82082873  0.          0.         -0.78101527],3
23.31,48.25,0.25,65.0,3.8920499999998985,[23.31    48.25     0.25    65.       3.89205],[-0.42028199  0.83416213  0.          0.         -0.07429774],3
23.31,48.59,0.25,65.0,11.664449999999649,[23.31    48.59     0.25    65.      11.66445],[-0.42028199  0.90971807  0.          0.          1.40308024],2
23.31,48.7,0.25,65.0,0.06844999999995961,[23.31    48.7      0.25    65.       0.06845],[-0.42028199  0.93416264  0.          0.         -0.80108772],3
23.31,48.87,0.25,65.0,1.0082000000001032,[23.31   48.87    0.25   65.      1.0082],[-0.42028199  0.97194061  0.          0.         -0.62246002],3
23.31,48.92,0.25,65.0,3.70243333333296,[23.31       48.92        0.25       65.          3.70243333],[-0.42028199  0.98305178  0.          0.         -0.11034008],3
23.31,48.99,0.25,65.0,1.5731333333335888,[23.31       48.99        0.25       65.          1.57313333],[-0.42028199  0.99860741  0.          0.         -0.51507747],3
23.31,49.0,0.25,65.0,0.06124999999996817,[2.331e+01 4.900e+01 2.500e-01 6.500e+01 6.125e-02],[-0.42028199  1.00082965  0.          0.         -0.8024563 ],3
23.31,49.01,0.25,65.0,13.61919523809515,[23.31       49.01        0.25       65.         13.61919524],[-0.42028199  1.00305188  0.          0.          1.77463827],2
23.31,49.19,0.25,65.0,8.92829999999955,[23.31   49.19    0.25   65.      8.9283],[-0.42028199  1.04305208  0.          0.          0.88299279],2
23.31,49.57,0.25,65.0,0.744199999999756,[23.31   49.57    0.25   65.      0.7442],[-0.42028199  1.12749696  0.          0.         -0.67264114],3
23.31,49.82,0.25,65.0,0.8325000000000802,[23.31   49.82    0.25   65.      0.8325],[-0.42028199  1.1830528   0.          0.         -0.65585708],3
23.31,49.86,0.25,65.0,0.48020000000001783,[23.31   49.86    0.25   65.      0.4802],[-0.42028199  1.19194173  0.          0.         -0.72282227],3
23.31,49.9,0.25,65.0,2.2041000000000968,[23.31   49.9     0.25   65.      2.2041],[-0.42028199  1.20083066  0.          0.         -0.39514332],3
23.31,49.93,0.25,65.0,7.068799999999539,[23.31   49.93    0.25   65.      7.0688],[-0.42028199  1.20749737  0.          0.          0.52953898],2
23.31,50.02,0.25,65.0,18.154466666666337,[23.31       50.02        0.25       65.         18.15446667],[-0.42028199  1.22749747  0.          0.          2.63670277],2
23.31,50.05,0.25,65.0,0.06869999999998588,[23.31   50.05    0.25   65.      0.0687],[-0.42028199  1.23416417  0.          0.         -0.8010402 ],3
23.31,50.39,0.25,65.0,0.0024500000000035015,[2.331e+01 5.039e+01 2.500e-01 6.500e+01 2.450e-03],[-0.42028199  1.30972011  0.          0.         -0.813633  ],3
23.31,50.66,0.25,65.0,3.8920499999998985,[23.31    50.66     0.25    65.       3.89205],[-0.42028199  1.36972041  0.          0.         -0.07429774],3
23.32,35.18,0.25,65.0,0.28125,[23.32    35.18     0.25    65.       0.28125],[-0.39930904 -2.0702971   0.          0.         -0.76063869],0
23.32,35.57,0.25,65.0,1.2167999999999148,[23.32   35.57    0.25   65.      1.2168],[-0.39930904 -1.98362999  0.          0.         -0.58280932],0
23.32,35.64,0.25,65.0,5.814049999999698,[23.32    35.64     0.25    65.       5.81405],[-0.39930904 -1.96807435  0.          0.          0.29103607],0
23.32,36.86,0.25,65.0,1.3284500000000852,[23.32    36.86     0.25    65.       1.32845],[-0.39930904 -1.69696186  0.          0.         -0.56158689],0
23.32,37.25,0.25,65.0,0.3960499999999373,[23.32    37.25     0.25    65.       0.39605],[-0.39930904 -1.61029475  0.          0.         -0.7388175 ],0
23.32,37.4,0.25,65.0,2.205000000000167,[23.32  37.4    0.25  65.     2.205],[-0.39930904 -1.57696125  0.          0.         -0.39497224],0
23.32,37.63,0.25,65.0,14.314533333333024,[23.32       37.63        0.25       65.         14.31453333],[-0.39930904 -1.52584988  0.          0.          1.90680815],1
23.32,38.49,0.25,65.0,0.024200000000006,[2.332e+01 3.849e+01 2.500e-01 6.500e+01 2.420e-02],[-0.39930904 -1.3347378   0.          0.         -0.80949876],0
23.32,39.36,0.25,65.0,0.9827999999999448,[23.32   39.36    0.25   65.      0.9828],[-0.39930904 -1.14140348  0.          0.         -0.62728805],0
23.32,39.55,0.25,65.0,0.061249999999988064,[2.332e+01 3.955e+01 2.500e-01 6.500e+01 6.125e-02],[-0.39930904 -1.09918104  0.          0.         -0.8024563 ],0
23.32,40.55,0.25,65.0,0.8844500000001301,[23.32    40.55     0.25    65.       0.88445],[-0.39930904 -0.87695769  0.          0.         -0.64598242],0
23.32,40.59,0.25,65.0,2.761250000000187,[23.32    40.59     0.25    65.       2.76125],[-0.39930904 -0.86806875  0.          0.         -0.28924023],0
23.32,40.62,0.25,65.0,14.41844999999972,[23.32    40.62     0.25    65.      14.41845],[-0.39930904 -0.86140205  0.          0.          1.92656063],2
23.32,40.73,0.25,65.0,13.78125,[23.32    40.73     0.25    65.      13.78125],[-0.39930904 -0.83695749  0.          0.          1.80544164],2
23.32,41.21,0.25,65.0,2.8560499999996956,[23.32    41.21     0.25    65.       2.85605],[-0.39930904 -0.73029028  0.          0.         -0.27122064],0
23.32,41.33,0.25,65.0,0.37844999999990503,[23.32    41.33     0.25    65.       0.37845],[-0.39930904 -0.70362347  0.          0.         -0.74216291],0
23.32,43.74,0.25,65.0,1.7671999999998846,[23.32   43.74    0.25   65.      1.7672],[-0.39930904 -0.16806519  0.          0.         -0.47818928],3
23.32,44.78,0.25,65.0,16.994449999999574,[23.32    44.78     0.25    65.      16.99445],[-0.39930904  0.0630471   0.          0.          2.41620678],2
23.32,45.41,0.25,65.0,4.227033333333064,[23.32       45.41        0.25       65.          4.22703333],[-0.39930904  0.20304781  0.          0.         -0.0106241 ],3
23.32,45.48,0.25,65.0,0.24499999999995226,[23.32  45.48   0.25  65.     0.245],[-0.39930904  0.21860344  0.          0.         -0.76752909],3
23.32,45.52,0.25,65.0,3.2767999999998603,[23.32   45.52    0.25   65.      3.2768],[-0.39930904  0.22749238  0.          0.         -0.19124447],3
23.32,45.65,0.25,65.0,2.7609766666670517,[23.32       45.65        0.25       65.          2.76097667],[-0.39930904  0.25638141  0.          0.         -0.28929219],3
23.32,45.66,0.25,65.0,2.851920000000234,[23.32    45.66     0.25    65.       2.85192],[-0.39930904  0.25860365  0.          0.         -0.27200567],3
23.32,45.67,0.25,65.0,5.996024999999687,[23.32     45.67      0.25     65.        5.996025],[-0.39930904  0.26082588  0.          0.          0.32562588],2
23.32,45.71,0.25,65.0,0.09143333333329814,[23.32       45.71        0.25       65.          0.09143333],[-0.39930904  0.26971481  0.          0.         -0.79671905],3
23.32,47.97,0.25,65.0,12.8524499999991,[23.32    47.97     0.25    65.      12.85245],[-0.39930904  0.77193959  0.          0.          1.62889531],2
23.32,48.01,0.25,65.0,15.67999999999949,[23.32 48.01  0.25 65.   15.68],[-0.39930904  0.78082853  0.          0.          2.16635609],2
23.32,48.02,0.25,65.0,13.03103333333244,[23.32       48.02        0.25       65.         13.03103333],[-0.39930904  0.78305076  0.          0.          1.66284044],2
23.32,48.19,0.25,65.0,0.5512499999999523,[23.32    48.19     0.25    65.       0.55125],[-0.39930904  0.82082873  0.          0.         -0.70931708],3
23.32,48.39,0.25,65.0,0.7656333333333836,[23.32       48.39        0.25       65.          0.76563333],[-0.39930904  0.8652734   0.          0.         -0.66856709],3
23.32,48.4,0.25,65.0,0.9660500000002971,[23.32    48.4      0.25    65.       0.96605],[-0.39930904  0.86749563  0.          0.         -0.63047189],3
23.32,48.51,0.25,65.0,0.011250000000013643,[2.332e+01 4.851e+01 2.500e-01 6.500e+01 1.125e-02],[-0.39930904  0.8919402   0.          0.         -0.8119603 ],3
23.32,48.57,0.25,65.0,0.6160500000000152,[23.32    48.57     0.25    65.       0.61605],[-0.39930904  0.9052736   0.          0.         -0.6969999 ],3
23.32,48.85,0.25,65.0,12.70080000000039,[23.32   48.85    0.25   65.     12.7008],[-0.39930904  0.96749614  0.          0.          1.60006968],2
23.32,49.06,0.25,65.0,11.520000000000328,[23.32 49.06  0.25 65.   11.52],[-0.39930904  1.01416305  0.          0.          1.37562318],2
23.32,49.14,0.25,65.0,18.972799999999104,[23.32   49.14    0.25   65.     18.9728],[-0.39930904  1.03194092  0.          0.          2.79225159],2
23.32,49.79,0.25,65.0,5.184399999999527,[23.32   49.79    0.25   65.      5.1844],[-0.39930904  1.1763861   0.          0.          0.17135218],3
23.32,49.8,0.25,65.0,0.018050000000010367,[2.332e+01 4.980e+01 2.500e-01 6.500e+01 1.805e-02],[-0.39930904  1.17860833  0.          0.         -0.81066775],3
23.32,49.99,0.25,65.0,9.680866666666672,[23.32       49.99        0.25       65.          9.68086667],[-0.39930904  1.22083077  0.          0.          1.02604068],2
23.32,50.07,0.25,65.0,0.026450000000004182,[2.332e+01 5.007e+01 2.500e-01 6.500e+01 2.645e-02],[-0.39930904  1.23860863  0.          0.         -0.80907108],3
23.34,33.78,0.25,65.0,0.0016333333333369941,"[2.33400000e+01 3.37800000e+01 2.50000000e-01 6.50000000e+01
 1.63333333e-03]",[-0.35736315 -2.38140979  0.          0.         -0.81378823],0
23.34,35.61,0.25,65.0,0.0220499999999957,[2.334e+01 3.561e+01 2.500e-01 6.500e+01 2.205e-02],[-0.35736315 -1.97474105  0.          0.         -0.80990743],0
23.34,36.42,0.25,65.0,0.17404999999995172,[23.34    36.42     0.25    65.       0.17405],[-0.35736315 -1.79474014  0.          0.         -0.78101527],0
23.34,37.26,0.25,65.0,6.444050000000319,[23.34    37.26     0.25    65.       6.44405],[-0.35736315 -1.60807252  0.          0.          0.41078648],0
23.34,37.48,0.25,65.0,4.961249999999749,[23.34    37.48     0.25    65.       4.96125],[-0.35736315 -1.55918338  0.          0.          0.12893582],0
23.34,39.65,0.25,65.0,2.2049999999999286,[23.34  39.65   0.25  65.     2.205],[-0.35736315 -1.07695871  0.          0.         -0.39497224],0
23.34,40.59,0.25,65.0,6.696399999999705,[23.34   40.59    0.25   65.      6.6964],[-0.35736315 -0.86806875  0.          0.          0.45875318],0
23.34,40.63,0.25,65.0,0.5728916666667015,[23.34       40.63        0.25       65.          0.57289167],[-0.35736315 -0.85917982  0.          0.         -0.70520344],0
23.34,40.72,0.25,65.0,0.6962000000000751,[23.34   40.72    0.25   65.      0.6962],[-0.35736315 -0.83917972  0.          0.         -0.68176498],0
23.34,41.21,0.25,65.0,0.9112499999998772,[23.34    41.21     0.25    65.       0.91125],[-0.35736315 -0.73029028  0.          0.         -0.64088828],0
23.34,41.44,0.25,65.0,0.16820000000002375,[23.34   41.44    0.25   65.      0.1682],[-0.35736315 -0.6791789   0.          0.         -0.78212724],0
23.34,43.86,0.25,65.0,1.9208000000000713,[23.34   43.86    0.25   65.      1.9208],[-0.35736315 -0.14139839  0.          0.         -0.44899299],3
23.34,43.92,0.25,65.0,17.641800000000323,[23.34   43.92    0.25   65.     17.6418],[-0.35736315 -0.12806499  0.          0.          2.53925508],2
23.34,44.15,0.25,65.0,2.5804333333331253,[23.34       44.15        0.25       65.          2.58043333],[-0.35736315 -0.07695362  0.          0.         -0.32360987],3
23.34,45.14,0.25,65.0,13.992049999999807,[23.34    45.14     0.25    65.      13.99205],[-0.35736315  0.1430475   0.          0.          1.84551051],2
23.34,45.45,0.25,65.0,1.47213333333347,[23.34       45.45        0.25       65.          1.47213333],[-0.35736315  0.21193674  0.          0.         -0.53427556],3
23.34,45.63,0.25,65.0,15.72689999999982,[23.34   45.63    0.25   65.     15.7269],[-0.35736315  0.25193695  0.          0.          2.17527084],2
23.34,45.74,0.25,65.0,5.780000000000309,[23.34 45.74  0.25 65.    5.78],[-0.35736315  0.27638151  0.          0.          0.28456384],3
23.34,45.99,0.25,65.0,2.3762000000003867,[23.34   45.99    0.25   65.      2.3762],[-0.35736315  0.33193735  0.          0.         -0.36243054],3
23.34,47.97,0.25,65.0,0.0008000000000121872,[2.334e+01 4.797e+01 2.500e-01 6.500e+01 8.000e-04],[-0.35736315  0.77193959  0.          0.         -0.81394663],3
23.34,47.99,0.25,65.0,0.05780000000001082,[2.334e+01 4.799e+01 2.500e-01 6.500e+01 5.780e-02],[-0.35736315  0.77638406  0.          0.         -0.80311207],3
23.34,48.01,0.25,65.0,2.464199999999808,[23.34   48.01    0.25   65.      2.4642],[-0.35736315  0.78082853  0.          0.         -0.3457035 ],3
23.34,48.43,0.25,65.0,2.2898000000004575,[23.34   48.43    0.25   65.      2.2898],[-0.35736315  0.87416234  0.          0.         -0.37885346],3
23.34,48.45,0.25,65.0,17.820449999999486,[23.34    48.45     0.25    65.      17.82045],[-0.35736315  0.8786068   0.          0.          2.57321288],2
23.34,48.46,0.25,65.0,15.456800000000328,[23.34   48.46    0.25   65.     15.4568],[-0.35736315  0.88082904  0.          0.          2.12393023],2
23.34,48.49,0.25,65.0,9.694233333333749,[23.34       48.49        0.25       65.          9.69423333],[-0.35736315  0.88749574  0.          0.          1.02858141],2
23.34,49.47,0.25,65.0,0.10124999999996931,[23.34    49.47     0.25    65.       0.10125],[-0.35736315  1.10527462  0.          0.         -0.7948531 ],3
23.34,49.51,0.25,65.0,0.2664500000000133,[23.34    49.51     0.25    65.       0.26645],[-0.35736315  1.11416356  0.          0.         -0.76345187],3
23.34,49.72,0.25,65.0,0.36523333333342534,[23.34       49.72        0.25       65.          0.36523333],[-0.35736315  1.16083046  0.          0.         -0.74467514],3
23.34,49.77,0.25,65.0,1.6927999999996401,[23.34   49.77    0.25   65.      1.6928],[-0.35736315  1.17194163  0.          0.         -0.49233123],3
23.34,49.82,0.25,65.0,0.004049999999982401,[2.334e+01 4.982e+01 2.500e-01 6.500e+01 4.050e-03],[-0.35736315  1.1830528   0.          0.         -0.81332887],3
23.34,49.9,0.25,65.0,0.16589999999999042,[23.34   49.9     0.25   65.      0.1659],[-0.35736315  1.20083066  0.          0.         -0.78256442],3
23.34,49.93,0.25,65.0,17.405000000000538,[23.34  49.93   0.25  65.    17.405],[-0.35736315  1.20749737  0.          0.          2.49424413],2
23.34,49.94,0.25,65.0,2.7144499999998306,[23.34    49.94     0.25    65.       2.71445],[-0.35736315  1.2097196   0.          0.         -0.29813597],3
23.34,50.01,0.25,65.0,13.78125,[23.34    50.01     0.25    65.      13.78125],[-0.35736315  1.22527523  0.          0.          1.80544164],2
23.34,50.47,0.25,65.0,0.0031999999999941793,[2.334e+01 5.047e+01 2.500e-01 6.500e+01 3.200e-03],[-0.35736315  1.32749798  0.          0.         -0.81349044],3
23.34,50.49,0.25,65.0,13.624199999999549,[23.34   50.49    0.25   65.     13.6242],[-0.35736315  1.33194244  0.          0.          1.77558957],2
23.34,50.55,0.25,65.0,3.5644499999992836,[23.34    50.55     0.25    65.       3.56445],[-0.35736315  1.34527584  0.          0.         -0.13656795],3
23.34,50.56,0.25,65.0,0.09245000000007626,[23.34    50.56     0.25    65.       0.09245],[-0.35736315  1.34749808  0.          0.         -0.7965258 ],3
23.34,50.62,0.25,65.0,0.36125000000021257,[23.34    50.62     0.25    65.       0.36125],[-0.35736315  1.36083148  0.          0.         -0.74543229],3
23.34,51.01,0.25,65.0,1.2167999999999148,[23.34   51.01    0.25   65.      1.2168],[-0.35736315  1.44749859  0.          0.         -0.58280932],3
23.34,52.91,0.25,65.0,0.15679999999996944,[23.34   52.91    0.25   65.      0.1568],[-0.35736315  1.86972296  0.          0.         -0.78429415],3
23.34,53.03,0.25,65.0,13.056049999998908,[23.34    53.03     0.25    65.      13.05605],[-0.35736315  1.89638976  0.          0.          1.66759561],2
23.35,35.48,0.25,65.0,0.00499999999999659,[2.335e+01 3.548e+01 2.500e-01 6.500e+01 5.000e-03],[-0.3363902  -2.00363009  0.          0.         -0.8131483 ],0
23.35,35.52,0.25,65.0,0.3960500000000384,[23.35    35.52     0.25    65.       0.39605],[-0.3363902  -1.99474116  0.          0.         -0.7388175 ],0
23.35,36.03,0.25,65.0,0.6049999999999,[23.35  36.03   0.25  65.     0.605],[-0.3363902  -1.88140725  0.          0.         -0.69910028],0
23.35,36.48,0.25,65.0,11.385833333333307,[23.35       36.48        0.25       65.         11.38583333],[-0.3363902  -1.78140674  0.          0.          1.35012078],0
23.35,36.68,0.25,65.0,17.69463333333318,[23.35       36.68        0.25       65.         17.69463333],[-0.3363902  -1.73696207  0.          0.          2.54929764],1
23.35,37.38,0.25,65.0,0.007200000000007367,[2.335e+01 3.738e+01 2.500e-01 6.500e+01 7.200e-03],[-0.3363902  -1.58140572  0.          0.         -0.81273012],0
23.35,37.51,0.25,65.0,1.2168000000001808,[23.35   37.51    0.25   65.      1.2168],[-0.3363902  -1.55251668  0.          0.         -0.58280932],0
23.35,37.55,0.25,65.0,0.024199999999993498,[2.335e+01 3.755e+01 2.500e-01 6.500e+01 2.420e-02],[-0.3363902  -1.54362775  0.          0.         -0.80949876],0
23.35,37.6,0.25,65.0,13.53561999999999,[23.35    37.6      0.25    65.      13.53562],[-0.3363902  -1.53251658  0.          0.          1.75875228],1
23.35,37.62,0.25,65.0,11.28125,[23.35    37.62     0.25    65.      11.28125],[-0.3363902  -1.52807211  0.          0.          1.33024158],0
23.35,37.63,0.25,65.0,3.150833333333252,[23.35       37.63        0.25       65.          3.15083333],[-0.3363902  -1.52584988  0.          0.         -0.21518822],0
23.35,37.64,0.25,65.0,11.80329999999955,[23.35   37.64    0.25   65.     11.8033],[-0.3363902  -1.52362765  0.          0.          1.42947286],0
23.35,38.08,0.25,65.0,11.097633333333208,[23.35       38.08        0.25       65.         11.09763333],[-0.3363902  -1.42584937  0.          0.          1.29533972],0
23.35,38.5,0.25,65.0,0.018050000000010367,[2.335e+01 3.850e+01 2.500e-01 6.500e+01 1.805e-02],[-0.3363902  -1.33251556  0.          0.         -0.81066775],0
23.35,38.78,0.25,65.0,0.048049999999983085,[2.335e+01 3.878e+01 2.500e-01 6.500e+01 4.805e-02],[-0.3363902  -1.27029302  0.          0.         -0.80496535],0
23.35,39.28,0.25,65.0,3.8364499999999495,[23.35    39.28     0.25    65.       3.83645],[-0.3363902  -1.15918135  0.          0.         -0.08486619],0
23.35,40.78,0.25,65.0,8.446049999999822,[23.35    40.78     0.25    65.       8.44605],[-0.3363902  -0.82584632  0.          0.          0.79132669],0
23.35,40.85,0.25,65.0,3.753800000000025,[23.35   40.85    0.25   65.      3.7538],[-0.3363902  -0.81029068  0.          0.         -0.1005763 ],0
23.35,40.86,0.25,65.0,9.245000000000783,[23.35  40.86   0.25  65.     9.245],[-0.3363902  -0.80806845  0.          0.          0.94319113],0
23.35,43.75,0.25,65.0,10.461899999999748,[23.35   43.75    0.25   65.     10.4619],[-0.3363902  -0.16584296  0.          0.          1.17449951],2
23.35,44.29,0.25,65.0,0.0018000000000069577,[2.335e+01 4.429e+01 2.500e-01 6.500e+01 1.800e-03],[-0.3363902  -0.04584235  0.          0.         -0.81375655],3
23.35,44.86,0.25,65.0,0.02419999999995598,[2.335e+01 4.486e+01 2.500e-01 6.500e+01 2.420e-02],[-0.3363902   0.08082496  0.          0.         -0.80949876],3
23.35,44.92,0.25,65.0,0.40500000000008185,[23.35  44.92   0.25  65.     0.405],[-0.3363902   0.09415837  0.          0.         -0.73711629],3
23.35,45.38,0.25,65.0,3.0258000000000895,[23.35   45.38    0.25   65.      3.0258],[-0.3363902   0.19638111  0.          0.         -0.23895456],3
23.35,45.59,0.25,65.0,15.840170000000331,[23.35    45.59     0.25    65.      15.84017],[-0.3363902   0.24304801  0.          0.          2.1968012 ],2
23.35,45.7,0.25,65.0,1.2799999999998546,[23.35 45.7   0.25 65.    1.28],[-0.3363902   0.26749258  0.          0.         -0.57079627],3
23.35,45.77,0.25,65.0,0.009799999999982174,[2.335e+01 4.577e+01 2.500e-01 6.500e+01 9.800e-03],[-0.3363902   0.28304822  0.          0.         -0.81223591],3
23.35,47.98,0.25,65.0,0.00604999999997649,[2.335e+01 4.798e+01 2.500e-01 6.500e+01 6.050e-03],[-0.3363902   0.77416183  0.          0.         -0.81294871],3
23.35,47.99,0.25,65.0,0.19220000000014378,[23.35   47.99    0.25   65.      0.1922],[-0.3363902   0.77638406  0.          0.         -0.77756532],3
23.35,48.0,0.25,65.0,0.4324500000001649,[23.35    48.       0.25    65.       0.43245],[-0.3363902   0.77860629  0.          0.         -0.73189859],3
23.35,48.03,0.25,65.0,0.7196699999999745,[23.35    48.03     0.25    65.       0.71967],[-0.3363902   0.78527299  0.          0.         -0.67730381],3
23.35,48.38,0.25,65.0,1.8624499999999033,[23.35    48.38     0.25    65.       1.86245],[-0.3363902   0.86305117  0.          0.         -0.46008416],3
23.35,48.44,0.25,65.0,1.9404500000002778,[23.35    48.44     0.25    65.       1.94045],[-0.3363902   0.87638457  0.          0.         -0.44525791],3
23.35,48.49,0.25,65.0,0.007200000000027831,[2.335e+01 4.849e+01 2.500e-01 6.500e+01 7.200e-03],[-0.3363902   0.88749574  0.          0.         -0.81273012],3
23.35,48.95,0.25,65.0,5.02444999999987,[23.35    48.95     0.25    65.       5.02445],[-0.3363902   0.98971848  0.          0.          0.14094888],3
23.35,49.1,0.25,65.0,15.4375,[23.35   49.1     0.25   65.     15.4375],[-0.3363902   1.02305198  0.          0.          2.12026168],2
23.35,49.77,0.25,65.0,13.056049999998908,[23.35    49.77     0.25    65.      13.05605],[-0.3363902   1.17194163  0.          0.          1.66759561],2
23.35,49.92,0.25,65.0,11.858450000000023,[23.35    49.92     0.25    65.      11.85845],[-0.3363902   1.20527513  0.          0.          1.43995577],2
23.35,50.42,0.25,65.0,1.080449999999873,[23.35    50.42     0.25    65.       1.08045],[-0.3363902   1.31638681  0.          0.         -0.60872674],3
23.35,50.44,0.25,65.0,0.07999999999989996,[23.35 50.44  0.25 65.    0.08],[-0.3363902   1.32083128  0.          0.         -0.7988923 ],3
23.35,50.48,0.25,65.0,0.13004999999993738,[23.35    50.48     0.25    65.       0.13005],[-0.3363902   1.32972021  0.          0.         -0.78937879],3
23.35,50.6,0.25,65.0,1.3720333333333752,[23.35       50.6         0.25       65.          1.37203333],[-0.3363902   1.35638701  0.          0.         -0.55330257],3
23.35,51.93,0.25,65.0,0.01999999999996362,[2.335e+01 5.193e+01 2.500e-01 6.500e+01 2.000e-02],[-0.3363902   1.65194407  0.          0.         -0.8102971 ],3
23.35,52.22,0.25,65.0,0.4512500000001512,[23.35    52.22     0.25    65.       0.45125],[-0.3363902   1.71638884  0.          0.         -0.72832509],3
23.35,52.65,0.25,65.0,1.296050000000205,[23.35    52.65     0.25    65.       1.29605],[-0.3363902   1.81194489  0.          0.         -0.56774548],3
23.35,53.45,0.25,65.0,0.001800000000003547,[2.335e+01 5.345e+01 2.500e-01 6.500e+01 1.800e-03],[-0.3363902   1.98972357  0.          0.         -0.81375655],3
23.35,53.72,0.25,65.0,0.0001999999999996362,[2.335e+01 5.372e+01 2.500e-01 6.500e+01 2.000e-04],[-0.3363902   2.04972387  0.          0.         -0.81406068],3
23.37,35.68,0.25,65.0,0.672800000000029,[23.37   35.68    0.25   65.      0.6728],[-0.2944443  -1.95918542  0.          0.         -0.68621286],0
23.37,35.82,0.25,65.0,2.6220499999999167,[23.37    35.82     0.25    65.       2.62205],[-0.2944443  -1.92807415  0.          0.         -0.31569937],0
23.37,36.06,0.25,65.0,5.248800000000029,[23.37   36.06    0.25   65.      5.2488],[-0.2944443  -1.87474055  0.          0.          0.18359334],0
23.37,37.3,0.25,65.0,0.48020000000001783,[23.37   37.3     0.25   65.      0.4802],[-0.2944443  -1.59918359  0.          0.         -0.72282227],0
23.37,37.32,0.25,65.0,0.018050000000010367,[2.337e+01 3.732e+01 2.500e-01 6.500e+01 1.805e-02],[-0.2944443  -1.59473912  0.          0.         -0.81066775],0
23.37,37.34,0.25,65.0,0.31204999999997124,[23.37    37.34     0.25    65.       0.31205],[-0.2944443  -1.59029465  0.          0.         -0.75478423],0
23.37,37.36,0.25,65.0,0.34275833333342515,[23.37       37.36        0.25       65.          0.34275833],[-0.2944443  -1.58585019  0.          0.         -0.74894719],0
23.37,37.42,0.25,65.0,0.05779999999997217,[2.337e+01 3.742e+01 2.500e-01 6.500e+01 5.780e-02],[-0.2944443  -1.57251678  0.          0.         -0.80311207],0
23.37,37.54,0.25,65.0,0.20103333333334708,[23.37       37.54        0.25       65.          0.20103333],[-0.2944443  -1.54584998  0.          0.         -0.77588628],0
23.37,37.58,0.25,65.0,0.05119999999997963,[2.337e+01 3.758e+01 2.500e-01 6.500e+01 5.120e-02],[-0.2944443  -1.53696105  0.          0.         -0.8043666 ],0
23.37,37.62,0.25,65.0,2.980491666666687,[23.37       37.62        0.25       65.          2.98049167],[-0.2944443  -1.52807211  0.          0.         -0.24756677],0
23.37,37.65,0.25,65.0,1.3944499999998368,[23.37    37.65     0.25    65.       1.39445],[-0.2944443  -1.52140541  0.          0.         -0.54904161],0
23.37,38.07,0.25,65.0,0.9800000000000477,[23.37 38.07  0.25 65.    0.98],[-0.2944443  -1.42807161  0.          0.         -0.62782027],0
23.37,38.08,0.25,65.0,0.20479999999995488,[23.37   38.08    0.25   65.      0.2048],[-0.2944443  -1.42584937  0.          0.         -0.77517031],0
23.37,38.71,0.25,65.0,3.4584499999998384,[23.37    38.71     0.25    65.       3.45845],[-0.2944443  -1.28584866  0.          0.         -0.15671644],0
23.37,39.01,0.25,65.0,0.5512499999999523,[23.37    39.01     0.25    65.       0.55125],[-0.2944443  -1.21918165  0.          0.         -0.70931708],0
23.37,39.79,0.25,65.0,1.2799999999999454,[23.37 39.79  0.25 65.    1.28],[-0.2944443  -1.04584744  0.          0.         -0.57079627],0
23.37,40.58,0.25,65.0,1.185799999999944,[23.37   40.58    0.25   65.      1.1858],[-0.2944443  -0.87029099  0.          0.         -0.5887018 ],0
23.37,40.6,0.25,65.0,6.3951000000000136,[23.37   40.6     0.25   65.      6.3951],[-0.2944443  -0.86584652  0.          0.          0.40148207],0
23.37,40.62,0.25,65.0,0.20769999999997404,[23.37   40.62    0.25   65.      0.2077],[-0.2944443  -0.86140205  0.          0.         -0.77461908],0
23.37,40.63,0.25,65.0,0.8644333333333778,[23.37       40.63        0.25       65.          0.86443333],[-0.2944443  -0.85917982  0.          0.         -0.64978719],0
23.37,40.67,0.25,65.0,0.7503999999999993,[23.37   40.67    0.25   65.      0.7504],[-0.2944443  -0.85029089  0.          0.         -0.67146265],0
23.37,40.69,0.25,65.0,17.287200000000308,[23.37   40.69    0.25   65.     17.2872],[-0.2944443  -0.84584642  0.          0.          2.4718527 ],1
23.37,41.12,0.25,65.0,0.02419999999998099,[2.337e+01 4.112e+01 2.500e-01 6.500e+01 2.420e-02],[-0.2944443  -0.75029038  0.          0.         -0.80949876],0
23.37,41.16,0.25,65.0,1.9800499999997918,[23.37    41.16     0.25    65.       1.98005],[-0.2944443  -0.74140144  0.          0.         -0.43773074],0
23.37,43.81,0.25,65.0,16.01779999999982,[23.37   43.81    0.25   65.     16.0178],[-0.2944443  -0.15250956  0.          0.          2.23056512],2
23.37,44.11,0.25,65.0,6.619900000000125,[23.37   44.11    0.25   65.      6.6199],[-0.2944443  -0.08584255  0.          0.          0.44421206],2
23.37,44.49,0.25,65.0,1.1400499999998146,[23.37    44.49     0.25    65.       1.14005],[-0.2944443  -0.00139768  0.          0.         -0.59739797],3
23.37,44.92,0.25,65.0,1.8624500000003423,[23.37    44.92     0.25    65.       1.86245],[-0.2944443   0.09415837  0.          0.         -0.46008416],3
23.37,45.56,0.25,65.0,15.791291666666288,[23.37       45.56        0.25       65.         15.79129167],[-0.2944443   0.23638131  0.          0.          2.18751041],2
23.37,45.67,0.25,65.0,4.0898000000003645,[23.37   45.67    0.25   65.      4.0898],[-0.2944443   0.26082588  0.          0.         -0.03670941],3
23.37,45.72,0.25,65.0,1.960200000000036,[23.37   45.72    0.25   65.      1.9602],[-0.2944443   0.27193705  0.          0.         -0.44150383],3
23.37,45.75,0.25,65.0,2.7144499999998306,[23.37    45.75     0.25    65.       2.71445],[-0.2944443   0.27860375  0.          0.         -0.29813597],3
23.37,48.0,0.25,65.0,1.328450000000178,[23.37    48.       0.25    65.       1.32845],[-0.2944443   0.77860629  0.          0.         -0.56158689],3
23.37,48.14,0.25,65.0,7.037491666666959,[23.37       48.14        0.25       65.          7.03749167],[-0.2944443   0.80971756  0.          0.          0.52358789],2
23.37,48.16,0.25,65.0,6.418533333332997,[23.37       48.16        0.25       65.          6.41853333],[-0.2944443   0.81416203  0.          0.          0.40593628],2
23.37,48.18,0.25,65.0,0.25204999999990474,[23.37    48.18     0.25    65.       0.25205],[-0.2944443   0.8186065   0.          0.         -0.76618903],3
23.37,48.2,0.25,65.0,3.78125,[23.37    48.2      0.25    65.       3.78125],[-0.2944443   0.82305096  0.          0.         -0.0953586 ],3
23.37,48.22,0.25,65.0,10.384966666666832,[23.37       48.22        0.25       65.         10.38496667],[-0.2944443   0.82749543  0.          0.          1.15987602],2
23.37,48.27,0.25,65.0,14.204450000000218,[23.37    48.27     0.25    65.      14.20445],[-0.2944443   0.8386066   0.          0.          1.88588351],2
23.37,48.31,0.25,65.0,5.896233333332715,[23.37       48.31        0.25       65.          5.89623333],[-0.2944443   0.84749553  0.          0.          0.30665748],3
23.37,48.32,0.25,65.0,1.5259000000001746,[23.37   48.32    0.25   65.      1.5259],[-0.2944443   0.84971777  0.          0.         -0.52405559],3
23.37,48.35,0.25,65.0,0.007200000000000545,[2.337e+01 4.835e+01 2.500e-01 6.500e+01 7.200e-03],[-0.2944443   0.85638447  0.          0.         -0.81273012],3
23.37,48.49,0.25,65.0,0.18605000000007768,[23.37    48.49     0.25    65.       0.18605],[-0.2944443   0.88749574  0.          0.         -0.77873431],3
23.37,49.73,0.25,65.0,2.3980499999993725,[23.37    49.73     0.25    65.       2.39805],[-0.2944443   1.16305269  0.          0.         -0.35827729],3
23.37,49.91,0.25,65.0,14.204450000000218,[23.37    49.91     0.25    65.      14.20445],[-0.2944443   1.2030529   0.          0.          1.88588351],2
23.37,49.92,0.25,65.0,0.17405000000001877,[23.37    49.92     0.25    65.       0.17405],[-0.2944443   1.20527513  0.          0.         -0.78101527],3
23.37,50.36,0.25,65.0,4.898449999999986,[23.37    50.36     0.25    65.       4.89845],[-0.2944443   1.30305341  0.          0.          0.1169988 ],3
23.37,50.38,0.25,65.0,2.080799999999926,[23.37   50.38    0.25   65.      2.0808],[-0.2944443   1.30749787  0.          0.         -0.41858018],3
23.37,50.42,0.25,65.0,0.4324499999999535,[23.37    50.42     0.25    65.       0.43245],[-0.2944443   1.31638681  0.          0.         -0.73189859],3
23.37,50.66,0.25,65.0,0.5407999999999622,[23.37   50.66    0.25   65.      0.5408],[-0.2944443   1.36972041  0.          0.         -0.71130342],3
23.37,51.03,0.25,65.0,2.7612500000000533,[23.37    51.03     0.25    65.       2.76125],[-0.2944443   1.45194305  0.          0.         -0.28924023],3
23.37,51.04,0.25,65.0,8.98880000000052,[23.37   51.04    0.25   65.      8.9888],[-0.2944443   1.45416529  0.          0.          0.89449263],2
23.37,51.34,0.25,65.0,1.5664499999999677,[23.37    51.34     0.25    65.       1.56645],[-0.2944443   1.52083229  0.          0.         -0.51634784],3
23.37,53.44,0.25,65.0,0.530450000000089,[23.37    53.44     0.25    65.       0.53045],[-0.2944443   1.98750134  0.          0.         -0.71327075],3
23.38,35.19,0.25,65.0,0.3960500000000384,[23.38    35.19     0.25    65.       0.39605],[-0.27347135 -2.06807486  0.          0.         -0.7388175 ],0
23.38,35.34,0.25,65.0,2.376200000000015,[23.38   35.34    0.25   65.      2.3762],[-0.27347135 -2.03474136  0.          0.         -0.36243054],0
23.38,35.44,0.25,65.0,0.2664500000000133,[23.38    35.44     0.25    65.       0.26645],[-0.27347135 -2.01251902  0.          0.         -0.76345187],0
23.38,35.73,0.25,65.0,0.6154333333331918,[23.38       35.73        0.25       65.          0.61543333],[-0.27347135 -1.94807425  0.          0.         -0.69711711],0
23.38,35.83,0.25,65.0,2.808449999999876,[23.38    35.83     0.25    65.       2.80845],[-0.27347135 -1.92585192  0.          0.         -0.28026845],0
23.38,36.04,0.25,65.0,0.0084500000000068,[2.338e+01 3.604e+01 2.500e-01 6.500e+01 8.450e-03],[-0.27347135 -1.87918501  0.          0.         -0.81249252],0
23.38,36.41,0.25,65.0,14.796800000000298,[23.38   36.41    0.25   65.     14.7968],[-0.27347135 -1.79696237  0.          0.          1.99847741],1
23.38,37.34,0.25,65.0,4.999999999990905e-05,[2.338e+01 3.734e+01 2.500e-01 6.500e+01 5.000e-05],[-0.27347135 -1.59029465  0.          0.         -0.81408919],0
23.38,37.36,0.25,65.0,0.4608000000000349,[23.38   37.36    0.25   65.      0.4608],[-0.27347135 -1.58585019  0.          0.         -0.72650982],0
23.38,37.41,0.25,65.0,0.47044999999986103,[23.38    37.41     0.25    65.       0.47045],[-0.27347135 -1.57473902  0.          0.         -0.72467555],0
23.38,37.42,0.25,65.0,0.06543333333333103,[23.38       37.42        0.25       65.          0.06543333],[-0.27347135 -1.57251678  0.          0.         -0.80166113],0
23.38,37.47,0.25,65.0,0.005000000000007958,[2.338e+01 3.747e+01 2.500e-01 6.500e+01 5.000e-03],[-0.27347135 -1.56140562  0.          0.         -0.8131483 ],0
23.38,38.44,0.25,65.0,4.961250000000107,[23.38    38.44     0.25    65.       4.96125],[-0.27347135 -1.34584896  0.          0.          0.12893582],0
23.38,38.47,0.25,65.0,3.150049999999977,[23.38    38.47     0.25    65.       3.15005],[-0.27347135 -1.33918226  0.          0.         -0.21533712],0
23.38,38.63,0.25,65.0,1.125,[23.38  38.63   0.25  65.     1.125],[-0.27347135 -1.30362653  0.          0.         -0.60025867],0
23.38,38.72,0.25,65.0,6.40819999999974,[23.38   38.72    0.25   65.      6.4082],[-0.27347135 -1.28362643  0.          0.          0.40397212],0
23.38,39.02,0.25,65.0,4.043199999999904,[23.38   39.02    0.25   65.      4.0432],[-0.27347135 -1.21695942  0.          0.         -0.04556714],0
23.38,39.05,0.25,65.0,2.1840500000001852,[23.38    39.05     0.25    65.       2.18405],[-0.27347135 -1.21029272  0.          0.         -0.39895442],0
23.38,39.1,0.25,65.0,0.30420000000002306,[23.38   39.1     0.25   65.      0.3042],[-0.27347135 -1.19918155  0.          0.         -0.75627635],0
23.38,41.12,0.25,65.0,1.960200000000036,[23.38   41.12    0.25   65.      1.9602],[-0.27347135 -0.75029038  0.          0.         -0.44150383],0
23.38,43.53,0.25,65.0,1.9404499999999418,[23.38    43.53     0.25    65.       1.94045],[-0.27347135 -0.2147321   0.          0.         -0.44525791],3
23.38,43.8,0.25,65.0,19.723466666666372,[23.38       43.8         0.25       65.         19.72346667],[-0.27347135 -0.15473179  0.          0.          2.93493833],2
23.38,44.81,0.25,65.0,2.928200000000176,[23.38   44.81    0.25   65.      2.9282],[-0.27347135  0.0697138   0.          0.         -0.25750637],3
23.38,45.15,0.25,65.0,0.13004999999993738,[23.38    45.15     0.25    65.       0.13005],[-0.27347135  0.14526974  0.          0.         -0.78937879],3
23.38,45.59,0.25,65.0,18.62578095238131,[23.38       45.59        0.25       65.         18.62578095],[-0.27347135  0.24304801  0.          0.          2.7262902 ],2
23.38,45.68,0.25,65.0,16.081691666666103,[23.38       45.68        0.25       65.         16.08169167],[-0.27347135  0.26304811  0.          0.          2.24270965],2
23.38,47.96,0.25,65.0,1.1704499999997844,[23.38    47.96     0.25    65.       1.17045],[-0.27347135  0.76971736  0.          0.         -0.59161953],3
23.38,48.02,0.25,65.0,2.8084500000005495,[23.38    48.02     0.25    65.       2.80845],[-0.27347135  0.78305076  0.          0.         -0.28026845],3
23.38,48.14,0.25,65.0,3.976199999999981,[23.38   48.14    0.25   65.      3.9762],[-0.27347135  0.80971756  0.          0.         -0.0583025 ],3
23.38,48.21,0.25,65.0,16.122624999999655,[23.38     48.21      0.25     65.       16.122625],[-0.27347135  0.8252732   0.          0.          2.25049026],2
23.38,48.24,0.25,65.0,0.9248000000000959,[23.38   48.24    0.25   65.      0.9248],[-0.27347135  0.8319399   0.          0.         -0.63831269],3
23.38,48.43,0.25,65.0,0.0015999999999970896,[2.338e+01 4.843e+01 2.500e-01 6.500e+01 1.600e-03],[-0.27347135  0.87416234  0.          0.         -0.81379457],3
23.38,48.96,0.25,65.0,13.312800000001008,[23.38   48.96    0.25   65.     13.3128],[-0.27347135  0.99194071  0.          0.          1.71639865],2
23.38,48.97,0.25,65.0,8.201270000000005,[23.38    48.97     0.25    65.       8.20127],[-0.27347135  0.99416295  0.          0.          0.74479891],2
23.38,49.15,0.25,65.0,0.020000000000031833,[2.338e+01 4.915e+01 2.500e-01 6.500e+01 2.000e-02],[-0.27347135  1.03416315  0.          0.         -0.8102971 ],3
23.38,49.2,0.25,65.0,1.1700000000002253,[23.38 49.2   0.25 65.    1.17],[-0.27347135  1.04527432  0.          0.         -0.59170507],3
23.38,49.68,0.25,65.0,0.2520500000000258,[23.38    49.68     0.25    65.       0.25205],[-0.27347135  1.15194153  0.          0.         -0.76618903],3
23.38,49.71,0.25,65.0,0.4512499999999352,[23.38    49.71     0.25    65.       0.45125],[-0.27347135  1.15860823  0.          0.         -0.72832509],3
23.38,49.74,0.25,65.0,5.433699999999652,[23.38   49.74    0.25   65.      5.4337],[-0.27347135  1.16527493  0.          0.          0.21873913],3
23.38,49.75,0.25,65.0,8.156019999999664,[23.38    49.75     0.25    65.       8.15602],[-0.27347135  1.16749716  0.          0.          0.73619778],2
23.38,49.79,0.25,65.0,13.468050000000284,[23.38    49.79     0.25    65.      13.46805],[-0.27347135  1.1763861   0.          0.          1.74590858],2
23.38,49.91,0.25,65.0,2.142450000000339,[23.38    49.91     0.25    65.       2.14245],[-0.27347135  1.2030529   0.          0.         -0.40686175],3
23.38,49.98,0.25,65.0,0.22445000000004875,[23.38    49.98     0.25    65.       0.22445],[-0.27347135  1.21860853  0.          0.         -0.77143524],3
23.38,50.48,0.25,65.0,2.7378000000000746,[23.38   50.48    0.25   65.      2.7378],[-0.27347135  1.32972021  0.          0.         -0.29369761],3
23.38,50.49,0.25,65.0,1.113699999999775,[23.38   50.49    0.25   65.      1.1137],[-0.27347135  1.33194244  0.          0.         -0.60240657],3
23.38,50.51,0.25,65.0,0.10580000000001673,[23.38   50.51    0.25   65.      0.1058],[-0.27347135  1.33638691  0.          0.         -0.79398823],3
23.38,50.55,0.25,65.0,0.19845000000006877,[23.38    50.55     0.25    65.       0.19845],[-0.27347135  1.34527584  0.          0.         -0.77637732],3
23.38,50.96,0.25,65.0,0.39604999999998786,[23.38    50.96     0.25    65.       0.39605],[-0.27347135  1.43638742  0.          0.         -0.7388175 ],3
23.38,51.06,0.25,65.0,1.8486999999998501,[23.38   51.06    0.25   65.      1.8487],[-0.27347135  1.45860975  0.          0.         -0.46269776],3
23.38,51.08,0.25,65.0,1.2324500000000784,[23.38    51.08     0.25    65.       1.23245],[-0.27347135  1.46305422  0.          0.         -0.57983457],3
23.38,51.4,0.25,65.0,9.59219999999998,[23.38   51.4     0.25   65.      9.5922],[-0.27347135  1.53416569  0.          0.          1.00918691],2
23.38,52.69,0.25,65.0,14.58000000000049,[23.38 52.69  0.25 65.   14.58],[-0.27347135  1.82083382  0.          0.          1.95726806],2
23.4,35.29,0.25,65.0,4.620800000000062,[23.4    35.29    0.25   65.      4.6208],[-0.23152545 -2.04585253  0.          0.          0.06422308],0
23.4,35.53,0.25,65.0,13.374100000000169,[23.4    35.53    0.25   65.     13.3741],[-0.23152545 -1.99251892  0.          0.          1.72805056],1
23.4,35.58,0.25,65.0,0.13813333333334848,[23.4        35.58        0.25       65.          0.13813333],[-0.23152545 -1.98140775  0.          0.         -0.78784231],0
23.4,35.71,0.25,65.0,0.28523333333332274,[23.4        35.71        0.25       65.          0.28523333],[-0.23152545 -1.95251872  0.          0.         -0.75988154],0
23.4,35.81,0.25,65.0,5.806199999999776,[23.4    35.81    0.25   65.      5.8062],[-0.23152545 -1.93029638  0.          0.          0.28954394],0
23.4,36.55,0.25,65.0,0.0018000000000069577,[2.340e+01 3.655e+01 2.500e-01 6.500e+01 1.800e-03],[-0.23152545 -1.7658511   0.          0.         -0.81375655],0
23.4,37.98,0.25,65.0,0.31205000000010596,[23.4     37.98     0.25    65.       0.31205],[-0.23152545 -1.44807171  0.          0.         -0.75478423],0
23.4,38.07,0.25,65.0,0.27003333333335716,[23.4        38.07        0.25       65.          0.27003333],[-0.23152545 -1.42807161  0.          0.         -0.76277075],0
23.4,38.09,0.25,65.0,0.004049999999997749,[2.340e+01 3.809e+01 2.500e-01 6.500e+01 4.050e-03],[-0.23152545 -1.42362714  0.          0.         -0.81332887],0
23.4,38.15,0.25,65.0,14.044999999999758,[23.4   38.15   0.25  65.    14.045],[-0.23152545 -1.41029374  0.          0.          1.85557525],1
23.4,38.33,0.25,65.0,0.2382333333333972,[23.4        38.33        0.25       65.          0.23823333],[-0.23152545 -1.37029353  0.          0.         -0.7688153 ],0
23.4,38.36,0.25,65.0,0.22445000000001067,[23.4     38.36     0.25    65.       0.22445],[-0.23152545 -1.36362683  0.          0.         -0.77143524],0
23.4,38.45,0.25,65.0,0.24499999999991245,[23.4   38.45   0.25  65.     0.245],[-0.23152545 -1.34362673  0.          0.         -0.76752909],0
23.4,38.46,0.25,65.0,0.16244999999999613,[23.4     38.46     0.25    65.       0.16245],[-0.23152545 -1.3414045   0.          0.         -0.7832202 ],0
23.4,38.51,0.25,65.0,0.03919999999999236,[2.340e+01 3.851e+01 2.500e-01 6.500e+01 3.920e-02],[-0.23152545 -1.33029333  0.          0.         -0.80664756],0
23.4,39.14,0.25,65.0,7.273233333333347,[23.4        39.14        0.25       65.          7.27323333],[-0.23152545 -1.19029262  0.          0.          0.56839767],0
23.4,39.18,0.25,65.0,10.683633333333377,[23.4        39.18        0.25       65.         10.68363333],[-0.23152545 -1.18140368  0.          0.          1.21664659],0
23.4,39.19,0.25,65.0,0.9384499999999284,[23.4     39.19     0.25    65.       0.93845],[-0.23152545 -1.17918145  0.          0.         -0.6357181 ],0
23.4,39.22,0.25,65.0,9.038766666666493,[23.4        39.22        0.25       65.          9.03876667],[-0.23152545 -1.17251475  0.          0.          0.90399029],0
23.4,39.32,0.25,65.0,2.5088000000000203,[23.4    39.32    0.25   65.      2.5088],[-0.23152545 -1.15029241  0.          0.         -0.33722593],0
23.4,39.62,0.25,65.0,0.04500000000003752,[2.340e+01 3.962e+01 2.500e-01 6.500e+01 4.500e-02],[-0.23152545 -1.08362541  0.          0.         -0.8055451 ],0
23.4,39.67,0.25,65.0,0.0008333333333318175,"[2.34000000e+01 3.96700000e+01 2.50000000e-01 6.50000000e+01
 8.33333333e-04]",[-0.23152545 -1.07251424  0.          0.         -0.8139403 ],0
23.4,39.72,0.25,65.0,1.1551999999999722,[23.4    39.72    0.25   65.      1.1552],[-0.23152545 -1.06140307  0.          0.         -0.59451825],0
23.4,39.76,0.25,65.0,0.016200000000001227,[2.340e+01 3.976e+01 2.500e-01 6.500e+01 1.620e-02],[-0.23152545 -1.05251414  0.          0.         -0.8110194 ],0
23.4,40.57,0.25,65.0,0.004050000000007981,[2.340e+01 4.057e+01 2.500e-01 6.500e+01 4.050e-03],[-0.23152545 -0.87251322  0.          0.         -0.81332887],0
23.4,40.63,0.25,65.0,5.0244500000000505,[23.4     40.63     0.25    65.       5.02445],[-0.23152545 -0.85917982  0.          0.          0.14094888],0
23.4,40.88,0.25,65.0,2.5991999999996787,[23.4    40.88    0.25   65.      2.5992],[-0.23152545 -0.80362398  0.          0.         -0.3200427 ],0
23.4,40.96,0.25,65.0,15.961250000000513,[23.4     40.96     0.25    65.      15.96125],[-0.23152545 -0.78584611  0.          0.          2.21981609],1
23.4,41.05,0.25,65.0,2.204999999999809,[23.4   41.05   0.25  65.     2.205],[-0.23152545 -0.76584601  0.          0.         -0.39497224],0
23.4,44.02,0.25,65.0,7.722450000000697,[23.4     44.02     0.25    65.       7.72245],[-0.23152545 -0.10584265  0.          0.          0.65378479],2
23.4,44.25,0.25,65.0,1.2640500000002313,[23.4     44.25     0.25    65.       1.26405],[-0.23152545 -0.05473128  0.          0.         -0.57382804],3
23.4,44.77,0.25,65.0,0.00044999999999577084,[2.340e+01 4.477e+01 2.500e-01 6.500e+01 4.500e-04],[-0.23152545  0.06082486  0.          0.         -0.81401316],3
23.4,44.81,0.25,65.0,1.0610333333332753,[23.4        44.81        0.25       65.          1.06103333],[-0.23152545  0.0697138   0.          0.         -0.61241746],3
23.4,45.08,0.25,65.0,0.10124999999991814,[23.4     45.08     0.25    65.       0.10125],[-0.23152545  0.1297141   0.          0.         -0.7948531 ],3
23.4,45.16,0.25,65.0,10.215199999999918,[23.4    45.16    0.25   65.     10.2152],[-0.23152545  0.14749197  0.          0.          1.12760677],2
23.4,45.53,0.25,65.0,0.510049999999876,[23.4     45.53     0.25    65.       0.51005],[-0.23152545  0.22971461  0.          0.         -0.71714838],3
23.4,45.66,0.25,65.0,0.5617999999999421,[23.4    45.66    0.25   65.      0.5618],[-0.23152545  0.25860365  0.          0.         -0.70731174],3
23.4,45.79,0.25,65.0,1.2640500000000505,[23.4     45.79     0.25    65.       1.26405],[-0.23152545  0.28749268  0.          0.         -0.57382804],3
23.4,48.88,0.25,65.0,1.960200000000036,[23.4    48.88    0.25   65.      1.9602],[-0.23152545  0.97416284  0.          0.         -0.44150383],3
23.4,48.89,0.25,65.0,0.5618000000000627,[23.4    48.89    0.25   65.      0.5618],[-0.23152545  0.97638508  0.          0.         -0.70731174],3
23.4,48.9,0.25,65.0,9.72404999999986,[23.4     48.9      0.25    65.       9.72405],[-0.23152545  0.97860731  0.          0.          1.03424896],2
23.4,48.98,0.25,65.0,0.17999999999994543,[23.4  48.98  0.25 65.    0.18],[-0.23152545  0.99638518  0.          0.         -0.77988429],3
23.4,49.2,0.25,65.0,1.0952000000000268,[23.4    49.2     0.25   65.      1.0952],[-0.23152545  1.04527432  0.          0.         -0.60592305],3
23.4,49.23,0.25,65.0,15.904799999999923,[23.4    49.23    0.25   65.     15.9048],[-0.23152545  1.05194102  0.          0.          2.20908608],2
23.4,49.25,0.25,65.0,0.6271999999998777,[23.4    49.25    0.25   65.      0.6272],[-0.23152545  1.05638548  0.          0.         -0.69488051],3
23.4,49.72,0.25,65.0,3.066699999999933,[23.4    49.72    0.25   65.      3.0667],[-0.23152545  1.16083046  0.          0.         -0.23118029],3
23.4,49.73,0.25,65.0,0.22082500000001004,[23.4      49.73      0.25     65.        0.220825],[-0.23152545  1.16305269  0.          0.         -0.77212428],3
23.4,49.78,0.25,65.0,1.0082000000001032,[23.4    49.78    0.25   65.      1.0082],[-0.23152545  1.17416386  0.          0.         -0.62246002],3
23.4,49.79,0.25,65.0,0.11520000000000873,[23.4    49.79    0.25   65.      0.1152],[-0.23152545  1.1763861   0.          0.         -0.79220148],3
23.4,49.92,0.25,65.0,1.2640500000002313,[23.4     49.92     0.25    65.       1.26405],[-0.23152545  1.20527513  0.          0.         -0.57382804],3
23.4,50.49,0.25,65.0,1.2364333333335131,[23.4        50.49        0.25       65.          1.23643333],[-0.23152545  1.33194244  0.          0.         -0.57907742],3
23.4,50.97,0.25,65.0,2.101249999999674,[23.4     50.97     0.25    65.       2.10125],[-0.23152545  1.43860965  0.          0.         -0.41469305],3
23.4,50.99,0.25,65.0,2.813633333333086,[23.4        50.99        0.25       65.          2.81363333],[-0.23152545  1.44305412  0.          0.         -0.2792832 ],3
23.4,51.01,0.25,65.0,0.1836333333332763,[23.4        51.01        0.25       65.          0.18363333],[-0.23152545  1.44749859  0.          0.         -0.77919367],3
23.4,51.05,0.25,65.0,14.44989999999943,[23.4    51.05    0.25   65.     14.4499],[-0.23152545  1.45638752  0.          0.          1.93253865],2
23.4,51.07,0.25,65.0,0.04500000000005457,[2.340e+01 5.107e+01 2.500e-01 6.500e+01 4.500e-02],[-0.23152545  1.46083199  0.          0.         -0.8055451 ],3
23.4,51.08,0.25,65.0,0.007200000000000545,[2.340e+01 5.108e+01 2.500e-01 6.500e+01 7.200e-03],[-0.23152545  1.46305422  0.          0.         -0.81273012],3
23.4,51.09,0.25,65.0,0.006100000000019031,[2.340e+01 5.109e+01 2.500e-01 6.500e+01 6.100e-03],[-0.23152545  1.46527645  0.          0.         -0.81293921],3
23.41,35.22,0.25,65.0,0.0007999999999985448,[2.341e+01 3.522e+01 2.500e-01 6.500e+01 8.000e-04],[-0.2105525  -2.06140816  0.          0.         -0.81394663],0
23.41,35.24,0.25,65.0,0.07605000000001685,[23.41    35.24     0.25    65.       0.07605],[-0.2105525  -2.05696369  0.          0.         -0.79964311],0
23.41,35.46,0.25,65.0,1.1551999999999722,[23.41   35.46    0.25   65.      1.1552],[-0.2105525  -2.00807456  0.          0.         -0.59451825],0
23.41,35.52,0.25,65.0,0.03125,[2.341e+01 3.552e+01 2.500e-01 6.500e+01 3.125e-02],[-0.2105525  -1.99474116  0.          0.         -0.8081587 ],0
23.41,35.55,0.25,65.0,15.125,[23.41  35.55   0.25  65.    15.125],[-0.2105525  -1.98807446  0.          0.          2.06086167],1
23.41,36.1,0.25,65.0,11.472049999999825,[23.41    36.1      0.25    65.      11.47205],[-0.2105525  -1.86585161  0.          0.          1.36650885],0
23.41,36.28,0.25,65.0,0.006050000000007753,[2.341e+01 3.628e+01 2.500e-01 6.500e+01 6.050e-03],[-0.2105525  -1.82585141  0.          0.         -0.81294871],0
23.41,36.44,0.25,65.0,3.511250000000241,[23.41    36.44     0.25    65.       3.51125],[-0.2105525  -1.79029567  0.          0.         -0.14668021],0
23.41,37.97,0.25,65.0,3.150049999999977,[23.41    37.97     0.25    65.       3.15005],[-0.2105525  -1.45029394  0.          0.         -0.21533712],0
23.41,38.06,0.25,65.0,5.395433333333279,[23.41       38.06        0.25       65.          5.39543333],[-0.2105525  -1.43029384  0.          0.          0.2114654 ],0
23.41,38.11,0.25,65.0,3.238433333333135,[23.41       38.11        0.25       65.          3.23843333],[-0.2105525  -1.41918267  0.          0.         -0.19853721],0
23.41,38.13,0.25,65.0,9.748069999999785,[23.41    38.13     0.25    65.       9.74807],[-0.2105525  -1.4147382   0.          0.          1.03881469],0
23.41,38.15,0.25,65.0,1.2482000000001545,[23.41   38.15    0.25   65.      1.2482],[-0.2105525  -1.41029374  0.          0.         -0.57684081],0
23.41,38.41,0.25,65.0,1.3612500000001502,[23.41    38.41     0.25    65.       1.36125],[-0.2105525  -1.35251566  0.          0.         -0.55535226],0
23.41,38.45,0.25,65.0,0.000800000000005366,[2.341e+01 3.845e+01 2.500e-01 6.500e+01 8.000e-04],[-0.2105525  -1.34362673  0.          0.         -0.81394663],0
23.41,38.52,0.25,65.0,0.696200000000008,[23.41   38.52    0.25   65.      0.6962],[-0.2105525  -1.3280711   0.          0.         -0.68176498],0
23.41,38.98,0.25,65.0,14.580000000000185,[23.41 38.98  0.25 65.   14.58],[-0.2105525  -1.22584835  0.          0.          1.95726806],1
23.41,39.01,0.25,65.0,10.170049999999959,[23.41    39.01     0.25    65.      10.17005],[-0.2105525  -1.21918165  0.          0.          1.11902466],0
23.41,39.02,0.25,65.0,6.993800000000034,[23.41   39.02    0.25   65.      6.9938],[-0.2105525  -1.21695942  0.          0.          0.51528298],0
23.41,39.06,0.25,65.0,12.194799999999816,[23.41   39.06    0.25   65.     12.1948],[-0.2105525  -1.20807049  0.          0.          1.50388919],1
23.41,39.09,0.25,65.0,10.857800000000381,[23.41   39.09    0.25   65.     10.8578],[-0.2105525  -1.20140378  0.          0.          1.24975219],1
23.41,39.11,0.25,65.0,11.64893333333319,[23.41       39.11        0.25       65.         11.64893333],[-0.2105525  -1.19695932  0.          0.          1.40013084],1
23.41,39.15,0.25,65.0,0.12005000000000446,[23.41    39.15     0.25    65.       0.12005],[-0.2105525  -1.18807038  0.          0.         -0.79127959],0
23.41,39.18,0.25,65.0,0.10580000000001673,[23.41   39.18    0.25   65.      0.1058],[-0.2105525  -1.18140368  0.          0.         -0.79398823],0
23.41,39.23,0.25,65.0,10.44244999999971,[23.41    39.23     0.25    65.      10.44245],[-0.2105525  -1.17029252  0.          0.          1.17080245],0
23.41,39.24,0.25,65.0,12.60655833333336,[23.41       39.24        0.25       65.         12.60655833],[-0.2105525  -1.16807028  0.          0.          1.58215622],1
23.41,39.28,0.25,65.0,18.240800000000124,[23.41   39.28    0.25   65.     18.2408],[-0.2105525  -1.15918135  0.          0.          2.65311301],1
23.41,39.3,0.25,65.0,19.971199999999598,[23.41   39.3     0.25   65.     19.9712],[-0.2105525  -1.15473688  0.          0.          2.98202749],1
23.41,39.32,0.25,65.0,0.21675000000000133,[23.41    39.32     0.25    65.       0.21675],[-0.2105525  -1.15029241  0.          0.         -0.77289885],0
23.41,39.58,0.25,65.0,4.292449999999687,[23.41    39.58     0.25    65.       4.29245],[-0.2105525  -1.09251434  0.          0.          0.0018103 ],0
23.41,39.6,0.25,65.0,1.4964499999997365,[23.41    39.6      0.25    65.       1.49645],[-0.2105525  -1.08806987  0.          0.         -0.52965344],0
23.41,39.62,0.25,65.0,1.2167999999999148,[23.41   39.62    0.25   65.      1.2168],[-0.2105525  -1.08362541  0.          0.         -0.58280932],0
23.41,39.63,0.25,65.0,0.9521999999999152,[23.41   39.63    0.25   65.      0.9522],[-0.2105525  -1.08140317  0.          0.         -0.6331045 ],0
23.41,39.7,0.25,65.0,0.07605000000001685,[23.41    39.7      0.25    65.       0.07605],[-0.2105525  -1.06584754  0.          0.         -0.79964311],0
23.41,40.75,0.25,65.0,0.36979999999981616,[23.41   40.75    0.25   65.      0.3698],[-0.2105525  -0.83251302  0.          0.         -0.7438071 ],0
23.41,40.76,0.25,65.0,0.27379999999983845,[23.41   40.76    0.25   65.      0.2738],[-0.2105525  -0.83029078  0.          0.         -0.76205479],0
23.41,43.05,0.25,65.0,2.5992000000003266,[23.41   43.05    0.25   65.      2.5992],[-0.2105525  -0.32139931  0.          0.         -0.3200427 ],0
23.41,44.91,0.25,65.0,0.31204999999997124,[23.41    44.91     0.25    65.       0.31205],[-0.2105525   0.09193613  0.          0.         -0.75478423],3
23.41,44.98,0.25,65.0,0.6271999999998777,[23.41   44.98    0.25   65.      0.6272],[-0.2105525   0.10749177  0.          0.         -0.69488051],3
23.41,45.0,0.25,65.0,0.08404999999998695,[23.41    45.       0.25    65.       0.08405],[-0.2105525   0.11193623  0.          0.         -0.79812247],3
23.41,45.07,0.25,65.0,2.5538000000002365,[23.41   45.07    0.25   65.      2.5538],[-0.2105525   0.12749187  0.          0.         -0.32867233],3
23.41,45.24,0.25,65.0,2.3112500000001956,[23.41    45.24     0.25    65.       2.31125],[-0.2105525   0.16526984  0.          0.         -0.37477624],3
23.41,45.52,0.25,65.0,0.6866999999998371,[23.41   45.52    0.25   65.      0.6867],[-0.2105525   0.22749238  0.          0.         -0.68357074],3
23.41,45.54,0.25,65.0,3.948050000000805,[23.41    45.54     0.25    65.       3.94805],[-0.2105525   0.23193684  0.          0.         -0.06365326],3
23.41,45.62,0.25,65.0,5.5635799999999405,[23.41    45.62     0.25    65.       5.56358],[-0.2105525   0.24971471  0.          0.          0.24342673],3
23.41,45.7,0.25,65.0,6.090050000000429,[23.41    45.7      0.25    65.       6.09005],[-0.2105525   0.26749258  0.          0.          0.34349816],3
23.41,45.75,0.25,65.0,4.34543333333311,[23.41       45.75        0.25       65.          4.34543333],[-0.2105525   0.27860375  0.          0.          0.01188138],3
23.41,48.27,0.25,65.0,12.877900000000515,[23.41   48.27    0.25   65.     12.8779],[-0.2105525   0.8386066   0.          0.          1.63373285],2
23.41,48.34,0.25,65.0,2.9290333333332637,[23.41       48.34        0.25       65.          2.92903333],[-0.2105525   0.85416223  0.          0.         -0.25734797],3
23.41,48.37,0.25,65.0,0.392633333333361,[23.41       48.37        0.25       65.          0.39263333],[-0.2105525   0.86082893  0.          0.         -0.73946694],3
23.41,48.57,0.25,65.0,9.812450000000785,[23.41    48.57     0.25    65.       9.81245],[-0.2105525   0.9052736   0.          0.          1.05105204],2
23.41,48.8,0.25,65.0,2.952450000000431,[23.41    48.8      0.25    65.       2.95245],[-0.2105525   0.95638498  0.          0.         -0.25289693],3
23.41,48.86,0.25,65.0,3.458533333333398,[23.41       48.86        0.25       65.          3.45853333],[-0.2105525   0.96971838  0.          0.         -0.1567006 ],3
23.41,48.88,0.25,65.0,2.464200000000313,[23.41   48.88    0.25   65.      2.4642],[-0.2105525   0.97416284  0.          0.         -0.3457035 ],3
23.41,48.92,0.25,65.0,0.6206333333333351,[23.41       48.92        0.25       65.          0.62063333],[-0.2105525   0.98305178  0.          0.         -0.6961287 ],3
23.41,49.05,0.25,65.0,19.78204999999977,[23.41    49.05     0.25    65.      19.78205],[-0.2105525   1.01194081  0.          0.          2.94607385],2
23.41,49.15,0.25,65.0,0.2112500000000591,[23.41    49.15     0.25    65.       0.21125],[-0.2105525   1.03416315  0.          0.         -0.77394429],3
23.41,49.21,0.25,65.0,1.1726916666668254,[23.41       49.21        0.25       65.          1.17269167],[-0.2105525   1.04749655  0.          0.         -0.59119344],3
23.41,49.37,0.25,65.0,0.04500000000002046,[2.341e+01 4.937e+01 2.500e-01 6.500e+01 4.500e-02],[-0.2105525   1.08305229  0.          0.         -0.8055451 ],3
23.41,49.77,0.25,65.0,0.09603333333331515,[23.41       49.77        0.25       65.          0.09603333],[-0.2105525   1.17194163  0.          0.         -0.79584468],3
23.41,49.8,0.25,65.0,12.962133333334318,[23.41       49.8         0.25       65.         12.96213333],[-0.2105525   1.17860833  0.          0.          1.64974392],2
23.41,49.89,0.25,65.0,1.8432000000001396,[23.41   49.89    0.25   65.      1.8432],[-0.2105525   1.19860843  0.          0.         -0.4637432 ],3
23.41,49.95,0.25,65.0,0.3082916666665971,[23.41       49.95        0.25       65.          0.30829167],[-0.2105525   1.21194183  0.          0.         -0.75549861],3
23.41,49.96,0.25,65.0,9.828333333333296,[23.41       49.96        0.25       65.          9.82833333],[-0.2105525   1.21416407  0.          0.          1.05407114],2
23.41,50.03,0.25,65.0,0.2887999999999067,[23.41   50.03    0.25   65.      0.2888],[-0.2105525   1.2297197   0.          0.         -0.75920359],3
23.41,50.59,0.25,65.0,2.0200500000002104,[23.41    50.59     0.25    65.       2.02005],[-0.2105525   1.35416478  0.          0.         -0.43012754],3
23.41,50.83,0.25,65.0,17.404999999999866,[23.41  50.83   0.25  65.    17.405],[-0.2105525   1.40749838  0.          0.          2.49424413],2
23.41,50.9,0.25,65.0,4.11223333333291,[23.41       50.9         0.25       65.          4.11223333],[-0.2105525   1.42305402  0.          0.         -0.03244528],3
23.41,50.98,0.25,65.0,0.8252333333333215,[23.41       50.98        0.25       65.          0.82523333],[-0.2105525   1.44083189  0.          0.         -0.65723833],3
23.41,51.01,0.25,65.0,5.184200000000454,[23.41   51.01    0.25   65.      5.1842],[-0.2105525   1.44749859  0.          0.          0.17131417],3
23.41,51.04,0.25,65.0,0.02205000000000764,[2.341e+01 5.104e+01 2.500e-01 6.500e+01 2.205e-02],[-0.2105525   1.45416529  0.          0.         -0.80990743],3
23.41,51.08,0.25,65.0,0.19844999999985388,[23.41    51.08     0.25    65.       0.19845],[-0.2105525   1.46305422  0.          0.         -0.77637732],3
23.41,52.2,0.25,65.0,0.011249999999962483,[2.341e+01 5.220e+01 2.500e-01 6.500e+01 1.125e-02],[-0.2105525   1.71194438  0.          0.         -0.8119603 ],3
23.42,34.93,0.25,65.0,0.3344333333333275,[23.42       34.93        0.25       65.          0.33443333],[-0.18957955 -2.12585293  0.          0.         -0.7505296 ],0
23.42,34.95,0.25,65.0,0.096800000000024,[23.42   34.95    0.25   65.      0.0968],[-0.18957955 -2.12140847  0.          0.         -0.79569895],0
23.42,35.37,0.25,65.0,18.811899999999753,[23.42   35.37    0.25   65.     18.8119],[-0.18957955 -2.02807466  0.          0.          2.76166772],1
23.42,35.41,0.25,65.0,0.5201999999999815,[23.42   35.41    0.25   65.      0.5202],[-0.18957955 -2.01918572  0.          0.         -0.71521907],0
23.42,35.46,0.25,65.0,11.712799999999604,[23.42   35.46    0.25   65.     11.7128],[-0.18957955 -2.00807456  0.          0.          1.41227061],0
23.42,35.5,0.25,65.0,0.011249999999988063,[2.342e+01 3.550e+01 2.500e-01 6.500e+01 1.125e-02],[-0.18957955 -1.99918562  0.          0.         -0.8119603 ],0
23.42,36.58,0.25,65.0,0.13004999999999536,[23.42    36.58     0.25    65.       0.13005],[-0.18957955 -1.7591844   0.          0.         -0.78937879],0
23.42,37.8,0.25,65.0,3.5112500000000906,[23.42    37.8      0.25    65.       3.51125],[-0.18957955 -1.48807191  0.          0.         -0.14668021],0
23.42,37.88,0.25,65.0,0.7546333333332851,[23.42       37.88        0.25       65.          0.75463333],[-0.18957955 -1.47029404  0.          0.         -0.67065797],0
23.42,38.1,0.25,65.0,16.994449999999574,[23.42    38.1      0.25    65.      16.99445],[-0.18957955 -1.4214049   0.          0.          2.41620678],1
23.42,38.35,0.25,65.0,0.00844999999999202,[2.342e+01 3.835e+01 2.500e-01 6.500e+01 8.450e-03],[-0.18957955 -1.36584907  0.          0.         -0.81249252],0
23.42,38.37,0.25,65.0,0.20480000000002765,[23.42   38.37    0.25   65.      0.2048],[-0.18957955 -1.3614046   0.          0.         -0.77517031],0
23.42,38.43,0.25,65.0,0.0032000000000078216,[2.342e+01 3.843e+01 2.500e-01 6.500e+01 3.200e-03],[-0.18957955 -1.3480712   0.          0.         -0.81349044],0
23.42,38.53,0.25,65.0,16.302049999999884,[23.42    38.53     0.25    65.      16.30205],[-0.18957955 -1.32584886  0.          0.          2.28459537],1
23.42,38.86,0.25,65.0,16.878049999999682,[23.42    38.86     0.25    65.      16.87805],[-0.18957955 -1.25251516  0.          0.          2.39408146],1
23.42,38.92,0.25,65.0,1.0658000000000531,[23.42   38.92    0.25   65.      1.0658],[-0.18957955 -1.23918175  0.          0.         -0.61151141],0
23.42,39.01,0.25,65.0,17.149000000000083,[23.42  39.01   0.25  65.    17.149],[-0.18957955 -1.21918165  0.          0.          2.44558364],1
23.42,39.05,0.25,65.0,8.582799999999908,[23.42   39.05    0.25   65.      8.5828],[-0.18957955 -1.21029272  0.          0.          0.81732014],0
23.42,39.65,0.25,65.0,0.7302999999998918,[23.42   39.65    0.25   65.      0.7303],[-0.18957955 -1.07695871  0.          0.         -0.67528326],0
23.42,39.67,0.25,65.0,0.0071999999999869035,[2.342e+01 3.967e+01 2.500e-01 6.500e+01 7.200e-03],[-0.18957955 -1.07251424  0.          0.         -0.81273012],0
23.42,39.69,0.25,65.0,0.06125000000002785,[2.342e+01 3.969e+01 2.500e-01 6.500e+01 6.125e-02],[-0.18957955 -1.06806977  0.          0.         -0.8024563 ],0
23.42,40.63,0.25,65.0,7.1820500000000775,[23.42    40.63     0.25    65.       7.18205],[-0.18957955 -0.85917982  0.          0.          0.55106554],0
23.42,40.7,0.25,65.0,0.19219999999993234,[23.42   40.7     0.25   65.      0.1922],[-0.18957955 -0.84362419  0.          0.         -0.77756532],0
23.42,40.73,0.25,65.0,16.99445000000057,[23.42    40.73     0.25    65.      16.99445],[-0.18957955 -0.83695749  0.          0.          2.41620678],1
23.42,41.04,0.25,65.0,7.099899999999899,[23.42   41.04    0.25   65.      7.0999],[-0.18957955 -0.76806825  0.          0.          0.53545047],0
23.42,42.48,0.25,65.0,0.5201999999999815,[23.42   42.48    0.25   65.      0.5202],[-0.18957955 -0.44806662  0.          0.         -0.71521907],0
23.42,43.58,0.25,65.0,0.2737999999999226,[23.42   43.58    0.25   65.      0.2738],[-0.18957955 -0.20362093  0.          0.         -0.76205479],3
23.42,43.59,0.25,65.0,0.15679999999996944,[23.42   43.59    0.25   65.      0.1568],[-0.18957955 -0.20139869  0.          0.         -0.78429415],3
23.42,43.69,0.25,65.0,18.573100000000586,[23.42   43.69    0.25   65.     18.5731],[-0.18957955 -0.17917636  0.          0.          2.71627661],2
23.42,43.81,0.25,65.0,19.434599999999694,[23.42   43.81    0.25   65.     19.4346],[-0.18957955 -0.15250956  0.          0.          2.88003055],2
23.42,44.33,0.25,65.0,0.5617999999999421,[23.42   44.33    0.25   65.      0.5618],[-0.18957955 -0.03695341  0.          0.         -0.70731174],3
23.42,45.26,0.25,65.0,0.18000000000001365,[23.42 45.26  0.25 65.    0.18],[-0.18957955  0.16971431  0.          0.         -0.77988429],3
23.42,45.54,0.25,65.0,1.5661583333334141,[23.42       45.54        0.25       65.          1.56615833],[-0.18957955  0.23193684  0.          0.         -0.51640328],3
23.42,45.56,0.25,65.0,5.34644999999994,[23.42    45.56     0.25    65.       5.34645],[-0.18957955  0.23638131  0.          0.          0.20215465],3
23.42,48.33,0.25,65.0,6.588449999999158,[23.42    48.33     0.25    65.       6.58845],[-0.18957955  0.85194     0.          0.          0.43823404],2
23.42,48.35,0.25,65.0,0.6612500000001046,[23.42    48.35     0.25    65.       0.66125],[-0.18957955  0.85638447  0.          0.         -0.68840828],3
23.42,48.85,0.25,65.0,4.2340499999999075,[23.42    48.85     0.25    65.       4.23405],[-0.18957955  0.96749614  0.          0.         -0.00929037],3
23.42,48.88,0.25,65.0,5.267200000000155,[23.42   48.88    0.25   65.      5.2672],[-0.18957955  0.97416284  0.          0.          0.18709081],3
23.42,48.9,0.25,65.0,0.29645000000007354,[23.42    48.9      0.25    65.       0.29645],[-0.18957955  0.97860731  0.          0.         -0.75774947],3
23.42,49.38,0.25,65.0,0.011249999999996589,[2.342e+01 4.938e+01 2.500e-01 6.500e+01 1.125e-02],[-0.18957955  1.08527452  0.          0.         -0.8119603 ],3
23.42,49.83,0.25,65.0,0.7082999999999104,[23.42   49.83    0.25   65.      0.7083],[-0.18957955  1.18527503  0.          0.         -0.67946502],3
23.42,49.89,0.25,65.0,8.904199999999635,[23.42   49.89    0.25   65.      8.9042],[-0.18957955  1.19860843  0.          0.          0.87841186],2
23.42,50.09,0.25,65.0,0.5512499999998329,[23.42    50.09     0.25    65.       0.55125],[-0.18957955  1.2430531   0.          0.         -0.70931708],3
23.42,50.63,0.25,65.0,6.4800000000009,[23.42 50.63  0.25 65.    6.48],[-0.18957955  1.36305371  0.          0.          0.41761986],2
23.42,50.97,0.25,65.0,0.14579999999998036,[23.42   50.97    0.25   65.      0.1458],[-0.18957955  1.43860965  0.          0.         -0.78638503],3
23.42,50.98,0.25,65.0,0.13519999999999055,[23.42   50.98    0.25   65.      0.1352],[-0.18957955  1.44083189  0.          0.         -0.78839988],3
23.42,51.05,0.25,65.0,7.761800000000215,[23.42   51.05    0.25   65.      7.7618],[-0.18957955  1.45638752  0.          0.          0.66126444],2
23.42,52.45,0.25,65.0,0.2887999999999067,[23.42   52.45    0.25   65.      0.2888],[-0.18957955  1.76750022  0.          0.         -0.75920359],3
23.42,53.15,0.25,65.0,1.6380500000005185,[23.42    53.15     0.25    65.       1.63805],[-0.18957955  1.92305656  0.          0.         -0.50273811],3
23.44,35.1,0.25,65.0,0.00044999999999918147,[2.344e+01 3.510e+01 2.500e-01 6.500e+01 4.500e-04],[-0.14763365 -2.08807496  0.          0.         -0.81401316],0
23.44,35.49,0.25,65.0,12.954050000000452,[23.44    35.49     0.25    65.      12.95405],[-0.14763365 -2.00140786  0.          0.          1.64820744],1
23.44,35.55,0.25,65.0,1.2012500000001938,[23.44    35.55     0.25    65.       1.20125],[-0.14763365 -1.98807446  0.          0.         -0.58576507],0
23.44,36.44,0.25,65.0,13.78125,[23.44    36.44     0.25    65.      13.78125],[-0.14763365 -1.79029567  0.          0.          1.80544164],1
23.44,36.45,0.25,65.0,2.226049999999909,[23.44    36.45     0.25    65.       2.22605],[-0.14763365 -1.78807344  0.          0.         -0.39097106],0
23.44,36.49,0.25,65.0,1.674450000000179,[23.44    36.49     0.25    65.       1.67445],[-0.14763365 -1.7791845   0.          0.         -0.4958192 ],0
23.44,36.54,0.25,65.0,6.919200000000101,[23.44   36.54    0.25   65.      6.9192],[-0.14763365 -1.76807334  0.          0.          0.50110301],0
23.44,37.86,0.25,65.0,7.144199999999897,[23.44   37.86    0.25   65.      7.1442],[-0.14763365 -1.47473851  0.          0.          0.54387101],0
23.44,38.06,0.25,65.0,0.03644999999999509,[2.344e+01 3.806e+01 2.500e-01 6.500e+01 3.645e-02],[-0.14763365 -1.43029384  0.          0.         -0.80717028],0
23.44,38.09,0.25,65.0,11.664449999999649,[23.44    38.09     0.25    65.      11.66445],[-0.14763365 -1.42362714  0.          0.          1.40308024],1
23.44,38.12,0.25,65.0,0.32805000000000184,[23.44    38.12     0.25    65.       0.32805],[-0.14763365 -1.41696044  0.          0.         -0.75174295],0
23.44,38.15,0.25,65.0,2.6742333333332153,[23.44       38.15        0.25       65.          2.67423333],[-0.14763365 -1.41029374  0.          0.         -0.30578036],0
23.44,39.03,0.25,65.0,0.47045000000002646,[23.44    39.03     0.25    65.       0.47045],[-0.14763365 -1.21473719  0.          0.         -0.72467555],0
23.44,39.04,0.25,65.0,7.22023333333329,[23.44       39.04        0.25       65.          7.22023333],[-0.14763365 -1.21251495  0.          0.          0.55832343],0
23.44,39.16,0.25,65.0,12.794533333333192,[23.44       39.16        0.25       65.         12.79453333],[-0.14763365 -1.18584815  0.          0.          1.61788651],1
23.44,39.18,0.25,65.0,3.5644500000001944,[23.44    39.18     0.25    65.       3.56445],[-0.14763365 -1.18140368  0.          0.         -0.13656795],0
23.44,39.58,0.25,65.0,8.77804999999999,[23.44    39.58     0.25    65.       8.77805],[-0.14763365 -1.09251434  0.          0.          0.85443326],0
23.44,40.55,0.25,65.0,0.014450000000002705,[2.344e+01 4.055e+01 2.500e-01 6.500e+01 1.445e-02],[-0.14763365 -0.87695769  0.          0.         -0.81135204],0
23.44,40.66,0.25,65.0,1.411199999999725,[23.44   40.66    0.25   65.      1.4112],[-0.14763365 -0.85251312  0.          0.         -0.54585777],0
23.44,40.7,0.25,65.0,8.040049999999507,[23.44    40.7      0.25    65.       8.04005],[-0.14763365 -0.84362419  0.          0.          0.7141542 ],0
23.44,40.96,0.25,65.0,0.2887999999999067,[23.44   40.96    0.25   65.      0.2888],[-0.14763365 -0.78584611  0.          0.         -0.75920359],0
23.44,41.01,0.25,65.0,0.3910333333333339,[23.44       41.01        0.25       65.          0.39103333],[-0.14763365 -0.77473495  0.          0.         -0.73977107],0
23.44,41.05,0.25,65.0,4.805000000000071,[23.44  41.05   0.25  65.     4.805],[-0.14763365 -0.76584601  0.          0.          0.09923582],0
23.44,43.48,0.25,65.0,0.7969000000001921,[23.44   43.48    0.25   65.      0.7969],[-0.14763365 -0.22584326  0.          0.         -0.66262393],3
23.44,43.78,0.25,65.0,9.85679999999999,[23.44   43.78    0.25   65.      9.8568],[-0.14763365 -0.15917626  0.          0.          1.05948209],2
23.44,43.82,0.25,65.0,0.7564500000000224,[23.44    43.82     0.25    65.       0.75645],[-0.14763365 -0.15028732  0.          0.         -0.67031266],3
23.44,43.85,0.25,65.0,0.0007999999999985448,[2.344e+01 4.385e+01 2.500e-01 6.500e+01 8.000e-04],[-0.14763365 -0.14362062  0.          0.         -0.81394663],3
23.44,43.98,0.25,65.0,0.05780000000001082,[2.344e+01 4.398e+01 2.500e-01 6.500e+01 5.780e-02],[-0.14763365 -0.11473159  0.          0.         -0.80311207],3
23.44,44.01,0.25,65.0,0.1624499999998989,[23.44    44.01     0.25    65.       0.16245],[-0.14763365 -0.10806489  0.          0.         -0.7832202 ],3
23.44,44.22,0.25,65.0,0.03380000000005675,[2.344e+01 4.422e+01 2.500e-01 6.500e+01 3.380e-02],[-0.14763365 -0.06139798  0.          0.         -0.80767399],3
23.44,44.6,0.25,65.0,1.862449999999684,[23.44    44.6      0.25    65.       1.86245],[-0.14763365  0.02304689  0.          0.         -0.46008416],3
23.44,44.73,0.25,65.0,0.06845000000008582,[23.44    44.73     0.25    65.       0.06845],[-0.14763365  0.05193593  0.          0.         -0.80108772],3
23.44,44.86,0.25,65.0,0.3041999999999787,[23.44   44.86    0.25   65.      0.3042],[-0.14763365  0.08082496  0.          0.         -0.75627635],3
23.44,45.3,0.25,65.0,14.151200000000872,[23.44   45.3     0.25   65.     14.1512],[-0.14763365  0.17860324  0.          0.          1.87576175],2
23.44,48.33,0.25,65.0,4.530049999999631,[23.44    48.33     0.25    65.       4.53005],[-0.14763365  0.85194     0.          0.          0.04697332],3
23.44,48.35,0.25,65.0,0.008450000000014187,[2.344e+01 4.835e+01 2.500e-01 6.500e+01 8.450e-03],[-0.14763365  0.85638447  0.          0.         -0.81249252],3
23.44,48.46,0.25,65.0,10.857799999999322,[23.44   48.46    0.25   65.     10.8578],[-0.14763365  0.88082904  0.          0.          1.24975219],2
23.44,48.87,0.25,65.0,0.15124999999991245,[23.44    48.87     0.25    65.       0.15125],[-0.14763365  0.97194061  0.          0.         -0.78534909],3
23.44,48.9,0.25,65.0,5.530033333333961,[23.44       48.9         0.25       65.          5.53003333],[-0.14763365  0.97860731  0.          0.          0.23705017],3
23.44,49.47,0.25,65.0,0.0050000000000022735,[2.344e+01 4.947e+01 2.500e-01 6.500e+01 5.000e-03],[-0.14763365  1.10527462  0.          0.         -0.8131483 ],3
23.44,50.58,0.25,65.0,0.2048000000001368,[23.44   50.58    0.25   65.      0.2048],[-0.14763365  1.35194254  0.          0.         -0.77517031],3
23.44,50.61,0.25,65.0,1.0500333333332432,[23.44       50.61        0.25       65.          1.05003333],[-0.14763365  1.35860925  0.          0.         -0.61450834],3
23.44,50.62,0.25,65.0,13.072633333333634,[23.44       50.62        0.25       65.         13.07263333],[-0.14763365  1.36083148  0.          0.          1.67074777],2
23.44,50.67,0.25,65.0,0.33023333333324256,[23.44       50.67        0.25       65.          0.33023333],[-0.14763365  1.37194265  0.          0.         -0.75132794],3
23.44,50.81,0.25,65.0,0.03789999999999813,[2.344e+01 5.081e+01 2.500e-01 6.500e+01 3.790e-02],[-0.14763365  1.40305392  0.          0.         -0.80689466],3
23.44,50.83,0.25,65.0,7.488450000000018,[23.44    50.83     0.25    65.       7.48845],[-0.14763365  1.40749838  0.          0.          0.60930606],2
23.44,50.9,0.25,65.0,1.753091666666547,[23.44       50.9         0.25       65.          1.75309167],[-0.14763365  1.42305402  0.          0.         -0.48087099],3
23.44,52.09,0.25,65.0,1.6927999999996401,[23.44   52.09    0.25   65.      1.6928],[-0.14763365  1.68749981  0.          0.         -0.49233123],3
23.45,35.14,0.25,65.0,0.186049999999939,[23.45    35.14     0.25    65.       0.18605],[-0.1266607  -2.07918603  0.          0.         -0.77873431],0
23.45,35.4,0.25,65.0,15.18004999999995,[23.45    35.4      0.25    65.      15.18005],[-0.1266607  -2.02140796  0.          0.          2.07132558],1
23.45,36.42,0.25,65.0,0.15680000000006494,[23.45   36.42    0.25   65.      0.1568],[-0.1266607  -1.79474014  0.          0.         -0.78429415],0
23.45,36.44,0.25,65.0,7.2544333333333935,[23.45       36.44        0.25       65.          7.25443333],[-0.1266607  -1.79029567  0.          0.          0.56482417],0
23.45,36.54,0.25,65.0,7.761800000000215,[23.45   36.54    0.25   65.      7.7618],[-0.1266607  -1.76807334  0.          0.          0.66126444],0
23.45,36.57,0.25,65.0,2.121800000000239,[23.45   36.57    0.25   65.      2.1218],[-0.1266607  -1.76140663  0.          0.         -0.4107869 ],0
23.45,37.87,0.25,65.0,0.01620000000001146,[2.345e+01 3.787e+01 2.500e-01 6.500e+01 1.620e-02],[-0.1266607  -1.47251628  0.          0.         -0.8110194 ],0
23.45,38.35,0.25,65.0,0.6612500000001046,[23.45    38.35     0.25    65.       0.66125],[-0.1266607  -1.36584907  0.          0.         -0.68840828],0
23.45,38.37,0.25,65.0,0.00499999999999659,[2.345e+01 3.837e+01 2.500e-01 6.500e+01 5.000e-03],[-0.1266607 -1.3614046  0.         0.        -0.8131483],0
23.45,38.64,0.25,65.0,0.36125000000006763,[23.45    38.64     0.25    65.       0.36125],[-0.1266607  -1.30140429  0.          0.         -0.74543229],0
23.45,38.66,0.25,65.0,0.13239999999996266,[23.45   38.66    0.25   65.      0.1324],[-0.1266607  -1.29695983  0.          0.         -0.7889321 ],0
23.45,39.63,0.25,65.0,0.0032000000000078216,[2.345e+01 3.963e+01 2.500e-01 6.500e+01 3.200e-03],[-0.1266607  -1.08140317  0.          0.         -0.81349044],0
23.45,39.65,0.25,65.0,0.02880000000000218,[2.345e+01 3.965e+01 2.500e-01 6.500e+01 2.880e-02],[-0.1266607  -1.07695871  0.          0.         -0.80862439],0
23.45,39.74,0.25,65.0,1.3778000000000414,[23.45   39.74    0.25   65.      1.3778],[-0.1266607  -1.05695861  0.          0.         -0.55220644],0
23.45,40.5,0.25,65.0,1.2640499999999601,[23.45    40.5      0.25    65.       1.26405],[-0.1266607  -0.88806886  0.          0.         -0.57382804],0
23.45,40.51,0.25,65.0,6.055200000000063,[23.45   40.51    0.25   65.      6.0552],[-0.1266607  -0.88584662  0.          0.          0.33687387],0
23.45,40.54,0.25,65.0,0.7687999999999408,[23.45   40.54    0.25   65.      0.7688],[-0.1266607  -0.87917992  0.          0.         -0.66796517],0
23.45,40.73,0.25,65.0,1.1551999999999722,[23.45   40.73    0.25   65.      1.1552],[-0.1266607  -0.83695749  0.          0.         -0.59451825],0
23.45,41.0,0.25,65.0,0.9305333333334392,[23.45       41.          0.25       65.          0.93053333],[-0.1266607  -0.77695718  0.          0.         -0.6372229 ],0
23.45,41.08,0.25,65.0,4.098033333333362,[23.45       41.08        0.25       65.          4.09803333],[-0.1266607  -0.75917931  0.          0.         -0.03514442],0
23.45,43.75,0.25,65.0,0.8844499999999033,[23.45    43.75     0.25    65.       0.88445],[-0.1266607  -0.16584296  0.          0.         -0.64598242],3
23.45,44.25,0.25,65.0,0.14044999999992527,[23.45    44.25     0.25    65.       0.14045],[-0.1266607  -0.05473128  0.          0.         -0.78740196],3
23.45,44.55,0.25,65.0,1.7297999999996025,[23.45   44.55    0.25   65.      1.7298],[-0.1266607   0.01193572  0.          0.         -0.48529827],3
23.45,44.98,0.25,65.0,12.954049999999004,[23.45    44.98     0.25    65.      12.95405],[-0.1266607   0.10749177  0.          0.          1.64820744],2
23.45,45.19,0.25,65.0,7.8012499999997305,[23.45    45.19     0.25    65.       7.80125],[-0.1266607   0.15415867  0.          0.          0.66876309],2
23.45,45.59,0.25,65.0,0.18000000000015007,[23.45 45.59  0.25 65.    0.18],[-0.1266607   0.24304801  0.          0.         -0.77988429],3
23.45,45.61,0.25,65.0,4.867200000000015,[23.45   45.61    0.25   65.      4.8672],[-0.1266607   0.24749248  0.          0.          0.1110588 ],3
23.45,45.65,0.25,65.0,2.0200500000002104,[23.45    45.65     0.25    65.       2.02005],[-0.1266607   0.25638141  0.          0.         -0.43012754],3
23.45,45.75,0.25,65.0,5.979733333333184,[23.45       45.75        0.25       65.          5.97973333],[-0.1266607   0.27860375  0.          0.          0.32252916],3
23.45,48.31,0.25,65.0,0.02205000000000764,[2.345e+01 4.831e+01 2.500e-01 6.500e+01 2.205e-02],[-0.1266607   0.84749553  0.          0.         -0.80990743],3
23.45,48.32,0.25,65.0,2.080799999999926,[23.45   48.32    0.25   65.      2.0808],[-0.1266607   0.84971777  0.          0.         -0.41858018],3
23.45,48.35,0.25,65.0,9.21113666666697,[23.45       48.35        0.25       65.          9.21113667],[-0.1266607   0.85638447  0.          0.          0.93675439],2
23.45,48.38,0.25,65.0,0.7199999999999181,[23.45 48.38  0.25 65.    0.72],[-0.1266607   0.86305117  0.          0.         -0.67724108],3
23.45,48.4,0.25,65.0,0.3280499999999558,[23.45    48.4      0.25    65.       0.32805],[-0.1266607   0.86749563  0.          0.         -0.75174295],3
23.45,48.52,0.25,65.0,0.36979999999981616,[23.45   48.52    0.25   65.      0.3698],[-0.1266607   0.89416244  0.          0.         -0.7438071 ],3
23.45,49.31,0.25,65.0,4.774049999999396,[23.45    49.31     0.25    65.       4.77405],[-0.1266607   1.06971889  0.          0.          0.09335284],3
23.45,49.38,0.25,65.0,0.05119999999994325,[2.345e+01 4.938e+01 2.500e-01 6.500e+01 5.120e-02],[-0.1266607   1.08527452  0.          0.         -0.8043666 ],3
23.45,49.61,0.25,65.0,0.31999999999987266,[23.45 49.61  0.25 65.    0.32],[-0.1266607   1.13638589  0.          0.         -0.75327309],3
23.45,49.94,0.25,65.0,0.5136333333332884,[23.45       49.94        0.25       65.          0.51363333],[-0.1266607   1.2097196   0.          0.         -0.71646726],3
23.45,50.01,0.25,65.0,3.591199999999866,[23.45   50.01    0.25   65.      3.5912],[-0.1266607   1.22527523  0.          0.         -0.13148331],3
23.45,50.05,0.25,65.0,0.19844999999999713,[23.45    50.05     0.25    65.       0.19845],[-0.1266607   1.23416417  0.          0.         -0.77637732],3
23.45,50.62,0.25,65.0,7.801249999999282,[23.45    50.62     0.25    65.       7.80125],[-0.1266607   1.36083148  0.          0.          0.66876309],2
23.45,50.64,0.25,65.0,15.215433333333364,[23.45       50.64        0.25       65.         15.21543333],[-0.1266607   1.36527595  0.          0.          2.07805124],2
23.45,50.78,0.25,65.0,1.2732333333334878,[23.45       50.78        0.25       65.          1.27323333],[-0.1266607   1.39638722  0.          0.         -0.57208247],3
23.45,52.54,0.25,65.0,1.296050000000022,[23.45    52.54     0.25    65.       1.29605],[-0.1266607   1.78750032  0.          0.         -0.56774548],3
23.45,53.12,0.25,65.0,0.001249999999992042,[2.345e+01 5.312e+01 2.500e-01 6.500e+01 1.250e-03],[-0.1266607   1.91638986  0.          0.         -0.8138611 ],3
23.46,35.13,0.25,65.0,0.08404999999996364,[23.46    35.13     0.25    65.       0.08405],[-0.10568775 -2.08140826  0.          0.         -0.79812247],0
23.46,35.16,0.25,65.0,1.185799999999944,[23.46   35.16    0.25   65.      1.1858],[-0.10568775 -2.07474156  0.          0.         -0.5887018 ],0
23.46,36.43,0.25,65.0,5.088050000000174,[23.46    36.43     0.25    65.       5.08805],[-0.10568775 -1.7925179   0.          0.          0.15303797],0
23.46,37.84,0.25,65.0,3.0258000000000895,[23.46   37.84    0.25   65.      3.0258],[-0.10568775 -1.47918298  0.          0.         -0.23895456],0
23.46,37.86,0.25,65.0,0.8320499999999531,[23.46    37.86     0.25    65.       0.83205],[-0.10568775 -1.47473851  0.          0.         -0.65594261],0
23.46,37.9,0.25,65.0,1.5841999999999514,[23.46   37.9     0.25   65.      1.5842],[-0.10568775 -1.46584958  0.          0.         -0.51297392],0
23.46,37.91,0.25,65.0,1.2640499999998698,[23.46    37.91     0.25    65.       1.26405],[-0.10568775 -1.46362734  0.          0.         -0.57382804],0
23.46,38.2,0.25,65.0,1.7484500000001149,[23.46    38.2      0.25    65.       1.74845],[-0.10568775 -1.39918257  0.          0.         -0.48175328],0
23.46,38.4,0.25,65.0,11.568049999999738,[23.46    38.4      0.25    65.      11.56805],[-0.10568775 -1.3547379   0.          0.          1.38475653],1
23.46,38.46,0.25,65.0,6.230450000000506,[23.46    38.46     0.25    65.       6.23045],[-0.10568775 -1.3414045   0.          0.          0.37018539],0
23.46,38.72,0.25,65.0,11.292099999999875,[23.46   38.72    0.25   65.     11.2921],[-0.10568775 -1.28362643  0.          0.          1.33230395],1
23.46,38.76,0.25,65.0,10.035200000000081,[23.46   38.76    0.25   65.     10.0352],[-0.10568775 -1.27473749  0.          0.          1.09339236],0
23.46,38.77,0.25,65.0,1.3284499999999,[23.46    38.77     0.25    65.       1.32845],[-0.10568775 -1.27251526  0.          0.         -0.56158689],0
23.46,39.56,0.25,65.0,0.1746333333332854,[23.46       39.56        0.25       65.          0.17463333],[-0.10568775 -1.09695881  0.          0.         -0.78090439],0
23.46,39.65,0.25,65.0,0.6668999999999901,[23.46   39.65    0.25   65.      0.6669],[-0.10568775 -1.07695871  0.          0.         -0.68733433],0
23.46,39.68,0.25,65.0,0.022049999999971828,[2.346e+01 3.968e+01 2.500e-01 6.500e+01 2.205e-02],[-0.10568775 -1.07029201  0.          0.         -0.80990743],0
23.46,39.7,0.25,65.0,1.8818000000001058,[23.46   39.7     0.25   65.      1.8818],[-0.10568775 -1.06584754  0.          0.         -0.45640611],0
23.46,40.77,0.25,65.0,18.972800000000504,[23.46   40.77    0.25   65.     18.9728],[-0.10568775 -0.82806855  0.          0.          2.79225159],1
23.46,40.78,0.25,65.0,5.712199999999792,[23.46   40.78    0.25   65.      5.7122],[-0.10568775 -0.82584632  0.          0.          0.27167642],0
23.46,42.72,0.25,65.0,2.0604500000001753,[23.46    42.72     0.25    65.       2.06045],[-0.10568775 -0.39473301  0.          0.         -0.42244831],0
23.46,43.79,0.25,65.0,12.5,[23.46 43.79  0.25 65.   12.5 ],[-0.10568775 -0.15695402  0.          0.          1.56190161],2
23.46,43.81,0.25,65.0,19.78204999999977,[23.46    43.81     0.25    65.      19.78205],[-0.10568775 -0.15250956  0.          0.          2.94607385],1
23.46,43.82,0.25,65.0,7.930799999999838,[23.46   43.82    0.25   65.      7.9308],[-0.10568775 -0.15028732  0.          0.          0.69338796],2
23.46,43.94,0.25,65.0,0.5814333333333197,[23.46       43.94        0.25       65.          0.58143333],[-0.10568775 -0.12362052  0.          0.         -0.70357984],3
23.46,44.77,0.25,65.0,1.53125,[23.46    44.77     0.25    65.       1.53125],[-0.10568775  0.06082486  0.          0.         -0.52303866],3
23.46,45.8,0.25,65.0,11.139200000000665,[23.46   45.8     0.25   65.     11.1392],[-0.10568775  0.28971492  0.          0.          1.30324071],2
23.46,48.29,0.25,65.0,0.6497999999999845,[23.46   48.29    0.25   65.      0.6498],[-0.10568775  0.84305107  0.          0.         -0.6905847 ],3
23.46,48.31,0.25,65.0,0.125,[23.46  48.31   0.25  65.     0.125],[-0.10568775  0.84749553  0.          0.         -0.79033869],3
23.46,48.33,0.25,65.0,16.453233333334037,[23.46       48.33        0.25       65.         16.45323333],[-0.10568775  0.85194     0.          0.          2.3133323 ],2
23.46,49.02,0.25,65.0,0.016199999999970533,[2.346e+01 4.902e+01 2.500e-01 6.500e+01 1.620e-02],[-0.10568775  1.00527411  0.          0.         -0.8110194 ],3
23.46,49.4,0.25,65.0,3.0258000000000895,[23.46   49.4     0.25   65.      3.0258],[-0.10568775  1.08971899  0.          0.         -0.23895456],3
23.46,50.44,0.25,65.0,0.024200000000031013,[2.346e+01 5.044e+01 2.500e-01 6.500e+01 2.420e-02],[-0.10568775  1.32083128  0.          0.         -0.80949876],3
23.46,50.79,0.25,65.0,1.1551999999999722,[23.46   50.79    0.25   65.      1.1552],[-0.10568775  1.39860945  0.          0.         -0.59451825],3
23.46,50.93,0.25,65.0,18.12742499999972,[23.46     50.93      0.25     65.       18.127425],[-0.10568775  1.42972072  0.          0.          2.63156269],2
23.48,35.3,0.25,65.0,0.23805000000003765,[23.48    35.3      0.25    65.       0.23805],[-0.06374185 -2.04363029  0.          0.         -0.76885015],0
23.48,36.43,0.25,65.0,3.920000000000032,[23.48 36.43  0.25 65.    3.92],[-0.06374185 -1.7925179   0.          0.         -0.068985  ],0
23.48,36.47,0.25,65.0,12.269666666666893,[23.48       36.47        0.25       65.         12.26966667],[-0.06374185 -1.78362897  0.          0.          1.51811984],1
23.48,37.85,0.25,65.0,0.8191999999999651,[23.48   37.85    0.25   65.      0.8192],[-0.06374185 -1.47696074  0.          0.         -0.65838514],0
23.48,37.93,0.25,65.0,0.43245000000000633,[23.48    37.93     0.25    65.       0.43245],[-0.06374185 -1.45918287  0.          0.         -0.73189859],0
23.48,38.77,0.25,65.0,0.17999999999994543,[23.48 38.77  0.25 65.    0.18],[-0.06374185 -1.27251526  0.          0.         -0.77988429],0
23.48,38.78,0.25,65.0,2.2049999999999286,[23.48  38.78   0.25  65.     2.205],[-0.06374185 -1.27029302  0.          0.         -0.39497224],0
23.48,40.49,0.25,65.0,13.833799999999952,[23.48   40.49    0.25   65.     13.8338],[-0.06374185 -0.89029109  0.          0.          1.81543035],1
23.48,40.69,0.25,65.0,0.11045000000006626,[23.48    40.69     0.25    65.       0.11045],[-0.06374185 -0.84584642  0.          0.         -0.79310436],0
23.48,42.33,0.25,65.0,0.7564500000000224,[23.48    42.33     0.25    65.       0.75645],[-0.06374185 -0.48140012  0.          0.         -0.67031266],0
23.48,42.42,0.25,65.0,0.028799999999974898,[2.348e+01 4.242e+01 2.500e-01 6.500e+01 2.880e-02],[-0.06374185 -0.46140002  0.          0.         -0.80862439],0
23.48,43.9,0.25,65.0,0.05119999999994325,[2.348e+01 4.390e+01 2.500e-01 6.500e+01 5.120e-02],[-0.06374185 -0.13250946  0.          0.         -0.8043666 ],3
23.48,43.94,0.25,65.0,3.0504499999997865,[23.48    43.94     0.25    65.       3.05045],[-0.06374185 -0.12362052  0.          0.         -0.23426909],3
23.48,43.97,0.25,65.0,0.08820000000003056,[23.48   43.97    0.25   65.      0.0882],[-0.06374185 -0.11695382  0.          0.         -0.79733364],3
23.48,44.85,0.25,65.0,0.0024500000000035015,[2.348e+01 4.485e+01 2.500e-01 6.500e+01 2.450e-03],[-0.06374185  0.07860273  0.          0.         -0.813633  ],3
23.48,45.5,0.25,65.0,0.08404999999998695,[23.48    45.5      0.25    65.       0.08405],[-0.06374185  0.22304791  0.          0.         -0.79812247],3
23.48,48.23,0.25,65.0,0.24499999999995226,[23.48  48.23   0.25  65.     0.245],[-0.06374185  0.82971766  0.          0.         -0.76752909],3
23.48,48.26,0.25,65.0,2.142450000000339,[23.48    48.26     0.25    65.       2.14245],[-0.06374185  0.83638437  0.          0.         -0.40686175],3
23.48,48.3,0.25,65.0,13.005000000001276,[23.48  48.3    0.25  65.    13.005],[-0.06374185  0.8452733   0.          0.          1.65789202],2
23.48,48.32,0.25,65.0,0.296449999999986,[23.48    48.32     0.25    65.       0.29645],[-0.06374185  0.84971777  0.          0.         -0.75774947],3
23.48,48.79,0.25,65.0,4.32180000000016,[23.48   48.79    0.25   65.      4.3218],[-0.06374185  0.95416274  0.          0.          0.00738915],3
23.48,48.88,0.25,65.0,0.17405000000005233,[23.48    48.88     0.25    65.       0.17405],[-0.06374185  0.97416284  0.          0.         -0.78101527],3
23.48,49.32,0.25,65.0,0.2591999999999378,[23.48   49.32    0.25   65.      0.2592],[-0.06374185  1.07194112  0.          0.         -0.76482996],3
23.48,49.89,0.25,65.0,0.125,[23.48  49.89   0.25  65.     0.125],[-0.06374185  1.19860843  0.          0.         -0.79033869],3
23.48,49.93,0.25,65.0,6.465900000000102,[23.48   49.93    0.25   65.      6.4659],[-0.06374185  1.20749737  0.          0.          0.41493973],3
23.48,50.53,0.25,65.0,0.35280000000012224,[23.48   50.53    0.25   65.      0.3528],[-0.06374185  1.34083138  0.          0.         -0.74703846],3
23.48,50.65,0.25,65.0,0.0024500000000114595,[2.348e+01 5.065e+01 2.500e-01 6.500e+01 2.450e-03],[-0.06374185  1.36749818  0.          0.         -0.813633  ],3
23.48,50.79,0.25,65.0,3.0606166666668733,[23.48       50.79        0.25       65.          3.06061667],[-0.06374185  1.39860945  0.          0.         -0.23233661],3
23.48,50.86,0.25,65.0,8.582657142857363,[23.48       50.86        0.25       65.          8.58265714],[-0.06374185  1.41416508  0.          0.          0.81729298],2
23.48,50.89,0.25,65.0,1.7298000000000253,[23.48   50.89    0.25   65.      1.7298],[-0.06374185  1.42083178  0.          0.         -0.48529827],3
23.48,50.9,0.25,65.0,0.6161666666665562,[23.48       50.9         0.25       65.          0.61616667],[-0.06374185  1.42305402  0.          0.         -0.69697772],3
23.48,50.92,0.25,65.0,1.9452333333330194,[23.48       50.92        0.25       65.          1.94523333],[-0.06374185  1.42749848  0.          0.         -0.4443487 ],3
23.49,36.46,0.25,65.0,3.1508333333334226,[23.49       36.46        0.25       65.          3.15083333],[-0.04276891 -1.7858512   0.          0.         -0.21518822],0
23.49,36.49,0.25,65.0,0.361249999999971,[23.49    36.49     0.25    65.       0.36125],[-0.04276891 -1.7791845   0.          0.         -0.74543229],0
23.49,37.81,0.25,65.0,0.9765999999999748,[23.49   37.81    0.25   65.      0.9766],[-0.04276891 -1.48584968  0.          0.         -0.62846655],0
23.49,37.85,0.25,65.0,2.0044333333333646,[23.49       37.85        0.25       65.          2.00443333],[-0.04276891 -1.47696074  0.          0.         -0.43309596],0
23.49,37.88,0.25,65.0,0.14044999999998553,[23.49    37.88     0.25    65.       0.14045],[-0.04276891 -1.47029404  0.          0.         -0.78740196],0
23.49,37.91,0.25,65.0,2.90405000000006,[23.49    37.91     0.25    65.       2.90405],[-0.04276891 -1.46362734  0.          0.         -0.2620968 ],0
23.49,38.04,0.25,65.0,0.044999999999986356,[2.349e+01 3.804e+01 2.500e-01 6.500e+01 4.500e-02],[-0.04276891 -1.43473831  0.          0.         -0.8055451 ],0
23.49,38.12,0.25,65.0,0.19845000000003293,[23.49    38.12     0.25    65.       0.19845],[-0.04276891 -1.41696044  0.          0.         -0.77637732],0
23.49,38.28,0.25,65.0,0.17405000000005233,[23.49    38.28     0.25    65.       0.17405],[-0.04276891 -1.3814047   0.          0.         -0.78101527],0
23.49,38.69,0.25,65.0,0.151249999999975,[23.49    38.69     0.25    65.       0.15125],[-0.04276891 -1.29029313  0.          0.         -0.78534909],0
23.49,39.86,0.25,65.0,5.088050000000174,[23.49    39.86     0.25    65.       5.08805],[-0.04276891 -1.0302918   0.          0.          0.15303797],0
23.49,40.17,0.25,65.0,2.2684500000001115,[23.49    40.17     0.25    65.       2.26845],[-0.04276891 -0.96140256  0.          0.         -0.38291167],0
23.49,40.2,0.25,65.0,3.2257999999999076,[23.49   40.2     0.25   65.      3.2258],[-0.04276891 -0.95473586  0.          0.         -0.20093855],0
23.49,40.27,0.25,65.0,0.2664500000000133,[23.49    40.27     0.25    65.       0.26645],[-0.04276891 -0.93918023  0.          0.         -0.76345187],0
23.49,40.64,0.25,65.0,0.01999999999996362,[2.349e+01 4.064e+01 2.500e-01 6.500e+01 2.000e-02],[-0.04276891 -0.85695759  0.          0.         -0.8102971 ],0
23.49,40.75,0.25,65.0,0.6384499999999949,[23.49    40.75     0.25    65.       0.63845],[-0.04276891 -0.83251302  0.          0.         -0.69274211],0
23.49,41.28,0.25,65.0,1.9404500000000537,[23.49    41.28     0.25    65.       1.94045],[-0.04276891 -0.71473464  0.          0.         -0.44525791],0
23.49,43.9,0.25,65.0,9.945800000000162,[23.49   43.9     0.25   65.      9.9458],[-0.04276891 -0.13250946  0.          0.          1.07639921],1
23.49,43.91,0.25,65.0,3.7264500000000496,[23.49    43.91     0.25    65.       3.72645],[-0.04276891 -0.13028722  0.          0.         -0.10577499],3
23.49,43.93,0.25,65.0,6.336799999999806,[23.49   43.93    0.25   65.      6.3368],[-0.04276891 -0.12584275  0.          0.          0.3904004 ],3
23.49,45.66,0.25,65.0,0.5617999999999421,[23.49   45.66    0.25   65.      0.5618],[-0.04276891  0.25860365  0.          0.         -0.70731174],3
23.49,48.24,0.25,65.0,0.4512499999999352,[23.49    48.24     0.25    65.       0.45125],[-0.04276891  0.8319399   0.          0.         -0.72832509],3
23.49,48.55,0.25,65.0,1.8924666666666308,[23.49       48.55        0.25       65.          1.89246667],[-0.04276891  0.90082914  0.          0.         -0.45437859],3
23.49,48.88,0.25,65.0,10.260449999999876,[23.49    48.88     0.25    65.      10.26045],[-0.04276891  0.97416284  0.          0.          1.13620789],2
23.49,48.94,0.25,65.0,1.75663333333313,[23.49       48.94        0.25       65.          1.75663333],[-0.04276891  0.98749625  0.          0.         -0.48019779],3
23.49,49.84,0.25,65.0,0.15124999999991245,[23.49    49.84     0.25    65.       0.15125],[-0.04276891  1.18749726  0.          0.         -0.78534909],3
23.49,49.9,0.25,65.0,2.3042333333336966,[23.49       49.9         0.25       65.          2.30423333],[-0.04276891  1.20083066  0.          0.         -0.37610997],3
23.49,49.91,0.25,65.0,0.2290333333332896,[23.49       49.91        0.25       65.          0.22903333],[-0.04276891  1.2030529   0.          0.         -0.77056404],3
23.49,49.97,0.25,65.0,0.13005000000005335,[23.49    49.97     0.25    65.       0.13005],[-0.04276891  1.2163863   0.          0.         -0.78937879],3
23.49,50.27,0.25,65.0,0.732050000000044,[23.49    50.27     0.25    65.       0.73205],[-0.04276891  1.28305331  0.          0.         -0.67495062],3
23.49,50.3,0.25,65.0,0.026450000000004182,[2.349e+01 5.030e+01 2.500e-01 6.500e+01 2.645e-02],[-0.04276891  1.28972001  0.          0.         -0.80907108],3
23.49,50.53,0.25,65.0,3.075200000000045,[23.49   50.53    0.25   65.      3.0752],[-0.04276891  1.34083138  0.          0.         -0.22956461],3
23.49,50.88,0.25,65.0,1.960200000000036,[23.49   50.88    0.25   65.      1.9602],[-0.04276891  1.41860955  0.          0.         -0.44150383],3
23.51,34.85,0.25,65.0,15.512449999999646,[23.51    34.85     0.25    65.      15.51245],"[-8.23006514e-04 -2.14363080e+00  0.00000000e+00  0.00000000e+00
  2.13450818e+00]",1
23.51,37.81,0.25,65.0,3.0012499999996938,[23.51    37.81     0.25    65.       3.00125],"[-8.23006514e-04 -1.48584968e+00  0.00000000e+00  0.00000000e+00
 -2.43621024e-01]",0
23.51,37.82,0.25,65.0,2.0,[23.51 37.82  0.25 65.    2.  ],"[-8.23006514e-04 -1.48362744e+00  0.00000000e+00  0.00000000e+00
 -4.33938648e-01]",0
23.51,37.84,0.25,65.0,5.335833333332994,[23.51       37.84        0.25       65.          5.33583333],"[-8.23006514e-04 -1.47918298e+00  0.00000000e+00  0.00000000e+00
  2.00136633e-01]",0
23.51,37.86,0.25,65.0,0.709670000000012,[23.51    37.86     0.25    65.       0.70967],"[-8.23006514e-04 -1.47473851e+00  0.00000000e+00  0.00000000e+00
 -6.79204606e-01]",0
23.51,37.89,0.25,65.0,1.7672000000000982,[23.51   37.89    0.25   65.      1.7672],"[-8.23006514e-04 -1.46807181e+00  0.00000000e+00  0.00000000e+00
 -4.78189278e-01]",0
23.51,38.25,0.25,65.0,1.7982333333334304,[23.51       38.25        0.25       65.          1.79823333],"[-8.23006514e-04 -1.38807140e+00  0.00000000e+00  0.00000000e+00
 -4.72290461e-01]",0
23.51,39.66,0.25,65.0,2.2898000000000924,[23.51   39.66    0.25   65.      2.2898],"[-8.23006514e-04 -1.07473647e+00  0.00000000e+00  0.00000000e+00
 -3.78853457e-01]",0
23.51,40.17,0.25,65.0,0.361249999999971,[23.51    40.17     0.25    65.       0.36125],"[-8.23006514e-04 -9.61402563e-01  0.00000000e+00  0.00000000e+00
 -7.45432289e-01]",0
23.51,40.2,0.25,65.0,1.806233333333368,[23.51       40.2         0.25       65.          1.80623333],"[-8.23006514e-04 -9.54735863e-01  0.00000000e+00  0.00000000e+00
 -4.70769821e-01]",0
23.51,40.27,0.25,65.0,19.867600000000273,[23.51   40.27    0.25   65.     19.8676],"[-8.23006514e-04 -9.39180228e-01  0.00000000e+00  0.00000000e+00
  2.96233520e+00]",1
23.51,40.44,0.25,65.0,1.0334333333334091,[23.51       40.44        0.25       65.          1.03343333],"[-8.23006514e-04 -9.01402258e-01  0.00000000e+00  0.00000000e+00
 -6.17663664e-01]",0
23.51,40.5,0.25,65.0,2.691200000000248,[23.51   40.5     0.25   65.      2.6912],"[-8.23006514e-04 -8.88068857e-01  0.00000000e+00  0.00000000e+00
 -3.02555336e-01]",0
23.51,40.59,0.25,65.0,0.2312000000001206,[23.51   40.59    0.25   65.      0.2312],"[-8.23006514e-04 -8.68068755e-01  0.00000000e+00  0.00000000e+00
 -7.70152196e-01]",0
23.51,40.66,0.25,65.0,1.6562000000002979,[23.51   40.66    0.25   65.      1.6562],"[-8.23006514e-04 -8.52513120e-01  0.00000000e+00  0.00000000e+00
 -4.99288161e-01]",0
23.51,40.68,0.25,65.0,3.5644500000001944,[23.51    40.68     0.25    65.       3.56445],"[-8.23006514e-04 -8.48068653e-01  0.00000000e+00  0.00000000e+00
 -1.36567954e-01]",0
23.51,40.81,0.25,65.0,1.824049999999939,[23.51    40.81     0.25    65.       1.82405],[-0.00082301 -0.81917962  0.          0.         -0.46738323],0
23.51,41.1,0.25,65.0,0.7625333333333196,[23.51       41.1         0.25       65.          0.76253333],[-0.00082301 -0.75473484  0.          0.         -0.66915634],0
23.51,41.13,0.25,65.0,0.7687999999998703,[23.51   41.13    0.25   65.      0.7688],[-0.00082301 -0.74806814  0.          0.         -0.66796517],0
23.51,41.14,0.25,65.0,0.12004999999994875,[23.51    41.14     0.25    65.       0.12005],[-0.00082301 -0.74584591  0.          0.         -0.79127959],0
23.51,42.57,0.25,65.0,18.849799999999217,[23.51   42.57    0.25   65.     18.8498],"[-8.23006514e-04 -4.28066515e-01  0.00000000e+00  0.00000000e+00
  2.76887175e+00]",1
23.51,45.47,0.25,65.0,0.6160499999997627,[23.51    45.47     0.25    65.       0.61605],[-0.00082301  0.21638121  0.          0.         -0.6969999 ],3
23.51,45.57,0.25,65.0,1.328450000000178,[23.51    45.57     0.25    65.       1.32845],[-0.00082301  0.23860354  0.          0.         -0.56158689],3
23.51,48.21,0.25,65.0,2.3112500000001956,[23.51    48.21     0.25    65.       2.31125],"[-8.23006514e-04  8.25273197e-01  0.00000000e+00  0.00000000e+00
 -3.74776241e-01]",3
23.51,48.26,0.25,65.0,10.125,[23.51  48.26   0.25  65.    10.125],"[-8.23006514e-04  8.36384365e-01  0.00000000e+00  0.00000000e+00
  1.11046155e+00]",2
23.51,48.9,0.25,65.0,0.36980000000006064,[23.51   48.9     0.25   65.      0.3698],"[-8.23006514e-04  9.78607311e-01  0.00000000e+00  0.00000000e+00
 -7.43807104e-01]",3
23.51,49.24,0.25,65.0,0.696199999999941,[23.51   49.24    0.25   65.      0.6962],"[-8.23006514e-04  1.05416325e+00  0.00000000e+00  0.00000000e+00
 -6.81764984e-01]",3
23.51,49.75,0.25,65.0,7.4884499999995775,[23.51    49.75     0.25    65.       7.48845],"[-8.23006514e-04  1.16749716e+00  0.00000000e+00  0.00000000e+00
  6.09306062e-01]",2
23.51,49.83,0.25,65.0,0.039200000000024195,[2.351e+01 4.983e+01 2.500e-01 6.500e+01 3.920e-02],"[-8.23006514e-04  1.18527503e+00  0.00000000e+00  0.00000000e+00
 -8.06647561e-01]",3
23.51,49.9,0.25,65.0,1.2821333333334173,[23.51       49.9         0.25       65.          1.28213333],"[-8.23006514e-04  1.20083066e+00  0.00000000e+00  0.00000000e+00
 -5.70390762e-01]",3
23.51,49.93,0.25,65.0,0.001800000000003547,[2.351e+01 4.993e+01 2.500e-01 6.500e+01 1.800e-03],"[-8.23006514e-04  1.20749737e+00  0.00000000e+00  0.00000000e+00
 -8.13756553e-01]",3
23.51,50.33,0.25,65.0,10.833733333333655,[23.51       50.33        0.25       65.         10.83373333],"[-8.23006514e-04  1.29638671e+00  0.00000000e+00  0.00000000e+00
  1.24517760e+00]",2
23.51,50.68,0.25,65.0,1.0512499999997362,[23.51    50.68     0.25    65.       1.05125],"[-8.23006514e-04  1.37416488e+00  0.00000000e+00  0.00000000e+00
 -6.14277072e-01]",3
23.51,50.7,0.25,65.0,0.004999999999990905,[2.351e+01 5.070e+01 2.500e-01 6.500e+01 5.000e-03],"[-8.23006514e-04  1.37860935e+00  0.00000000e+00  0.00000000e+00
 -8.13148297e-01]",3
23.52,34.85,0.25,65.0,0.026450000000004182,[2.352e+01 3.485e+01 2.500e-01 6.500e+01 2.645e-02],[ 0.02014994 -2.1436308   0.          0.         -0.80907108],0
23.52,34.89,0.25,65.0,1.2012500000001938,[23.52    34.89     0.25    65.       1.20125],[ 0.02014994 -2.13474187  0.          0.         -0.58576507],0
23.52,35.13,0.25,65.0,3.5912000000000184,[23.52   35.13    0.25   65.      3.5912],[ 0.02014994 -2.08140826  0.          0.         -0.13148331],0
23.52,37.86,0.25,65.0,0.6421333333331718,[23.52       37.86        0.25       65.          0.64213333],[ 0.02014994 -1.47473851  0.          0.         -0.69204198],0
23.52,40.15,0.25,65.0,0.13519999999999055,[23.52   40.15    0.25   65.      0.1352],[ 0.02014994 -0.96584703  0.          0.         -0.78839988],0
23.52,40.17,0.25,65.0,0.23805000000003765,[23.52    40.17     0.25    65.       0.23805],[ 0.02014994 -0.96140256  0.          0.         -0.76885015],0
23.52,40.19,0.25,65.0,10.18623333333315,[23.52       40.19        0.25       65.         10.18623333],[ 0.02014994 -0.9569581   0.          0.          1.12210078],1
23.52,40.21,0.25,65.0,8.207670000000086,[23.52    40.21     0.25    65.       8.20767],[ 0.02014994 -0.95251363  0.          0.          0.74601542],0
23.52,40.22,0.25,65.0,4.356966666666731,[23.52       40.22        0.25       65.          4.35696667],[ 0.02014994 -0.9502914   0.          0.          0.01407363],0
23.52,40.26,0.25,65.0,4.29245000000002,[23.52    40.26     0.25    65.       4.29245],[ 0.02014994 -0.94140246  0.          0.          0.0018103 ],0
23.52,40.27,0.25,65.0,14.524899999999981,[23.52   40.27    0.25   65.     14.5249],[ 0.02014994 -0.93918023  0.          0.          1.94679465],1
23.52,40.35,0.25,65.0,0.7954333333333484,[23.52       40.35        0.25       65.          0.79543333],[ 0.02014994 -0.92140236  0.          0.         -0.66290271],0
23.52,40.49,0.25,65.0,1.0952000000000268,[23.52   40.49    0.25   65.      1.0952],[ 0.02014994 -0.89029109  0.          0.         -0.60592305],0
23.52,40.58,0.25,65.0,0.13004999999993738,[23.52    40.58     0.25    65.       0.13005],[ 0.02014994 -0.87029099  0.          0.         -0.78937879],0
23.52,40.62,0.25,65.0,0.31204999999997124,[23.52    40.62     0.25    65.       0.31205],[ 0.02014994 -0.86140205  0.          0.         -0.75478423],0
23.52,40.65,0.25,65.0,2.2115200000001454,[23.52    40.65     0.25    65.       2.21152],[ 0.02014994 -0.85473535  0.          0.         -0.39373292],0
23.52,40.8,0.25,65.0,4.470049999999348,[23.52    40.8      0.25    65.       4.47005],[ 0.02014994 -0.82140185  0.          0.          0.03556852],0
23.52,41.18,0.25,65.0,16.131199999999716,[23.52   41.18    0.25   65.     16.1312],[ 0.02014994 -0.73695698  0.          0.          2.25212019],1
23.52,41.32,0.25,65.0,13.572049999999894,[23.52    41.32     0.25    65.      13.57205],[ 0.02014994 -0.70584571  0.          0.          1.7656769 ],1
23.52,42.63,0.25,65.0,2.668049999999874,[23.52    42.63     0.25    65.       2.66805],[ 0.02014994 -0.41473311  0.          0.         -0.30695569],3
23.52,43.11,0.25,65.0,7.527199999999983,[23.52   43.11    0.25   65.      7.5272],[ 0.02014994 -0.3080659   0.          0.          0.61667166],1
23.52,44.62,0.25,65.0,0.8844499999999033,[23.52    44.62     0.25    65.       0.88445],[ 0.02014994  0.02749136  0.          0.         -0.64598242],3
23.52,44.66,0.25,65.0,10.664033333333053,[23.52       44.66        0.25       65.         10.66403333],[0.02014994 0.03638029 0.         0.         1.21292102],1
23.52,45.51,0.25,65.0,0.6726999999999422,[23.52   45.51    0.25   65.      0.6727],[ 0.02014994  0.22527014  0.          0.         -0.68623187],3
23.52,45.53,0.25,65.0,9.990449999999614,[23.52    45.53     0.25    65.       9.99045],[0.02014994 0.22971461 0.         0.         1.08488628],2
23.52,45.54,0.25,65.0,2.0626333333335514,[23.52       45.54        0.25       65.          2.06263333],[ 0.02014994  0.23193684  0.          0.         -0.4220333 ],3
23.52,45.56,0.25,65.0,11.086233333332483,[23.52       45.56        0.25       65.         11.08623333],[0.02014994 0.23638131 0.         0.         1.29317281],2
23.52,45.57,0.25,65.0,5.216450000000059,[23.52    45.57     0.25    65.       5.21645],[0.02014994 0.23860354 0.         0.         0.17744425],3
23.52,48.19,0.25,65.0,1.22080000000011,[23.52   48.19    0.25   65.      1.2208],[ 0.02014994  0.82082873  0.          0.         -0.582049  ],3
23.52,49.26,0.25,65.0,0.00844999999996985,[2.352e+01 4.926e+01 2.500e-01 6.500e+01 8.450e-03],[ 0.02014994  1.05860772  0.          0.         -0.81249252],3
23.52,49.99,0.25,65.0,0.017733333333345418,"[2.35200000e+01 4.99900000e+01 2.50000000e-01 6.50000000e+01
 1.77333333e-02]",[ 0.02014994  1.22083077  0.          0.         -0.81072795],3
23.52,50.02,0.25,65.0,0.06480000000004583,[2.352e+01 5.002e+01 2.500e-01 6.500e+01 6.480e-02],[ 0.02014994  1.22749747  0.          0.         -0.80178151],3
23.52,50.34,0.25,65.0,2.532133333333528,[23.52       50.34        0.25       65.          2.53213333],[ 0.02014994  1.29860894  0.          0.         -0.33279073],3
23.52,50.63,0.25,65.0,5.554900000000429,[23.52   50.63    0.25   65.      5.5549],[0.02014994 1.36305371 0.         0.         0.24177683],3
23.52,50.68,0.25,65.0,0.00844999999996985,[2.352e+01 5.068e+01 2.500e-01 6.500e+01 8.450e-03],[ 0.02014994  1.37416488  0.          0.         -0.81249252],3
23.52,50.74,0.25,65.0,3.406050000000332,[23.52    50.74     0.25    65.       3.40605],[ 0.02014994  1.38749828  0.          0.         -0.16667663],3
23.52,50.76,0.25,65.0,0.39604999999988666,[23.52    50.76     0.25    65.       0.39605],[ 0.02014994  1.39194275  0.          0.         -0.7388175 ],3
23.52,50.81,0.25,65.0,3.7537999999997136,[23.52   50.81    0.25   65.      3.7538],[ 0.02014994  1.40305392  0.          0.         -0.1005763 ],3
23.54,34.86,0.25,65.0,13.939199999999856,[23.54   34.86    0.25   65.     13.9392],[ 0.06209584 -2.14140857  0.          0.          1.83546478],1
23.54,34.88,0.25,65.0,1.2012499999999295,[23.54    34.88     0.25    65.       1.20125],[ 0.06209584 -2.1369641   0.          0.         -0.58576507],0
23.54,39.69,0.25,65.0,5.02444999999969,[23.54    39.69     0.25    65.       5.02445],[ 0.06209584 -1.06806977  0.          0.          0.14094888],0
23.54,39.97,0.25,65.0,14.364800000000377,[23.54   39.97    0.25   65.     14.3648],[ 0.06209584 -1.00584723  0.          0.          1.91636284],1
23.54,40.18,0.25,65.0,13.364450000000376,[23.54    40.18     0.25    65.      13.36445],[ 0.06209584 -0.95918033  0.          0.          1.72621629],1
23.54,40.24,0.25,65.0,0.3041999999999787,[23.54   40.24    0.25   65.      0.3042],[ 0.06209584 -0.94584693  0.          0.         -0.75627635],0
23.54,40.28,0.25,65.0,10.046533333333318,[23.54       40.28        0.25       65.         10.04653333],[ 0.06209584 -0.93695799  0.          0.          1.0955466 ],1
23.54,40.63,0.25,65.0,0.744200000000172,[23.54   40.63    0.25   65.      0.7442],[ 0.06209584 -0.85917982  0.          0.         -0.67264114],0
23.54,40.65,0.25,65.0,0.9805600000000518,[23.54    40.65     0.25    65.       0.98056],[ 0.06209584 -0.85473535  0.          0.         -0.62771383],0
23.54,40.66,0.25,65.0,0.06303333333333236,"[2.35400000e+01 4.06600000e+01 2.50000000e-01 6.50000000e+01
 6.30333333e-02]",[ 0.06209584 -0.85251312  0.          0.         -0.80211732],0
23.54,41.1,0.25,65.0,0.40500000000008185,[23.54  41.1    0.25  65.     0.405],[ 0.06209584 -0.75473484  0.          0.         -0.73711629],0
23.54,41.22,0.25,65.0,17.42059999999986,[23.54   41.22    0.25   65.     17.4206],[ 0.06209584 -0.72806804  0.          0.          2.49720938],1
23.54,43.04,0.25,65.0,8.364050000000596,[23.54    43.04     0.25    65.       8.36405],[ 0.06209584 -0.32362154  0.          0.          0.77574013],1
23.54,44.17,0.25,65.0,0.35279999999983574,[23.54   44.17    0.25   65.      0.3528],[ 0.06209584 -0.07250915  0.          0.         -0.74703846],3
23.54,44.6,0.25,65.0,0.03379999999996808,[2.354e+01 4.460e+01 2.500e-01 6.500e+01 3.380e-02],[ 0.06209584  0.02304689  0.          0.         -0.80767399],3
23.54,44.65,0.25,65.0,7.106449999999931,[23.54    44.65     0.25    65.       7.10645],[0.06209584 0.03415806 0.         0.         0.53669549],3
23.54,45.12,0.25,65.0,0.5617999999999421,[23.54   45.12    0.25   65.      0.5618],[ 0.06209584  0.13860304  0.          0.         -0.70731174],3
23.54,45.2,0.25,65.0,0.10580000000001673,[23.54   45.2     0.25   65.      0.1058],[ 0.06209584  0.1563809   0.          0.         -0.79398823],3
23.54,45.51,0.25,65.0,17.940049999999374,[23.54    45.51     0.25    65.      17.94005],[0.06209584 0.22527014 0.         0.         2.59594645],1
23.54,45.59,0.25,65.0,9.089433333333238,[23.54       45.59        0.25       65.          9.08943333],[0.06209584 0.24304801 0.         0.         0.91362101],2
23.54,45.62,0.25,65.0,6.370033333333294,[23.54       45.62        0.25       65.          6.37003333],[0.06209584 0.24971471 0.         0.         0.39671739],3
23.54,45.64,0.25,65.0,1.1858000000004691,[23.54   45.64    0.25   65.      1.1858],[ 0.06209584  0.25415918  0.          0.         -0.5887018 ],3
23.54,48.17,0.25,65.0,15.624050000000814,[23.54    48.17     0.25    65.      15.62405],[0.06209584 0.81638426 0.         0.         2.15572111],2
23.54,48.19,0.25,65.0,19.656449999999886,[23.54    48.19     0.25    65.      19.65645],[0.06209584 0.82082873 0.         0.         2.9221998 ],2
23.54,48.2,0.25,65.0,0.5407999999999622,[23.54   48.2     0.25   65.      0.5408],[ 0.06209584  0.82305096  0.          0.         -0.71130342],3
23.54,48.25,0.25,65.0,0.007600000000014598,[2.354e+01 4.825e+01 2.500e-01 6.500e+01 7.600e-03],[ 0.06209584  0.83416213  0.          0.         -0.81265409],3
23.54,48.28,0.25,65.0,0.08000000000003638,[23.54 48.28  0.25 65.    0.08],[ 0.06209584  0.84082883  0.          0.         -0.7988923 ],3
23.54,48.59,0.25,65.0,0.871200000000066,[23.54   48.59    0.25   65.      0.8712],[ 0.06209584  0.90971807  0.          0.         -0.64850098],3
23.54,48.79,0.25,65.0,0.03919999999999236,[2.354e+01 4.879e+01 2.500e-01 6.500e+01 3.920e-02],[ 0.06209584  0.95416274  0.          0.         -0.80664756],3
23.54,49.28,0.25,65.0,1.548799999999784,[23.54   49.28    0.25   65.      1.5488],[ 0.06209584  1.06305219  0.          0.         -0.51970276],3
23.54,49.89,0.25,65.0,12.30080000000018,[23.54   49.89    0.25   65.     12.3008],[0.06209584 1.19860843 0.         0.         1.52403767],2
23.54,49.98,0.25,65.0,16.03110000000024,[23.54   49.98    0.25   65.     16.0311],[0.06209584 1.21860853 0.         0.         2.23309318],2
23.54,50.02,0.25,65.0,1.8960999999997576,[23.54   50.02    0.25   65.      1.8961],[ 0.06209584  1.22749747  0.          0.         -0.45368796],3
23.54,50.76,0.25,65.0,0.21779999999990396,[23.54   50.76    0.25   65.      0.2178],[ 0.06209584  1.39194275  0.          0.         -0.77269927],3
23.55,34.89,0.25,65.0,0.6844500000000852,[23.55    34.89     0.25    65.       0.68445],[ 0.08306879 -2.13474187  0.          0.         -0.68399842],0
23.55,34.94,0.25,65.0,0.000800000000005366,[2.355e+01 3.494e+01 2.500e-01 6.500e+01 8.000e-04],[ 0.08306879 -2.1236307   0.          0.         -0.81394663],0
23.55,34.96,0.25,65.0,0.7114333333334679,[23.55       34.96        0.25       65.          0.71143333],[ 0.08306879 -2.11918623  0.          0.         -0.67886943],0
23.55,35.04,0.25,65.0,1.08045000000004,[23.55    35.04     0.25    65.       1.08045],[ 0.08306879 -2.10140837  0.          0.         -0.60872674],0
23.55,40.3,0.25,65.0,0.4232000000000669,[23.55   40.3     0.25   65.      0.4232],[ 0.08306879 -0.93251353  0.          0.         -0.73365683],0
23.55,41.03,0.25,65.0,3.4060500000000355,[23.55    41.03     0.25    65.       3.40605],[ 0.08306879 -0.77029048  0.          0.         -0.16667663],0
23.55,41.11,0.25,65.0,7.880449999999657,[23.55    41.11     0.25    65.       7.88045],[ 0.08306879 -0.75251261  0.          0.          0.68381743],1
23.55,41.21,0.25,65.0,1.2324500000000784,[23.55    41.21     0.25    65.       1.23245],[ 0.08306879 -0.73029028  0.          0.         -0.57983457],0
23.55,41.29,0.25,65.0,19.656449999999886,[23.55    41.29     0.25    65.      19.65645],[ 0.08306879 -0.71251241  0.          0.          2.9221998 ],1
23.55,42.78,0.25,65.0,5.678449999999632,[23.55    42.78     0.25    65.       5.67845],[ 0.08306879 -0.38139961  0.          0.          0.26526122],3
23.55,42.81,0.25,65.0,15.234133333334574,[23.55       42.81        0.25       65.         15.23413333],[ 0.08306879 -0.37473291  0.          0.          2.08160574],1
23.55,43.65,0.25,65.0,3.075200000000045,[23.55   43.65    0.25   65.      3.0752],[ 0.08306879 -0.18806529  0.          0.         -0.22956461],3
23.55,43.81,0.25,65.0,1.8431999999994848,[23.55   43.81    0.25   65.      1.8432],[ 0.08306879 -0.15250956  0.          0.         -0.4637432 ],3
23.55,44.11,0.25,65.0,6.090050000000429,[23.55    44.11     0.25    65.       6.09005],[ 0.08306879 -0.08584255  0.          0.          0.34349816],3
23.55,44.6,0.25,65.0,0.39604999999998786,[23.55    44.6      0.25    65.       0.39605],[ 0.08306879  0.02304689  0.          0.         -0.7388175 ],3
23.55,44.64,0.25,65.0,4.204999999999274,[23.55  44.64   0.25  65.     4.205],[ 0.08306879  0.03193583  0.          0.         -0.01481219],3
23.55,45.23,0.25,65.0,0.00045000000000259204,[2.355e+01 4.523e+01 2.500e-01 6.500e+01 4.500e-04],[ 0.08306879  0.1630476   0.          0.         -0.81401316],3
23.55,45.55,0.25,65.0,0.38835833333339026,[23.55       45.55        0.25       65.          0.38835833],[ 0.08306879  0.23415908  0.          0.         -0.74027954],3
23.55,48.22,0.25,65.0,6.51605000000046,[23.55    48.22     0.25    65.       6.51605],[0.08306879 0.82749543 0.         0.         0.42447225],3
23.55,48.23,0.25,65.0,8.799958333333516,[23.55       48.23        0.25       65.          8.79995833],[0.08306879 0.82971766 0.         0.         0.8585976 ],2
23.55,48.25,0.25,65.0,0.018050000000010367,[2.355e+01 4.825e+01 2.500e-01 6.500e+01 1.805e-02],[ 0.08306879  0.83416213  0.          0.         -0.81066775],3
23.55,48.27,0.25,65.0,0.06125000000000796,[2.355e+01 4.827e+01 2.500e-01 6.500e+01 6.125e-02],[ 0.08306879  0.8386066   0.          0.         -0.8024563 ],3
23.55,48.46,0.25,65.0,0.14579999999998036,[23.55   48.46    0.25   65.      0.1458],[ 0.08306879  0.88082904  0.          0.         -0.78638503],3
23.55,48.7,0.25,65.0,0.4314333333332802,[23.55       48.7         0.25       65.          0.43143333],[ 0.08306879  0.93416264  0.          0.         -0.73209184],3
23.55,49.22,0.25,65.0,0.23805000000003765,[23.55    49.22     0.25    65.       0.23805],[ 0.08306879  1.04971878  0.          0.         -0.76885015],3
23.55,49.25,0.25,65.0,0.30413333333328035,[23.55       49.25        0.25       65.          0.30413333],[ 0.08306879  1.05638548  0.          0.         -0.75628903],3
23.55,49.32,0.25,65.0,0.02205000000000764,[2.355e+01 4.932e+01 2.500e-01 6.500e+01 2.205e-02],[ 0.08306879  1.07194112  0.          0.         -0.80990743],3
23.55,49.36,0.25,65.0,0.49004999999989646,[23.55    49.36     0.25    65.       0.49005],[ 0.08306879  1.08083005  0.          0.         -0.72094998],3
23.55,49.56,0.25,65.0,1.5664499999999677,[23.55    49.56     0.25    65.       1.56645],[ 0.08306879  1.12527472  0.          0.         -0.51634784],3
23.55,49.68,0.25,65.0,9.4612500000001,[23.55    49.68     0.25    65.       9.46125],[0.08306879 1.15194153 0.         0.         0.98429593],2
23.55,49.93,0.25,65.0,17.981200000000243,[23.55   49.93    0.25   65.     17.9812],[0.08306879 1.20749737 0.         0.         2.60376824],2
23.55,49.95,0.25,65.0,0.02880000000002947,[2.355e+01 4.995e+01 2.500e-01 6.500e+01 2.880e-02],[ 0.08306879  1.21194183  0.          0.         -0.80862439],3
23.55,49.97,0.25,65.0,5.955600000000481,[23.55   49.97    0.25   65.      5.9556],[0.08306879 1.2163863  0.         0.         0.3179419 ],3
23.55,50.05,0.25,65.0,2.1424500000001037,[23.55    50.05     0.25    65.       2.14245],[ 0.08306879  1.23416417  0.          0.         -0.40686175],3
23.55,50.06,0.25,65.0,4.961250000000287,[23.55    50.06     0.25    65.       4.96125],[0.08306879 1.2363864  0.         0.         0.12893582],3
23.55,50.09,0.25,65.0,0.24499999999995226,[23.55  50.09   0.25  65.     0.245],[ 0.08306879  1.2430531   0.          0.         -0.76752909],3
23.55,50.11,0.25,65.0,3.9199999999995545,[23.55 50.11  0.25 65.    3.92],[ 0.08306879  1.24749757  0.          0.         -0.068985  ],3
23.55,50.61,0.25,65.0,9.288049999999766,[23.55    50.61     0.25    65.       9.28805],[0.08306879 1.35860925 0.         0.         0.95137407],2
23.55,50.66,0.25,65.0,0.15679999999996944,[23.55   50.66    0.25   65.      0.1568],[ 0.08306879  1.36972041  0.          0.         -0.78429415],3
23.55,50.76,0.25,65.0,0.7311999999999776,[23.55   50.76    0.25   65.      0.7312],[ 0.08306879  1.39194275  0.          0.         -0.67511218],3
23.56,34.93,0.25,65.0,0.696200000000008,[23.56   34.93    0.25   65.      0.6962],[ 0.10404174 -2.12585293  0.          0.         -0.68176498],0
23.56,35.05,0.25,65.0,0.09245000000000293,[23.56    35.05     0.25    65.       0.09245],[ 0.10404174 -2.09918613  0.          0.         -0.7965258 ],0
23.56,39.54,0.25,65.0,1.602049999999935,[23.56    39.54     0.25    65.       1.60205],[ 0.10404174 -1.10140328  0.          0.         -0.50958099],0
23.56,41.2,0.25,65.0,5.577799999999347,[23.56   41.2     0.25   65.      5.5778],[ 0.10404174 -0.73251251  0.          0.          0.24612966],0
23.56,41.57,0.25,65.0,0.37845000000000395,[23.56    41.57     0.25    65.       0.37845],[ 0.10404174 -0.65028987  0.          0.         -0.74216291],0
23.56,41.59,0.25,65.0,0.004049999999982401,[2.356e+01 4.159e+01 2.500e-01 6.500e+01 4.050e-03],[ 0.10404174 -0.6458454   0.          0.         -0.81332887],0
23.56,41.6,0.25,65.0,0.9384499999998505,[23.56    41.6      0.25    65.       0.93845],[ 0.10404174 -0.64362317  0.          0.         -0.6357181 ],0
23.56,41.61,0.25,65.0,0.2592000000001015,[23.56   41.61    0.25   65.      0.2592],[ 0.10404174 -0.64140093  0.          0.         -0.76482996],0
23.56,43.52,0.25,65.0,0.096800000000024,[23.56   43.52    0.25   65.      0.0968],[ 0.10404174 -0.21695433  0.          0.         -0.79569895],3
23.56,43.56,0.25,65.0,2.3980500000001195,[23.56    43.56     0.25    65.       2.39805],[ 0.10404174 -0.2080654   0.          0.         -0.35827729],3
23.56,45.54,0.25,65.0,0.36979999999981616,[23.56   45.54    0.25   65.      0.3698],[ 0.10404174  0.23193684  0.          0.         -0.7438071 ],3
23.56,45.55,0.25,65.0,0.3200000000001455,[23.56 45.55  0.25 65.    0.32],[ 0.10404174  0.23415908  0.          0.         -0.75327309],3
23.56,45.56,0.25,65.0,0.05120000000001601,[2.356e+01 4.556e+01 2.500e-01 6.500e+01 5.120e-02],[ 0.10404174  0.23638131  0.          0.         -0.8043666 ],3
23.56,48.16,0.25,65.0,11.424200000000413,[23.56   48.16    0.25   65.     11.4242],[0.10404174 0.81416203 0.         0.         1.35741352],2
23.56,48.17,0.25,65.0,11.900433333333641,[23.56       48.17        0.25       65.         11.90043333],[0.10404174 0.81638426 0.         0.         1.44793596],2
23.56,48.18,0.25,65.0,0.15124999999991245,[23.56    48.18     0.25    65.       0.15125],[ 0.10404174  0.8186065   0.          0.         -0.78534909],3
23.56,48.25,0.25,65.0,6.919199999999256,[23.56   48.25    0.25   65.      6.9192],[0.10404174 0.83416213 0.         0.         0.50110301],3
23.56,48.4,0.25,65.0,3.0258000000000895,[23.56   48.4     0.25   65.      3.0258],[ 0.10404174  0.86749563  0.          0.         -0.23895456],3
23.56,48.71,0.25,65.0,3.251250000000319,[23.56    48.71     0.25    65.       3.25125],[ 0.10404174  0.93638487  0.          0.         -0.19610102],3
23.56,48.74,0.25,65.0,1.4450000000000773,[23.56  48.74   0.25  65.     1.445],[ 0.10404174  0.94305157  0.          0.         -0.53943306],3
23.56,48.84,0.25,65.0,0.10579999999985985,[23.56   48.84    0.25   65.      0.1058],[ 0.10404174  0.96527391  0.          0.         -0.79398823],3
23.56,49.23,0.25,65.0,0.7080499999996591,[23.56    49.23     0.25    65.       0.70805],[ 0.10404174  1.05194102  0.          0.         -0.67951254],3
23.56,49.28,0.25,65.0,2.4342333333337316,[23.56       49.28        0.25       65.          2.43423333],[ 0.10404174  1.06305219  0.          0.         -0.35139957],3
23.56,49.6,0.25,65.0,7.810456666666613,[23.56       49.6         0.25       65.          7.81045667],[0.10404174 1.13416366 0.         0.         0.6705131 ],2
23.56,49.66,0.25,65.0,14.22040000000056,[23.56   49.66    0.25   65.     14.2204],[0.10404174 1.14749706 0.         0.         1.88891528],2
23.56,49.71,0.25,65.0,0.387200000000096,[23.56   49.71    0.25   65.      0.3872],[ 0.10404174  1.15860823  0.          0.         -0.74049971],3
23.56,49.74,0.25,65.0,3.458449999999988,[23.56    49.74     0.25    65.       3.45845],[ 0.10404174  1.16527493  0.          0.         -0.15671644],3
23.56,49.77,0.25,65.0,0.0338000000000272,[2.356e+01 4.977e+01 2.500e-01 6.500e+01 3.380e-02],[ 0.10404174  1.17194163  0.          0.         -0.80767399],3
23.56,49.79,0.25,65.0,0.5014999999999861,[23.56   49.79    0.25   65.      0.5015],[ 0.10404174  1.1763861   0.          0.         -0.71877357],3
23.56,49.84,0.25,65.0,8.147499999999152,[23.56   49.84    0.25   65.      8.1475],[0.10404174 1.18749726 0.         0.         0.7345783 ],2
23.56,49.87,0.25,65.0,15.848449999998694,[23.56    49.87     0.25    65.      15.84845],[0.10404174 1.19416396 0.         0.         2.19837507],2
23.56,50.04,0.25,65.0,1.8431999999994848,[23.56   50.04    0.25   65.      1.8432],[ 0.10404174  1.23194193  0.          0.         -0.4637432 ],3
23.56,50.09,0.25,65.0,0.7016333333333324,[23.56       50.09        0.25       65.          0.70163333],[ 0.10404174  1.2430531   0.          0.         -0.68073222],3
23.56,50.74,0.25,65.0,0.02205000000000764,[2.356e+01 5.074e+01 2.500e-01 6.500e+01 2.205e-02],[ 0.10404174  1.38749828  0.          0.         -0.80990743],3
23.56,50.76,0.25,65.0,0.04499999999995225,[2.356e+01 5.076e+01 2.500e-01 6.500e+01 4.500e-02],[ 0.10404174  1.39194275  0.          0.         -0.8055451 ],3
23.56,50.8,0.25,65.0,7.3728000000005585,[23.56   50.8     0.25   65.      7.3728],[0.10404174 1.40083168 0.         0.         0.58732331],2
23.56,50.85,0.25,65.0,0.0024499999999875854,[2.356e+01 5.085e+01 2.500e-01 6.500e+01 2.450e-03],[ 0.10404174  1.41194285  0.          0.         -0.813633  ],3
23.58,39.56,0.25,65.0,4.620799999999889,[23.58   39.56    0.25   65.      4.6208],[ 0.14598764 -1.09695881  0.          0.          0.06422308],0
23.58,39.59,0.25,65.0,0.7442000000000333,[23.58   39.59    0.25   65.      0.7442],[ 0.14598764 -1.09029211  0.          0.         -0.67264114],0
23.58,39.6,0.25,65.0,11.185033333333049,[23.58       39.6         0.25       65.         11.18503333],[ 0.14598764 -1.08806987  0.          0.          1.31195271],1
23.58,39.92,0.25,65.0,0.5724500000001144,[23.58    39.92     0.25    65.       0.57245],[ 0.14598764 -1.0169584   0.          0.         -0.70528739],0
23.58,41.34,0.25,65.0,0.15124999999991245,[23.58    41.34     0.25    65.       0.15125],[ 0.14598764 -0.70140124  0.          0.         -0.78534909],0
23.58,41.59,0.25,65.0,0.5041333333333842,[23.58       41.59        0.25       65.          0.50413333],[ 0.14598764 -0.6458454   0.          0.         -0.71827302],0
23.58,41.64,0.25,65.0,0.01999999999998636,[2.358e+01 4.164e+01 2.500e-01 6.500e+01 2.000e-02],[ 0.14598764 -0.63473423  0.          0.         -0.8102971 ],0
23.58,42.82,0.25,65.0,0.028799999999974898,[2.358e+01 4.282e+01 2.500e-01 6.500e+01 2.880e-02],[ 0.14598764 -0.37251068  0.          0.         -0.80862439],3
23.58,43.66,0.25,65.0,0.020000000000031833,[2.358e+01 4.366e+01 2.500e-01 6.500e+01 2.000e-02],[ 0.14598764 -0.18584306  0.          0.         -0.8102971 ],3
23.58,43.93,0.25,65.0,6.949758333333423,[23.58       43.93        0.25       65.          6.94975833],[ 0.14598764 -0.12584275  0.          0.          0.50691154],1
23.58,45.11,0.25,65.0,0.13004999999993738,[23.58    45.11     0.25    65.       0.13005],[ 0.14598764  0.1363808   0.          0.         -0.78937879],3
23.58,45.58,0.25,65.0,0.2312000000001206,[23.58   45.58    0.25   65.      0.2312],[ 0.14598764  0.24082578  0.          0.         -0.7701522 ],3
23.58,45.6,0.25,65.0,0.7245499999999062,[23.58    45.6      0.25    65.       0.72455],[ 0.14598764  0.24527025  0.          0.         -0.67637622],3
23.58,45.65,0.25,65.0,0.0881999999999828,[23.58   45.65    0.25   65.      0.0882],[ 0.14598764  0.25638141  0.          0.         -0.79733364],3
23.58,48.17,0.25,65.0,0.05445000000008854,[2.358e+01 4.817e+01 2.500e-01 6.500e+01 5.445e-02],[ 0.14598764  0.81638426  0.          0.         -0.80374884],3
23.58,48.29,0.25,65.0,0.008450000000014187,[2.358e+01 4.829e+01 2.500e-01 6.500e+01 8.450e-03],[ 0.14598764  0.84305107  0.          0.         -0.81249252],3
23.58,48.43,0.25,65.0,0.02880000000000218,[2.358e+01 4.843e+01 2.500e-01 6.500e+01 2.880e-02],[ 0.14598764  0.87416234  0.          0.         -0.80862439],3
23.58,48.52,0.25,65.0,0.1444333333333662,[23.58       48.52        0.25       65.          0.14443333],[ 0.14598764  0.89416244  0.          0.         -0.78664481],3
23.58,48.53,0.25,65.0,0.2520500000000258,[23.58    48.53     0.25    65.       0.25205],[ 0.14598764  0.89638467  0.          0.         -0.76618903],3
23.58,48.58,0.25,65.0,2.1217999999998876,[23.58   48.58    0.25   65.      2.1218],[ 0.14598764  0.90749584  0.          0.         -0.4107869 ],3
23.58,48.59,0.25,65.0,13.886449999999904,[23.58    48.59     0.25    65.      13.88645],[0.14598764 0.90971807 0.         0.         1.82543806],2
23.58,48.63,0.25,65.0,0.004049999999997749,[2.358e+01 4.863e+01 2.500e-01 6.500e+01 4.050e-03],[ 0.14598764  0.91860701  0.          0.         -0.81332887],3
23.58,49.51,0.25,65.0,3.0504499999997865,[23.58    49.51     0.25    65.       3.05045],[ 0.14598764  1.11416356  0.          0.         -0.23426909],3
23.58,49.53,0.25,65.0,0.13005000000005335,[23.58    49.53     0.25    65.       0.13005],[ 0.14598764  1.11860802  0.          0.         -0.78937879],3
23.58,49.54,0.25,65.0,0.9270916666668132,[23.58       49.54        0.25       65.          0.92709167],[ 0.14598764  1.12083026  0.          0.         -0.63787709],3
23.58,49.67,0.25,65.0,7.722450000000697,[23.58    49.67     0.25    65.       7.72245],[0.14598764 1.14971929 0.         0.         0.65378479],2
23.58,49.76,0.25,65.0,0.33619999999985456,[23.58   49.76    0.25   65.      0.3362],[ 0.14598764  1.1697194   0.          0.         -0.75019379],3
23.58,49.9,0.25,65.0,0.48020000000001783,[23.58   49.9     0.25   65.      0.4802],[ 0.14598764  1.20083066  0.          0.         -0.72282227],3
23.58,49.97,0.25,65.0,0.096800000000024,[23.58   49.97    0.25   65.      0.0968],[ 0.14598764  1.2163863   0.          0.         -0.79569895],3
23.58,50.12,0.25,65.0,4.061249999999741,[23.58    50.12     0.25    65.       4.06125],[ 0.14598764  1.2497198   0.          0.         -0.0421362 ],3
23.58,50.56,0.25,65.0,0.897799999999738,[23.58   50.56    0.25   65.      0.8978],[ 0.14598764  1.34749808  0.          0.         -0.64344485],3
23.58,50.57,0.25,65.0,0.8542333333333504,[23.58       50.57        0.25       65.          0.85423333],[ 0.14598764  1.34972031  0.          0.         -0.651726  ],3
23.58,50.63,0.25,65.0,0.4608000000000349,[23.58   50.63    0.25   65.      0.4608],[ 0.14598764  1.36305371  0.          0.         -0.72650982],3
23.58,50.79,0.25,65.0,0.0401333333333293,"[2.35800000e+01 5.07900000e+01 2.50000000e-01 6.50000000e+01
 4.01333333e-02]",[ 0.14598764  1.39860945  0.          0.         -0.80647015],3
23.58,50.8,0.25,65.0,10.260449999999361,[23.58    50.8      0.25    65.      10.26045],[0.14598764 1.40083168 0.         0.         1.13620789],2
23.58,52.56,0.25,65.0,0.4418000000000513,[23.58   52.56    0.25   65.      0.4418],[ 0.14598764  1.79194478  0.          0.         -0.73012134],3
23.59,41.38,0.25,65.0,5.216450000000059,[23.59    41.38     0.25    65.       5.21645],[ 0.16696059 -0.69251231  0.          0.          0.17744425],0
23.59,41.58,0.25,65.0,0.3444499999999396,[23.59    41.58     0.25    65.       0.34445],[ 0.16696059 -0.64806763  0.          0.         -0.74862563],0
23.59,42.66,0.25,65.0,0.00044999999999577084,[2.359e+01 4.266e+01 2.500e-01 6.500e+01 4.500e-04],[ 0.16696059 -0.40806641  0.          0.         -0.81401316],3
23.59,43.47,0.25,65.0,0.11044999999995939,[23.59    43.47     0.25    65.       0.11045],[ 0.16696059 -0.2280655   0.          0.         -0.79310436],3
23.59,43.53,0.25,65.0,4.805000000000071,[23.59  43.53   0.25  65.     4.805],[ 0.16696059 -0.2147321   0.          0.          0.09923582],3
23.59,43.63,0.25,65.0,8.201250000000277,[23.59    43.63     0.25    65.       8.20125],[ 0.16696059 -0.19250976  0.          0.          0.7447951 ],1
23.59,43.67,0.25,65.0,0.5512499999998329,[23.59    43.67     0.25    65.       0.55125],[ 0.16696059 -0.18362083  0.          0.         -0.70931708],3
23.59,44.01,0.25,65.0,0.17405000000008586,[23.59    44.01     0.25    65.       0.17405],[ 0.16696059 -0.10806489  0.          0.         -0.78101527],3
23.59,45.53,0.25,65.0,0.18605000000000832,[23.59    45.53     0.25    65.       0.18605],[ 0.16696059  0.22971461  0.          0.         -0.77873431],3
23.59,45.58,0.25,65.0,5.393200000000098,[23.59   45.58    0.25   65.      5.3932],[0.16696059 0.24082578 0.         0.         0.21104089],3
23.59,48.04,0.25,65.0,0.048049999999983085,[2.359e+01 4.804e+01 2.500e-01 6.500e+01 4.805e-02],[ 0.16696059  0.78749523  0.          0.         -0.80496535],3
23.59,48.08,0.25,65.0,6.661250000000332,[23.59    48.08     0.25    65.       6.66125],[0.16696059 0.79638416 0.         0.         0.45207187],3
23.59,48.15,0.25,65.0,0.5041000000000516,[23.59   48.15    0.25   65.      0.5041],[ 0.16696059  0.8119398   0.          0.         -0.71827936],3
23.59,48.16,0.25,65.0,0.057799999999933516,[2.359e+01 4.816e+01 2.500e-01 6.500e+01 5.780e-02],[ 0.16696059  0.81416203  0.          0.         -0.80311207],3
23.59,49.84,0.25,65.0,11.35943333333374,[23.59       49.84        0.25       65.         11.35943333],[0.16696059 1.18749726 0.         0.         1.34510267],2
23.59,50.54,0.25,65.0,1.6108000000000702,[23.59   50.54    0.25   65.      1.6108],[ 0.16696059  1.34305361  0.          0.         -0.50791779],3
23.59,50.55,0.25,65.0,4.546533333333086,[23.59       50.55        0.25       65.          4.54653333],[0.16696059 1.34527584 0.         0.         0.05010647],3
23.59,50.56,0.25,65.0,3.823033333333716,[23.59       50.56        0.25       65.          3.82303333],[ 0.16696059  1.34749808  0.          0.         -0.08741643],3
23.59,50.62,0.25,65.0,19.158050000000337,[23.59    50.62     0.25    65.      19.15805],[0.16696059 1.36083148 0.         0.         2.82746392],2
23.59,50.78,0.25,65.0,14.25780000000017,[23.59   50.78    0.25   65.     14.2578],[0.16696059 1.39638722 0.         0.         1.89602428],2
23.59,50.79,0.25,65.0,7.683200000000285,[23.59   50.79    0.25   65.      7.6832],[0.16696059 1.39860945 0.         0.         0.64632415],2
23.59,50.8,0.25,65.0,4.661506666666401,[23.59       50.8         0.25       65.          4.66150667],[0.16696059 1.40083168 0.         0.         0.0719606 ],3
23.59,50.81,0.25,65.0,5.248800000000398,[23.59   50.81    0.25   65.      5.2488],[0.16696059 1.40305392 0.         0.         0.18359334],3
23.61,39.87,0.25,65.0,0.6049999999999625,[23.61  39.87   0.25  65.     0.605],[ 0.20890649 -1.02806957  0.          0.         -0.69910028],0
23.61,39.89,0.25,65.0,2.1840500000001852,[23.61    39.89     0.25    65.       2.18405],[ 0.20890649 -1.0236251   0.          0.         -0.39895442],0
23.61,41.63,0.25,65.0,0.7392333333333105,[23.61       41.63        0.25       65.          0.73923333],[ 0.20890649 -0.63695647  0.          0.         -0.67358521],0
23.61,42.8,0.25,65.0,0.2112500000000591,[23.61    42.8      0.25    65.       0.21125],[ 0.20890649 -0.37695514  0.          0.         -0.77394429],3
23.61,43.56,0.25,65.0,0.07604999999995034,[23.61    43.56     0.25    65.       0.07605],[ 0.20890649 -0.2080654   0.          0.         -0.79964311],3
23.61,43.6,0.25,65.0,0.02419999999998099,[2.361e+01 4.360e+01 2.500e-01 6.500e+01 2.420e-02],[ 0.20890649 -0.19917646  0.          0.         -0.80949876],3
23.61,43.89,0.25,65.0,0.7687999999998703,[23.61   43.89    0.25   65.      0.7688],[ 0.20890649 -0.13473169  0.          0.         -0.66796517],3
23.61,47.39,0.25,65.0,0.9112499999998772,[23.61    47.39     0.25    65.       0.91125],[ 0.20890649  0.64305005  0.          0.         -0.64088828],3
23.61,48.1,0.25,65.0,5.3137999999996,[23.61   48.1     0.25   65.      5.3138],[0.20890649 0.80082863 0.         0.         0.19594854],3
23.61,48.13,0.25,65.0,1.1551999999999722,[23.61   48.13    0.25   65.      1.1552],[ 0.20890649  0.80749533  0.          0.         -0.59451825],3
23.61,48.38,0.25,65.0,15.645091666665808,[23.61       48.38        0.25       65.         15.64509167],[0.20890649 0.86305117 0.         0.         2.15972071],2
23.61,48.41,0.25,65.0,9.559899999999915,[23.61   48.41    0.25   65.      9.5599],[0.20890649 0.86971787 0.         0.         1.00304733],2
23.61,48.54,0.25,65.0,0.01960000000000357,[2.361e+01 4.854e+01 2.500e-01 6.500e+01 1.960e-02],[ 0.20890649  0.8986069   0.          0.         -0.81037313],3
23.61,50.25,0.25,65.0,0.35279999999983574,[23.61   50.25    0.25   65.      0.3528],[ 0.20890649  1.27860884  0.          0.         -0.74703846],3
23.61,50.42,0.25,65.0,14.96045000000077,[23.61    50.42     0.25    65.      14.96045],[0.20890649 1.31638681 0.         0.         2.02958401],2
23.61,50.55,0.25,65.0,7.392233333333046,[23.61       50.55        0.25       65.          7.39223333],[0.20890649 1.34527584 0.         0.         0.5910172 ],3
23.61,50.56,0.25,65.0,15.736050000000715,[23.61    50.56     0.25    65.      15.73605],[0.20890649 1.34749808 0.         0.         2.17701007],2
23.61,50.59,0.25,65.0,0.03919999999996053,[2.361e+01 5.059e+01 2.500e-01 6.500e+01 3.920e-02],[ 0.20890649  1.35416478  0.          0.         -0.80664756],3
23.61,50.6,0.25,65.0,3.6180500000001468,[23.61    50.6      0.25    65.       3.61805],[ 0.20890649  1.35638701  0.          0.         -0.12637966],3
23.61,50.78,0.25,65.0,15.620399999999686,[23.61   50.78    0.25   65.     15.6204],[0.20890649 1.39638722 0.         0.         2.15502732],2
23.61,50.79,0.25,65.0,5.379199999999537,[23.61   50.79    0.25   65.      5.3792],[0.20890649 1.39860945 0.         0.         0.20837977],3
23.62,39.88,0.25,65.0,0.0031999999999941793,[2.362e+01 3.988e+01 2.500e-01 6.500e+01 3.200e-03],[ 0.22987944 -1.02584734  0.          0.         -0.81349044],0
23.62,39.9,0.25,65.0,0.20480000000002765,[23.62   39.9     0.25   65.      0.2048],[ 0.22987944 -1.02140287  0.          0.         -0.77517031],0
23.62,39.92,0.25,65.0,0.016200000000001227,[2.362e+01 3.992e+01 2.500e-01 6.500e+01 1.620e-02],[ 0.22987944 -1.0169584   0.          0.         -0.8110194 ],0
23.62,39.98,0.25,65.0,6.265799999999871,[23.62   39.98    0.25   65.      6.2658],[ 0.22987944 -1.003625    0.          0.          0.37690472],0
23.62,41.59,0.25,65.0,2.4864500000000405,[23.62    41.59     0.25    65.       2.48645],[ 0.22987944 -0.6458454   0.          0.         -0.34147422],0
23.62,43.36,0.25,65.0,0.048049999999983085,[2.362e+01 4.336e+01 2.500e-01 6.500e+01 4.805e-02],[ 0.22987944 -0.25251007  0.          0.         -0.80496535],3
23.62,43.58,0.25,65.0,0.720000000000191,[23.62 43.58  0.25 65.    0.72],[ 0.22987944 -0.20362093  0.          0.         -0.67724108],3
23.62,45.45,0.25,65.0,0.5724500000000535,[23.62    45.45     0.25    65.       0.57245],[ 0.22987944  0.21193674  0.          0.         -0.70528739],3
23.62,45.51,0.25,65.0,0.7937999999998453,[23.62   45.51    0.25   65.      0.7938],[ 0.22987944  0.22527014  0.          0.         -0.66321317],3
23.62,48.27,0.25,65.0,5.678449999999632,[23.62    48.27     0.25    65.       5.67845],[0.22987944 0.8386066  0.         0.         0.26526122],3
23.62,48.42,0.25,65.0,1.2185999999999992,[23.62   48.42    0.25   65.      1.2186],[ 0.22987944  0.8719401   0.          0.         -0.58246718],3
23.62,48.53,0.25,65.0,0.23120000000000465,[23.62   48.53    0.25   65.      0.2312],[ 0.22987944  0.89638467  0.          0.         -0.7701522 ],3
23.62,48.59,0.25,65.0,11.8584500000003,[23.62    48.59     0.25    65.      11.85845],[0.22987944 0.90971807 0.         0.         1.43995577],2
23.62,49.81,0.25,65.0,4.470050000000367,[23.62    49.81     0.25    65.       4.47005],[0.22987944 1.18083056 0.         0.         0.03556852],3
23.62,49.84,0.25,65.0,18.567033333333534,[23.62       49.84        0.25       65.         18.56703333],[0.22987944 1.18749726 0.         0.         2.71512345],2
23.62,50.38,0.25,65.0,0.8266333333335469,[23.62       50.38        0.25       65.          0.82663333],[ 0.22987944  1.30749787  0.          0.         -0.65697221],3
23.62,50.43,0.25,65.0,0.008450000000014187,[2.362e+01 5.043e+01 2.500e-01 6.500e+01 8.450e-03],[ 0.22987944  1.31860904  0.          0.         -0.81249252],3
23.62,50.44,0.25,65.0,8.820000000000668,[23.62 50.44  0.25 65.    8.82],[0.22987944 1.32083128 0.         0.         0.86240712],2
23.62,50.74,0.25,65.0,0.07230000000005436,[23.62   50.74    0.25   65.      0.0723],[ 0.22987944  1.38749828  0.          0.         -0.80035591],3
23.62,50.78,0.25,65.0,8.24179999999978,[23.62   50.78    0.25   65.      8.2418],[0.22987944 1.39638722 0.         0.         0.75250285],2
23.64,39.6,0.25,65.0,8.040049999999964,[23.64    39.6      0.25    65.       8.04005],[ 0.27182534 -1.08806987  0.          0.          0.7141542 ],1
23.64,40.23,0.25,65.0,0.78125,[23.64    40.23     0.25    65.       0.78125],[ 0.27182534 -0.94806916  0.          0.         -0.66559868],0
23.64,40.36,0.25,65.0,5.6112500000002665,[23.64    40.36     0.25    65.       5.61125],[ 0.27182534 -0.91918013  0.          0.          0.25248784],0
23.64,41.61,0.25,65.0,3.4060500000000355,[23.64    41.61     0.25    65.       3.40605],[ 0.27182534 -0.64140093  0.          0.         -0.16667663],0
23.64,43.39,0.25,65.0,1.9207999999994028,[23.64   43.39    0.25   65.      1.9208],[ 0.27182534 -0.24584337  0.          0.         -0.44899299],3
23.64,43.78,0.25,65.0,14.688200000000394,[23.64   43.78    0.25   65.     14.6882],[ 0.27182534 -0.15917626  0.          0.          1.97783472],1
23.64,44.81,0.25,65.0,2.8800000000002184,[23.64 44.81  0.25 65.    2.88],[ 0.27182534  0.0697138   0.          0.         -0.26666823],3
23.64,45.34,0.25,65.0,0.9940500000002758,[23.64    45.34     0.25    65.       0.99405],[ 0.27182534  0.18749217  0.          0.         -0.62514965],3
23.64,45.37,0.25,65.0,0.009800000000029922,[2.364e+01 4.537e+01 2.500e-01 6.500e+01 9.800e-03],[ 0.27182534  0.19415887  0.          0.         -0.81223591],3
23.64,48.11,0.25,65.0,1.201250000000282,[23.64    48.11     0.25    65.       1.20125],[ 0.27182534  0.80305086  0.          0.         -0.58576507],3
23.64,48.35,0.25,65.0,9.137099999999933,[23.64   48.35    0.25   65.      9.1371],[0.27182534 0.85638447 0.         0.         0.92268149],2
23.64,48.4,0.25,65.0,4.804999999999718,[23.64  48.4    0.25  65.     4.805],[0.27182534 0.86749563 0.         0.         0.09923582],3
23.64,48.48,0.25,65.0,0.5824916666667518,[23.64       48.48        0.25       65.          0.58249167],[ 0.27182534  0.8852735   0.          0.         -0.70337867],3
23.64,49.09,0.25,65.0,0.3280499999999558,[23.64    49.09     0.25    65.       0.32805],[ 0.27182534  1.02082975  0.          0.         -0.75174295],3
23.64,49.48,0.25,65.0,0.18605000000000832,[23.64    49.48     0.25    65.       0.18605],[ 0.27182534  1.10749686  0.          0.         -0.77873431],3
23.64,49.5,0.25,65.0,0.016200000000031925,[2.364e+01 4.950e+01 2.500e-01 6.500e+01 1.620e-02],[ 0.27182534  1.11194132  0.          0.         -0.8110194 ],3
23.64,49.79,0.25,65.0,9.374449999999685,[23.64    49.79     0.25    65.       9.37445],[0.27182534 1.1763861  0.         0.         0.96779699],2
23.64,50.08,0.25,65.0,0.40499999999997954,[23.64  50.08   0.25  65.     0.405],[ 0.27182534  1.24083087  0.          0.         -0.73711629],3
23.64,50.1,0.25,65.0,0.18605000000007768,[23.64    50.1      0.25    65.       0.18605],[ 0.27182534  1.24527534  0.          0.         -0.77873431],3
23.64,50.11,0.25,65.0,1.0952000000000268,[23.64   50.11    0.25   65.      1.0952],[ 0.27182534  1.24749757  0.          0.         -0.60592305],3
23.64,50.14,0.25,65.0,10.215199999999918,[23.64   50.14    0.25   65.     10.2152],[0.27182534 1.25416427 0.         0.         1.12760677],2
23.64,50.34,0.25,65.0,0.5724499999998103,[23.64    50.34     0.25    65.       0.57245],[ 0.27182534  1.29860894  0.          0.         -0.70528739],3
23.64,50.41,0.25,65.0,2.5346333333336033,[23.64       50.41        0.25       65.          2.53463333],[ 0.27182534  1.31416457  0.          0.         -0.33231553],3
23.64,50.48,0.25,65.0,14.204449999999612,[23.64    50.48     0.25    65.      14.20445],[0.27182534 1.32972021 0.         0.         1.88588351],2
23.64,50.83,0.25,65.0,10.125,[23.64  50.83   0.25  65.    10.125],[0.27182534 1.40749838 0.         0.         1.11046155],2
23.65,39.78,0.25,65.0,0.78125,[23.65    39.78     0.25    65.       0.78125],[ 0.29279828 -1.04806967  0.          0.         -0.66559868],0
23.65,40.15,0.25,65.0,3.442433333333505,[23.65       40.15        0.25       65.          3.44243333],[ 0.29279828 -0.96584703  0.          0.         -0.15976089],0
23.65,40.36,0.25,65.0,0.28125,[23.65    40.36     0.25    65.       0.28125],[ 0.29279828 -0.91918013  0.          0.         -0.76063869],0
23.65,41.57,0.25,65.0,4.410449999999406,[23.65    41.57     0.25    65.       4.41045],[ 0.29279828 -0.65028987  0.          0.          0.02423975],0
23.65,42.7,0.25,65.0,0.9940500000002758,[23.65    42.7      0.25    65.       0.99405],[ 0.29279828 -0.39917748  0.          0.         -0.62514965],3
23.65,43.13,0.25,65.0,0.009799999999982174,[2.365e+01 4.313e+01 2.500e-01 6.500e+01 9.800e-03],[ 0.29279828 -0.30362144  0.          0.         -0.81223591],3
23.65,43.74,0.25,65.0,10.580833333333906,[23.65       43.74        0.25       65.         10.58083333],[ 0.29279828 -0.16806519  0.          0.          1.19710636],1
23.65,43.89,0.25,65.0,0.2112500000000591,[23.65    43.89     0.25    65.       0.21125],[ 0.29279828 -0.13473169  0.          0.         -0.77394429],3
23.65,44.09,0.25,65.0,5.445000000000225,[23.65  44.09   0.25  65.     5.445],[ 0.29279828 -0.09028702  0.          0.          0.22088704],3
23.65,45.33,0.25,65.0,0.06125000000008754,[2.365e+01 4.533e+01 2.500e-01 6.500e+01 6.125e-02],[ 0.29279828  0.18526994  0.          0.         -0.8024563 ],3
23.65,45.86,0.25,65.0,0.096800000000024,[23.65   45.86    0.25   65.      0.0968],[ 0.29279828  0.30304832  0.          0.         -0.79569895],3
23.65,47.33,0.25,65.0,1.8049999999999569,[23.65  47.33   0.25  65.     1.805],[ 0.29279828  0.62971665  0.          0.         -0.47100425],3
23.65,48.21,0.25,65.0,0.020000000000009094,[2.365e+01 4.821e+01 2.500e-01 6.500e+01 2.000e-02],[ 0.29279828  0.8252732   0.          0.         -0.8102971 ],3
23.65,48.36,0.25,65.0,4.522633333333308,[23.65       48.36        0.25       65.          4.52263333],[0.29279828 0.8586067  0.         0.         0.04556356],3
23.65,48.41,0.25,65.0,1.2960500000001134,[23.65    48.41     0.25    65.       1.29605],[ 0.29279828  0.86971787  0.          0.         -0.56774548],3
23.65,48.44,0.25,65.0,14.624399999999714,[23.65   48.44    0.25   65.     14.6244],[0.29279828 0.87638457 0.         0.         1.96570761],1
23.65,48.88,0.25,65.0,1.462049999999479,[23.65    48.88     0.25    65.       1.46205],[ 0.29279828  0.97416284  0.          0.         -0.5361922 ],3
23.65,48.92,0.25,65.0,10.568133333332668,[23.65       48.92        0.25       65.         10.56813333],[0.29279828 0.98305178 0.         0.         1.19469235],2
23.65,49.07,0.25,65.0,0.14579999999998036,[23.65   49.07    0.25   65.      0.1458],[ 0.29279828  1.01638528  0.          0.         -0.78638503],3
23.65,49.15,0.25,65.0,2.9524499999998786,[23.65    49.15     0.25    65.       2.95245],[ 0.29279828  1.03416315  0.          0.         -0.25289693],3
23.65,49.17,0.25,65.0,0.057799999999933516,[2.365e+01 4.917e+01 2.500e-01 6.500e+01 5.780e-02],[ 0.29279828  1.03860762  0.          0.         -0.80311207],3
23.65,49.49,0.25,65.0,3.0808333333331372,[23.65       49.49        0.25       65.          3.08083333],[ 0.29279828  1.10971909  0.          0.         -0.22849382],3
23.65,50.11,0.25,65.0,2.19249999999971,[23.65   50.11    0.25   65.      2.1925],[ 0.29279828  1.24749757  0.          0.         -0.39734824],3
23.65,50.29,0.25,65.0,2.2472000000000096,[23.65   50.29    0.25   65.      2.2472],[ 0.29279828  1.28749777  0.          0.         -0.38695087],3
23.65,50.52,0.25,65.0,2.508800000000275,[23.65   50.52    0.25   65.      2.5088],[ 0.29279828  1.33860914  0.          0.         -0.33722593],3
23.65,50.73,0.25,65.0,6.444050000000522,[23.65    50.73     0.25    65.       6.44405],[0.29279828 1.38527605 0.         0.         0.41078648],3
23.65,50.8,0.25,65.0,4.651250000000555,[23.65    50.8      0.25    65.       4.65125],[0.29279828 1.40083168 0.         0.         0.07001102],3
23.66,39.61,0.25,65.0,0.732050000000044,[23.66    39.61     0.25    65.       0.73205],[ 0.31377123 -1.08584764  0.          0.         -0.67495062],0
23.66,39.91,0.25,65.0,0.186050000000043,[23.66    39.91     0.25    65.       0.18605],[ 0.31377123 -1.01918063  0.          0.         -0.77873431],0
23.66,40.05,0.25,65.0,0.5831999999999214,[23.66   40.05    0.25   65.      0.5832],[ 0.31377123 -0.98806937  0.          0.         -0.70324403],0
23.66,40.28,0.25,65.0,0.2664500000000133,[23.66    40.28     0.25    65.       0.26645],[ 0.31377123 -0.93695799  0.          0.         -0.76345187],0
23.66,41.53,0.25,65.0,6.60422499999983,[23.66     41.53      0.25     65.        6.604225],[ 0.31377123 -0.6591788   0.          0.          0.44123255],1
23.66,41.57,0.25,65.0,5.62426999999972,[23.66    41.57     0.25    65.       5.62427],[ 0.31377123 -0.65028987  0.          0.          0.25496268],0
23.66,41.62,0.25,65.0,7.620633333332756,[23.66       41.62        0.25       65.          7.62063333],[ 0.31377123 -0.6391787   0.          0.          0.63443147],1
23.66,42.67,0.25,65.0,1.8049999999995248,[23.66  42.67   0.25  65.     1.805],[ 0.31377123 -0.40584418  0.          0.         -0.47100425],3
23.66,42.76,0.25,65.0,0.7077000000001463,[23.66   42.76    0.25   65.      0.7077],[ 0.31377123 -0.38584408  0.          0.         -0.67957906],3
23.66,43.12,0.25,65.0,2.508799999999766,[23.66   43.12    0.25   65.      2.5088],[ 0.31377123 -0.30584367  0.          0.         -0.33722593],3
23.66,43.16,0.25,65.0,7.561233333333463,[23.66       43.16        0.25       65.          7.56123333],[ 0.31377123 -0.29695474  0.          0.          0.62314072],1
23.66,43.33,0.25,65.0,15.125,[23.66  43.33   0.25  65.    15.125],[ 0.31377123 -0.25917677  0.          0.          2.06086167],1
23.66,43.76,0.25,65.0,4.620800000000235,[23.66   43.76    0.25   65.      4.6208],[ 0.31377123 -0.16362072  0.          0.          0.06422308],3
23.66,43.84,0.25,65.0,3.503420000000012,[23.66    43.84     0.25    65.       3.50342],[ 0.31377123 -0.14584286  0.          0.         -0.14816854],3
23.66,43.87,0.25,65.0,0.21780000000012906,[23.66   43.87    0.25   65.      0.2178],[ 0.31377123 -0.13917616  0.          0.         -0.77269927],3
23.66,43.96,0.25,65.0,2.2284333333334088,[23.66       43.96        0.25       65.          2.22843333],[ 0.31377123 -0.11917605  0.          0.         -0.39051803],3
23.66,44.11,0.25,65.0,0.03644999999999509,[2.366e+01 4.411e+01 2.500e-01 6.500e+01 3.645e-02],[ 0.31377123 -0.08584255  0.          0.         -0.80717028],3
23.66,44.7,0.25,65.0,0.6497999999999845,[23.66   44.7     0.25   65.      0.6498],[ 0.31377123  0.04526923  0.          0.         -0.6905847 ],3
23.66,44.9,0.25,65.0,4.152100000000101,[23.66   44.9     0.25   65.      4.1521],[ 0.31377123  0.0897139   0.          0.         -0.02486743],3
23.66,45.25,0.25,65.0,9.592200000000478,[23.66   45.25    0.25   65.      9.5922],[0.31377123 0.16749207 0.         0.         1.00918691],1
23.66,45.3,0.25,65.0,1.3043999999997726,[23.66   45.3     0.25   65.      1.3044],[ 0.31377123  0.17860324  0.          0.         -0.56615831],3
23.66,45.31,0.25,65.0,0.07219999999991188,[23.66   45.31    0.25   65.      0.0722],[ 0.31377123  0.18082547  0.          0.         -0.80037492],3
23.66,45.8,0.25,65.0,0.3136333333332591,[23.66       45.8         0.25       65.          0.31363333],[ 0.31377123  0.28971492  0.          0.         -0.75448327],3
23.66,45.81,0.25,65.0,0.003200000000021464,[2.366e+01 4.581e+01 2.500e-01 6.500e+01 3.200e-03],[ 0.31377123  0.29193715  0.          0.         -0.81349044],3
23.66,45.86,0.25,65.0,0.13004999999993738,[23.66    45.86     0.25    65.       0.13005],[ 0.31377123  0.30304832  0.          0.         -0.78937879],3
23.66,46.83,0.25,65.0,5.882450000000608,[23.66    46.83     0.25    65.       5.88245],[0.31377123 0.51860497 0.         0.         0.30403754],3
23.66,47.02,0.25,65.0,8.160799999999853,[23.66   47.02    0.25   65.      8.1608],[0.31377123 0.56082741 0.         0.         0.73710637],1
23.66,47.14,0.25,65.0,4.805000000000071,[23.66  47.14   0.25  65.     4.805],[0.31377123 0.58749421 0.         0.         0.09923582],3
23.66,48.15,0.25,65.0,0.21124999999998523,[23.66    48.15     0.25    65.       0.21125],[ 0.31377123  0.8119398   0.          0.         -0.77394429],3
23.66,48.26,0.25,65.0,3.225800000000052,[23.66   48.26    0.25   65.      3.2258],[ 0.31377123  0.83638437  0.          0.         -0.20093855],3
23.66,48.28,0.25,65.0,0.387200000000046,[23.66   48.28    0.25   65.      0.3872],[ 0.31377123  0.84082883  0.          0.         -0.74049971],3
23.66,48.29,0.25,65.0,1.1105333333334007,[23.66       48.29        0.25       65.          1.11053333],[ 0.31377123  0.84305107  0.          0.         -0.60300849],3
23.66,48.32,0.25,65.0,0.7200000000000546,[23.66 48.32  0.25 65.    0.72],[ 0.31377123  0.84971777  0.          0.         -0.67724108],3
23.66,48.36,0.25,65.0,1.3034809523809712,[23.66       48.36        0.25       65.          1.30348095],[ 0.31377123  0.8586067   0.          0.         -0.56633301],3
23.66,48.38,0.25,65.0,0.054450000000032264,[2.366e+01 4.838e+01 2.500e-01 6.500e+01 5.445e-02],[ 0.31377123  0.86305117  0.          0.         -0.80374884],3
23.66,48.41,0.25,65.0,0.31999999999996365,[23.66 48.41  0.25 65.    0.32],[ 0.31377123  0.86971787  0.          0.         -0.75327309],3
23.66,48.47,0.25,65.0,4.975633333333298,[23.66       48.47        0.25       65.          4.97563333],[0.31377123 0.88305127 0.         0.         0.13166981],3
23.66,48.5,0.25,65.0,1.0367999999995874,[23.66   48.5     0.25   65.      1.0368],[ 0.31377123  0.88971797  0.          0.         -0.61702373],3
23.66,48.81,0.25,65.0,5.712200000000369,[23.66   48.81    0.25   65.      5.7122],[0.31377123 0.95860721 0.         0.         0.27167642],3
23.66,48.99,0.25,65.0,10.998049999998656,[23.66    48.99     0.25    65.      10.99805],[0.31377123 0.99860741 0.         0.         1.27641092],2
23.66,49.02,0.25,65.0,0.3960500000001902,[23.66    49.02     0.25    65.       0.39605],[ 0.31377123  1.00527411  0.          0.         -0.7388175 ],3
23.66,49.68,0.25,65.0,9.6799999999999,[23.66 49.68  0.25 65.    9.68],[0.31377123 1.15194153 0.         0.         1.02587594],2
23.66,49.72,0.25,65.0,0.08000000000003638,[23.66 49.72  0.25 65.    0.08],[ 0.31377123  1.16083046  0.          0.         -0.7988923 ],3
23.66,49.78,0.25,65.0,8.611249999999906,[23.66    49.78     0.25    65.       8.61125],[0.31377123 1.17416386 0.         0.         0.82272791],2
23.66,50.75,0.25,65.0,0.7564500000000224,[23.66    50.75     0.25    65.       0.75645],[ 0.31377123  1.38972051  0.          0.         -0.67031266],3
23.66,50.77,0.25,65.0,4.836049999999335,[23.66    50.77     0.25    65.       4.83605],[0.31377123 1.39416498 0.         0.         0.10513781],3
23.66,50.8,0.25,65.0,0.02419999999998099,[2.366e+01 5.080e+01 2.500e-01 6.500e+01 2.420e-02],[ 0.31377123  1.40083168  0.          0.         -0.80949876],3
23.68,39.97,0.25,65.0,0.026450000000004182,[2.368e+01 3.997e+01 2.500e-01 6.500e+01 2.645e-02],[ 0.35571713 -1.00584723  0.          0.         -0.80907108],0
23.68,40.16,0.25,65.0,18.060049999999947,[23.68    40.16     0.25    65.      18.06005],[ 0.35571713 -0.9636248   0.          0.          2.61875605],1
23.68,40.3,0.25,65.0,0.36125000000006763,[23.68    40.3      0.25    65.       0.36125],[ 0.35571713 -0.93251353  0.          0.         -0.74543229],0
23.68,41.57,0.25,65.0,0.02205000000000764,[2.368e+01 4.157e+01 2.500e-01 6.500e+01 2.205e-02],[ 0.35571713 -0.65028987  0.          0.         -0.80990743],3
23.68,43.13,0.25,65.0,9.901250000000708,[23.68    43.13     0.25    65.       9.90125],[ 0.35571713 -0.30362144  0.          0.          1.06793115],1
23.68,43.62,0.25,65.0,0.296449999999986,[23.68    43.62     0.25    65.       0.29645],[ 0.35571713 -0.19473199  0.          0.         -0.75774947],3
23.68,43.72,0.25,65.0,0.15125000000003752,[23.68    43.72     0.25    65.       0.15125],[ 0.35571713 -0.17250966  0.          0.         -0.78534909],3
23.68,43.73,0.25,65.0,0.0017999999999967259,[2.368e+01 4.373e+01 2.500e-01 6.500e+01 1.800e-03],[ 0.35571713 -0.17028743  0.          0.         -0.81375655],3
23.68,43.82,0.25,65.0,11.05466666666626,[23.68       43.82        0.25       65.         11.05466667],[ 0.35571713 -0.15028732  0.          0.          1.28717261],1
23.68,43.86,0.25,65.0,6.263666666666848,[23.68       43.86        0.25       65.          6.26366667],[ 0.35571713 -0.14139839  0.          0.          0.37649922],3
23.68,44.32,0.25,65.0,4.5,[23.68 44.32  0.25 65.    4.5 ],[ 0.35571713 -0.03917565  0.          0.          0.04126141],3
23.68,44.34,0.25,65.0,0.05444999999997599,[2.368e+01 4.434e+01 2.500e-01 6.500e+01 5.445e-02],[ 0.35571713 -0.03473118  0.          0.         -0.80374884],3
23.68,44.73,0.25,65.0,12.887433333333604,[23.68       44.73        0.25       65.         12.88743333],[0.35571713 0.05193593 0.         0.         1.63554495],1
23.68,44.85,0.25,65.0,0.07604999999999468,[23.68    44.85     0.25    65.       0.07605],[ 0.35571713  0.07860273  0.          0.         -0.79964311],3
23.68,45.53,0.25,65.0,4.734520000000214,[23.68    45.53     0.25    65.       4.73452],[0.35571713 0.22971461 0.         0.         0.08583898],3
23.68,45.55,0.25,65.0,2.976800000000133,[23.68   45.55    0.25   65.      2.9768],[ 0.35571713  0.23415908  0.          0.         -0.24826848],3
23.68,45.56,0.25,65.0,4.420329999999691,[23.68    45.56     0.25    65.       4.42033],[0.35571713 0.23638131 0.         0.         0.02611774],3
23.68,45.77,0.25,65.0,2.2471999999997685,[23.68   45.77    0.25   65.      2.2472],[ 0.35571713  0.28304822  0.          0.         -0.38695087],3
23.68,45.78,0.25,65.0,1.328450000000178,[23.68    45.78     0.25    65.       1.32845],[ 0.35571713  0.28527045  0.          0.         -0.56158689],3
23.68,45.84,0.25,65.0,1.53125,[23.68    45.84     0.25    65.       1.53125],[ 0.35571713  0.29860385  0.          0.         -0.52303866],3
23.68,45.89,0.25,65.0,11.956050000001046,[23.68    45.89     0.25    65.      11.95605],[0.35571713 0.30971502 0.         0.         1.45850758],1
23.68,45.9,0.25,65.0,0.12004999999994875,[23.68    45.9      0.25    65.       0.12005],[ 0.35571713  0.31193725  0.          0.         -0.79127959],3
23.68,46.19,0.25,65.0,5.779999999999149,[23.68 46.19  0.25 65.    5.78],[0.35571713 0.37638202 0.         0.         0.28456384],3
23.68,46.22,0.25,65.0,9.945800000000162,[23.68   46.22    0.25   65.      9.9458],[0.35571713 0.38304872 0.         0.         1.07639921],1
23.68,46.35,0.25,65.0,0.3612499999999227,[23.68    46.35     0.25    65.       0.36125],[ 0.35571713  0.41193776  0.          0.         -0.74543229],3
23.68,46.46,0.25,65.0,19.282050000000226,[23.68    46.46     0.25    65.      19.28205],[0.35571713 0.43638233 0.         0.         2.85103384],1
23.68,46.48,0.25,65.0,3.458449999999988,[23.68    46.48     0.25    65.       3.45845],[ 0.35571713  0.4408268   0.          0.         -0.15671644],3
23.68,46.75,0.25,65.0,9.245700000000133,[23.68   46.75    0.25   65.      9.2457],[0.35571713 0.5008271  0.         0.         0.94332419],1
23.68,46.82,0.25,65.0,5.4449999999994745,[23.68  46.82   0.25  65.     5.445],[0.35571713 0.51638274 0.         0.         0.22088704],3
23.68,47.28,0.25,65.0,2.464200000000313,[23.68   47.28    0.25   65.      2.4642],[ 0.35571713  0.61860548  0.          0.         -0.3457035 ],3
23.68,48.05,0.25,65.0,0.31204999999997124,[23.68    48.05     0.25    65.       0.31205],[ 0.35571713  0.78971746  0.          0.         -0.75478423],3
23.68,48.27,0.25,65.0,1.2482000000001545,[23.68   48.27    0.25   65.      1.2482],[ 0.35571713  0.8386066   0.          0.         -0.57684081],3
23.68,48.3,0.25,65.0,0.125,[23.68  48.3    0.25  65.     0.125],[ 0.35571713  0.8452733   0.          0.         -0.79033869],3
23.68,48.31,0.25,65.0,3.486533333333188,[23.68       48.31        0.25       65.          3.48653333],[ 0.35571713  0.84749553  0.          0.         -0.15137836],3
23.68,48.32,0.25,65.0,2.551669999999996,[23.68    48.32     0.25    65.       2.55167],[ 0.35571713  0.84971777  0.          0.         -0.3290772 ],3
23.68,48.33,0.25,65.0,0.6659619047619397,[23.68      48.33       0.25      65.         0.6659619],[ 0.35571713  0.85194     0.          0.         -0.68751264],3
23.68,48.34,0.25,65.0,13.886449999999904,[23.68    48.34     0.25    65.      13.88645],[0.35571713 0.85416223 0.         0.         1.82543806],1
23.68,48.36,0.25,65.0,2.450500000000045,[23.68   48.36    0.25   65.      2.4505],[ 0.35571713  0.8586067   0.          0.         -0.3483076 ],3
23.68,48.37,0.25,65.0,0.29942500000001915,[23.68     48.37      0.25     65.        0.299425],[ 0.35571713  0.86082893  0.          0.         -0.75718399],3
23.68,48.76,0.25,65.0,5.6112500000000765,[23.68    48.76     0.25    65.       5.61125],[0.35571713 0.94749604 0.         0.         0.25248784],3
23.68,48.95,0.25,65.0,3.4847999999996637,[23.68   48.95    0.25   65.      3.4848],[ 0.35571713  0.98971848  0.          0.         -0.15170783],3
23.68,49.0,0.25,65.0,0.3042000000000674,[23.68   49.      0.25   65.      0.3042],[ 0.35571713  1.00082965  0.          0.         -0.75627635],3
23.68,49.82,0.25,65.0,1.638050000000107,[23.68    49.82     0.25    65.       1.63805],[ 0.35571713  1.1830528   0.          0.         -0.50273811],3
23.68,50.12,0.25,65.0,0.09963333333326085,[23.68       50.12        0.25       65.          0.09963333],[ 0.35571713  1.2497198   0.          0.         -0.79516039],3
23.68,50.14,0.25,65.0,0.05303333333330565,"[2.36800000e+01 5.01400000e+01 2.50000000e-01 6.50000000e+01
 5.30333333e-02]",[ 0.35571713  1.25416427  0.          0.         -0.80401812],3
23.68,50.49,0.25,65.0,1.4280500000000922,[23.68    50.49     0.25    65.       1.42805],[ 0.35571713  1.33194244  0.          0.         -0.54265492],3
23.68,50.66,0.25,65.0,0.096800000000024,[23.68   50.66    0.25   65.      0.0968],[ 0.35571713  1.36972041  0.          0.         -0.79569895],3
23.68,50.74,0.25,65.0,0.41404999999997105,[23.68    50.74     0.25    65.       0.41405],[ 0.35571713  1.38749828  0.          0.         -0.73539606],3
23.68,50.79,0.25,65.0,9.54845000000002,[23.68    50.79     0.25    65.       9.54845],[0.35571713 1.39860945 0.         0.         1.00087091],2
23.68,50.8,0.25,65.0,4.0800333333336685,[23.68       50.8         0.25       65.          4.08003333],[ 0.35571713  1.40083168  0.          0.         -0.03856586],3
23.69,39.92,0.25,65.0,1.4620500000000622,[23.69    39.92     0.25    65.       1.46205],[ 0.37669008 -1.0169584   0.          0.         -0.5361922 ],0
23.69,42.51,0.25,65.0,1.960200000000036,[23.69   42.51    0.25   65.      1.9602],[ 0.37669008 -0.44139992  0.          0.         -0.44150383],3
23.69,43.74,0.25,65.0,0.14579999999998036,[23.69   43.74    0.25   65.      0.1458],[ 0.37669008 -0.16806519  0.          0.         -0.78638503],3
23.69,43.79,0.25,65.0,2.976800000000133,[23.69   43.79    0.25   65.      2.9768],[ 0.37669008 -0.15695402  0.          0.         -0.24826848],3
23.69,43.92,0.25,65.0,1.8180333333331207,[23.69       43.92        0.25       65.          1.81803333],[ 0.37669008 -0.12806499  0.          0.         -0.46852688],3
23.69,43.99,0.25,65.0,0.21124999999998523,[23.69    43.99     0.25    65.       0.21125],[ 0.37669008 -0.11250935  0.          0.         -0.77394429],3
23.69,44.29,0.25,65.0,5.4449999999994745,[23.69  44.29   0.25  65.     5.445],[ 0.37669008 -0.04584235  0.          0.          0.22088704],3
23.69,44.88,0.25,65.0,8.282450000000203,[23.69    44.88     0.25    65.       8.28245],[0.37669008 0.08526943 0.         0.         0.7602296 ],1
23.69,45.11,0.25,65.0,3.591199999999866,[23.69   45.11    0.25   65.      3.5912],[ 0.37669008  0.1363808   0.          0.         -0.13148331],3
23.69,45.22,0.25,65.0,7.644050000000765,[23.69    45.22     0.25    65.       7.64405],[0.37669008 0.16082537 0.         0.         0.63888251],1
23.69,45.24,0.25,65.0,3.3397000000001293,[23.69   45.24    0.25   65.      3.3397],[ 0.37669008  0.16526984  0.          0.         -0.17928844],3
23.69,45.83,0.25,65.0,2.3112500000001956,[23.69    45.83     0.25    65.       2.31125],[ 0.37669008  0.29638162  0.          0.         -0.37477624],3
23.69,45.89,0.25,65.0,1.7860499999999742,[23.69    45.89     0.25    65.       1.78605],[ 0.37669008  0.30971502  0.          0.         -0.47460627],3
23.69,45.95,0.25,65.0,5.985433333332707,[23.69       45.95        0.25       65.          5.98543333],[0.37669008 0.32304842 0.         0.         0.32361262],3
23.69,46.08,0.25,65.0,0.024200000000031013,[2.369e+01 4.608e+01 2.500e-01 6.500e+01 2.420e-02],[ 0.37669008  0.35193745  0.          0.         -0.80949876],3
23.69,46.2,0.25,65.0,7.03125,[23.69    46.2      0.25    65.       7.03125],[0.37669008 0.37860426 0.         0.         0.52240147],3
23.69,46.5,0.25,65.0,19.034450000000447,[23.69    46.5      0.25    65.      19.03445],[0.37669008 0.44527126 0.         0.         2.80397003],1
23.69,46.51,0.25,65.0,18.483199999999556,[23.69   46.51    0.25   65.     18.4832],[0.37669008 0.4474935  0.         0.         2.69918841],1
23.69,46.89,0.25,65.0,4.635233333333152,[23.69       46.89        0.25       65.          4.63523333],[0.37669008 0.53193837 0.         0.         0.06696657],3
23.69,47.03,0.25,65.0,2.204999999999809,[23.69  47.03   0.25  65.     2.205],[ 0.37669008  0.56304964  0.          0.         -0.39497224],3
23.69,48.31,0.25,65.0,0.9940500000001155,[23.69    48.31     0.25    65.       0.99405],[ 0.37669008  0.84749553  0.          0.         -0.62514965],3
23.69,48.74,0.25,65.0,2.946633333333753,[23.69       48.74        0.25       65.          2.94663333],[ 0.37669008  0.94305157  0.          0.         -0.25400256],3
23.69,49.01,0.25,65.0,0.009799999999982174,[2.369e+01 4.901e+01 2.500e-01 6.500e+01 9.800e-03],[ 0.37669008  1.00305188  0.          0.         -0.81223591],3
23.69,49.05,0.25,65.0,2.668049999999874,[23.69    49.05     0.25    65.       2.66805],[ 0.37669008  1.01194081  0.          0.         -0.30695569],3
23.69,49.58,0.25,65.0,0.15679999999996944,[23.69   49.58    0.25   65.      0.1568],[ 0.37669008  1.12971919  0.          0.         -0.78429415],3
23.69,49.81,0.25,65.0,0.5942333333333482,[23.69       49.81        0.25       65.          0.59423333],[ 0.37669008  1.18083056  0.          0.         -0.70114681],3
23.69,49.84,0.25,65.0,0.2112500000000591,[23.69    49.84     0.25    65.       0.21125],[ 0.37669008  1.18749726  0.          0.         -0.77394429],3
23.69,50.05,0.25,65.0,2.952450000000431,[23.69    50.05     0.25    65.       2.95245],[ 0.37669008  1.23416417  0.          0.         -0.25289693],3
23.69,50.08,0.25,65.0,0.9169333333334349,[23.69       50.08        0.25       65.          0.91693333],[ 0.37669008  1.24083087  0.          0.         -0.63980799],3
23.69,50.1,0.25,65.0,0.15124999999991245,[23.69    50.1      0.25    65.       0.15125],[ 0.37669008  1.24527534  0.          0.         -0.78534909],3
23.69,50.11,0.25,65.0,1.359270000000072,[23.69    50.11     0.25    65.       1.35927],[ 0.37669008  1.24749757  0.          0.         -0.55572862],3
23.69,50.13,0.25,65.0,0.4512499999999352,[23.69    50.13     0.25    65.       0.45125],[ 0.37669008  1.25194204  0.          0.         -0.72832509],3
23.69,50.17,0.25,65.0,0.0631199999999927,[2.369e+01 5.017e+01 2.500e-01 6.500e+01 6.312e-02],[ 0.37669008  1.26083097  0.          0.         -0.80210085],3
23.69,50.18,0.25,65.0,1.6927999999996401,[23.69   50.18    0.25   65.      1.6928],[ 0.37669008  1.2630532   0.          0.         -0.49233123],3
23.69,50.65,0.25,65.0,0.20479999999991852,[23.69   50.65    0.25   65.      0.2048],[ 0.37669008  1.36749818  0.          0.         -0.77517031],3
23.7,39.94,0.25,65.0,2.061233333333412,[23.7        39.94        0.25       65.          2.06123333],[ 0.39766303 -1.01251393  0.          0.         -0.42229941],0
23.7,40.3,0.25,65.0,1.2960500000001134,[23.7     40.3      0.25    65.       1.29605],[ 0.39766303 -0.93251353  0.          0.         -0.56774548],0
23.7,40.76,0.25,65.0,7.960633333333648,[23.7        40.76        0.25       65.          7.96063333],[ 0.39766303 -0.83029078  0.          0.          0.69905868],1
23.7,40.86,0.25,65.0,6.624799999999951,[23.7    40.86    0.25   65.      6.6248],[ 0.39766303 -0.80806845  0.          0.          0.44514345],1
23.7,41.49,0.25,65.0,0.1398700000000035,[23.7     41.49     0.25    65.       0.13987],[ 0.39766303 -0.66806774  0.          0.         -0.7875122 ],3
23.7,41.54,0.25,65.0,0.19803333333332326,[23.7        41.54        0.25       65.          0.19803333],[ 0.39766303 -0.65695657  0.          0.         -0.77645652],3
23.7,42.4,0.25,65.0,0.11520000000000873,[23.7    42.4     0.25   65.      0.1152],[ 0.39766303 -0.46584449  0.          0.         -0.79220148],3
23.7,42.51,0.25,65.0,15.568199999999594,[23.7    42.51    0.25   65.     15.5682],[ 0.39766303 -0.44139992  0.          0.          2.14510514],1
23.7,42.94,0.25,65.0,1.3944499999995519,[23.7     42.94     0.25    65.       1.39445],[ 0.39766303 -0.34584387  0.          0.         -0.54904161],3
23.7,43.67,0.25,65.0,0.0024499999999875854,[2.370e+01 4.367e+01 2.500e-01 6.500e+01 2.450e-03],[ 0.39766303 -0.18362083  0.          0.         -0.813633  ],3
23.7,43.88,0.25,65.0,0.49004999999989646,[23.7     43.88     0.25    65.       0.49005],[ 0.39766303 -0.13695392  0.          0.         -0.72094998],3
23.7,43.9,0.25,65.0,2.101249999999674,[23.7     43.9      0.25    65.       2.10125],[ 0.39766303 -0.13250946  0.          0.         -0.41469305],3
23.7,44.38,0.25,65.0,4.836050000000043,[23.7     44.38     0.25    65.       4.83605],[ 0.39766303 -0.02584225  0.          0.          0.10513781],3
23.7,45.01,0.25,65.0,0.07219999999999827,[23.7    45.01    0.25   65.      0.0722],[ 0.39766303  0.11415847  0.          0.         -0.80037492],3
23.7,45.13,0.25,65.0,0.22103333333345765,[23.7        45.13        0.25       65.          0.22103333],[ 0.39766303  0.14082527  0.          0.         -0.77208468],3
23.7,45.19,0.25,65.0,0.0007999999999985448,[2.370e+01 4.519e+01 2.500e-01 6.500e+01 8.000e-04],[ 0.39766303  0.15415867  0.          0.         -0.81394663],3
23.7,45.22,0.25,65.0,15.848450000000614,[23.7     45.22     0.25    65.      15.84845],[0.39766303 0.16082537 0.         0.         2.19837507],1
23.7,45.84,0.25,65.0,0.5831999999999214,[23.7    45.84    0.25   65.      0.5832],[ 0.39766303  0.29860385  0.          0.         -0.70324403],3
23.7,45.87,0.25,65.0,0.5744916666667356,[23.7        45.87        0.25       65.          0.57449167],[ 0.39766303  0.30527055  0.          0.         -0.70489931],3
23.7,46.06,0.25,65.0,4.321799999999158,[23.7    46.06    0.25   65.      4.3218],[0.39766303 0.34749299 0.         0.         0.00738915],3
23.7,46.11,0.25,65.0,6.0204499999997,[23.7     46.11     0.25    65.       6.02045],[0.39766303 0.35860416 0.         0.         0.33026859],3
23.7,46.18,0.25,65.0,5.478049999999819,[23.7     46.18     0.25    65.       5.47805],[0.39766303 0.37415979 0.         0.         0.22716918],3
23.7,46.6,0.25,65.0,3.125,[23.7   46.6    0.25  65.     3.125],[ 0.39766303  0.4674936   0.          0.         -0.22009862],3
23.7,46.79,0.25,65.0,17.940050000000735,[23.7     46.79     0.25    65.      17.94005],[0.39766303 0.50971604 0.         0.         2.59594645],1
23.7,46.98,0.25,65.0,3.511250000000241,[23.7     46.98     0.25    65.       3.51125],[ 0.39766303  0.55193847  0.          0.         -0.14668021],3
23.7,48.62,0.25,65.0,1.2482000000004239,[23.7    48.62    0.25   65.      1.2482],[ 0.39766303  0.91638477  0.          0.         -0.57684081],3
23.7,48.68,0.25,65.0,17.582449999999703,[23.7     48.68     0.25    65.      17.58245],[0.39766303 0.92971817 0.         0.         2.52797383],1
23.7,49.49,0.25,65.0,0.5724499999998103,[23.7     49.49     0.25    65.       0.57245],[ 0.39766303  1.10971909  0.          0.         -0.70528739],3
23.7,49.62,0.25,65.0,5.9858000000001255,[23.7    49.62    0.25   65.      5.9858],[0.39766303 1.13860813 0.         0.         0.32368231],3
23.7,49.74,0.25,65.0,0.84009999999991,[23.7    49.74    0.25   65.      0.8401],[ 0.39766303  1.16527493  0.          0.         -0.65441247],3
23.7,49.76,0.25,65.0,1.7328000000000132,[23.7    49.76    0.25   65.      1.7328],[ 0.39766303  1.1697194   0.          0.         -0.48472803],3
23.7,49.77,0.25,65.0,2.7144499999998306,[23.7     49.77     0.25    65.       2.71445],[ 0.39766303  1.17194163  0.          0.         -0.29813597],3
23.7,49.82,0.25,65.0,1.4280500000000922,[23.7     49.82     0.25    65.       1.42805],[ 0.39766303  1.1830528   0.          0.         -0.54265492],3
23.7,50.0,0.25,65.0,12.05405000000096,[23.7     50.       0.25    65.      12.05405],[0.39766303 1.223053   0.         0.         1.47713542],2
23.7,50.09,0.25,65.0,2.3544499999994177,[23.7     50.09     0.25    65.       2.35445],[ 0.39766303  1.2430531   0.          0.         -0.36656478],3
23.7,50.11,0.25,65.0,3.6992000000003835,[23.7    50.11    0.25   65.      3.6992],[ 0.39766303  1.24749757  0.          0.         -0.11095467],3
23.7,50.12,0.25,65.0,0.08000000000003638,[23.7  50.12  0.25 65.    0.08],[ 0.39766303  1.2497198   0.          0.         -0.7988923 ],3
23.7,50.13,0.25,65.0,0.011250000000013643,[2.370e+01 5.013e+01 2.500e-01 6.500e+01 1.125e-02],[ 0.39766303  1.25194204  0.          0.         -0.8119603 ],3
23.7,50.14,0.25,65.0,0.11519999999995416,[23.7    50.14    0.25   65.      0.1152],[ 0.39766303  1.25416427  0.          0.         -0.79220148],3
23.7,50.16,0.25,65.0,0.9056666666666469,[23.7        50.16        0.25       65.          0.90566667],[ 0.39766303  1.25860874  0.          0.         -0.64194956],3
23.7,50.33,0.25,65.0,6.055199999999668,[23.7    50.33    0.25   65.      6.0552],[0.39766303 1.29638671 0.         0.         0.33687387],3
23.7,50.37,0.25,65.0,8.862050000000153,[23.7     50.37     0.25    65.       8.86205],[0.39766303 1.30527564 0.         0.         0.87039998],2
23.7,50.59,0.25,65.0,8.760633333333253,[23.7        50.59        0.25       65.          8.76063333],[0.39766303 1.35416478 0.         0.         0.8511227 ],2
23.72,39.52,0.25,65.0,0.0577999999999915,[2.372e+01 3.952e+01 2.500e-01 6.500e+01 5.780e-02],[ 0.43960893 -1.10584774  0.          0.         -0.80311207],0
23.72,39.84,0.25,65.0,6.40819999999974,[23.72   39.84    0.25   65.      6.4082],[ 0.43960893 -1.03473627  0.          0.          0.40397212],0
23.72,39.95,0.25,65.0,0.06479999999998445,[2.372e+01 3.995e+01 2.500e-01 6.500e+01 6.480e-02],[ 0.43960893 -1.0102917   0.          0.         -0.80178151],0
23.72,40.76,0.25,65.0,6.697799999999467,[23.72   40.76    0.25   65.      6.6978],[ 0.43960893 -0.83029078  0.          0.          0.45901929],1
23.72,40.91,0.25,65.0,0.004050000000013097,[2.372e+01 4.091e+01 2.500e-01 6.500e+01 4.050e-03],[ 0.43960893 -0.79695728  0.          0.         -0.81332887],0
23.72,41.51,0.25,65.0,0.6271999999999415,[23.72   41.51    0.25   65.      0.6272],[ 0.43960893 -0.66362327  0.          0.         -0.69488051],3
23.72,41.55,0.25,65.0,0.004050000000007981,[2.372e+01 4.155e+01 2.500e-01 6.500e+01 4.050e-03],[ 0.43960893 -0.65473434  0.          0.         -0.81332887],3
23.72,42.79,0.25,65.0,1.53125,[23.72    42.79     0.25    65.       1.53125],[ 0.43960893 -0.37917738  0.          0.         -0.52303866],3
23.72,43.16,0.25,65.0,0.8014333333330992,[23.72       43.16        0.25       65.          0.80143333],[ 0.43960893 -0.29695474  0.          0.         -0.66176223],3
23.72,43.46,0.25,65.0,16.76204999999979,[23.72    43.46     0.25    65.      16.76205],[ 0.43960893 -0.23028773  0.          0.          2.37203218],1
23.72,43.84,0.25,65.0,3.976200000000141,[23.72   43.84    0.25   65.      3.9762],[ 0.43960893 -0.14584286  0.          0.         -0.0583025 ],3
23.72,44.07,0.25,65.0,2.020049999999753,[23.72    44.07     0.25    65.       2.02005],[ 0.43960893 -0.09473149  0.          0.         -0.43012754],3
23.72,44.08,0.25,65.0,0.2737999999999226,[23.72   44.08    0.25   65.      0.2738],[ 0.43960893 -0.09250925  0.          0.         -0.76205479],3
23.72,44.31,0.25,65.0,9.6432999999999,[23.72   44.31    0.25   65.      9.6433],[ 0.43960893 -0.04139788  0.          0.          1.0189    ],1
23.72,44.4,0.25,65.0,11.712800000000154,[23.72   44.4     0.25   65.     11.7128],[ 0.43960893 -0.02139778  0.          0.          1.41227061],1
23.72,44.54,0.25,65.0,0.10580000000001673,[23.72   44.54    0.25   65.      0.1058],[ 0.43960893  0.00971349  0.          0.         -0.79398823],3
23.72,45.1,0.25,65.0,1.9208000000000713,[23.72   45.1     0.25   65.      1.9208],[ 0.43960893  0.13415857  0.          0.         -0.44899299],3
23.72,45.63,0.25,65.0,19.656449999999886,[23.72    45.63     0.25    65.      19.65645],[0.43960893 0.25193695 0.         0.         2.9221998 ],1
23.72,46.46,0.25,65.0,0.6727999999998312,[23.72   46.46    0.25   65.      0.6728],[ 0.43960893  0.43638233  0.          0.         -0.68621286],3
23.72,46.48,0.25,65.0,0.48020000000001783,[23.72   46.48    0.25   65.      0.4802],[ 0.43960893  0.4408268   0.          0.         -0.72282227],3
23.72,46.54,0.25,65.0,0.00844999999996985,[2.372e+01 4.654e+01 2.500e-01 6.500e+01 8.450e-03],[ 0.43960893  0.4541602   0.          0.         -0.81249252],3
23.72,46.59,0.25,65.0,3.864199999999608,[23.72   46.59    0.25   65.      3.8642],[ 0.43960893  0.46527137  0.          0.         -0.07959147],3
23.72,46.67,0.25,65.0,2.3105333333330633,[23.72       46.67        0.25       65.          2.31053333],[ 0.43960893  0.48304923  0.          0.         -0.37491246],3
23.72,46.71,0.25,65.0,2.0007000000001156,[23.72   46.71    0.25   65.      2.0007],[ 0.43960893  0.49193817  0.          0.         -0.43380559],3
23.72,46.78,0.25,65.0,7.267633333333374,[23.72       46.78        0.25       65.          7.26763333],[0.43960893 0.5074938  0.         0.         0.56733322],3
23.72,46.84,0.25,65.0,16.07445000000041,[23.72    46.84     0.25    65.      16.07445],[0.43960893 0.5208272  0.         0.         2.24133315],1
23.72,48.53,0.25,65.0,0.8320499999999531,[23.72    48.53     0.25    65.       0.83205],[ 0.43960893  0.89638467  0.          0.         -0.65594261],3
23.72,48.6,0.25,65.0,2.2684500000002323,[23.72    48.6      0.25    65.       2.26845],[ 0.43960893  0.91194031  0.          0.         -0.38291167],3
23.72,48.65,0.25,65.0,0.8320500000000998,[23.72    48.65     0.25    65.       0.83205],[ 0.43960893  0.92305147  0.          0.         -0.65594261],3
23.72,48.67,0.25,65.0,10.920633333333683,[23.72       48.67        0.25       65.         10.92063333],[0.43960893 0.92749594 0.         0.         1.26169555],1
23.72,48.77,0.25,65.0,17.11124999999947,[23.72    48.77     0.25    65.      17.11125],[0.43960893 0.94971828 0.         0.         2.43840812],1
23.72,49.44,0.25,65.0,0.7564500000000224,[23.72    49.44     0.25    65.       0.75645],[ 0.43960893  1.09860792  0.          0.         -0.67031266],3
23.72,49.53,0.25,65.0,0.10124999999996931,[23.72    49.53     0.25    65.       0.10125],[ 0.43960893  1.11860802  0.          0.         -0.7948531 ],3
23.72,49.56,0.25,65.0,11.186450000000086,[23.72    49.56     0.25    65.      11.18645],[0.43960893 1.12527472 0.         0.         1.31222199],1
23.72,49.61,0.25,65.0,12.210299999999863,[23.72   49.61    0.25   65.     12.2103],[0.43960893 1.13638589 0.         0.         1.50683543],1
23.72,49.95,0.25,65.0,0.0017999999999967259,[2.372e+01 4.995e+01 2.500e-01 6.500e+01 1.800e-03],[ 0.43960893  1.21194183  0.          0.         -0.81375655],3
23.72,50.1,0.25,65.0,0.02644999999992574,[2.372e+01 5.010e+01 2.500e-01 6.500e+01 2.645e-02],[ 0.43960893  1.24527534  0.          0.         -0.80907108],3
23.72,50.11,0.25,65.0,0.7688000000001523,[23.72   50.11    0.25   65.      0.7688],[ 0.43960893  1.24749757  0.          0.         -0.66796517],3
23.72,50.12,0.25,65.0,0.8112999999998913,[23.72   50.12    0.25   65.      0.8113],[ 0.43960893  1.2497198   0.          0.         -0.65988677],3
23.72,50.31,0.25,65.0,0.7687999999998703,[23.72   50.31    0.25   65.      0.7688],[ 0.43960893  1.29194224  0.          0.         -0.66796517],3
23.72,50.33,0.25,65.0,3.1327000000001872,[23.72   50.33    0.25   65.      3.1327],[ 0.43960893  1.29638671  0.          0.         -0.218635  ],3
23.72,50.52,0.25,65.0,15.680000000000128,[23.72 50.52  0.25 65.   15.68],[0.43960893 1.33860914 0.         0.         2.16635609],1
23.72,50.55,0.25,65.0,7.920200000000072,[23.72   50.55    0.25   65.      7.9202],[0.43960893 1.34527584 0.         0.         0.69137311],3
23.73,39.6,0.25,65.0,2.385699999999976,[23.73   39.6     0.25   65.      2.3857],[ 0.46058188 -1.08806987  0.          0.         -0.36062478],0
23.73,39.65,0.25,65.0,1.4449999999999807,[23.73  39.65   0.25  65.     1.445],[ 0.46058188 -1.07695871  0.          0.         -0.53943306],0
23.73,40.02,0.25,65.0,0.21969999999998463,[23.73   40.02    0.25   65.      0.2197],[ 0.46058188 -0.99473607  0.          0.         -0.77233812],0
23.73,40.12,0.25,65.0,0.6384500000000591,[23.73    40.12     0.25    65.       0.63845],[ 0.46058188 -0.97251373  0.          0.         -0.69274211],0
23.73,40.39,0.25,65.0,5.37919999999991,[23.73   40.39    0.25   65.      5.3792],[ 0.46058188 -0.91251343  0.          0.          0.20837977],0
23.73,40.42,0.25,65.0,0.8450000000001626,[23.73  40.42   0.25  65.     0.845],[ 0.46058188 -0.90584672  0.          0.         -0.65348108],0
23.73,40.45,0.25,65.0,3.2004500000000746,[23.73    40.45     0.25    65.       3.20045],[ 0.46058188 -0.89918002  0.          0.         -0.20575708],0
23.73,40.72,0.25,65.0,10.522633333332644,[23.73       40.72        0.25       65.         10.52263333],[ 0.46058188 -0.83917972  0.          0.          1.1860437 ],1
23.73,41.42,0.25,65.0,14.796800000000298,[23.73   41.42    0.25   65.     14.7968],[ 0.46058188 -0.68362337  0.          0.          1.99847741],1
23.73,41.44,0.25,65.0,11.61620000000024,[23.73   41.44    0.25   65.     11.6162],[ 0.46058188 -0.6791789   0.          0.          1.39390888],1
23.73,42.32,0.25,65.0,11.233800000000581,[23.73   42.32    0.25   65.     11.2338],[ 0.46058188 -0.48362235  0.          0.          1.32122228],1
23.73,42.44,0.25,65.0,13.05605000000007,[23.73    42.44     0.25    65.      13.05605],[ 0.46058188 -0.45695555  0.          0.          1.66759561],1
23.73,42.93,0.25,65.0,4.590450000000262,[23.73    42.93     0.25    65.       4.59045],[ 0.46058188 -0.34806611  0.          0.          0.05845415],3
23.73,42.95,0.25,65.0,16.7042000000005,[23.73   42.95    0.25   65.     16.7042],[ 0.46058188 -0.34362164  0.          0.          2.36103605],1
23.73,43.31,0.25,65.0,14.311249999999513,[23.73    43.31     0.25    65.      14.31125],[ 0.46058188 -0.26362123  0.          0.          1.90618405],1
23.73,43.82,0.25,65.0,4.032800000000413,[23.73   43.82    0.25   65.      4.0328],[ 0.46058188 -0.15028732  0.          0.         -0.04754397],3
23.73,44.05,0.25,65.0,12.08229999999972,[23.73   44.05    0.25   65.     12.0823],[ 0.46058188 -0.09917595  0.          0.          1.48250518],1
23.73,44.69,0.25,65.0,1.3612500000001502,[23.73    44.69     0.25    65.       1.36125],[ 0.46058188  0.04304699  0.          0.         -0.55535226],3
23.73,44.94,0.25,65.0,0.00844999999996985,[2.373e+01 4.494e+01 2.500e-01 6.500e+01 8.450e-03],[ 0.46058188  0.09860283  0.          0.         -0.81249252],3
23.73,45.13,0.25,65.0,1.2324500000000784,[23.73    45.13     0.25    65.       1.23245],[ 0.46058188  0.14082527  0.          0.         -0.57983457],3
23.73,46.05,0.25,65.0,0.0050000000000022735,[2.373e+01 4.605e+01 2.500e-01 6.500e+01 5.000e-03],[ 0.46058188  0.34527075  0.          0.         -0.8131483 ],3
23.73,46.08,0.25,65.0,1.6093000000001743,[23.73   46.08    0.25   65.      1.6093],[ 0.46058188  0.35193745  0.          0.         -0.50820291],3
23.73,46.17,0.25,65.0,7.2580500000002255,[23.73    46.17     0.25    65.       7.25805],[0.46058188 0.37193756 0.         0.         0.56551162],1
23.73,46.61,0.25,65.0,11.568050000000284,[23.73    46.61     0.25    65.      11.56805],[0.46058188 0.46971583 0.         0.         1.38475653],1
23.73,46.65,0.25,65.0,16.646449999999895,[23.73    46.65     0.25    65.      16.64645],[0.46058188 0.47860477 0.         0.         2.35005893],1
23.73,46.77,0.25,65.0,7.488450000000897,[23.73    46.77     0.25    65.       7.48845],[0.46058188 0.50527157 0.         0.         0.60930606],1
23.73,48.06,0.25,65.0,4.5300500000003145,[23.73    48.06     0.25    65.       4.53005],[0.46058188 0.79193969 0.         0.         0.04697332],3
23.73,48.63,0.25,65.0,0.8844499999999033,[23.73    48.63     0.25    65.       0.88445],[ 0.46058188  0.91860701  0.          0.         -0.64598242],3
23.73,48.64,0.25,65.0,3.1000500000003055,[23.73    48.64     0.25    65.       3.10005],[ 0.46058188  0.92082924  0.          0.         -0.22484112],3
23.73,48.66,0.25,65.0,3.388633333333204,[23.73       48.66        0.25       65.          3.38863333],[ 0.46058188  0.92527371  0.          0.         -0.16998719],3
23.73,48.82,0.25,65.0,0.4418000000000513,[23.73   48.82    0.25   65.      0.4418],[ 0.46058188  0.96082944  0.          0.         -0.73012134],3
23.73,49.51,0.25,65.0,2.1217999999998876,[23.73   49.51    0.25   65.      2.1218],[ 0.46058188  1.11416356  0.          0.         -0.4107869 ],3
23.73,49.65,0.25,65.0,0.08819999999988731,[23.73   49.65    0.25   65.      0.0882],[ 0.46058188  1.14527483  0.          0.         -0.79733364],3
23.73,49.93,0.25,65.0,2.746133333333075,[23.73       49.93        0.25       65.          2.74613333],[ 0.46058188  1.20749737  0.          0.         -0.29211361],3
23.73,50.31,0.25,65.0,12.90319999999963,[23.73   50.31    0.25   65.     12.9032],[0.46058188 1.29194224 0.         0.         1.63854187],1
23.73,50.58,0.25,65.0,0.8300333333336315,[23.73       50.58        0.25       65.          0.83003333],[ 0.46058188  1.35194254  0.          0.         -0.65632594],3
23.73,50.6,0.25,65.0,3.996219999999813,[23.73    50.6      0.25    65.       3.99622],[ 0.46058188  1.35638701  0.          0.         -0.0544971 ],3
23.73,50.65,0.25,65.0,3.5377999999999155,[23.73   50.65    0.25   65.      3.5378],[ 0.46058188  1.36749818  0.          0.         -0.14163359],3
23.75,40.48,0.25,65.0,1.1858000000000315,[23.75   40.48    0.25   65.      1.1858],[ 0.50252778 -0.89251332  0.          0.         -0.5887018 ],0
23.75,40.75,0.25,65.0,11.61620000000079,[23.75   40.75    0.25   65.     11.6162],[ 0.50252778 -0.83251302  0.          0.          1.39390888],1
23.75,41.44,0.25,65.0,0.17999999999994543,[23.75 41.44  0.25 65.    0.18],[ 0.50252778 -0.6791789   0.          0.         -0.77988429],3
23.75,41.52,0.25,65.0,16.008616666667155,[23.75       41.52        0.25       65.         16.00861667],[ 0.50252778 -0.66140104  0.          0.          2.22881955],1
23.75,41.56,0.25,65.0,1.3590916666667956,[23.75       41.56        0.25       65.          1.35909167],[ 0.50252778 -0.6525121   0.          0.         -0.55576252],3
23.75,41.62,0.25,65.0,0.10580000000001673,[23.75   41.62    0.25   65.      0.1058],[ 0.50252778 -0.6391787   0.          0.         -0.79398823],3
23.75,42.31,0.25,65.0,0.0007999999999985448,[2.375e+01 4.231e+01 2.500e-01 6.500e+01 8.000e-04],[ 0.50252778 -0.48584459  0.          0.         -0.81394663],3
23.75,42.78,0.25,65.0,3.206000000000019,[23.75  42.78   0.25  65.     3.206],[ 0.50252778 -0.38139961  0.          0.         -0.20470214],3
23.75,43.29,0.25,65.0,1.2640500000000505,[23.75    43.29     0.25    65.       1.26405],[ 0.50252778 -0.2680657   0.          0.         -0.57382804],3
23.75,43.4,0.25,65.0,0.13519999999999055,[23.75   43.4     0.25   65.      0.1352],[ 0.50252778 -0.24362113  0.          0.         -0.78839988],3
23.75,43.45,0.25,65.0,0.048049999999983085,[2.375e+01 4.345e+01 2.500e-01 6.500e+01 4.805e-02],[ 0.50252778 -0.23250996  0.          0.         -0.80496535],3
23.75,43.46,0.25,65.0,13.788933333333294,[23.75       43.46        0.25       65.         13.78893333],[ 0.50252778 -0.23028773  0.          0.          1.80690209],1
23.75,43.62,0.25,65.0,0.03379999999996808,[2.375e+01 4.362e+01 2.500e-01 6.500e+01 3.380e-02],[ 0.50252778 -0.19473199  0.          0.         -0.80767399],3
23.75,43.82,0.25,65.0,12.600199999999909,[23.75   43.82    0.25   65.     12.6002],[ 0.50252778 -0.15028732  0.          0.          1.58094763],1
23.75,44.59,0.25,65.0,0.530450000000089,[23.75    44.59     0.25    65.       0.53045],[ 0.50252778  0.02082466  0.          0.         -0.71327075],3
23.75,44.66,0.25,65.0,7.296200000000625,[23.75   44.66    0.25   65.      7.2962],[0.50252778 0.03638029 0.         0.         0.57276318],1
23.75,44.67,0.25,65.0,0.06124999999996817,[2.375e+01 4.467e+01 2.500e-01 6.500e+01 6.125e-02],[ 0.50252778  0.03860253  0.          0.         -0.8024563 ],3
23.75,45.0,0.25,65.0,1.4620500000000622,[23.75    45.       0.25    65.       1.46205],[ 0.50252778  0.11193623  0.          0.         -0.5361922 ],3
23.75,45.07,0.25,65.0,0.10579999999996444,[23.75   45.07    0.25   65.      0.1058],[ 0.50252778  0.12749187  0.          0.         -0.79398823],3
23.75,45.1,0.25,65.0,18.890233333334,[23.75       45.1         0.25       65.         18.89023333],[0.50252778 0.13415857 0.         0.         2.77655732],1
23.75,46.41,0.25,65.0,16.7042000000005,[23.75   46.41    0.25   65.     16.7042],[0.50252778 0.42527116 0.         0.         2.36103605],1
23.75,48.11,0.25,65.0,1.0512999999999522,[23.75   48.11    0.25   65.      1.0513],[ 0.50252778  0.80305086  0.          0.         -0.61426757],3
23.75,49.96,0.25,65.0,0.845233333333056,[23.75       49.96        0.25       65.          0.84523333],[ 0.50252778  1.21416407  0.          0.         -0.65343672],3
23.75,50.44,0.25,65.0,0.14579999999998036,[23.75   50.44    0.25   65.      0.1458],[ 0.50252778  1.32083128  0.          0.         -0.78638503],3
23.75,50.58,0.25,65.0,4.147199999999987,[23.75   50.58    0.25   65.      4.1472],[ 0.50252778  1.35194254  0.          0.         -0.02579882],3
23.75,50.64,0.25,65.0,10.672200000000021,[23.75   50.64    0.25   65.     10.6722],[0.50252778 1.36527595 0.         0.         1.21447334],1
23.75,50.68,0.25,65.0,13.350533333333182,[23.75       50.68        0.25       65.         13.35053333],[0.50252778 1.37416488 0.         0.         1.72357101],1
23.75,50.69,0.25,65.0,16.359199999999507,[23.75   50.69    0.25   65.     16.3592],[0.50252778 1.37638711 0.         0.         2.29545844],1
23.75,50.81,0.25,65.0,16.359199999999507,[23.75   50.81    0.25   65.     16.3592],[0.50252778 1.40305392 0.         0.         2.29545844],1
23.76,39.67,0.25,65.0,1.185799999999944,[23.76   39.67    0.25   65.      1.1858],[ 0.52350073 -1.07251424  0.          0.         -0.5887018 ],0
23.76,40.44,0.25,65.0,8.404999999999626,[23.76  40.44   0.25  65.     8.405],[ 0.52350073 -0.90140226  0.          0.          0.78352391],1
23.76,42.34,0.25,65.0,0.19219999999993234,[23.76   42.34    0.25   65.      0.1922],[ 0.52350073 -0.47917789  0.          0.         -0.77756532],3
23.76,42.39,0.25,65.0,0.002133333333329453,"[2.37600000e+01 4.23900000e+01 2.50000000e-01 6.50000000e+01
 2.13333333e-03]",[ 0.52350073 -0.46806672  0.          0.         -0.81369319],3
23.76,42.57,0.25,65.0,3.5137333333333487,[23.76       42.57        0.25       65.          3.51373333],[ 0.52350073 -0.42806652  0.          0.         -0.14620818],3
23.76,42.6,0.25,65.0,0.0001999999999996362,[2.376e+01 4.260e+01 2.500e-01 6.500e+01 2.000e-04],[ 0.52350073 -0.42139981  0.          0.         -0.81406068],3
23.76,42.78,0.25,65.0,9.768199999998814,[23.76   42.78    0.25   65.      9.7682],[ 0.52350073 -0.38139961  0.          0.          1.042641  ],1
23.76,42.79,0.25,65.0,9.361233333333333,[23.76       42.79        0.25       65.          9.36123333],[ 0.52350073 -0.37917738  0.          0.          0.96528476],1
23.76,42.8,0.25,65.0,6.4082000000001464,[23.76   42.8     0.25   65.      6.4082],[ 0.52350073 -0.37695514  0.          0.          0.40397212],1
23.76,43.01,0.25,65.0,4.004449999999794,[23.76    43.01     0.25    65.       4.00445],[ 0.52350073 -0.33028824  0.          0.         -0.05293274],3
23.76,44.3,0.25,65.0,0.1570333333332063,[23.76       44.3         0.25       65.          0.15703333],[ 0.52350073 -0.04362011  0.          0.         -0.7842498 ],3
23.76,44.36,0.25,65.0,6.157200000000142,[23.76   44.36    0.25   65.      6.1572],[ 0.52350073 -0.03028671  0.          0.          0.35626203],3
23.76,45.03,0.25,65.0,0.0031999999999941793,[2.376e+01 4.503e+01 2.500e-01 6.500e+01 3.200e-03],[ 0.52350073  0.11860293  0.          0.         -0.81349044],3
23.76,46.69,0.25,65.0,0.4608000000000349,[23.76   46.69    0.25   65.      0.4608],[ 0.52350073  0.4874937   0.          0.         -0.72650982],3
23.76,48.33,0.25,65.0,8.7780499999988,[23.76    48.33     0.25    65.       8.77805],[0.52350073 0.85194    0.         0.         0.85443326],1
23.76,49.4,0.25,65.0,0.11520000000000873,[23.76   49.4     0.25   65.      0.1152],[ 0.52350073  1.08971899  0.          0.         -0.79220148],3
23.76,49.63,0.25,65.0,1.6928000000000585,[23.76   49.63    0.25   65.      1.6928],[ 0.52350073  1.14083036  0.          0.         -0.49233123],3
23.76,49.67,0.25,65.0,0.016199999999970533,[2.376e+01 4.967e+01 2.500e-01 6.500e+01 1.620e-02],[ 0.52350073  1.14971929  0.          0.         -0.8110194 ],3
23.76,49.88,0.25,65.0,0.14579999999998036,[23.76   49.88    0.25   65.      0.1458],[ 0.52350073  1.1963862   0.          0.         -0.78638503],3
23.76,49.91,0.25,65.0,0.15930000000010927,[23.76   49.91    0.25   65.      0.1593],[ 0.52350073  1.2030529   0.          0.         -0.78381895],3
23.76,50.85,0.25,65.0,3.864199999999608,[23.76   50.85    0.25   65.      3.8642],[ 0.52350073  1.41194285  0.          0.         -0.07959147],3
23.78,39.87,0.25,65.0,1.4620500000000622,[23.78    39.87     0.25    65.       1.46205],[ 0.56544663 -1.02806957  0.          0.         -0.5361922 ],0
23.78,39.88,0.25,65.0,13.99205000000071,[23.78    39.88     0.25    65.      13.99205],[ 0.56544663 -1.02584734  0.          0.          1.84551051],1
23.78,39.89,0.25,65.0,0.980100000000018,[23.78   39.89    0.25   65.      0.9801],[ 0.56544663 -1.0236251   0.          0.         -0.62780127],0
23.78,39.91,0.25,65.0,0.3280499999999558,[23.78    39.91     0.25    65.       0.32805],[ 0.56544663 -1.01918063  0.          0.         -0.75174295],0
23.78,39.95,0.25,65.0,13.641433333333346,[23.78       39.95        0.25       65.         13.64143333],[ 0.56544663 -1.0102917   0.          0.          1.77886528],1
23.78,40.25,0.25,65.0,10.215200000000175,[23.78   40.25    0.25   65.     10.2152],[ 0.56544663 -0.94362469  0.          0.          1.12760677],1
23.78,40.26,0.25,65.0,5.216450000000059,[23.78    40.26     0.25    65.       5.21645],[ 0.56544663 -0.94140246  0.          0.          0.17744425],0
23.78,40.71,0.25,65.0,12.801799999999725,[23.78   40.71    0.25   65.     12.8018],[ 0.56544663 -0.84140195  0.          0.          1.61926776],1
23.78,40.77,0.25,65.0,9.548449999999523,[23.78    40.77     0.25    65.       9.54845],[ 0.56544663 -0.82806855  0.          0.          1.00087091],1
23.78,41.48,0.25,65.0,2.3112500000001956,[23.78    41.48     0.25    65.       2.31125],[ 0.56544663 -0.67028997  0.          0.         -0.37477624],3
23.78,42.33,0.25,65.0,0.3784500000002018,[23.78    42.33     0.25    65.       0.37845],[ 0.56544663 -0.48140012  0.          0.         -0.74216291],3
23.78,42.35,0.25,65.0,14.634049999999828,[23.78    42.35     0.25    65.      14.63405],[ 0.56544663 -0.47695565  0.          0.          1.96754189],1
23.78,42.81,0.25,65.0,0.10125000000007162,[23.78    42.81     0.25    65.       0.10125],[ 0.56544663 -0.37473291  0.          0.         -0.7948531 ],3
23.78,42.83,0.25,65.0,8.922233333333548,[23.78       42.83        0.25       65.          8.92223333],[ 0.56544663 -0.37028844  0.          0.          0.88183963],1
23.78,43.04,0.25,65.0,0.11044999999995939,[23.78    43.04     0.25    65.       0.11045],[ 0.56544663 -0.32362154  0.          0.         -0.79310436],3
23.78,43.08,0.25,65.0,1.051249999999901,[23.78    43.08     0.25    65.       1.05125],[ 0.56544663 -0.31473261  0.          0.         -0.61427707],3
23.78,43.12,0.25,65.0,1.110050000000183,[23.78    43.12     0.25    65.       1.11005],[ 0.56544663 -0.30584367  0.          0.         -0.60310037],3
23.78,44.58,0.25,65.0,0.5407999999999622,[23.78   44.58    0.25   65.      0.5408],[ 0.56544663  0.01860242  0.          0.         -0.71130342],3
23.78,44.8,0.25,65.0,1.5842000000003562,[23.78   44.8     0.25   65.      1.5842],[ 0.56544663  0.06749156  0.          0.         -0.51297392],3
23.78,44.99,0.25,65.0,9.260800000000303,[23.78   44.99    0.25   65.      9.2608],[0.56544663 0.109714   0.         0.         0.94619439],1
23.78,45.05,0.25,65.0,0.5407999999999622,[23.78   45.05    0.25   65.      0.5408],[ 0.56544663  0.1230474   0.          0.         -0.71130342],3
23.78,48.24,0.25,65.0,0.07604999999999468,[23.78    48.24     0.25    65.       0.07605],[ 0.56544663  0.8319399   0.          0.         -0.79964311],3
23.78,48.33,0.25,65.0,15.29044999999922,[23.78    48.33     0.25    65.      15.29045],[0.56544663 0.85194    0.         0.         2.09231041],1
23.78,49.72,0.25,65.0,0.35280000000002676,[23.78   49.72    0.25   65.      0.3528],[ 0.56544663  1.16083046  0.          0.         -0.74703846],3
23.78,49.75,0.25,65.0,1.444999999999884,[23.78  49.75   0.25  65.     1.445],[ 0.56544663  1.16749716  0.          0.         -0.53943306],3
23.78,49.99,0.25,65.0,0.8930333333333744,[23.78       49.99        0.25       65.          0.89303333],[ 0.56544663  1.22083077  0.          0.         -0.6443509 ],3
23.78,50.37,0.25,65.0,16.53125,[23.78    50.37     0.25    65.      16.53125],[0.56544663 1.30527564 0.         0.         2.32816171],1
23.78,50.4,0.25,65.0,0.10580000000001673,[23.78   50.4     0.25   65.      0.1058],[ 0.56544663  1.31194234  0.          0.         -0.79398823],3
23.78,50.89,0.25,65.0,0.028799999999974898,[2.378e+01 5.089e+01 2.500e-01 6.500e+01 2.880e-02],[ 0.56544663  1.42083178  0.          0.         -0.80862439],3
23.79,39.88,0.25,65.0,2.8560499999998314,[23.79    39.88     0.25    65.       2.85605],[ 0.58641958 -1.02584734  0.          0.         -0.27122064],0
23.79,39.91,0.25,65.0,7.422633333333417,[23.79       39.91        0.25       65.          7.42263333],[ 0.58641958 -1.01918063  0.          0.          0.59679563],1
23.79,39.95,0.25,65.0,2.205000000000167,[23.79  39.95   0.25  65.     2.205],[ 0.58641958 -1.0102917   0.          0.         -0.39497224],0
23.79,40.34,0.25,65.0,3.9480499999998466,[23.79    40.34     0.25    65.       3.94805],[ 0.58641958 -0.92362459  0.          0.         -0.06365326],0
23.79,40.91,0.25,65.0,14.364799999998855,[23.79   40.91    0.25   65.     14.3648],[ 0.58641958 -0.79695728  0.          0.          1.91636284],1
23.79,42.52,0.25,65.0,0.016199999999990996,[2.379e+01 4.252e+01 2.500e-01 6.500e+01 1.620e-02],[ 0.58641958 -0.43917768  0.          0.         -0.8110194 ],3
23.79,42.79,0.25,65.0,7.840800000000144,[23.79   42.79    0.25   65.      7.8408],[ 0.58641958 -0.37917738  0.          0.          0.67628076],1
23.79,42.82,0.25,65.0,2.2684500000002323,[23.79    42.82     0.25    65.       2.26845],[ 0.58641958 -0.37251068  0.          0.         -0.38291167],3
23.79,43.37,0.25,65.0,0.08820000000003056,[23.79   43.37    0.25   65.      0.0882],[ 0.58641958 -0.25028783  0.          0.         -0.79733364],3
23.79,43.59,0.25,65.0,1.9520916666664043,[23.79       43.59        0.25       65.          1.95209167],[ 0.58641958 -0.20139869  0.          0.         -0.44304507],3
23.79,43.67,0.25,65.0,16.59189999999914,[23.79   43.67    0.25   65.     16.5919],[ 0.58641958 -0.18362083  0.          0.          2.33969006],1
23.79,43.75,0.25,65.0,0.48020000000001783,[23.79   43.75    0.25   65.      0.4802],[ 0.58641958 -0.16584296  0.          0.         -0.72282227],3
23.79,43.97,0.25,65.0,0.2244499999999726,[23.79    43.97     0.25    65.       0.22445],[ 0.58641958 -0.11695382  0.          0.         -0.77143524],3
23.79,44.39,0.25,65.0,1.3447999999997913,[23.79   44.39    0.25   65.      1.3448],[ 0.58641958 -0.02362001  0.          0.         -0.55847908],3
23.79,44.67,0.25,65.0,1.8432000000001396,[23.79   44.67    0.25   65.      1.8432],[ 0.58641958  0.03860253  0.          0.         -0.4637432 ],3
23.79,44.95,0.25,65.0,18.205899999999982,[23.79   44.95    0.25   65.     18.2059],[0.58641958 0.10082507 0.         0.         2.64647922],1
23.79,44.96,0.25,65.0,1.9790999999999608,[23.79   44.96    0.25   65.      1.9791],[ 0.58641958  0.1030473   0.          0.         -0.43791132],3
23.79,45.01,0.25,65.0,7.068799999999539,[23.79   45.01    0.25   65.      7.0688],[0.58641958 0.11415847 0.         0.         0.52953898],1
23.79,45.46,0.25,65.0,0.05780000000004948,[2.379e+01 4.546e+01 2.500e-01 6.500e+01 5.780e-02],[ 0.58641958  0.21415898  0.          0.         -0.80311207],3
23.79,46.19,0.25,65.0,2.9524499999998786,[23.79    46.19     0.25    65.       2.95245],[ 0.58641958  0.37638202  0.          0.         -0.25289693],3
23.79,46.66,0.25,65.0,0.0007999999999985448,[2.379e+01 4.666e+01 2.500e-01 6.500e+01 8.000e-04],[ 0.58641958  0.480827    0.          0.         -0.81394663],3
23.79,47.67,0.25,65.0,6.030033333333133,[23.79       47.67        0.25       65.          6.03003333],[0.58641958 0.70527259 0.         0.         0.33209019],3
23.79,48.11,0.25,65.0,1.0952000000000268,[23.79   48.11    0.25   65.      1.0952],[ 0.58641958  0.80305086  0.          0.         -0.60592305],3
23.79,48.81,0.25,65.0,0.744200000000172,[23.79   48.81    0.25   65.      0.7442],[ 0.58641958  0.95860721  0.          0.         -0.67264114],3
23.79,49.7,0.25,65.0,0.2887999999999067,[23.79   49.7     0.25   65.      0.2888],[ 0.58641958  1.15638599  0.          0.         -0.75920359],3
23.79,49.71,0.25,65.0,4.397499999999749,[23.79   49.71    0.25   65.      4.3975],[0.58641958 1.15860823 0.         0.         0.02177821],3
23.79,49.76,0.25,65.0,0.004999999999990905,[2.379e+01 4.976e+01 2.500e-01 6.500e+01 5.000e-03],[ 0.58641958  1.1697194   0.          0.         -0.8131483 ],3
23.79,49.91,0.25,65.0,0.49004999999989646,[23.79    49.91     0.25    65.       0.49005],[ 0.58641958  1.2030529   0.          0.         -0.72094998],3
23.79,50.75,0.25,65.0,0.510049999999876,[23.79    50.75     0.25    65.       0.51005],[ 0.58641958  1.38972051  0.          0.         -0.71714838],3
23.8,39.87,0.25,65.0,14.927633333332565,[23.8        39.87        0.25       65.         14.92763333],[ 0.60739252 -1.02806957  0.          0.          2.02334621],1
23.8,39.9,0.25,65.0,7.182049999999862,[23.8     39.9      0.25    65.       7.18205],[ 0.60739252 -1.02140287  0.          0.          0.55106554],1
23.8,39.91,0.25,65.0,5.431633333333417,[23.8        39.91        0.25       65.          5.43163333],[ 0.60739252 -1.01918063  0.          0.          0.2183463 ],0
23.8,39.94,0.25,65.0,2.060449999999945,[23.8     39.94     0.25    65.       2.06045],[ 0.60739252 -1.01251393  0.          0.         -0.42244831],0
23.8,39.97,0.25,65.0,1.8025000000001206,[23.8    39.97    0.25   65.      1.8025],[ 0.60739252 -1.00584723  0.          0.         -0.47147945],0
23.8,40.98,0.25,65.0,0.6271999999998777,[23.8    40.98    0.25   65.      0.6272],[ 0.60739252 -0.78140165  0.          0.         -0.69488051],3
23.8,41.43,0.25,65.0,0.9098999999999411,[23.8    41.43    0.25   65.      0.9099],[ 0.60739252 -0.68140114  0.          0.         -0.64114488],3
23.8,41.47,0.25,65.0,0.801733333333257,[23.8        41.47        0.25       65.          0.80173333],[ 0.60739252 -0.6725122   0.          0.         -0.66170521],3
23.8,41.48,0.25,65.0,0.7937999999998453,[23.8    41.48    0.25   65.      0.7938],[ 0.60739252 -0.67028997  0.          0.         -0.66321317],3
23.8,41.51,0.25,65.0,0.5884249999999772,[23.8      41.51      0.25     65.        0.588425],[ 0.60739252 -0.66362327  0.          0.         -0.70225086],3
23.8,42.62,0.25,65.0,3.5912000000004753,[23.8    42.62    0.25   65.      3.5912],[ 0.60739252 -0.41695535  0.          0.         -0.13148331],3
23.8,43.1,0.25,65.0,13.519999999999646,[23.8  43.1   0.25 65.   13.52],[ 0.60739252 -0.31028814  0.          0.          1.75578323],1
23.8,43.54,0.25,65.0,0.9248000000001732,[23.8    43.54    0.25   65.      0.9248],[ 0.60739252 -0.21250986  0.          0.         -0.63831269],3
23.8,44.03,0.25,65.0,6.882050000000135,[23.8     44.03     0.25    65.       6.88205],[ 0.60739252 -0.10362042  0.          0.          0.49404154],1
23.8,44.12,0.25,65.0,1.8817999999998853,[23.8    44.12    0.25   65.      1.8818],[ 0.60739252 -0.08362032  0.          0.         -0.45640611],3
23.8,44.19,0.25,65.0,12.660399999999449,[23.8    44.19    0.25   65.     12.6604],[ 0.60739252 -0.06806468  0.          0.          1.59239044],1
23.8,44.27,0.25,65.0,14.444433333332865,[23.8        44.27        0.25       65.         14.44443333],[ 0.60739252 -0.05028681  0.          0.          1.93149954],1
23.8,44.39,0.25,65.0,13.585899999998869,[23.8    44.39    0.25   65.     13.5859],[ 0.60739252 -0.02362001  0.          0.          1.76830951],1
23.8,44.45,0.25,65.0,6.808050000000201,[23.8     44.45     0.25    65.       6.80805],[ 0.60739252 -0.01028661  0.          0.          0.47997561],1
23.8,44.53,0.25,65.0,1.602049999999935,[23.8     44.53     0.25    65.       1.60205],[ 0.60739252  0.00749126  0.          0.         -0.50958099],3
23.8,46.19,0.25,65.0,1.4539000000002424,[23.8    46.19    0.25   65.      1.4539],[ 0.60739252  0.37638202  0.          0.         -0.53774135],3
23.8,46.37,0.25,65.0,0.3362000000001342,[23.8    46.37    0.25   65.      0.3362],[ 0.60739252  0.41638223  0.          0.         -0.75019379],3
23.8,46.41,0.25,65.0,6.090050000000429,[23.8     46.41     0.25    65.       6.09005],[0.60739252 0.42527116 0.         0.         0.34349816],3
23.8,46.92,0.25,65.0,0.0017999999999967259,[2.380e+01 4.692e+01 2.500e-01 6.500e+01 1.800e-03],[ 0.60739252  0.53860507  0.          0.         -0.81375655],3
23.8,47.8,0.25,65.0,3.763899999999924,[23.8    47.8     0.25   65.      3.7639],[ 0.60739252  0.73416162  0.          0.         -0.09865649],3
23.8,47.83,0.25,65.0,0.4512499999999352,[23.8     47.83     0.25    65.       0.45125],[ 0.60739252  0.74082832  0.          0.         -0.72832509],3
23.8,47.89,0.25,65.0,12.801799999999725,[23.8    47.89    0.25   65.     12.8018],[0.60739252 0.75416172 0.         0.         1.61926776],1
23.8,48.07,0.25,65.0,19.78204999999977,[23.8     48.07     0.25    65.      19.78205],[0.60739252 0.79416193 0.         0.         2.94607385],1
23.8,48.4,0.25,65.0,2.6911999999995886,[23.8    48.4     0.25   65.      2.6912],[ 0.60739252  0.86749563  0.          0.         -0.30255534],3
23.8,48.44,0.25,65.0,18.12019999999989,[23.8    48.44    0.25   65.     18.1202],[0.60739252 0.87638457 0.         0.         2.63018936],1
23.8,48.57,0.25,65.0,0.14580000000004176,[23.8    48.57    0.25   65.      0.1458],[ 0.60739252  0.9052736   0.          0.         -0.78638503],3
23.8,48.59,0.25,65.0,0.24499999999995226,[23.8   48.59   0.25  65.     0.245],[ 0.60739252  0.90971807  0.          0.         -0.76752909],3
23.8,49.86,0.25,65.0,0.28125,[23.8     49.86     0.25    65.       0.28125],[ 0.60739252  1.19194173  0.          0.         -0.76063869],3
23.8,49.88,0.25,65.0,0.8449999999997931,[23.8   49.88   0.25  65.     0.845],[ 0.60739252  1.1963862   0.          0.         -0.65348108],3
23.82,39.77,0.25,65.0,2.644999999999895,[23.82  39.77   0.25  65.     2.645],[ 0.64933842 -1.0502919   0.          0.         -0.31133703],0
23.82,39.83,0.25,65.0,15.229558333333301,[23.82       39.83        0.25       65.         15.22955833],[ 0.64933842 -1.0369585   0.          0.          2.08073612],1
23.82,39.87,0.25,65.0,3.8713666666665634,[23.82       39.87        0.25       65.          3.87136667],[ 0.64933842 -1.02806957  0.          0.         -0.07822923],0
23.82,39.9,0.25,65.0,2.196133333333129,[23.82       39.9         0.25       65.          2.19613333],[ 0.64933842 -1.02140287  0.          0.         -0.39665762],0
23.82,39.92,0.25,65.0,10.788700000000029,[23.82   39.92    0.25   65.     10.7887],[ 0.64933842 -1.0169584   0.          0.          1.23661766],1
23.82,39.98,0.25,65.0,0.96605000000006,[23.82    39.98     0.25    65.       0.96605],[ 0.64933842 -1.003625    0.          0.         -0.63047189],0
23.82,40.03,0.25,65.0,9.190700000000362,[23.82   40.03    0.25   65.      9.1907],[ 0.64933842 -0.99251383  0.          0.          0.93286978],1
23.82,40.13,0.25,65.0,8.569799999999708,[23.82   40.13    0.25   65.      8.5698],[ 0.64933842 -0.9702915   0.          0.          0.8148491 ],1
23.82,41.48,0.25,65.0,0.30419999999989006,[23.82   41.48    0.25   65.      0.3042],[ 0.64933842 -0.67028997  0.          0.         -0.75627635],3
23.82,41.51,0.25,65.0,0.7938000000001317,[23.82   41.51    0.25   65.      0.7938],[ 0.64933842 -0.66362327  0.          0.         -0.66321317],3
23.82,41.54,0.25,65.0,12.65044999999929,[23.82    41.54     0.25    65.      12.65045],[ 0.64933842 -0.65695657  0.          0.          1.59049915],1
23.82,42.44,0.25,65.0,13.15845000000056,[23.82    42.44     0.25    65.      13.15845],[ 0.64933842 -0.45695555  0.          0.          1.6870598 ],1
23.82,42.47,0.25,65.0,4.440200000000054,[23.82   42.47    0.25   65.      4.4402],[ 0.64933842 -0.45028885  0.          0.          0.02989463],3
23.82,42.76,0.25,65.0,2.464199999999556,[23.82   42.76    0.25   65.      2.4642],[ 0.64933842 -0.38584408  0.          0.         -0.3457035 ],3
23.82,42.83,0.25,65.0,3.3799999999997636,[23.82 42.83  0.25 65.    3.38],[ 0.64933842 -0.37028844  0.          0.         -0.17162821],3
23.82,42.93,0.25,65.0,0.0017999999999967259,[2.382e+01 4.293e+01 2.500e-01 6.500e+01 1.800e-03],[ 0.64933842 -0.34806611  0.          0.         -0.81375655],3
23.82,43.67,0.25,65.0,0.7938000000001317,[23.82   43.67    0.25   65.      0.7938],[ 0.64933842 -0.18362083  0.          0.         -0.66321317],3
23.82,43.73,0.25,65.0,1.110050000000183,[23.82    43.73     0.25    65.       1.11005],[ 0.64933842 -0.17028743  0.          0.         -0.60310037],3
23.82,44.39,0.25,65.0,12.85453333333441,[23.82       44.39        0.25       65.         12.85453333],[ 0.64933842 -0.02362001  0.          0.          1.62929131],1
23.82,44.42,0.25,65.0,16.193366666666904,[23.82       44.42        0.25       65.         16.19336667],[ 0.64933842 -0.01695331  0.          0.          2.26393684],1
23.82,44.89,0.25,65.0,0.0001999999999996362,[2.382e+01 4.489e+01 2.500e-01 6.500e+01 2.000e-04],[ 0.64933842  0.08749166  0.          0.         -0.81406068],3
23.82,46.21,0.25,65.0,0.011250000000013643,[2.382e+01 4.621e+01 2.500e-01 6.500e+01 1.125e-02],[ 0.64933842  0.38082649  0.          0.         -0.8119603 ],3
23.82,46.28,0.25,65.0,0.10579999999996444,[23.82   46.28    0.25   65.      0.1058],[ 0.64933842  0.39638213  0.          0.         -0.79398823],3
23.82,46.32,0.25,65.0,3.1500499999996916,[23.82    46.32     0.25    65.       3.15005],[ 0.64933842  0.40527106  0.          0.         -0.21533712],3
23.82,46.38,0.25,65.0,10.764800000000992,[23.82   46.38    0.25   65.     10.7648],[0.64933842 0.41860446 0.         0.         1.23207475],1
23.82,46.46,0.25,65.0,16.855186666666334,[23.82       46.46        0.25       65.         16.85518667],[0.64933842 0.43638233 0.         0.         2.3897356 ],1
23.82,46.49,0.25,65.0,1.0224499999997658,[23.82    46.49     0.25    65.       1.02245],[ 0.64933842  0.44304903  0.          0.         -0.61975138],3
23.82,46.52,0.25,65.0,1.6531000000000637,[23.82   46.52    0.25   65.      1.6531],[ 0.64933842  0.44971573  0.          0.         -0.49987741],3
23.82,46.55,0.25,65.0,2.691200000000116,[23.82   46.55    0.25   65.      2.6912],[ 0.64933842  0.45638243  0.          0.         -0.30255534],3
23.82,46.72,0.25,65.0,0.4608000000000349,[23.82   46.72    0.25   65.      0.4608],[ 0.64933842  0.4941604   0.          0.         -0.72650982],3
23.82,47.68,0.25,65.0,0.6206333333332753,[23.82       47.68        0.25       65.          0.62063333],[ 0.64933842  0.70749482  0.          0.         -0.6961287 ],3
23.82,47.78,0.25,65.0,1.5596250000002225,[23.82     47.78      0.25     65.        1.559625],[ 0.64933842  0.72971716  0.          0.         -0.51764514],3
23.82,47.82,0.25,65.0,18.483199999999556,[23.82   47.82    0.25   65.     18.4832],[0.64933842 0.73860609 0.         0.         2.69918841],1
23.82,47.87,0.25,65.0,0.15680000000016042,[23.82   47.87    0.25   65.      0.1568],[ 0.64933842  0.74971726  0.          0.         -0.78429415],3
23.82,48.09,0.25,65.0,18.422449999998925,[23.82    48.09     0.25    65.      18.42245],[0.64933842 0.7986064  0.         0.         2.68764105],1
23.82,48.45,0.25,65.0,13.833799999999354,[23.82   48.45    0.25   65.     13.8338],[0.64933842 0.8786068  0.         0.         1.81543035],1
23.82,48.6,0.25,65.0,0.05445000000008854,[2.382e+01 4.860e+01 2.500e-01 6.500e+01 5.445e-02],[ 0.64933842  0.91194031  0.          0.         -0.80374884],3
23.82,49.27,0.25,65.0,16.646449999999895,[23.82    49.27     0.25    65.      16.64645],[0.64933842 1.06082995 0.         0.         2.35005893],1
23.82,49.55,0.25,65.0,0.9201333333334313,[23.82       49.55        0.25       65.          0.92013333],[ 0.64933842  1.12305249  0.          0.         -0.63919973],3
23.82,49.56,0.25,65.0,0.7564500000000224,[23.82    49.56     0.25    65.       0.75645],[ 0.64933842  1.12527472  0.          0.         -0.67031266],3
23.82,49.71,0.25,65.0,9.853433333333435,[23.82       49.71        0.25       65.          9.85343333],[0.64933842 1.15860823 0.         0.         1.05884215],1
23.82,49.77,0.25,65.0,0.001800000000003547,[2.382e+01 4.977e+01 2.500e-01 6.500e+01 1.800e-03],[ 0.64933842  1.17194163  0.          0.         -0.81375655],3
23.82,50.09,0.25,65.0,3.155699999999917,[23.82   50.09    0.25   65.      3.1557],[ 0.64933842  1.2430531   0.          0.         -0.21426316],3
23.82,50.12,0.25,65.0,4.2012999999999865,[23.82   50.12    0.25   65.      4.2013],[ 0.64933842  1.2497198   0.          0.         -0.01551549],3
23.82,50.18,0.25,65.0,1.6927999999996401,[23.82   50.18    0.25   65.      1.6928],[ 0.64933842  1.2630532   0.          0.         -0.49233123],3
23.82,50.21,0.25,65.0,9.636049999999441,[23.82    50.21     0.25    65.       9.63605],[0.64933842 1.2697199  0.         0.         1.01752192],1
23.83,39.78,0.25,65.0,0.43244999999990064,[23.83    39.78     0.25    65.       0.43245],[ 0.67031137 -1.04806967  0.          0.         -0.73189859],0
23.83,39.8,0.25,65.0,0.08405000000001026,[23.83    39.8      0.25    65.       0.08405],[ 0.67031137 -1.0436252   0.          0.         -0.79812247],0
23.83,39.84,0.25,65.0,1.602049999999935,[23.83    39.84     0.25    65.       1.60205],[ 0.67031137 -1.03473627  0.          0.         -0.50958099],0
23.83,39.86,0.25,65.0,5.951249999999961,[23.83    39.86     0.25    65.       5.95125],[ 0.67031137 -1.0302918   0.          0.          0.31711505],1
23.83,40.0,0.25,65.0,13.468049999999398,[23.83    40.       0.25    65.      13.46805],[ 0.67031137 -0.99918053  0.          0.          1.74590858],1
23.83,41.51,0.25,65.0,0.1922000000000028,[23.83   41.51    0.25   65.      0.1922],[ 0.67031137 -0.66362327  0.          0.         -0.77756532],3
23.83,41.53,0.25,65.0,1.4280500000000922,[23.83    41.53     0.25    65.       1.42805],[ 0.67031137 -0.6591788   0.          0.         -0.54265492],3
23.83,41.57,0.25,65.0,4.9297999999999575,[23.83   41.57    0.25   65.      4.9298],[ 0.67031137 -0.65028987  0.          0.          0.12295781],3
23.83,41.58,0.25,65.0,0.05444999999997599,[2.383e+01 4.158e+01 2.500e-01 6.500e+01 5.445e-02],[ 0.67031137 -0.64806763  0.          0.         -0.80374884],3
23.83,42.54,0.25,65.0,0.11520000000000873,[23.83   42.54    0.25   65.      0.1152],[ 0.67031137 -0.43473322  0.          0.         -0.79220148],3
23.83,42.62,0.25,65.0,0.17405000000001877,[23.83    42.62     0.25    65.       0.17405],[ 0.67031137 -0.41695535  0.          0.         -0.78101527],3
23.83,42.7,0.25,65.0,0.028799999999974898,[2.383e+01 4.270e+01 2.500e-01 6.500e+01 2.880e-02],[ 0.67031137 -0.39917748  0.          0.         -0.80862439],3
23.83,42.92,0.25,65.0,1.248199999999885,[23.83   42.92    0.25   65.      1.2482],[ 0.67031137 -0.35028834  0.          0.         -0.57684081],3
23.83,43.94,0.25,65.0,3.6180500000001468,[23.83    43.94     0.25    65.       3.61805],[ 0.67031137 -0.12362052  0.          0.         -0.12637966],3
23.83,44.01,0.25,65.0,0.5407999999999622,[23.83   44.01    0.25   65.      0.5408],[ 0.67031137 -0.10806489  0.          0.         -0.71130342],3
23.83,44.86,0.25,65.0,0.5618000000003037,[23.83   44.86    0.25   65.      0.5618],[ 0.67031137  0.08082496  0.          0.         -0.70731174],3
23.83,44.94,0.25,65.0,0.5724500000000535,[23.83    44.94     0.25    65.       0.57245],[ 0.67031137  0.09860283  0.          0.         -0.70528739],3
23.83,45.87,0.25,65.0,11.186450000000086,[23.83    45.87     0.25    65.      11.18645],[0.67031137 0.30527055 0.         0.         1.31222199],1
23.83,46.16,0.25,65.0,2.464199999999808,[23.83   46.16    0.25   65.      2.4642],[ 0.67031137  0.36971532  0.          0.         -0.3457035 ],3
23.83,46.43,0.25,65.0,14.796799999998441,[23.83   46.43    0.25   65.     14.7968],[0.67031137 0.42971563 0.         0.         1.99847741],1
23.83,47.62,0.25,65.0,0.048049999999983085,[2.383e+01 4.762e+01 2.500e-01 6.500e+01 4.805e-02],[ 0.67031137  0.69416142  0.          0.         -0.80496535],3
23.83,47.72,0.25,65.0,6.9937999999996086,[23.83   47.72    0.25   65.      6.9938],[0.67031137 0.71638375 0.         0.         0.51528298],3
23.83,47.78,0.25,65.0,0.8744333333334025,[23.83       47.78        0.25       65.          0.87443333],[ 0.67031137  0.72971716  0.          0.         -0.64788639],3
23.83,48.27,0.25,65.0,1.345930000000195,[23.83    48.27     0.25    65.       1.34593],[ 0.67031137  0.8386066   0.          0.         -0.55826429],3
23.83,48.39,0.25,65.0,0.12004999999994875,[23.83    48.39     0.25    65.       0.12005],[ 0.67031137  0.8652734   0.          0.         -0.79127959],3
23.83,48.51,0.25,65.0,4.118491666666771,[23.83       48.51        0.25       65.          4.11849167],[ 0.67031137  0.8919402   0.          0.         -0.0312557 ],3
23.83,48.52,0.25,65.0,5.057733333333793,[23.83       48.52        0.25       65.          5.05773333],[0.67031137 0.89416244 0.         0.         0.14727538],3
23.83,48.53,0.25,65.0,4.510649999999864,[23.83    48.53     0.25    65.       4.51065],[0.67031137 0.89638467 0.         0.         0.04328577],3
23.83,48.56,0.25,65.0,0.7080500000000649,[23.83    48.56     0.25    65.       0.70805],[ 0.67031137  0.90305137  0.          0.         -0.67951254],3
23.83,49.17,0.25,65.0,0.18000000000001365,[23.83 49.17  0.25 65.    0.18],[ 0.67031137  1.03860762  0.          0.         -0.77988429],3
23.83,49.31,0.25,65.0,4.99279999999954,[23.83   49.31    0.25   65.      4.9928],[0.67031137 1.06971889 0.         0.         0.13493285],3
23.83,49.56,0.25,65.0,0.13005000000005335,[23.83    49.56     0.25    65.       0.13005],[ 0.67031137  1.12527472  0.          0.         -0.78937879],3
23.83,49.67,0.25,65.0,0.231199999999966,[23.83   49.67    0.25   65.      0.2312],[ 0.67031137  1.14971929  0.          0.         -0.7701522 ],3
23.83,49.69,0.25,65.0,3.3024500000001287,[23.83    49.69     0.25    65.       3.30245],[ 0.67031137  1.15416376  0.          0.         -0.18636892],3
23.83,50.21,0.25,65.0,0.8820999999998483,[23.83   50.21    0.25   65.      0.8821],[ 0.67031137  1.2697199   0.          0.         -0.64642911],3
23.83,50.52,0.25,65.0,0.06125000000000796,[2.383e+01 5.052e+01 2.500e-01 6.500e+01 6.125e-02],[ 0.67031137  1.33860914  0.          0.         -0.8024563 ],3
23.83,50.58,0.25,65.0,16.588799999999292,[23.83   50.58    0.25   65.     16.5888],[0.67031137 1.35194254 0.         0.         2.33910081],1
23.85,39.81,0.25,65.0,2.5088000000000203,[23.85   39.81    0.25   65.      2.5088],[ 0.71225727 -1.04140297  0.          0.         -0.33722593],0
23.85,40.95,0.25,65.0,3.9761999999995,[23.85   40.95    0.25   65.      3.9762],[ 0.71225727 -0.78806835  0.          0.         -0.0583025 ],3
23.85,41.38,0.25,65.0,1.7823799999997325,[23.85    41.38     0.25    65.       1.78238],[ 0.71225727 -0.69251231  0.          0.         -0.47530386],3
23.85,41.4,0.25,65.0,0.018050000000010367,[2.385e+01 4.140e+01 2.500e-01 6.500e+01 1.805e-02],[ 0.71225727 -0.68806784  0.          0.         -0.81066775],3
23.85,41.45,0.25,65.0,5.746049999999954,[23.85    41.45     0.25    65.       5.74605],[ 0.71225727 -0.67695667  0.          0.          0.27811063],1
23.85,41.5,0.25,65.0,3.2767999999998603,[23.85   41.5     0.25   65.      3.2768],[ 0.71225727 -0.6658455   0.          0.         -0.19124447],3
23.85,42.37,0.25,65.0,0.009800000000029922,[2.385e+01 4.237e+01 2.500e-01 6.500e+01 9.800e-03],[ 0.71225727 -0.47251119  0.          0.         -0.81223591],3
23.85,42.39,0.25,65.0,9.504800000000555,[23.85   42.39    0.25   65.      9.5048],[ 0.71225727 -0.46806672  0.          0.          0.99257392],1
23.85,42.52,0.25,65.0,5.779999999999923,[23.85 42.52  0.25 65.    5.78],[ 0.71225727 -0.43917768  0.          0.          0.28456384],1
23.85,43.2,0.25,65.0,0.003200000000021464,[2.385e+01 4.320e+01 2.500e-01 6.500e+01 3.200e-03],[ 0.71225727 -0.2880658   0.          0.         -0.81349044],3
23.85,43.28,0.25,65.0,0.8064499999999769,[23.85    43.28     0.25    65.       0.80645],[ 0.71225727 -0.27028793  0.          0.         -0.66080866],3
23.85,43.64,0.25,65.0,0.1404500000000458,[23.85    43.64     0.25    65.       0.14045],[ 0.71225727 -0.19028753  0.          0.         -0.78740196],3
23.85,44.01,0.25,65.0,5.985799999998946,[23.85   44.01    0.25   65.      5.9858],[ 0.71225727 -0.10806489  0.          0.          0.32368231],1
23.85,44.51,0.25,65.0,2.714450000000625,[23.85    44.51     0.25    65.       2.71445],[ 0.71225727  0.00304679  0.          0.         -0.29813597],3
23.85,44.53,0.25,65.0,2.8799999999994,[23.85 44.53  0.25 65.    2.88],[ 0.71225727  0.00749126  0.          0.         -0.26666823],3
23.85,45.85,0.25,65.0,13.107200000000024,[23.85   45.85    0.25   65.     13.1072],[0.71225727 0.30082608 0.         0.         1.6773182 ],1
23.85,46.0,0.25,65.0,3.5644500000001944,[23.85    46.       0.25    65.       3.56445],[ 0.71225727  0.33415959  0.          0.         -0.13656795],3
23.85,46.13,0.25,65.0,0.06844999999995961,[23.85    46.13     0.25    65.       0.06845],[ 0.71225727  0.36304862  0.          0.         -0.80108772],3
23.85,46.18,0.25,65.0,1.2482000000004239,[23.85   46.18    0.25   65.      1.2482],[ 0.71225727  0.37415979  0.          0.         -0.57684081],3
23.85,46.32,0.25,65.0,5.49263333333316,[23.85       46.32        0.25       65.          5.49263333],[0.71225727 0.40527106 0.         0.         0.22994118],3
23.85,46.33,0.25,65.0,12.5,[23.85 46.33  0.25 65.   12.5 ],[0.71225727 0.40749329 0.         0.         1.56190161],1
23.85,46.44,0.25,65.0,12.85245000000083,[23.85    46.44     0.25    65.      12.85245],[0.71225727 0.43193786 0.         0.         1.62889531],1
23.85,46.64,0.25,65.0,2.376199999999891,[23.85   46.64    0.25   65.      2.3762],[ 0.71225727  0.47638253  0.          0.         -0.36243054],3
23.85,47.62,0.25,65.0,0.02419999999998099,[2.385e+01 4.762e+01 2.500e-01 6.500e+01 2.420e-02],[ 0.71225727  0.69416142  0.          0.         -0.80949876],3
23.85,47.65,0.25,65.0,2.69120000000038,[23.85   47.65    0.25   65.      2.6912],[ 0.71225727  0.70082812  0.          0.         -0.30255534],3
23.85,47.71,0.25,65.0,0.9468696428571128,[23.85       47.71        0.25       65.          0.94686964],[ 0.71225727  0.71416152  0.          0.         -0.63411769],3
23.85,47.74,0.25,65.0,2.3064666666669065,[23.85       47.74        0.25       65.          2.30646667],[ 0.71225727  0.72082822  0.          0.         -0.37568546],3
23.85,47.75,0.25,65.0,9.03125,[23.85    47.75     0.25    65.       9.03125],[0.71225727 0.72305045 0.         0.         0.90256152],1
23.85,47.85,0.25,65.0,0.24499999999995226,[23.85  47.85   0.25  65.     0.245],[ 0.71225727  0.74527279  0.          0.         -0.76752909],3
23.85,47.96,0.25,65.0,5.248800000000398,[23.85   47.96    0.25   65.      5.2488],[0.71225727 0.76971736 0.         0.         0.18359334],3
23.85,48.05,0.25,65.0,7.219999999999395,[23.85 48.05  0.25 65.    7.22],[0.71225727 0.78971746 0.         0.         0.55827908],3
23.85,48.5,0.25,65.0,0.9112499999998772,[23.85    48.5      0.25    65.       0.91125],[ 0.71225727  0.88971797  0.          0.         -0.64088828],3
23.85,48.51,0.25,65.0,0.14579999999998036,[23.85   48.51    0.25   65.      0.1458],[ 0.71225727  0.8919402   0.          0.         -0.78638503],3
23.85,48.53,0.25,65.0,2.634633333333559,[23.85       48.53        0.25       65.          2.63463333],[ 0.71225727  0.89638467  0.          0.         -0.31330753],3
23.85,48.56,0.25,65.0,6.697800000000716,[23.85   48.56    0.25   65.      6.6978],[0.71225727 0.90305137 0.         0.         0.45901929],3
23.85,49.17,0.25,65.0,0.06125000000000796,[2.385e+01 4.917e+01 2.500e-01 6.500e+01 6.125e-02],[ 0.71225727  1.03860762  0.          0.         -0.8024563 ],3
23.85,49.19,0.25,65.0,18.382033333333368,[23.85       49.19        0.25       65.         18.38203333],[0.71225727 1.04305208 0.         0.         2.67995865],1
23.85,49.21,0.25,65.0,0.006050000000014006,[2.385e+01 4.921e+01 2.500e-01 6.500e+01 6.050e-03],[ 0.71225727  1.04749655  0.          0.         -0.81294871],3
23.85,49.44,0.25,65.0,0.2380499999998023,[23.85    49.44     0.25    65.       0.23805],[ 0.71225727  1.09860792  0.          0.         -0.76885015],3
23.85,49.53,0.25,65.0,1.824049999999722,[23.85    49.53     0.25    65.       1.82405],[ 0.71225727  1.11860802  0.          0.         -0.46738323],3
23.85,49.54,0.25,65.0,0.8192000000001106,[23.85   49.54    0.25   65.      0.8192],[ 0.71225727  1.12083026  0.          0.         -0.65838514],3
23.85,49.66,0.25,65.0,19.801733333333225,[23.85       49.66        0.25       65.         19.80173333],[0.71225727 1.14749706 0.         0.         2.94981526],1
23.85,49.7,0.25,65.0,0.029633333333373032,"[2.38500000e+01 4.97000000e+01 2.50000000e-01 6.50000000e+01
 2.96333333e-02]",[ 0.71225727  1.15638599  0.          0.         -0.80846599],3
23.85,50.08,0.25,65.0,0.8978000000000427,[23.85   50.08    0.25   65.      0.8978],[ 0.71225727  1.24083087  0.          0.         -0.64344485],3
23.85,50.33,0.25,65.0,8.282450000000667,[23.85    50.33     0.25    65.       8.28245],[0.71225727 1.29638671 0.         0.         0.7602296 ],1
23.85,50.51,0.25,65.0,8.77805000000023,[23.85    50.51     0.25    65.       8.77805],[0.71225727 1.33638691 0.         0.         0.85443326],1
23.85,50.52,0.25,65.0,14.96045000000077,[23.85    50.52     0.25    65.      14.96045],[0.71225727 1.33860914 0.         0.         2.02958401],1
23.85,50.63,0.25,65.0,3.45844999999939,[23.85    50.63     0.25    65.       3.45845],[ 0.71225727  1.36305371  0.          0.         -0.15671644],3
23.85,50.64,0.25,65.0,16.598433333334285,[23.85       50.64        0.25       65.         16.59843333],[0.71225727 1.36527595 0.         0.         2.34093192],1
23.86,39.54,0.25,65.0,0.07605000000001685,[23.86    39.54     0.25    65.       0.07605],[ 0.73323022 -1.10140328  0.          0.         -0.79964311],0
23.86,39.79,0.25,65.0,5.445000000000038,[23.86  39.79   0.25  65.     5.445],[ 0.73323022 -1.04584744  0.          0.          0.22088704],1
23.86,40.05,0.25,65.0,3.0649333333335873,[23.86       40.05        0.25       65.          3.06493333],[ 0.73323022 -0.98806937  0.          0.         -0.23151609],0
23.86,40.98,0.25,65.0,3.3799999999997636,[23.86 40.98  0.25 65.    3.38],[ 0.73323022 -0.78140165  0.          0.         -0.17162821],3
23.86,41.02,0.25,65.0,0.02419999999998099,[2.386e+01 4.102e+01 2.500e-01 6.500e+01 2.420e-02],[ 0.73323022 -0.77251271  0.          0.         -0.80949876],3
23.86,41.04,0.25,65.0,1.377799999999947,[23.86   41.04    0.25   65.      1.3778],[ 0.73323022 -0.76806825  0.          0.         -0.55220644],3
23.86,41.4,0.25,65.0,7.148033333332611,[23.86       41.4         0.25       65.          7.14803333],[ 0.73323022 -0.68806784  0.          0.          0.54459965],1
23.86,41.41,0.25,65.0,1.548800000000184,[23.86   41.41    0.25   65.      1.5488],[ 0.73323022 -0.68584561  0.          0.         -0.51970276],3
23.86,42.36,0.25,65.0,1.377799999999947,[23.86   42.36    0.25   65.      1.3778],[ 0.73323022 -0.47473342  0.          0.         -0.55220644],3
23.86,42.38,0.25,65.0,18.544050000000194,[23.86    42.38     0.25    65.      18.54405],[ 0.73323022 -0.47028895  0.          0.          2.71075478],1
23.86,42.39,0.25,65.0,0.732050000000044,[23.86    42.39     0.25    65.       0.73205],[ 0.73323022 -0.46806672  0.          0.         -0.67495062],3
23.86,42.41,0.25,65.0,0.0024500000000035015,[2.386e+01 4.241e+01 2.500e-01 6.500e+01 2.450e-03],[ 0.73323022 -0.46362225  0.          0.         -0.813633  ],3
23.86,42.95,0.25,65.0,0.7951000000000157,[23.86   42.95    0.25   65.      0.7951],[ 0.73323022 -0.34362164  0.          0.         -0.66296607],3
23.86,43.16,0.25,65.0,4.470049999999687,[23.86    43.16     0.25    65.       4.47005],[ 0.73323022 -0.29695474  0.          0.          0.03556852],3
23.86,43.17,0.25,65.0,3.5776000000001273,[23.86   43.17    0.25   65.      3.5776],[ 0.73323022 -0.2947325   0.          0.         -0.1340684 ],3
23.86,43.2,0.25,65.0,1.4280500000000922,[23.86    43.2      0.25    65.       1.42805],[ 0.73323022 -0.2880658   0.          0.         -0.54265492],3
23.86,43.26,0.25,65.0,6.33680000000102,[23.86   43.26    0.25   65.      6.3368],[ 0.73323022 -0.2747324   0.          0.          0.3904004 ],1
23.86,43.92,0.25,65.0,0.2888000000000795,[23.86   43.92    0.25   65.      0.2888],[ 0.73323022 -0.12806499  0.          0.         -0.75920359],3
23.86,44.94,0.25,65.0,0.31204999999997124,[23.86    44.94     0.25    65.       0.31205],[ 0.73323022  0.09860283  0.          0.         -0.75478423],3
23.86,44.96,0.25,65.0,1.5664499999999677,[23.86    44.96     0.25    65.       1.56645],[ 0.73323022  0.1030473   0.          0.         -0.51634784],3
23.86,45.01,0.25,65.0,1.2012500000001056,[23.86    45.01     0.25    65.       1.20125],[ 0.73323022  0.11415847  0.          0.         -0.58576507],3
23.86,45.2,0.25,65.0,10.125,[23.86  45.2    0.25  65.    10.125],[0.73323022 0.1563809  0.         0.         1.11046155],1
23.86,45.41,0.25,65.0,0.5940499999997869,[23.86    45.41     0.25    65.       0.59405],[ 0.73323022  0.20304781  0.          0.         -0.70118166],3
23.86,45.79,0.25,65.0,0.15679999999996944,[23.86   45.79    0.25   65.      0.1568],[ 0.73323022  0.28749268  0.          0.         -0.78429415],3
23.86,45.98,0.25,65.0,3.6180500000001468,[23.86    45.98     0.25    65.       3.61805],[ 0.73323022  0.32971512  0.          0.         -0.12637966],3
23.86,46.34,0.25,65.0,4.234049999999576,[23.86    46.34     0.25    65.       4.23405],[ 0.73323022  0.40971553  0.          0.         -0.00929037],3
23.86,46.44,0.25,65.0,0.2888000000000795,[23.86   46.44    0.25   65.      0.2888],[ 0.73323022  0.43193786  0.          0.         -0.75920359],3
23.86,46.45,0.25,65.0,1.125,[23.86  46.45   0.25  65.     1.125],[ 0.73323022  0.4341601   0.          0.         -0.60025867],3
23.86,46.92,0.25,65.0,6.734450000000267,[23.86    46.92     0.25    65.       6.73445],[0.73323022 0.53860507 0.         0.         0.46598572],3
23.86,46.94,0.25,65.0,1.125,[23.86  46.94   0.25  65.     1.125],[ 0.73323022  0.54304954  0.          0.         -0.60025867],3
23.86,47.71,0.25,65.0,0.10125000000007162,[23.86    47.71     0.25    65.       0.10125],[ 0.73323022  0.71416152  0.          0.         -0.7948531 ],3
23.86,47.72,0.25,65.0,2.040199999999963,[23.86   47.72    0.25   65.      2.0402],[ 0.73323022  0.71638375  0.          0.         -0.42629743],3
23.86,47.74,0.25,65.0,2.662296666666715,[23.86       47.74        0.25       65.          2.66229667],[ 0.73323022  0.72082822  0.          0.         -0.30804928],3
23.86,47.77,0.25,65.0,5.544449999999758,[23.86    47.77     0.25    65.       5.54445],[0.73323022 0.72749492 0.         0.         0.23979049],3
23.86,47.99,0.25,65.0,2.2102333333334108,[23.86       47.99        0.25       65.          2.21023333],[ 0.73323022  0.77638406  0.          0.         -0.39397749],3
23.86,48.52,0.25,65.0,0.9248000000000186,[23.86   48.52    0.25   65.      0.9248],[ 0.73323022  0.89416244  0.          0.         -0.63831269],3
23.86,49.09,0.25,65.0,1.1704499999997844,[23.86    49.09     0.25    65.       1.17045],[ 0.73323022  1.02082975  0.          0.         -0.59161953],3
23.86,49.32,0.25,65.0,1.1551999999999722,[23.86   49.32    0.25   65.      1.1552],[ 0.73323022  1.07194112  0.          0.         -0.59451825],3
23.86,49.42,0.25,65.0,0.2112500000000591,[23.86    49.42     0.25    65.       0.21125],[ 0.73323022  1.09416345  0.          0.         -0.77394429],3
23.86,49.69,0.25,65.0,0.14070000000008626,[23.86   49.69    0.25   65.      0.1407],[ 0.73323022  1.15416376  0.          0.         -0.78735444],3
23.86,49.7,0.25,65.0,0.31999999999987266,[23.86 49.7   0.25 65.    0.32],[ 0.73323022  1.15638599  0.          0.         -0.75327309],3
23.86,50.54,0.25,65.0,6.919200000000524,[23.86   50.54    0.25   65.      6.9192],[0.73323022 1.34305361 0.         0.         0.50110301],3
23.86,50.56,0.25,65.0,4.263200000000213,[23.86   50.56    0.25   65.      4.2632],[ 0.73323022  1.34749808  0.          0.         -0.00374954],3
23.87,39.32,0.25,65.0,1.0224500000000911,[23.87    39.32     0.25    65.       1.02245],[ 0.75420317 -1.15029241  0.          0.         -0.61975138],0
23.87,39.79,0.25,65.0,13.039425000000216,[23.87     39.79      0.25     65.       13.039425],[ 0.75420317 -1.04584744  0.          0.          1.66443553],1
23.87,39.84,0.25,65.0,9.990450000000122,[23.87    39.84     0.25    65.       9.99045],[ 0.75420317 -1.03473627  0.          0.          1.08488628],1
23.87,41.28,0.25,65.0,5.746049999999569,[23.87    41.28     0.25    65.       5.74605],[ 0.75420317 -0.71473464  0.          0.          0.27811063],1
23.87,41.45,0.25,65.0,1.8818000000001058,[23.87   41.45    0.25   65.      1.8818],[ 0.75420317 -0.67695667  0.          0.         -0.45640611],3
23.87,42.31,0.25,65.0,0.024200000000031013,[2.387e+01 4.231e+01 2.500e-01 6.500e+01 2.420e-02],[ 0.75420317 -0.48584459  0.          0.         -0.80949876],3
23.87,42.35,0.25,65.0,0.18000000000001365,[23.87 42.35  0.25 65.    0.18],[ 0.75420317 -0.47695565  0.          0.         -0.77988429],3
23.87,42.74,0.25,65.0,0.49004999999989646,[23.87    42.74     0.25    65.       0.49005],[ 0.75420317 -0.39028855  0.          0.         -0.72094998],3
23.87,42.82,0.25,65.0,0.018050000000010367,[2.387e+01 4.282e+01 2.500e-01 6.500e+01 1.805e-02],[ 0.75420317 -0.37251068  0.          0.         -0.81066775],3
23.87,42.92,0.25,65.0,0.21779999999990396,[23.87   42.92    0.25   65.      0.2178],[ 0.75420317 -0.35028834  0.          0.         -0.77269927],3
23.87,42.94,0.25,65.0,0.096800000000024,[23.87   42.94    0.25   65.      0.0968],[ 0.75420317 -0.34584387  0.          0.         -0.79569895],3
23.87,43.06,0.25,65.0,14.796800000000298,[23.87   43.06    0.25   65.     14.7968],[ 0.75420317 -0.31917707  0.          0.          1.99847741],1
23.87,43.16,0.25,65.0,10.641419999999025,[23.87    43.16     0.25    65.      10.64142],[ 0.75420317 -0.29695474  0.          0.          1.20862268],1
23.87,43.21,0.25,65.0,15.961249999999872,[23.87    43.21     0.25    65.      15.96125],[ 0.75420317 -0.28584357  0.          0.          2.21981609],1
23.87,43.23,0.25,65.0,4.470049999999687,[23.87    43.23     0.25    65.       4.47005],[ 0.75420317 -0.2813991   0.          0.          0.03556852],3
23.87,43.38,0.25,65.0,0.966049999999823,[23.87    43.38     0.25    65.       0.96605],[ 0.75420317 -0.2480656   0.          0.         -0.63047189],3
23.87,43.76,0.25,65.0,10.636033333333804,[23.87       43.76        0.25       65.         10.63603333],[ 0.75420317 -0.16362072  0.          0.          1.20759878],1
23.87,44.54,0.25,65.0,8.988799999999557,[23.87   44.54    0.25   65.      8.9888],[0.75420317 0.00971349 0.         0.         0.89449263],1
23.87,44.89,0.25,65.0,3.075200000000045,[23.87   44.89    0.25   65.      3.0752],[ 0.75420317  0.08749166  0.          0.         -0.22956461],3
23.87,44.95,0.25,65.0,12.40020000000009,[23.87   44.95    0.25   65.     12.4002],[0.75420317 0.10082507 0.         0.         1.54293162],1
23.87,45.16,0.25,65.0,0.0338000000000272,[2.387e+01 4.516e+01 2.500e-01 6.500e+01 3.380e-02],[ 0.75420317  0.14749197  0.          0.         -0.80767399],3
23.87,45.3,0.25,65.0,0.014449999999954388,[2.387e+01 4.530e+01 2.500e-01 6.500e+01 1.445e-02],[ 0.75420317  0.17860324  0.          0.         -0.81135204],3
23.87,45.31,0.25,65.0,3.9761999999995,[23.87   45.31    0.25   65.      3.9762],[ 0.75420317  0.18082547  0.          0.         -0.0583025 ],3
23.87,45.47,0.25,65.0,0.14579999999998036,[23.87   45.47    0.25   65.      0.1458],[ 0.75420317  0.21638121  0.          0.         -0.78638503],3
23.87,45.89,0.25,65.0,6.516049999999228,[23.87    45.89     0.25    65.       6.51605],[0.75420317 0.30971502 0.         0.         0.42447225],1
23.87,45.94,0.25,65.0,0.4049999999997749,[23.87  45.94   0.25  65.     0.405],[ 0.75420317  0.32082619  0.          0.         -0.73711629],3
23.87,47.72,0.25,65.0,1.9322333333333361,[23.87       47.72        0.25       65.          1.93223333],[ 0.75420317  0.71638375  0.          0.         -0.44681974],3
23.87,47.75,0.25,65.0,0.001249999999992042,[2.387e+01 4.775e+01 2.500e-01 6.500e+01 1.250e-03],[ 0.75420317  0.72305045  0.          0.         -0.8138611 ],3
23.87,47.78,0.25,65.0,7.068800000000393,[23.87   47.78    0.25   65.      7.0688],[0.75420317 0.72971716 0.         0.         0.52953898],3
23.87,47.82,0.25,65.0,0.11520000000000873,[23.87   47.82    0.25   65.      0.1152],[ 0.75420317  0.73860609  0.          0.         -0.79220148],3
23.87,48.08,0.25,65.0,13.261249999999883,[23.87    48.08     0.25    65.      13.26125],[0.75420317 0.79638416 0.         0.         1.70660003],1
23.87,48.1,0.25,65.0,18.609999999999662,[23.87 48.1   0.25 65.   18.61],[0.75420317 0.80082863 0.         0.         2.72329056],1
23.87,48.12,0.25,65.0,2.53125,[23.87    48.12     0.25    65.       2.53125],[ 0.75420317  0.8052731   0.          0.         -0.33295864],3
23.87,48.2,0.25,65.0,1.513799999999818,[23.87   48.2     0.25   65.      1.5138],[ 0.75420317  0.82305096  0.          0.         -0.52635556],3
23.87,48.38,0.25,65.0,11.28125,[23.87    48.38     0.25    65.      11.28125],[0.75420317 0.86305117 0.         0.         1.33024158],1
23.87,48.41,0.25,65.0,1.2324500000000784,[23.87    48.41     0.25    65.       1.23245],[ 0.75420317  0.86971787  0.          0.         -0.57983457],3
23.87,49.05,0.25,65.0,7.296200000000191,[23.87   49.05    0.25   65.      7.2962],[0.75420317 1.01194081 0.         0.         0.57276318],3
23.87,49.22,0.25,65.0,0.06480000000004583,[2.387e+01 4.922e+01 2.500e-01 6.500e+01 6.480e-02],[ 0.75420317  1.04971878  0.          0.         -0.80178151],3
23.87,49.23,0.25,65.0,0.10580000000001673,[23.87   49.23    0.25   65.      0.1058],[ 0.75420317  1.05194102  0.          0.         -0.79398823],3
23.87,49.5,0.25,65.0,1.5664499999999677,[23.87    49.5      0.25    65.       1.56645],[ 0.75420317  1.11194132  0.          0.         -0.51634784],3
23.87,50.2,0.25,65.0,6.290633333333151,[23.87       50.2         0.25       65.          6.29063333],[0.75420317 1.26749767 0.         0.         0.38162504],3
23.87,50.22,0.25,65.0,0.732050000000044,[23.87    50.22     0.25    65.       0.73205],[ 0.75420317  1.27194214  0.          0.         -0.67495062],3
23.89,39.83,0.25,65.0,3.175199999999954,[23.89   39.83    0.25   65.      3.1752],[ 0.79614907 -1.0369585   0.          0.         -0.2105566 ],0
23.89,39.89,0.25,65.0,0.5201999999999815,[23.89   39.89    0.25   65.      0.5202],[ 0.79614907 -1.0236251   0.          0.         -0.71521907],0
23.89,40.93,0.25,65.0,9.288049999999766,[23.89    40.93     0.25    65.       9.28805],[ 0.79614907 -0.79251281  0.          0.          0.95137407],1
23.89,41.13,0.25,65.0,0.06845000000008582,[23.89    41.13     0.25    65.       0.06845],[ 0.79614907 -0.74806814  0.          0.         -0.80108772],3
23.89,41.2,0.25,65.0,4.176050000000617,[23.89    41.2      0.25    65.       4.17605],[ 0.79614907 -0.73251251  0.          0.         -0.02031501],3
23.89,41.3,0.25,65.0,0.24143333333332714,[23.89       41.3         0.25       65.          0.24143333],[ 0.79614907 -0.71029017  0.          0.         -0.76820704],3
23.89,41.36,0.25,65.0,0.6612500000001046,[23.89    41.36     0.25    65.       0.66125],[ 0.79614907 -0.69695677  0.          0.         -0.68840828],3
23.89,42.35,0.25,65.0,3.920000000000191,[23.89 42.35  0.25 65.    3.92],[ 0.79614907 -0.47695565  0.          0.         -0.068985  ],3
23.89,42.36,0.25,65.0,10.125,[23.89  42.36   0.25  65.    10.125],[ 0.79614907 -0.47473342  0.          0.          1.11046155],1
23.89,42.82,0.25,65.0,0.23805000000003765,[23.89    42.82     0.25    65.       0.23805],[ 0.79614907 -0.37251068  0.          0.         -0.76885015],3
23.89,42.96,0.25,65.0,3.0258000000000895,[23.89   42.96    0.25   65.      3.0258],[ 0.79614907 -0.34139941  0.          0.         -0.23895456],3
23.89,43.0,0.25,65.0,17.701250000000947,[23.89    43.       0.25    65.      17.70125],[ 0.79614907 -0.33251047  0.          0.          2.55055534],1
23.89,43.04,0.25,65.0,4.292449999999853,[23.89    43.04     0.25    65.       4.29245],[ 0.79614907 -0.32362154  0.          0.          0.0018103 ],3
23.89,43.08,0.25,65.0,0.00044999999999577084,[2.389e+01 4.308e+01 2.500e-01 6.500e+01 4.500e-04],[ 0.79614907 -0.31473261  0.          0.         -0.81401316],3
23.89,43.15,0.25,65.0,7.783786666666384,[23.89       43.15        0.25       65.          7.78378667],[ 0.79614907 -0.29917697  0.          0.          0.66544366],1
23.89,43.26,0.25,65.0,8.691499999999783,[23.89   43.26    0.25   65.      8.6915],[ 0.79614907 -0.2747324   0.          0.          0.83798184],1
23.89,43.73,0.25,65.0,1.1704499999997844,[23.89    43.73     0.25    65.       1.17045],[ 0.79614907 -0.17028743  0.          0.         -0.59161953],3
23.89,44.4,0.25,65.0,9.812449999999778,[23.89    44.4      0.25    65.       9.81245],[ 0.79614907 -0.02139778  0.          0.          1.05105204],1
23.89,44.49,0.25,65.0,1.5842000000001537,[23.89   44.49    0.25   65.      1.5842],[ 0.79614907 -0.00139768  0.          0.         -0.51297392],3
23.89,44.58,0.25,65.0,8.201249999999355,[23.89    44.58     0.25    65.       8.20125],[0.79614907 0.01860242 0.         0.         0.7447951 ],1
23.89,44.73,0.25,65.0,2.7612499999997864,[23.89    44.73     0.25    65.       2.76125],[ 0.79614907  0.05193593  0.          0.         -0.28924023],3
23.89,44.88,0.25,65.0,2.8865333333336034,[23.89       44.88        0.25       65.          2.88653333],[ 0.79614907  0.08526943  0.          0.         -0.26542637],3
23.89,44.92,0.25,65.0,0.009799999999982174,[2.389e+01 4.492e+01 2.500e-01 6.500e+01 9.800e-03],[ 0.79614907  0.09415837  0.          0.         -0.81223591],3
23.89,45.3,0.25,65.0,1.479199999999656,[23.89   45.3     0.25   65.      1.4792],[ 0.79614907  0.17860324  0.          0.         -0.53293233],3
23.89,45.47,0.25,65.0,2.4420500000000804,[23.89    45.47     0.25    65.       2.44205],[ 0.79614907  0.21638121  0.          0.         -0.34991377],3
23.89,46.07,0.25,65.0,3.3540500000000826,[23.89    46.07     0.25    65.       3.35405],[ 0.79614907  0.34971522  0.          0.         -0.17656079],3
23.89,46.08,0.25,65.0,4.961250000000287,[23.89    46.08     0.25    65.       4.96125],[0.79614907 0.35193745 0.         0.         0.12893582],3
23.89,47.74,0.25,65.0,0.18605000000007768,[23.89    47.74     0.25    65.       0.18605],[ 0.79614907  0.72082822  0.          0.         -0.77873431],3
23.89,47.92,0.25,65.0,0.016200000000031925,[2.389e+01 4.792e+01 2.500e-01 6.500e+01 1.620e-02],[ 0.79614907  0.76082842  0.          0.         -0.8110194 ],3
23.89,47.95,0.25,65.0,0.11520000000000873,[23.89   47.95    0.25   65.      0.1152],[ 0.79614907  0.76749513  0.          0.         -0.79220148],3
23.89,47.99,0.25,65.0,0.04500000000002046,[2.389e+01 4.799e+01 2.500e-01 6.500e+01 4.500e-02],[ 0.79614907  0.77638406  0.          0.         -0.8055451 ],3
23.89,48.02,0.25,65.0,0.1094333333333823,[23.89       48.02        0.25       65.          0.10943333],[ 0.79614907  0.78305076  0.          0.         -0.79329761],3
23.89,48.04,0.25,65.0,2.975700000000219,[23.89   48.04    0.25   65.      2.9757],[ 0.79614907  0.78749523  0.          0.         -0.24847757],3
23.89,48.06,0.25,65.0,0.4512499999999352,[23.89    48.06     0.25    65.       0.45125],[ 0.79614907  0.79193969  0.          0.         -0.72832509],3
23.89,48.32,0.25,65.0,0.001249999999992042,[2.389e+01 4.832e+01 2.500e-01 6.500e+01 1.250e-03],[ 0.79614907  0.84971777  0.          0.         -0.8138611 ],3
23.89,48.41,0.25,65.0,0.20303333333332366,[23.89       48.41        0.25       65.          0.20303333],[ 0.79614907  0.86971787  0.          0.         -0.77550612],3
23.89,48.44,0.25,65.0,0.012633333333332901,"[2.38900000e+01 4.84400000e+01 2.50000000e-01 6.50000000e+01
 1.26333333e-02]",[ 0.79614907  0.87638457  0.          0.         -0.81169735],3
23.89,48.97,0.25,65.0,0.296449999999986,[23.89    48.97     0.25    65.       0.29645],[ 0.79614907  0.99416295  0.          0.         -0.75774947],3
23.89,49.51,0.25,65.0,0.17405000000001877,[23.89    49.51     0.25    65.       0.17405],[ 0.79614907  1.11416356  0.          0.         -0.78101527],3
23.89,49.57,0.25,65.0,0.11823333333331078,[23.89       49.57        0.25       65.          0.11823333],[ 0.79614907  1.12749696  0.          0.         -0.7916249 ],3
23.89,50.14,0.25,65.0,0.8220333333331427,[23.89       50.14        0.25       65.          0.82203333],[ 0.79614907  1.25416427  0.          0.         -0.65784658],3
23.89,50.15,0.25,65.0,2.376199999999891,[23.89   50.15    0.25   65.      2.3762],[ 0.79614907  1.2563865   0.          0.         -0.36243054],3
23.89,50.17,0.25,65.0,11.28125,[23.89    50.17     0.25    65.      11.28125],[0.79614907 1.26083097 0.         0.         1.33024158],1
23.89,50.21,0.25,65.0,0.08000000000003638,[23.89 50.21  0.25 65.    0.08],[ 0.79614907  1.2697199   0.          0.         -0.7988923 ],3
23.89,50.22,0.25,65.0,0.8580499999999285,[23.89    50.22     0.25    65.       0.85805],[ 0.79614907  1.27194214  0.          0.         -0.65100053],3
23.9,39.69,0.25,65.0,7.566050000000389,[23.9     39.69     0.25    65.       7.56605],[ 0.81712202 -1.06806977  0.          0.          0.62405627],1
23.9,39.7,0.25,65.0,0.7937999999999885,[23.9    39.7     0.25   65.      0.7938],[ 0.81712202 -1.06584754  0.          0.         -0.66321317],0
23.9,39.9,0.25,65.0,0.1200499999999766,[23.9     39.9      0.25    65.       0.12005],[ 0.81712202 -1.02140287  0.          0.         -0.79127959],0
23.9,40.97,0.25,65.0,3.808799999999661,[23.9    40.97    0.25   65.      3.8088],[ 0.81712202 -0.78362388  0.          0.         -0.0901219 ],3
23.9,41.08,0.25,65.0,0.15679999999996944,[23.9    41.08    0.25   65.      0.1568],[ 0.81712202 -0.75917931  0.          0.         -0.78429415],3
23.9,41.09,0.25,65.0,6.661249999999917,[23.9     41.09     0.25    65.       6.66125],[ 0.81712202 -0.75695708  0.          0.          0.45207187],1
23.9,41.12,0.25,65.0,2.877033333333345,[23.9        41.12        0.25       65.          2.87703333],[ 0.81712202 -0.75029038  0.          0.         -0.26723213],3
23.9,41.17,0.25,65.0,0.5100500000001056,[23.9     41.17     0.25    65.       0.51005],[ 0.81712202 -0.73917921  0.          0.         -0.71714838],3
23.9,41.24,0.25,65.0,2.0,[23.9  41.24  0.25 65.    2.  ],[ 0.81712202 -0.72362358  0.          0.         -0.43393865],3
23.9,41.3,0.25,65.0,0.5831999999999214,[23.9    41.3     0.25   65.      0.5832],[ 0.81712202 -0.71029017  0.          0.         -0.70324403],3
23.9,42.37,0.25,65.0,1.6522333333332497,[23.9        42.37        0.25       65.          1.65223333],[ 0.81712202 -0.47251119  0.          0.         -0.50004214],3
23.9,42.39,0.25,65.0,0.10125000000007162,[23.9     42.39     0.25    65.       0.10125],[ 0.81712202 -0.46806672  0.          0.         -0.7948531 ],3
23.9,42.41,0.25,65.0,0.49005000000012156,[23.9     42.41     0.25    65.       0.49005],[ 0.81712202 -0.46362225  0.          0.         -0.72094998],3
23.9,42.55,0.25,65.0,1.6927999999996401,[23.9    42.55    0.25   65.      1.6928],[ 0.81712202 -0.43251098  0.          0.         -0.49233123],3
23.9,42.63,0.25,65.0,0.8377333333332222,[23.9        42.63        0.25       65.          0.83773333],[ 0.81712202 -0.41473311  0.          0.         -0.65486232],3
23.9,42.79,0.25,65.0,0.8978000000000427,[23.9    42.79    0.25   65.      0.8978],[ 0.81712202 -0.37917738  0.          0.         -0.64344485],3
23.9,43.06,0.25,65.0,2.2684500000002323,[23.9     43.06     0.25    65.       2.26845],[ 0.81712202 -0.31917707  0.          0.         -0.38291167],3
23.9,43.19,0.25,65.0,14.36083333333352,[23.9        43.19        0.25       65.         14.36083333],[ 0.81712202 -0.29028804  0.          0.          1.91560885],1
23.9,43.24,0.25,65.0,0.2534333333333167,[23.9        43.24        0.25       65.          0.25343333],[ 0.81712202 -0.27917687  0.          0.         -0.76592608],3
23.9,43.35,0.25,65.0,1.185799999999944,[23.9    43.35    0.25   65.      1.1858],[ 0.81712202 -0.2547323   0.          0.         -0.5887018 ],3
23.9,43.58,0.25,65.0,5.4449999999994745,[23.9   43.58   0.25  65.     5.445],[ 0.81712202 -0.20362093  0.          0.          0.22088704],3
23.9,43.64,0.25,65.0,2.004400000000151,[23.9    43.64    0.25   65.      2.0044],[ 0.81712202 -0.19028753  0.          0.         -0.4331023 ],3
23.9,44.37,0.25,65.0,3.4848000000005643,[23.9    44.37    0.25   65.      3.4848],[ 0.81712202 -0.02806448  0.          0.         -0.15170783],3
23.9,44.69,0.25,65.0,1.7221333333333317,[23.9        44.69        0.25       65.          1.72213333],[ 0.81712202  0.04304699  0.          0.         -0.48675555],3
23.9,44.74,0.25,65.0,14.504866666666814,[23.9        44.74        0.25       65.         14.50486667],[0.81712202 0.05415816 0.         0.         1.94298671],1
23.9,44.78,0.25,65.0,15.961249999999872,[23.9     44.78     0.25    65.      15.96125],[0.81712202 0.0630471  0.         0.         2.21981609],1
23.9,44.9,0.25,65.0,0.13519999999999055,[23.9    44.9     0.25   65.      0.1352],[ 0.81712202  0.0897139   0.          0.         -0.78839988],3
23.9,45.11,0.25,65.0,15.901899999999955,[23.9    45.11    0.25   65.     15.9019],[0.81712202 0.1363808  0.         0.         2.20853484],1
23.9,45.52,0.25,65.0,7.296199999999322,[23.9    45.52    0.25   65.      7.2962],[0.81712202 0.22749238 0.         0.         0.57276318],1
23.9,46.02,0.25,65.0,2.9767999999998556,[23.9    46.02    0.25   65.      2.9768],[ 0.81712202  0.33860405  0.          0.         -0.24826848],3
23.9,46.17,0.25,65.0,11.956049999999378,[23.9     46.17     0.25    65.      11.95605],[0.81712202 0.37193756 0.         0.         1.45850758],1
23.9,47.69,0.25,65.0,9.768199999998814,[23.9    47.69    0.25   65.      9.7682],[0.81712202 0.70971705 0.         0.         1.042641  ],1
23.9,47.92,0.25,65.0,0.03644999999999509,[2.390e+01 4.792e+01 2.500e-01 6.500e+01 3.645e-02],[ 0.81712202  0.76082842  0.          0.         -0.80717028],3
23.9,48.35,0.25,65.0,0.014449999999993043,[2.390e+01 4.835e+01 2.500e-01 6.500e+01 1.445e-02],[ 0.81712202  0.85638447  0.          0.         -0.81135204],3
23.9,50.14,0.25,65.0,0.6421333333331627,[23.9        50.14        0.25       65.          0.64213333],[ 0.81712202  1.25416427  0.          0.         -0.69204198],3
23.9,50.15,0.25,65.0,9.6799999999999,[23.9  50.15  0.25 65.    9.68],[0.81712202 1.2563865  0.         0.         1.02587594],1
23.9,50.17,0.25,65.0,1.3492000000000242,[23.9    50.17    0.25   65.      1.3492],[ 0.81712202  1.26083097  0.          0.         -0.55764273],3
23.9,50.19,0.25,65.0,0.02419999999998099,[2.390e+01 5.019e+01 2.500e-01 6.500e+01 2.420e-02],[ 0.81712202  1.26527544  0.          0.         -0.80949876],3
23.9,52.28,0.25,65.0,19.719199999999116,[23.9    52.28    0.25   65.     19.7192],[0.81712202 1.72972225 0.         0.         2.93412732],1
23.92,39.35,0.25,65.0,10.035200000000081,[23.92   39.35    0.25   65.     10.0352],[ 0.85906792 -1.14362571  0.          0.          1.09339236],1
23.92,39.74,0.25,65.0,0.3784500000000534,[23.92    39.74     0.25    65.       0.37845],[ 0.85906792 -1.05695861  0.          0.         -0.74216291],0
23.92,40.69,0.25,65.0,0.2738000000000067,[23.92   40.69    0.25   65.      0.2738],[ 0.85906792 -0.84584642  0.          0.         -0.76205479],3
23.92,40.82,0.25,65.0,3.3024499999999826,[23.92    40.82     0.25    65.       3.30245],[ 0.85906792 -0.81695738  0.          0.         -0.18636892],3
23.92,40.95,0.25,65.0,0.005000000000007958,[2.392e+01 4.095e+01 2.500e-01 6.500e+01 5.000e-03],[ 0.85906792 -0.78806835  0.          0.         -0.8131483 ],3
23.92,40.98,0.25,65.0,8.569799999999708,[23.92   40.98    0.25   65.      8.5698],[ 0.85906792 -0.78140165  0.          0.          0.8148491 ],1
23.92,41.08,0.25,65.0,9.548449999999523,[23.92    41.08     0.25    65.       9.54845],[ 0.85906792 -0.75917931  0.          0.          1.00087091],1
23.92,41.09,0.25,65.0,12.90319999999963,[23.92   41.09    0.25   65.     12.9032],[ 0.85906792 -0.75695708  0.          0.          1.63854187],1
23.92,41.12,0.25,65.0,12.005000000000445,[23.92  41.12   0.25  65.    12.005],[ 0.85906792 -0.75029038  0.          0.          1.467812  ],1
23.92,42.36,0.25,65.0,1.125,[23.92  42.36   0.25  65.     1.125],[ 0.85906792 -0.47473342  0.          0.         -0.60025867],3
23.92,42.47,0.25,65.0,9.54845000000002,[23.92    42.47     0.25    65.       9.54845],[ 0.85906792 -0.45028885  0.          0.          1.00087091],1
23.92,42.52,0.25,65.0,0.4509666666666605,[23.92       42.52        0.25       65.          0.45096667],[ 0.85906792 -0.43917768  0.          0.         -0.72837894],3
23.92,42.56,0.25,65.0,4.347630000000439,[23.92    42.56     0.25    65.       4.34763],[ 0.85906792 -0.43028875  0.          0.          0.01229892],3
23.92,42.58,0.25,65.0,1.4826249999997405,[23.92     42.58      0.25     65.        1.482625],[ 0.85906792 -0.42584428  0.          0.         -0.5322813 ],3
23.92,42.81,0.25,65.0,0.048049999999983085,[2.392e+01 4.281e+01 2.500e-01 6.500e+01 4.805e-02],[ 0.85906792 -0.37473291  0.          0.         -0.80496535],3
23.92,43.3,0.25,65.0,3.0504500000003483,[23.92    43.3      0.25    65.       3.05045],[ 0.85906792 -0.26584347  0.          0.         -0.23426909],3
23.92,43.44,0.25,65.0,0.012799999999994907,[2.392e+01 4.344e+01 2.500e-01 6.500e+01 1.280e-02],[ 0.85906792 -0.2347322   0.          0.         -0.81166567],3
23.92,43.47,0.25,65.0,8.120449999999432,[23.92    43.47     0.25    65.       8.12045],[ 0.85906792 -0.2280655   0.          0.          0.72943664],1
23.92,43.52,0.25,65.0,1.194699999999714,[23.92   43.52    0.25   65.      1.1947],[ 0.85906792 -0.21695433  0.          0.         -0.58701009],3
23.92,43.63,0.25,65.0,0.15125000000003752,[23.92    43.63     0.25    65.       0.15125],[ 0.85906792 -0.19250976  0.          0.         -0.78534909],3
23.92,43.66,0.25,65.0,5.544450000000894,[23.92    43.66     0.25    65.       5.54445],[ 0.85906792 -0.18584306  0.          0.          0.23979049],1
23.92,43.71,0.25,65.0,19.32756666666631,[23.92       43.71        0.25       65.         19.32756667],[ 0.85906792 -0.17473189  0.          0.          2.85968565],1
23.92,44.42,0.25,65.0,8.323199999999703,[23.92   44.42    0.25   65.      8.3232],[ 0.85906792 -0.01695331  0.          0.          0.76797536],1
23.92,44.48,0.25,65.0,0.2520500000000258,[23.92    44.48     0.25    65.       0.25205],[ 0.85906792 -0.00361991  0.          0.         -0.76618903],3
23.92,44.49,0.25,65.0,0.2591999999999378,[23.92   44.49    0.25   65.      0.2592],[ 0.85906792 -0.00139768  0.          0.         -0.76482996],3
23.92,44.6,0.25,65.0,12.152450000000874,[23.92    44.6      0.25    65.      12.15245],[0.85906792 0.02304689 0.         0.         1.4958393 ],1
23.92,44.69,0.25,65.0,11.226100000000686,[23.92   44.69    0.25   65.     11.2261],[0.85906792 0.04304699 0.         0.         1.31975867],1
23.92,45.07,0.25,65.0,1.6744500000000748,[23.92    45.07     0.25    65.       1.67445],[ 0.85906792  0.12749187  0.          0.         -0.4958192 ],3
23.92,45.09,0.25,65.0,10.982799999999786,[23.92   45.09    0.25   65.     10.9828],[0.85906792 0.13193634 0.         0.         1.2735122 ],1
23.92,45.26,0.25,65.0,1.479199999999656,[23.92   45.26    0.25   65.      1.4792],[ 0.85906792  0.16971431  0.          0.         -0.53293233],3
23.92,45.71,0.25,65.0,0.12005000000006016,[23.92    45.71     0.25    65.       0.12005],[ 0.85906792  0.26971481  0.          0.         -0.79127959],3
23.92,45.77,0.25,65.0,1.729800000000237,[23.92   45.77    0.25   65.      1.7298],[ 0.85906792  0.28304822  0.          0.         -0.48529827],3
23.92,46.0,0.25,65.0,1.0804500000002073,[23.92    46.       0.25    65.       1.08045],[ 0.85906792  0.33415959  0.          0.         -0.60872674],3
23.92,46.19,0.25,65.0,3.5644499999992836,[23.92    46.19     0.25    65.       3.56445],[ 0.85906792  0.37638202  0.          0.         -0.13656795],3
23.92,46.22,0.25,65.0,7.449800000000492,[23.92   46.22    0.25   65.      7.4498],[0.85906792 0.38304872 0.         0.         0.60195947],1
23.92,46.25,0.25,65.0,2.1217999999998876,[23.92   46.25    0.25   65.      2.1218],[ 0.85906792  0.38971542  0.          0.         -0.4107869 ],3
23.92,46.31,0.25,65.0,8.7780499999988,[23.92    46.31     0.25    65.       8.77805],[0.85906792 0.40304883 0.         0.         0.85443326],1
23.92,46.83,0.25,65.0,2.6220499999999167,[23.92    46.83     0.25    65.       2.62205],[ 0.85906792  0.51860497  0.          0.         -0.31569937],3
23.92,47.48,0.25,65.0,10.811249999998838,[23.92    47.48     0.25    65.      10.81125],[0.85906792 0.66305015 0.         0.         1.24090397],1
23.92,47.49,0.25,65.0,0.0017999999999967259,[2.392e+01 4.749e+01 2.500e-01 6.500e+01 1.800e-03],[ 0.85906792  0.66527238  0.          0.         -0.81375655],3
23.92,47.83,0.25,65.0,1.4269000000000527,[23.92   47.83    0.25   65.      1.4269],[ 0.85906792  0.74082832  0.          0.         -0.54287351],3
23.92,47.9,0.25,65.0,1.720133333333417,[23.92       47.9         0.25       65.          1.72013333],[ 0.85906792  0.75638396  0.          0.         -0.48713571],3
23.92,47.92,0.25,65.0,6.844999999999327,[23.92  47.92   0.25  65.     6.845],[0.85906792 0.76082842 0.         0.         0.48699907],3
23.92,49.46,0.25,65.0,13.05605000000007,[23.92    49.46     0.25    65.      13.05605],[0.85906792 1.10305239 0.         0.         1.66759561],1
23.92,49.6,0.25,65.0,0.2520499999999451,[23.92    49.6      0.25    65.       0.25205],[ 0.85906792  1.13416366  0.          0.         -0.76618903],3
23.92,50.16,0.25,65.0,17.940050000000735,[23.92    50.16     0.25    65.      17.94005],[0.85906792 1.25860874 0.         0.         2.59594645],1
23.92,50.17,0.25,65.0,5.4449999999994745,[23.92  50.17   0.25  65.     5.445],[0.85906792 1.26083097 0.         0.         0.22088704],3
23.92,50.19,0.25,65.0,4.778133333333751,[23.92       50.19        0.25       65.          4.77813333],[0.85906792 1.26527544 0.         0.         0.094129  ],3
23.92,50.34,0.25,65.0,7.068800000000393,[23.92   50.34    0.25   65.      7.0688],[0.85906792 1.29860894 0.         0.         0.52953898],3
23.93,39.46,0.25,65.0,18.180449999999837,[23.93    39.46     0.25    65.      18.18045],[ 0.88004087 -1.11918114  0.          0.          2.64164168],1
23.93,40.72,0.25,65.0,8.736200000000267,[23.93   40.72    0.25   65.      8.7362],[ 0.88004087 -0.83917972  0.          0.          0.84647841],1
23.93,40.77,0.25,65.0,0.018050000000010367,[2.393e+01 4.077e+01 2.500e-01 6.500e+01 1.805e-02],[ 0.88004087 -0.82806855  0.          0.         -0.81066775],3
23.93,40.81,0.25,65.0,9.59220000000023,[23.93   40.81    0.25   65.      9.5922],[ 0.88004087 -0.81917962  0.          0.          1.00918691],1
23.93,40.94,0.25,65.0,5.085033333333444,[23.93       40.94        0.25       65.          5.08503333],[ 0.88004087 -0.79029058  0.          0.          0.15246456],1
23.93,40.98,0.25,65.0,5.216450000000059,[23.93    40.98     0.25    65.       5.21645],[ 0.88004087 -0.78140165  0.          0.          0.17744425],1
23.93,41.15,0.25,65.0,4.774049999999396,[23.93    41.15     0.25    65.       4.77405],[ 0.88004087 -0.74362368  0.          0.          0.09335284],1
23.93,41.28,0.25,65.0,0.7080500000000649,[23.93    41.28     0.25    65.       0.70805],[ 0.88004087 -0.71473464  0.          0.         -0.67951254],3
23.93,42.42,0.25,65.0,0.40500000000008185,[23.93  42.42   0.25  65.     0.405],[ 0.88004087 -0.46140002  0.          0.         -0.73711629],3
23.93,42.52,0.25,65.0,15.792200000000026,[23.93   42.52    0.25   65.     15.7922],[ 0.88004087 -0.43917768  0.          0.          2.18768307],1
23.93,42.63,0.25,65.0,11.625033333333441,[23.93       42.63        0.25       65.         11.62503333],[ 0.88004087 -0.41473311  0.          0.          1.39558792],1
23.93,42.66,0.25,65.0,0.33619999999985456,[23.93   42.66    0.25   65.      0.3362],[ 0.88004087 -0.40806641  0.          0.         -0.75019379],3
23.93,42.68,0.25,65.0,0.125,[23.93  42.68   0.25  65.     0.125],[ 0.88004087 -0.40362195  0.          0.         -0.79033869],3
23.93,43.29,0.25,65.0,9.950633333333087,[23.93       43.29        0.25       65.          9.95063333],[ 0.88004087 -0.2680657   0.          0.          1.07731793],1
23.93,43.36,0.25,65.0,6.661250000000332,[23.93    43.36     0.25    65.       6.66125],[ 0.88004087 -0.25251007  0.          0.          0.45207187],1
23.93,43.69,0.25,65.0,1.7672000000002053,[23.93   43.69    0.25   65.      1.7672],[ 0.88004087 -0.17917636  0.          0.         -0.47818928],3
23.93,44.15,0.25,65.0,10.998050000000257,[23.93    44.15     0.25    65.      10.99805],[ 0.88004087 -0.07695362  0.          0.          1.27641092],1
23.93,44.33,0.25,65.0,7.4884499999995775,[23.93    44.33     0.25    65.       7.48845],[ 0.88004087 -0.03695341  0.          0.          0.60930606],1
23.93,44.64,0.25,65.0,11.162633333333915,[23.93       44.64        0.25       65.         11.16263333],[0.88004087 0.03193583 0.         0.         1.30769492],1
23.93,44.98,0.25,65.0,0.31204999999997124,[23.93    44.98     0.25    65.       0.31205],[ 0.88004087  0.10749177  0.          0.         -0.75478423],3
23.93,45.03,0.25,65.0,7.974300000000304,[23.93   45.03    0.25   65.      7.9743],[0.88004087 0.11860293 0.         0.         0.70165644],1
23.93,45.13,0.25,65.0,16.032166666666743,[23.93       45.13        0.25       65.         16.03216667],[0.88004087 0.14082527 0.         0.         2.23329594],1
23.93,45.14,0.25,65.0,14.951366666667338,[23.93       45.14        0.25       65.         14.95136667],[0.88004087 0.1430475  0.         0.         2.02785744],1
23.93,45.16,0.25,65.0,16.01779999999982,[23.93   45.16    0.25   65.     16.0178],[0.88004087 0.14749197 0.         0.         2.23056512],1
23.93,45.25,0.25,65.0,0.48020000000001783,[23.93   45.25    0.25   65.      0.4802],[ 0.88004087  0.16749207  0.          0.         -0.72282227],3
23.93,46.02,0.25,65.0,11.472049999999825,[23.93    46.02     0.25    65.      11.47205],[0.88004087 0.33860405 0.         0.         1.36650885],1
23.93,46.15,0.25,65.0,0.04204999999998945,[2.393e+01 4.615e+01 2.500e-01 6.500e+01 4.205e-02],[ 0.88004087  0.36749309  0.          0.         -0.80610583],3
23.93,46.81,0.25,65.0,4.898449999999274,[23.93    46.81     0.25    65.       4.89845],[0.88004087 0.5141605  0.         0.         0.1169988 ],3
23.93,47.85,0.25,65.0,0.30923333333326175,[23.93       47.85        0.25       65.          0.30923333],[ 0.88004087  0.74527279  0.          0.         -0.75531962],3
23.93,47.87,0.25,65.0,7.761800000000215,[23.93   47.87    0.25   65.      7.7618],[0.88004087 0.74971726 0.         0.         0.66126444],1
23.93,47.99,0.25,65.0,0.5169333333333416,[23.93       47.99        0.25       65.          0.51693333],[ 0.88004087  0.77638406  0.          0.         -0.71584   ],3
23.93,48.01,0.25,65.0,0.3120500000002407,[23.93    48.01     0.25    65.       0.31205],[ 0.88004087  0.78082853  0.          0.         -0.75478423],3
23.93,48.02,0.25,65.0,0.16223333333334744,[23.93       48.02        0.25       65.          0.16223333],[ 0.88004087  0.78305076  0.          0.         -0.78326138],3
23.93,48.25,0.25,65.0,0.3362000000001342,[23.93   48.25    0.25   65.      0.3362],[ 0.88004087  0.83416213  0.          0.         -0.75019379],3
23.93,48.95,0.25,65.0,0.039200000000024195,[2.393e+01 4.895e+01 2.500e-01 6.500e+01 3.920e-02],[ 0.88004087  0.98971848  0.          0.         -0.80664756],3
23.93,49.12,0.25,65.0,1.065799999999555,[23.93   49.12    0.25   65.      1.0658],[ 0.88004087  1.02749645  0.          0.         -0.61151141],3
23.93,49.13,0.25,65.0,0.530450000000089,[23.93    49.13     0.25    65.       0.53045],[ 0.88004087  1.02971868  0.          0.         -0.71327075],3
23.93,49.16,0.25,65.0,9.374449999999685,[23.93    49.16     0.25    65.       9.37445],[0.88004087 1.03638538 0.         0.         0.96779699],1
23.93,49.17,0.25,65.0,0.9522000000001506,[23.93   49.17    0.25   65.      0.9522],[ 0.88004087  1.03860762  0.          0.         -0.6331045 ],3
23.93,49.19,0.25,65.0,0.49453333333343497,[23.93       49.19        0.25       65.          0.49453333],[ 0.88004087  1.04305208  0.          0.         -0.72009779],3
23.93,49.29,0.25,65.0,2.479233333333519,[23.93       49.29        0.25       65.          2.47923333],[ 0.88004087  1.06527442  0.          0.         -0.34284596],3
23.93,49.55,0.25,65.0,0.6610333333334633,[23.93       49.55        0.25       65.          0.66103333],[ 0.88004087  1.12305249  0.          0.         -0.68844947],3
23.93,49.58,0.25,65.0,0.0071999999999869035,[2.393e+01 4.958e+01 2.500e-01 6.500e+01 7.200e-03],[ 0.88004087  1.12971919  0.          0.         -0.81273012],3
23.95,39.48,0.25,65.0,6.444050000000319,[23.95    39.48     0.25    65.       6.44405],[ 0.92198676 -1.11473668  0.          0.          0.41078648],1
23.95,39.52,0.25,65.0,2.5992000000000672,[23.95   39.52    0.25   65.      2.5992],[ 0.92198676 -1.10584774  0.          0.         -0.3200427 ],0
23.95,39.59,0.25,65.0,18.78845000000067,[23.95    39.59     0.25    65.      18.78845],[ 0.92198676 -1.09029211  0.          0.          2.75721034],1
23.95,39.61,0.25,65.0,9.915330000000253,[23.95    39.61     0.25    65.       9.91533],[ 0.92198676 -1.08584764  0.          0.          1.07060747],1
23.95,40.59,0.25,65.0,0.49004999999995275,[23.95    40.59     0.25    65.       0.49005],[ 0.92198676 -0.86806875  0.          0.         -0.72094998],3
23.95,40.75,0.25,65.0,19.971199999999598,[23.95   40.75    0.25   65.     19.9712],[ 0.92198676 -0.83251302  0.          0.          2.98202749],1
23.95,40.91,0.25,65.0,12.933299999999502,[23.95   40.91    0.25   65.     12.9333],[ 0.92198676 -0.79695728  0.          0.          1.64426328],1
23.95,41.15,0.25,65.0,0.7687999999998703,[23.95   41.15    0.25   65.      0.7688],[ 0.92198676 -0.74362368  0.          0.         -0.66796517],3
23.95,41.36,0.25,65.0,0.23805000000003765,[23.95    41.36     0.25    65.       0.23805],[ 0.92198676 -0.69695677  0.          0.         -0.76885015],3
23.95,42.03,0.25,65.0,1.6761000000001207,[23.95   42.03    0.25   65.      1.6761],[ 0.92198676 -0.54806713  0.          0.         -0.49550557],3
23.95,42.29,0.25,65.0,0.15124999999991245,[23.95    42.29     0.25    65.       0.15125],[ 0.92198676 -0.49028905  0.          0.         -0.78534909],3
23.95,42.35,0.25,65.0,0.004999999999990905,[2.395e+01 4.235e+01 2.500e-01 6.500e+01 5.000e-03],[ 0.92198676 -0.47695565  0.          0.         -0.8131483 ],3
23.95,42.4,0.25,65.0,0.8580500000000775,[23.95    42.4      0.25    65.       0.85805],[ 0.92198676 -0.46584449  0.          0.         -0.65100053],3
23.95,42.49,0.25,65.0,0.3612499999999227,[23.95    42.49     0.25    65.       0.36125],[ 0.92198676 -0.44584438  0.          0.         -0.74543229],3
23.95,42.62,0.25,65.0,2.6220499999999167,[23.95    42.62     0.25    65.       2.62205],[ 0.92198676 -0.41695535  0.          0.         -0.31569937],3
23.95,42.66,0.25,65.0,8.15109999999978,[23.95   42.66    0.25   65.      8.1511],[ 0.92198676 -0.40806641  0.          0.          0.73526259],1
23.95,42.68,0.25,65.0,5.28125,[23.95    42.68     0.25    65.       5.28125],[ 0.92198676 -0.40362195  0.          0.          0.18976143],1
23.95,43.07,0.25,65.0,7.144199999999467,[23.95   43.07    0.25   65.      7.1442],[ 0.92198676 -0.31695484  0.          0.          0.54387101],1
23.95,43.64,0.25,65.0,0.006050000000014006,[2.395e+01 4.364e+01 2.500e-01 6.500e+01 6.050e-03],[ 0.92198676 -0.19028753  0.          0.         -0.81294871],3
23.95,43.8,0.25,65.0,1.411199999999725,[23.95   43.8     0.25   65.      1.4112],[ 0.92198676 -0.15473179  0.          0.         -0.54585777],3
23.95,44.11,0.25,65.0,7.566050000000831,[23.95    44.11     0.25    65.       7.56605],[ 0.92198676 -0.08584255  0.          0.          0.62405627],1
23.95,44.39,0.25,65.0,16.24499999999961,[23.95  44.39   0.25  65.    16.245],[ 0.92198676 -0.02362001  0.          0.          2.2737513 ],1
23.95,44.55,0.25,65.0,1.1766999999997474,[23.95   44.55    0.25   65.      1.1767],[ 0.92198676  0.01193572  0.          0.         -0.59043153],3
23.95,44.59,0.25,65.0,0.39604999999998786,[23.95    44.59     0.25    65.       0.39605],[ 0.92198676  0.02082466  0.          0.         -0.7388175 ],3
23.95,44.61,0.25,65.0,15.456799999999697,[23.95   44.61    0.25   65.     15.4568],[0.92198676 0.02526913 0.         0.         2.12393023],1
23.95,44.66,0.25,65.0,6.925900000000362,[23.95   44.66    0.25   65.      6.9259],[0.92198676 0.03638029 0.         0.         0.50237654],1
23.95,44.67,0.25,65.0,7.055291666667436,[23.95       44.67        0.25       65.          7.05529167],[0.92198676 0.03860253 0.         0.         0.52697132],1
23.95,45.01,0.25,65.0,0.14579999999998036,[23.95   45.01    0.25   65.      0.1458],[ 0.92198676  0.11415847  0.          0.         -0.78638503],3
23.95,45.05,0.25,65.0,18.33343333333263,[23.95       45.05        0.25       65.         18.33343333],[0.92198676 0.1230474  0.         0.         2.67072076],1
23.95,45.06,0.25,65.0,3.313069999999999,[23.95    45.06     0.25    65.       3.31307],[ 0.92198676  0.12526963  0.          0.         -0.18435027],3
23.95,45.09,0.25,65.0,13.31279999999925,[23.95   45.09    0.25   65.     13.3128],[0.92198676 0.13193634 0.         0.         1.71639865],1
23.95,45.18,0.25,65.0,0.6049999999999,[23.95  45.18   0.25  65.     0.605],[ 0.92198676  0.15193644  0.          0.         -0.69910028],3
23.95,45.3,0.25,65.0,0.0001999999999996362,[2.395e+01 4.530e+01 2.500e-01 6.500e+01 2.000e-04],[ 0.92198676  0.17860324  0.          0.         -0.81406068],3
23.95,46.2,0.25,65.0,9.451633333332692,[23.95       46.2         0.25       65.          9.45163333],[0.92198676 0.37860426 0.         0.         0.982468  ],1
23.95,46.4,0.25,65.0,0.7199999999997817,[23.95 46.4   0.25 65.    0.72],[ 0.92198676  0.42304893  0.          0.         -0.67724108],3
23.95,47.92,0.25,65.0,1.065799999999887,[23.95   47.92    0.25   65.      1.0658],[ 0.92198676  0.76082842  0.          0.         -0.61151141],3
23.95,47.99,0.25,65.0,0.10563333333336268,[23.95       47.99        0.25       65.          0.10563333],[ 0.92198676  0.77638406  0.          0.         -0.79401991],3
23.95,48.88,0.25,65.0,0.22445000000004875,[23.95    48.88     0.25    65.       0.22445],[ 0.92198676  0.97416284  0.          0.         -0.77143524],3
23.95,49.1,0.25,65.0,5.042691666666446,[23.95       49.1         0.25       65.          5.04269167],[0.92198676 1.02305198 0.         0.         0.14441626],3
23.95,49.22,0.25,65.0,0.13004999999993738,[23.95    49.22     0.25    65.       0.13005],[ 0.92198676  1.04971878  0.          0.         -0.78937879],3
23.95,49.24,0.25,65.0,1.6527000000000485,[23.95   49.24    0.25   65.      1.6527],[ 0.92198676  1.05416325  0.          0.         -0.49995344],3
23.95,49.27,0.25,65.0,1.0224500000002537,[23.95    49.27     0.25    65.       1.02245],[ 0.92198676  1.06082995  0.          0.         -0.61975138],3
23.95,49.3,0.25,65.0,3.4848000000005643,[23.95   49.3     0.25   65.      3.4848],[ 0.92198676  1.06749665  0.          0.         -0.15170783],3
23.95,49.45,0.25,65.0,1.411199999999725,[23.95   49.45    0.25   65.      1.4112],[ 0.92198676  1.10083016  0.          0.         -0.54585777],3
23.95,49.51,0.25,65.0,0.8320499999999531,[23.95    49.51     0.25    65.       0.83205],[ 0.92198676  1.11416356  0.          0.         -0.65594261],3
23.95,50.09,0.25,65.0,0.696199999999941,[23.95   50.09    0.25   65.      0.6962],[ 0.92198676  1.2430531   0.          0.         -0.68176498],3
23.95,50.13,0.25,65.0,0.6947666666667093,[23.95       50.13        0.25       65.          0.69476667],[ 0.92198676  1.25194204  0.          0.         -0.68203743],3
23.95,50.22,0.25,65.0,0.3200000000000546,[23.95 50.22  0.25 65.    0.32],[ 0.92198676  1.27194214  0.          0.         -0.75327309],3
23.95,50.27,0.25,65.0,1.2012500000001056,[23.95    50.27     0.25    65.       1.20125],[ 0.92198676  1.28305331  0.          0.         -0.58576507],3
23.95,50.53,0.25,65.0,19.844999999998997,[23.95  50.53   0.25  65.    19.845],[0.92198676 1.34083138 0.         0.         2.95803939],1
23.96,39.43,0.25,65.0,7.501033333333432,[23.96       39.43        0.25       65.          7.50103333],[ 0.94295971 -1.12584784  0.          0.          0.6116979 ],1
23.96,39.51,0.25,65.0,3.0504500000000676,[23.96    39.51     0.25    65.       3.05045],[ 0.94295971 -1.10806998  0.          0.         -0.23426909],0
23.96,39.56,0.25,65.0,8.652799999999631,[23.96   39.56    0.25   65.      8.6528],[ 0.94295971 -1.09695881  0.          0.          0.83062574],1
23.96,39.61,0.25,65.0,0.23804999999999843,[23.96    39.61     0.25    65.       0.23805],[ 0.94295971 -1.08584764  0.          0.         -0.76885015],0
23.96,39.9,0.25,65.0,0.0018000000000001363,[2.396e+01 3.990e+01 2.500e-01 6.500e+01 1.800e-03],[ 0.94295971 -1.02140287  0.          0.         -0.81375655],3
23.96,40.28,0.25,65.0,1.729800000000131,[23.96   40.28    0.25   65.      1.7298],[ 0.94295971 -0.93695799  0.          0.         -0.48529827],3
23.96,40.62,0.25,65.0,0.08405000000001026,[23.96    40.62     0.25    65.       0.08405],[ 0.94295971 -0.86140205  0.          0.         -0.79812247],3
23.96,40.89,0.25,65.0,0.7938000000001317,[23.96   40.89    0.25   65.      0.7938],[ 0.94295971 -0.80140175  0.          0.         -0.66321317],3
23.96,40.93,0.25,65.0,6.679499999999874,[23.96   40.93    0.25   65.      6.6795],[ 0.94295971 -0.79251281  0.          0.          0.45554083],1
23.96,41.16,0.25,65.0,0.13519999999999055,[23.96   41.16    0.25   65.      0.1352],[ 0.94295971 -0.74140144  0.          0.         -0.78839988],3
23.96,41.52,0.25,65.0,1.7484500000004337,[23.96    41.52     0.25    65.       1.74845],[ 0.94295971 -0.66140104  0.          0.         -0.48175328],3
23.96,42.3,0.25,65.0,2.1217999999998876,[23.96   42.3     0.25   65.      2.1218],[ 0.94295971 -0.48806682  0.          0.         -0.4107869 ],3
23.96,42.36,0.25,65.0,3.3281999999998124,[23.96   42.36    0.25   65.      3.3282],[ 0.94295971 -0.47473342  0.          0.         -0.18147436],3
23.96,42.42,0.25,65.0,1.185799999999944,[23.96   42.42    0.25   65.      1.1858],[ 0.94295971 -0.46140002  0.          0.         -0.5887018 ],3
23.96,42.46,0.25,65.0,11.044999999999146,[23.96  42.46   0.25  65.    11.045],[ 0.94295971 -0.45251108  0.          0.          1.28533517],1
23.96,42.61,0.25,65.0,19.656449999999886,[23.96    42.61     0.25    65.      19.65645],[ 0.94295971 -0.41917758  0.          0.          2.9221998 ],1
23.96,43.16,0.25,65.0,8.282449999999278,[23.96    43.16     0.25    65.       8.28245],[ 0.94295971 -0.29695474  0.          0.          0.7602296 ],1
23.96,43.63,0.25,65.0,0.6844500000000852,[23.96    43.63     0.25    65.       0.68445],[ 0.94295971 -0.19250976  0.          0.         -0.68399842],3
23.96,43.83,0.25,65.0,0.001249999999992042,[2.396e+01 4.383e+01 2.500e-01 6.500e+01 1.250e-03],[ 0.94295971 -0.14806509  0.          0.         -0.8138611 ],3
23.96,44.09,0.25,65.0,0.8064499999999769,[23.96    44.09     0.25    65.       0.80645],[ 0.94295971 -0.09028702  0.          0.         -0.66080866],3
23.96,44.47,0.25,65.0,5.544449999999758,[23.96    44.47     0.25    65.       5.54445],[ 0.94295971 -0.00584214  0.          0.          0.23979049],3
23.96,44.62,0.25,65.0,8.988799999999557,[23.96   44.62    0.25   65.      8.9888],[0.94295971 0.02749136 0.         0.         0.89449263],1
23.96,44.64,0.25,65.0,1.2824333333333586,[23.96       44.64        0.25       65.          1.28243333],[ 0.94295971  0.03193583  0.          0.         -0.57033374],3
23.96,44.65,0.25,65.0,11.328799999999415,[23.96   44.65    0.25   65.     11.3288],[0.94295971 0.03415806 0.         0.         1.33927988],1
23.96,44.7,0.25,65.0,0.897800000000195,[23.96   44.7     0.25   65.      0.8978],[ 0.94295971  0.04526923  0.          0.         -0.64344485],3
23.96,45.0,0.25,65.0,0.004050000000013097,[2.396e+01 4.500e+01 2.500e-01 6.500e+01 4.050e-03],[ 0.94295971  0.11193623  0.          0.         -0.81332887],3
23.96,45.03,0.25,65.0,9.53173333333353,[23.96       45.03        0.25       65.          9.53173333],[0.94295971 0.11860293 0.         0.         0.99769341],1
23.96,45.08,0.25,65.0,4.5,[23.96 45.08  0.25 65.    4.5 ],[0.94295971 0.1297141  0.         0.         0.04126141],3
23.96,45.27,0.25,65.0,13.728800000000643,[23.96   45.27    0.25   65.     13.7288],[0.94295971 0.17193654 0.         0.         1.79547194],1
23.96,45.3,0.25,65.0,17.05280000000085,[23.96   45.3     0.25   65.     17.0528],[0.94295971 0.17860324 0.         0.         2.42729794],1
23.96,45.94,0.25,65.0,0.18604999999986963,[23.96    45.94     0.25    65.       0.18605],[ 0.94295971  0.32082619  0.          0.         -0.77873431],3
23.96,46.17,0.25,65.0,3.125,[23.96  46.17   0.25  65.     3.125],[ 0.94295971  0.37193756  0.          0.         -0.22009862],3
23.96,48.88,0.25,65.0,1.051249999999901,[23.96    48.88     0.25    65.       1.05125],[ 0.94295971  0.97416284  0.          0.         -0.61427707],3
23.96,49.06,0.25,65.0,0.8981999999998416,[23.96   49.06    0.25   65.      0.8982],[ 0.94295971  1.01416305  0.          0.         -0.64336882],3
23.96,49.11,0.25,65.0,4.530049999999631,[23.96    49.11     0.25    65.       4.53005],[0.94295971 1.02527422 0.         0.         0.04697332],3
23.96,49.22,0.25,65.0,0.5617999999999421,[23.96   49.22    0.25   65.      0.5618],[ 0.94295971  1.04971878  0.          0.         -0.70731174],3
23.96,49.24,0.25,65.0,2.599200000000197,[23.96   49.24    0.25   65.      2.5992],[ 0.94295971  1.05416325  0.          0.         -0.3200427 ],3
23.96,49.27,0.25,65.0,11.907200000000532,[23.96   49.27    0.25   65.     11.9072],[0.94295971 1.06082995 0.         0.         1.44922217],1
23.96,49.41,0.25,65.0,1.7190299999999863,[23.96    49.41     0.25    65.       1.71903],[ 0.94295971  1.09194122  0.          0.         -0.48734543],3
23.96,49.43,0.25,65.0,0.4608000000000349,[23.96   49.43    0.25   65.      0.4608],[ 0.94295971  1.09638569  0.          0.         -0.72650982],3
23.96,50.2,0.25,65.0,0.16245000000002852,[23.96    50.2      0.25    65.       0.16245],[ 0.94295971  1.26749767  0.          0.         -0.7832202 ],3
23.96,50.23,0.25,65.0,6.62773333333277,[23.96       50.23        0.25       65.          6.62773333],[0.94295971 1.27416437 0.         0.         0.44570102],3
23.96,50.29,0.25,65.0,0.2888000000000795,[23.96   50.29    0.25   65.      0.2888],[ 0.94295971  1.28749777  0.          0.         -0.75920359],3
23.96,50.4,0.25,65.0,0.0924499999999296,[23.96    50.4      0.25    65.       0.09245],[ 0.94295971  1.31194234  0.          0.         -0.7965258 ],3
23.97,39.45,0.25,65.0,0.5408000000000213,[23.97   39.45    0.25   65.      0.5408],[ 0.96393266 -1.12140338  0.          0.         -0.71130342],0
23.97,39.54,0.25,65.0,0.19845000000003293,[23.97    39.54     0.25    65.       0.19845],[ 0.96393266 -1.10140328  0.          0.         -0.77637732],0
23.97,40.61,0.25,65.0,1.3722333333332672,[23.97       40.61        0.25       65.          1.37223333],[ 0.96393266 -0.86362429  0.          0.         -0.55326455],3
23.97,40.63,0.25,65.0,3.175199999999954,[23.97   40.63    0.25   65.      3.1752],[ 0.96393266 -0.85917982  0.          0.         -0.2105566 ],3
23.97,40.88,0.25,65.0,2.972233333333471,[23.97       40.88        0.25       65.          2.97223333],[ 0.96393266 -0.80362398  0.          0.         -0.24913651],3
23.97,40.94,0.25,65.0,0.6497999999999845,[23.97   40.94    0.25   65.      0.6498],[ 0.96393266 -0.79029058  0.          0.         -0.6905847 ],3
23.97,41.0,0.25,65.0,0.510049999999876,[23.97    41.       0.25    65.       0.51005],[ 0.96393266 -0.77695718  0.          0.         -0.71714838],3
23.97,41.02,0.25,65.0,1.0224500000002537,[23.97    41.02     0.25    65.       1.02245],[ 0.96393266 -0.77251271  0.          0.         -0.61975138],3
23.97,41.05,0.25,65.0,2.0,[23.97 41.05  0.25 65.    2.  ],[ 0.96393266 -0.76584601  0.          0.         -0.43393865],3
23.97,41.37,0.25,65.0,0.03763333333331016,"[2.39700000e+01 4.13700000e+01 2.50000000e-01 6.50000000e+01
 3.76333333e-02]",[ 0.96393266 -0.69473454  0.          0.         -0.80694535],3
23.97,41.5,0.25,65.0,0.0071999999999869035,[2.397e+01 4.150e+01 2.500e-01 6.500e+01 7.200e-03],[ 0.96393266 -0.6658455   0.          0.         -0.81273012],3
23.97,42.31,0.25,65.0,16.820000000000395,[23.97 42.31  0.25 65.   16.82],[ 0.96393266 -0.48584459  0.          0.          2.38304731],1
23.97,42.39,0.25,65.0,17.582450000001053,[23.97    42.39     0.25    65.      17.58245],[ 0.96393266 -0.46806672  0.          0.          2.52797383],1
23.97,43.84,0.25,65.0,0.0007999999999985448,[2.397e+01 4.384e+01 2.500e-01 6.500e+01 8.000e-04],[ 0.96393266 -0.14584286  0.          0.         -0.81394663],3
23.97,44.04,0.25,65.0,6.931633333333055,[23.97       44.04        0.25       65.          6.93163333],[ 0.96393266 -0.10139819  0.          0.          0.50346634],1
23.97,44.06,0.25,65.0,2.142449999999633,[23.97    44.06     0.25    65.       2.14245],[ 0.96393266 -0.09695372  0.          0.         -0.40686175],3
23.97,44.34,0.25,65.0,0.0001999999999996362,[2.397e+01 4.434e+01 2.500e-01 6.500e+01 2.000e-04],[ 0.96393266 -0.03473118  0.          0.         -0.81406068],3
23.97,44.41,0.25,65.0,1.4620500000000622,[23.97    44.41     0.25    65.       1.46205],[ 0.96393266 -0.01917555  0.          0.         -0.5361922 ],3
23.97,44.65,0.25,65.0,8.300033333333474,[23.97       44.65        0.25       65.          8.30003333],[0.96393266 0.03415806 0.         0.         0.76357184],1
23.97,44.66,0.25,65.0,1.306633333333237,[23.97       44.66        0.25       65.          1.30663333],[ 0.96393266  0.03638029  0.          0.         -0.5657338 ],3
23.97,44.71,0.25,65.0,0.6727999999999631,[23.97   44.71    0.25   65.      0.6728],[ 0.96393266  0.04749146  0.          0.         -0.68621286],3
23.97,44.91,0.25,65.0,1.548799999999784,[23.97   44.91    0.25   65.      1.5488],[ 0.96393266  0.09193613  0.          0.         -0.51970276],3
23.97,44.99,0.25,65.0,14.796800000000298,[23.97   44.99    0.25   65.     14.7968],[0.96393266 0.109714   0.         0.         1.99847741],1
23.97,45.02,0.25,65.0,9.116449999999922,[23.97    45.02     0.25    65.       9.11645],[0.96393266 0.1163807  0.         0.         0.91875634],1
23.97,45.25,0.25,65.0,18.123099999999337,[23.97   45.25    0.25   65.     18.1231],[0.96393266 0.16749207 0.         0.         2.63074059],1
23.97,45.36,0.25,65.0,2.4864500000000405,[23.97    45.36     0.25    65.       2.48645],[ 0.96393266  0.19193664  0.          0.         -0.34147422],3
23.97,45.77,0.25,65.0,0.10125000000007162,[23.97    45.77     0.25    65.       0.10125],[ 0.96393266  0.28304822  0.          0.         -0.7948531 ],3
23.97,48.21,0.25,65.0,0.3042000000000674,[23.97   48.21    0.25   65.      0.3042],[ 0.96393266  0.8252732   0.          0.         -0.75627635],3
23.97,48.23,0.25,65.0,9.461249999999604,[23.97    48.23     0.25    65.       9.46125],[0.96393266 0.82971766 0.         0.         0.98429593],1
23.97,48.26,0.25,65.0,1.0658000000000531,[23.97   48.26    0.25   65.      1.0658],[ 0.96393266  0.83638437  0.          0.         -0.61151141],3
23.97,49.13,0.25,65.0,1.8321333333332306,[23.97       49.13        0.25       65.          1.83213333],[ 0.96393266  1.02971868  0.          0.         -0.46584675],3
23.97,49.15,0.25,65.0,0.5100500000001056,[23.97    49.15     0.25    65.       0.51005],[ 0.96393266  1.03416315  0.          0.         -0.71714838],3
23.97,49.39,0.25,65.0,1.7394333333334648,[23.97       49.39        0.25       65.          1.73943333],[ 0.96393266  1.08749675  0.          0.         -0.48346717],3
23.97,49.41,0.25,65.0,6.661250000000332,[23.97    49.41     0.25    65.       6.66125],[0.96393266 1.09194122 0.         0.         0.45207187],3
23.97,50.09,0.25,65.0,1.328450000000178,[23.97    50.09     0.25    65.       1.32845],[ 0.96393266  1.2430531   0.          0.         -0.56158689],3
23.97,50.11,0.25,65.0,0.6160500000001413,[23.97    50.11     0.25    65.       0.61605],[ 0.96393266  1.24749757  0.          0.         -0.6969999 ],3
23.97,52.1,0.25,65.0,1.3731999999999442,[23.97   52.1     0.25   65.      1.3732],[ 0.96393266  1.68972204  0.          0.         -0.55308081],3
23.99,39.63,0.25,65.0,2.3732333333332183,[23.99       39.63        0.25       65.          2.37323333],[ 1.00587856 -1.08140317  0.          0.         -0.36299445],0
23.99,40.76,0.25,65.0,2.2684500000002323,[23.99    40.76     0.25    65.       2.26845],[ 1.00587856 -0.83029078  0.          0.         -0.38291167],3
23.99,40.78,0.25,65.0,0.05780000000003015,[2.399e+01 4.078e+01 2.500e-01 6.500e+01 5.780e-02],[ 1.00587856 -0.82584632  0.          0.         -0.80311207],3
23.99,40.96,0.25,65.0,0.10124999999991814,[23.99    40.96     0.25    65.       0.10125],[ 1.00587856 -0.78584611  0.          0.         -0.7948531 ],3
23.99,40.97,0.25,65.0,0.22503333333339332,[23.99       40.97        0.25       65.          0.22503333],[ 1.00587856 -0.78362388  0.          0.         -0.77132436],3
23.99,41.01,0.25,65.0,1.4111999999999159,[23.99   41.01    0.25   65.      1.4112],[ 1.00587856 -0.77473495  0.          0.         -0.54585777],3
23.99,41.48,0.25,65.0,0.34445000000003395,[23.99    41.48     0.25    65.       0.34445],[ 1.00587856 -0.67028997  0.          0.         -0.74862563],3
23.99,42.26,0.25,65.0,3.406050000000332,[23.99    42.26     0.25    65.       3.40605],[ 1.00587856 -0.49695575  0.          0.         -0.16667663],3
23.99,43.42,0.25,65.0,0.06124999999996817,[2.399e+01 4.342e+01 2.500e-01 6.500e+01 6.125e-02],[ 1.00587856 -0.23917666  0.          0.         -0.8024563 ],3
23.99,43.6,0.25,65.0,0.530450000000089,[23.99    43.6      0.25    65.       0.53045],[ 1.00587856 -0.19917646  0.          0.         -0.71327075],3
23.99,43.8,0.25,65.0,13.992049999999807,[23.99    43.8      0.25    65.      13.99205],[ 1.00587856 -0.15473179  0.          0.          1.84551051],1
23.99,44.26,0.25,65.0,0.06124999999996817,[2.399e+01 4.426e+01 2.500e-01 6.500e+01 6.125e-02],[ 1.00587856 -0.05250905  0.          0.         -0.8024563 ],3
23.99,44.35,0.25,65.0,0.08820000000003056,[23.99   44.35    0.25   65.      0.0882],[ 1.00587856 -0.03250895  0.          0.         -0.79733364],3
23.99,44.62,0.25,65.0,5.611249999999695,[23.99    44.62     0.25    65.       5.61125],[1.00587856 0.02749136 0.         0.         0.25248784],1
23.99,44.66,0.25,65.0,4.515233333333122,[23.99       44.66        0.25       65.          4.51523333],[1.00587856 0.03638029 0.         0.         0.04415697],3
23.99,45.3,0.25,65.0,3.196491666667052,[23.99       45.3         0.25       65.          3.19649167],[ 1.00587856  0.17860324  0.          0.         -0.20650948],3
23.99,45.37,0.25,65.0,1.3944500000001214,[23.99    45.37     0.25    65.       1.39445],[ 1.00587856  0.19415887  0.          0.         -0.54904161],3
23.99,45.52,0.25,65.0,7.258049999999792,[23.99    45.52     0.25    65.       7.25805],[1.00587856 0.22749238 0.         0.         0.56551162],1
23.99,45.53,0.25,65.0,1.0368000000000785,[23.99   45.53    0.25   65.      1.0368],[ 1.00587856  0.22971461  0.          0.         -0.61702373],3
23.99,45.75,0.25,65.0,2.928200000000176,[23.99   45.75    0.25   65.      2.9282],[ 1.00587856  0.27860375  0.          0.         -0.25750637],3
23.99,45.9,0.25,65.0,0.018050000000010367,[2.399e+01 4.590e+01 2.500e-01 6.500e+01 1.805e-02],[ 1.00587856  0.31193725  0.          0.         -0.81066775],3
23.99,46.2,0.25,65.0,15.512450000000278,[23.99    46.2      0.25    65.      15.51245],[1.00587856 0.37860426 0.         0.         2.13450818],1
23.99,46.23,0.25,65.0,0.018050000000010367,[2.399e+01 4.623e+01 2.500e-01 6.500e+01 1.805e-02],[ 1.00587856  0.38527096  0.          0.         -0.81066775],3
23.99,46.37,0.25,65.0,0.01999999999996362,[2.399e+01 4.637e+01 2.500e-01 6.500e+01 2.000e-02],[ 1.00587856  0.41638223  0.          0.         -0.8102971 ],3
23.99,48.28,0.25,65.0,0.296449999999986,[23.99    48.28     0.25    65.       0.29645],[ 1.00587856  0.84082883  0.          0.         -0.75774947],3
23.99,48.37,0.25,65.0,0.8320499999999531,[23.99    48.37     0.25    65.       0.83205],[ 1.00587856  0.86082893  0.          0.         -0.65594261],3
23.99,50.22,0.25,65.0,0.1922000000000028,[23.99   50.22    0.25   65.      0.1922],[ 1.00587856  1.27194214  0.          0.         -0.77756532],3
23.99,50.27,0.25,65.0,0.020033333333329673,"[2.39900000e+01 5.02700000e+01 2.50000000e-01 6.50000000e+01
 2.00333333e-02]",[ 1.00587856  1.28305331  0.          0.         -0.81029076],3
23.99,52.04,0.25,65.0,1.7112500000000421,[23.99    52.04     0.25    65.       1.71125],[ 1.00587856  1.67638864  0.          0.         -0.48882426],3
24.0,39.72,0.25,65.0,1.2324499999999001,[24.      39.72     0.25    65.       1.23245],[ 1.02685151 -1.06140307  0.          0.         -0.57983457],3
24.0,39.75,0.25,65.0,17.52320000000043,[24.     39.75    0.25   65.     17.5232],[ 1.02685151 -1.05473637  0.          0.          2.51671159],1
24.0,40.88,0.25,65.0,1.248199999999885,[24.     40.88    0.25   65.      1.2482],[ 1.02685151 -0.80362398  0.          0.         -0.57684081],3
24.0,40.99,0.25,65.0,1.883424999999649,[24.       40.99      0.25     65.        1.883425],[ 1.02685151 -0.77917941  0.          0.         -0.45609723],3
24.0,41.4,0.25,65.0,0.08163333333331445,[24.         41.4         0.25       65.          0.08163333],[ 1.02685151 -0.68806784  0.          0.         -0.79858183],3
24.0,42.13,0.25,65.0,0.20479999999991852,[24.     42.13    0.25   65.      0.2048],[ 1.02685151 -0.52584479  0.          0.         -0.77517031],3
24.0,42.23,0.25,65.0,2.832700000000262,[24.     42.23    0.25   65.      2.8327],[ 1.02685151 -0.50362246  0.          0.         -0.27565901],3
24.0,42.29,0.25,65.0,0.20479999999999127,[24.     42.29    0.25   65.      0.2048],[ 1.02685151 -0.49028905  0.          0.         -0.77517031],3
24.0,42.31,0.25,65.0,0.11044999999995939,[24.      42.31     0.25    65.       0.11045],[ 1.02685151 -0.48584459  0.          0.         -0.79310436],3
24.0,43.19,0.25,65.0,2.334425000000205,[24.       43.19      0.25     65.        2.334425],[ 1.02685151 -0.29028804  0.          0.         -0.37037114],3
24.0,43.23,0.25,65.0,0.5617999999999421,[24.     43.23    0.25   65.      0.5618],[ 1.02685151 -0.2813991   0.          0.         -0.70731174],3
24.0,43.32,0.25,65.0,0.3444500000002227,[24.      43.32     0.25    65.       0.34445],[ 1.02685151 -0.261399    0.          0.         -0.74862563],3
24.0,43.44,0.25,65.0,0.4704499999999162,[24.      43.44     0.25    65.       0.47045],[ 1.02685151 -0.2347322   0.          0.         -0.72467555],3
24.0,44.31,0.25,65.0,1.4620500000000622,[24.      44.31     0.25    65.       1.46205],[ 1.02685151 -0.04139788  0.          0.         -0.5361922 ],3
24.0,44.33,0.25,65.0,2.3400999999996523,[24.     44.33    0.25   65.      2.3401],[ 1.02685151 -0.03695341  0.          0.         -0.36929243],3
24.0,44.6,0.25,65.0,0.2380499999998023,[24.      44.6      0.25    65.       0.23805],[ 1.02685151  0.02304689  0.          0.         -0.76885015],3
24.0,44.63,0.25,65.0,0.5461700000000382,[24.      44.63     0.25    65.       0.54617],[ 1.02685151  0.02971359  0.          0.         -0.71028269],3
24.0,45.3,0.25,65.0,17.052799999998857,[24.     45.3     0.25   65.     17.0528],[1.02685151 0.17860324 0.         0.         2.42729794],1
24.0,45.43,0.25,65.0,0.5832000000000442,[24.     45.43    0.25   65.      0.5832],[ 1.02685151  0.20749228  0.          0.         -0.70324403],3
24.0,45.5,0.25,65.0,6.754799999999675,[24.     45.5     0.25   65.      6.7548],[1.02685151 0.22304791 0.         0.         0.46985385],1
24.0,45.51,0.25,65.0,6.055200000000063,[24.     45.51    0.25   65.      6.0552],[1.02685151 0.22527014 0.         0.         0.33687387],1
24.0,45.61,0.25,65.0,2.204999999999809,[24.    45.61   0.25  65.     2.205],[ 1.02685151  0.24749248  0.          0.         -0.39497224],3
24.0,45.64,0.25,65.0,7.210033333332994,[24.         45.64        0.25       65.          7.21003333],[1.02685151 0.25415918 0.         0.         0.55638462],1
24.0,45.7,0.25,65.0,0.20479999999991852,[24.     45.7     0.25   65.      0.2048],[ 1.02685151  0.26749258  0.          0.         -0.77517031],3
24.0,45.89,0.25,65.0,0.11044999999995939,[24.      45.89     0.25    65.       0.11045],[ 1.02685151  0.30971502  0.          0.         -0.79310436],3
24.0,46.0,0.25,65.0,11.178979999999434,[24.      46.       0.25    65.      11.17898],[1.02685151 0.33415959 0.         0.         1.31080209],1
24.0,46.03,0.25,65.0,11.76125000000011,[24.      46.03     0.25    65.      11.76125],[1.02685151 0.34082629 0.         0.         1.42147999],1
24.0,46.05,0.25,65.0,0.732050000000044,[24.      46.05     0.25    65.       0.73205],[ 1.02685151  0.34527075  0.          0.         -0.67495062],3
24.0,47.48,0.25,65.0,1.3447999999997913,[24.     47.48    0.25   65.      1.3448],[ 1.02685151  0.66305015  0.          0.         -0.55847908],3
24.0,47.56,0.25,65.0,0.21779999999997898,[24.     47.56    0.25   65.      0.2178],[ 1.02685151  0.68082802  0.          0.         -0.77269927],3
24.0,48.26,0.25,65.0,9.705033333334073,[24.         48.26        0.25       65.          9.70503333],[1.02685151 0.83638437 0.         0.         1.03063428],1
24.0,49.22,0.25,65.0,0.37845000000000395,[24.      49.22     0.25    65.       0.37845],[ 1.02685151  1.04971878  0.          0.         -0.74216291],3
24.0,50.07,0.25,65.0,0.3280499999999558,[24.      50.07     0.25    65.       0.32805],[ 1.02685151  1.23860863  0.          0.         -0.75174295],3
24.02,39.7,0.25,65.0,0.15703333333329572,[24.02       39.7         0.25       65.          0.15703333],[ 1.06879741 -1.06584754  0.          0.         -0.7842498 ],3
24.02,39.71,0.25,65.0,0.18000000000004776,[24.02 39.71  0.25 65.    0.18],[ 1.06879741 -1.06362531  0.          0.         -0.77988429],3
24.02,39.76,0.25,65.0,19.724020000000245,[24.02    39.76     0.25    65.      19.72402],[ 1.06879741 -1.05251414  0.          0.          2.93504351],1
24.02,39.79,0.25,65.0,1.3061333333332672,[24.02       39.79        0.25       65.          1.30613333],[ 1.06879741 -1.04584744  0.          0.         -0.56582884],3
24.02,40.17,0.25,65.0,3.836450000000422,[24.02    40.17     0.25    65.       3.83645],[ 1.06879741 -0.96140256  0.          0.         -0.08486619],1
24.02,40.9,0.25,65.0,0.8064499999999769,[24.02    40.9      0.25    65.       0.80645],[ 1.06879741 -0.79917952  0.          0.         -0.66080866],3
24.02,41.3,0.25,65.0,1.2168000000004469,[24.02   41.3     0.25   65.      1.2168],[ 1.06879741 -0.71029017  0.          0.         -0.58280932],3
24.02,41.34,0.25,65.0,0.09245000000007626,[24.02    41.34     0.25    65.       0.09245],[ 1.06879741 -0.70140124  0.          0.         -0.7965258 ],3
24.02,41.37,0.25,65.0,0.6844499999999522,[24.02    41.37     0.25    65.       0.68445],[ 1.06879741 -0.69473454  0.          0.         -0.68399842],3
24.02,41.56,0.25,65.0,4.2340499999999075,[24.02    41.56     0.25    65.       4.23405],[ 1.06879741 -0.6525121   0.          0.         -0.00929037],3
24.02,41.64,0.25,65.0,0.0007999999999985448,[2.402e+01 4.164e+01 2.500e-01 6.500e+01 8.000e-04],[ 1.06879741 -0.63473423  0.          0.         -0.81394663],3
24.02,41.75,0.25,65.0,0.4512500000001512,[24.02    41.75     0.25    65.       0.45125],[ 1.06879741 -0.61028966  0.          0.         -0.72832509],3
24.02,41.85,0.25,65.0,0.07219999999991188,[24.02   41.85    0.25   65.      0.0722],[ 1.06879741 -0.58806733  0.          0.         -0.80037492],3
24.02,41.96,0.25,65.0,18.24079999999978,[24.02   41.96    0.25   65.     18.2408],[ 1.06879741 -0.56362276  0.          0.          2.65311301],1
24.02,41.99,0.25,65.0,15.189033333333143,[24.02       41.99        0.25       65.         15.18903333],[ 1.06879741 -0.55695606  0.          0.          2.07303313],1
24.02,42.04,0.25,65.0,10.95120000000083,[24.02   42.04    0.25   65.     10.9512],[ 1.06879741 -0.54584489  0.          0.          1.26750567],1
24.02,42.26,0.25,65.0,0.9112500000000306,[24.02    42.26     0.25    65.       0.91125],[ 1.06879741 -0.49695575  0.          0.         -0.64088828],3
24.02,43.4,0.25,65.0,3.1000500000003055,[24.02    43.4      0.25    65.       3.10005],[ 1.06879741 -0.24362113  0.          0.         -0.22484112],3
24.02,43.46,0.25,65.0,0.16245000000002852,[24.02    43.46     0.25    65.       0.16245],[ 1.06879741 -0.23028773  0.          0.         -0.7832202 ],3
24.02,44.03,0.25,65.0,1.4620500000000622,[24.02    44.03     0.25    65.       1.46205],[ 1.06879741 -0.10362042  0.          0.         -0.5361922 ],3
24.02,44.18,0.25,65.0,2.761250000000588,[24.02    44.18     0.25    65.       2.76125],[ 1.06879741 -0.07028692  0.          0.         -0.28924023],3
24.02,44.29,0.25,65.0,19.656449999999886,[24.02    44.29     0.25    65.      19.65645],[ 1.06879741 -0.04584235  0.          0.          2.9221998 ],1
24.02,44.44,0.25,65.0,6.372450000000584,[24.02    44.44     0.25    65.       6.37245],[ 1.06879741 -0.01250884  0.          0.          0.39717675],1
24.02,44.5,0.25,65.0,0.19844999999999713,[24.02    44.5      0.25    65.       0.19845],"[ 1.06879741e+00  8.24556676e-04  0.00000000e+00  0.00000000e+00
 -7.76377317e-01]",3
24.02,45.49,0.25,65.0,6.552199999999605,[24.02   45.49    0.25   65.      6.5522],[1.06879741 0.22082568 0.         0.         0.43134364],1
24.02,45.5,0.25,65.0,14.694100000000578,[24.02   45.5     0.25   65.     14.6941],[1.06879741 0.22304791 0.         0.         1.97895619],1
24.02,45.62,0.25,65.0,2.8084500000000108,[24.02    45.62     0.25    65.       2.80845],[ 1.06879741  0.24971471  0.          0.         -0.28026845],3
24.02,45.71,0.25,65.0,0.125,[24.02  45.71   0.25  65.     0.125],[ 1.06879741  0.26971481  0.          0.         -0.79033869],3
24.02,45.74,0.25,65.0,0.4897333333334229,[24.02       45.74        0.25       65.          0.48973333],[ 1.06879741  0.27638151  0.          0.         -0.72101017],3
24.02,45.83,0.25,65.0,0.24499999999987268,[24.02  45.83   0.25  65.     0.245],[ 1.06879741  0.29638162  0.          0.         -0.76752909],3
24.02,45.88,0.25,65.0,0.36979999999981616,[24.02   45.88    0.25   65.      0.3698],[ 1.06879741  0.30749278  0.          0.         -0.7438071 ],3
24.02,46.11,0.25,65.0,0.1404500000000458,[24.02    46.11     0.25    65.       0.14045],[ 1.06879741  0.35860416  0.          0.         -0.78740196],3
24.02,46.13,0.25,65.0,0.0024500000000035015,[2.402e+01 4.613e+01 2.500e-01 6.500e+01 2.450e-03],[ 1.06879741  0.36304862  0.          0.         -0.813633  ],3
24.02,47.84,0.25,65.0,0.13519999999999055,[24.02   47.84    0.25   65.      0.1352],[ 1.06879741  0.74305056  0.          0.         -0.78839988],3
24.02,48.21,0.25,65.0,3.9891000000000014,[24.02   48.21    0.25   65.      3.9891],[ 1.06879741  0.8252732   0.          0.         -0.05585047],3
24.02,48.29,0.25,65.0,1.960200000000036,[24.02   48.29    0.25   65.      1.9602],[ 1.06879741  0.84305107  0.          0.         -0.44150383],3
24.02,48.3,0.25,65.0,3.8920499999998985,[24.02    48.3      0.25    65.       3.89205],[ 1.06879741  0.8452733   0.          0.         -0.07429774],3
24.02,48.4,0.25,65.0,0.005000000000025011,[2.402e+01 4.840e+01 2.500e-01 6.500e+01 5.000e-03],[ 1.06879741  0.86749563  0.          0.         -0.8131483 ],3
24.02,50.19,0.25,65.0,1.0804500000002073,[24.02    50.19     0.25    65.       1.08045],[ 1.06879741  1.26527544  0.          0.         -0.60872674],3
24.02,50.2,0.25,65.0,11.520000000000328,[24.02 50.2   0.25 65.   11.52],[1.06879741 1.26749767 0.         0.         1.37562318],1
24.02,50.26,0.25,65.0,1.9800500000002443,[24.02    50.26     0.25    65.       1.98005],[ 1.06879741  1.28083107  0.          0.         -0.43773074],3
24.02,50.51,0.25,65.0,5.882449999999438,[24.02    50.51     0.25    65.       5.88245],[1.06879741 1.33638691 0.         0.         0.30403754],3
24.02,50.56,0.25,65.0,4.061249999999741,[24.02    50.56     0.25    65.       4.06125],[ 1.06879741  1.34749808  0.          0.         -0.0421362 ],3
24.02,50.64,0.25,65.0,2.163200000000558,[24.02   50.64    0.25   65.      2.1632],[ 1.06879741  1.36527595  0.          0.         -0.40291759],3
24.02,50.73,0.25,65.0,3.125,[24.02  50.73   0.25  65.     3.125],[ 1.06879741  1.38527605  0.          0.         -0.22009862],3
24.03,40.4,0.25,65.0,0.8844499999999033,[24.03    40.4      0.25    65.       0.88445],[ 1.08977036 -0.91029119  0.          0.         -0.64598242],3
24.03,41.37,0.25,65.0,0.05444999999997599,[2.403e+01 4.137e+01 2.500e-01 6.500e+01 5.445e-02],[ 1.08977036 -0.69473454  0.          0.         -0.80374884],3
24.03,41.42,0.25,65.0,0.40499999999997954,[24.03  41.42   0.25  65.     0.405],[ 1.08977036 -0.68362337  0.          0.         -0.73711629],3
24.03,41.53,0.25,65.0,8.904200000000595,[24.03   41.53    0.25   65.      8.9042],[ 1.08977036 -0.6591788   0.          0.          0.87841186],1
24.03,41.69,0.25,65.0,1.110049999999844,[24.03    41.69     0.25    65.       1.11005],[ 1.08977036 -0.62362307  0.          0.         -0.60310037],3
24.03,41.71,0.25,65.0,9.408224999999417,[24.03     41.71      0.25     65.        9.408225],[ 1.08977036 -0.6191786   0.          0.          0.97421694],1
24.03,41.82,0.25,65.0,0.5408000000003169,[24.03   41.82    0.25   65.      0.5408],[ 1.08977036 -0.59473403  0.          0.         -0.71130342],3
24.03,42.21,0.25,65.0,11.761249999999558,[24.03    42.21     0.25    65.      11.76125],[ 1.08977036 -0.50806692  0.          0.          1.42147999],1
24.03,42.33,0.25,65.0,0.14579999999998036,[24.03   42.33    0.25   65.      0.1458],[ 1.08977036 -0.48140012  0.          0.         -0.78638503],3
24.03,43.18,0.25,65.0,3.0945666666666853,[24.03       43.18        0.25       65.          3.09456667],[ 1.08977036 -0.29251027  0.          0.         -0.22588339],3
24.03,43.84,0.25,65.0,0.4417999999999444,[24.03   43.84    0.25   65.      0.4418],[ 1.08977036 -0.14584286  0.          0.         -0.73012134],3
24.03,44.03,0.25,65.0,10.488199999999667,[24.03   44.03    0.25   65.     10.4882],[ 1.08977036 -0.10362042  0.          0.          1.17949862],1
24.03,44.37,0.25,65.0,12.2512499999991,[24.03    44.37     0.25    65.      12.25125],[ 1.08977036 -0.02806448  0.          0.          1.5146192 ],1
24.03,44.62,0.25,65.0,0.09679999999987395,[24.03   44.62    0.25   65.      0.0968],[ 1.08977036  0.02749136  0.          0.         -0.79569895],3
24.03,44.67,0.25,65.0,0.08819999999988731,[24.03   44.67    0.25   65.      0.0882],[ 1.08977036  0.03860253  0.          0.         -0.79733364],3
24.03,45.54,0.25,65.0,5.916800000000188,[24.03   45.54    0.25   65.      5.9168],[1.08977036 0.23193684 0.         0.         0.31056679],1
24.03,46.35,0.25,65.0,5.248800000000398,[24.03   46.35    0.25   65.      5.2488],[1.08977036 0.41193776 0.         0.         0.18359334],3
24.03,48.12,0.25,65.0,0.020000000000031833,[2.403e+01 4.812e+01 2.500e-01 6.500e+01 2.000e-02],[ 1.08977036  0.8052731   0.          0.         -0.8102971 ],3
24.03,48.23,0.25,65.0,8.611250000000377,[24.03    48.23     0.25    65.       8.61125],[1.08977036 0.82971766 0.         0.         0.82272791],1
24.03,48.32,0.25,65.0,0.026450000000004182,[2.403e+01 4.832e+01 2.500e-01 6.500e+01 2.645e-02],[ 1.08977036  0.84971777  0.          0.         -0.80907108],3
24.03,50.78,0.25,65.0,13.41619999999974,[24.03   50.78    0.25   65.     13.4162],[1.08977036 1.39638722 0.         0.         1.73605293],1
24.03,52.24,0.25,65.0,0.9112499999998772,[24.03    52.24     0.25    65.       0.91125],[ 1.08977036  1.72083331  0.          0.         -0.64088828],3
24.05,40.36,0.25,65.0,1.08045000000004,[24.05    40.36     0.25    65.       1.08045],[ 1.13171626 -0.91918013  0.          0.         -0.60872674],3
24.05,40.48,0.25,65.0,10.396799999999752,[24.05   40.48    0.25   65.     10.3968],[ 1.13171626 -0.89251332  0.          0.          1.1621253 ],1
24.05,40.55,0.25,65.0,17.295033333333247,[24.05       40.55        0.25       65.         17.29503333],[ 1.13171626 -0.87695769  0.          0.          2.47334166],1
24.05,40.77,0.25,65.0,18.483199999999556,[24.05   40.77    0.25   65.     18.4832],[ 1.13171626 -0.82806855  0.          0.          2.69918841],1
24.05,40.83,0.25,65.0,4.33763333333352,[24.05       40.83        0.25       65.          4.33763333],[ 1.13171626 -0.81473515  0.          0.          0.01039875],1
24.05,40.85,0.25,65.0,19.593800000000655,[24.05   40.85    0.25   65.     19.5938],[ 1.13171626 -0.81029068  0.          0.          2.91029129],1
24.05,40.9,0.25,65.0,0.096800000000024,[24.05   40.9     0.25   65.      0.0968],[ 1.13171626 -0.79917952  0.          0.         -0.79569895],3
24.05,41.44,0.25,65.0,0.6384500000001233,[24.05    41.44     0.25    65.       0.63845],[ 1.13171626 -0.6791789   0.          0.         -0.69274211],3
24.05,42.11,0.25,65.0,10.473770000000082,[24.05    42.11     0.25    65.      10.47377],[ 1.13171626 -0.53028926  0.          0.          1.17675576],1
24.05,42.29,0.25,65.0,10.170050000000472,[24.05    42.29     0.25    65.      10.17005],[ 1.13171626 -0.49028905  0.          0.          1.11902466],1
24.05,42.34,0.25,65.0,1.6744499999998668,[24.05    42.34     0.25    65.       1.67445],[ 1.13171626 -0.47917789  0.          0.         -0.4958192 ],3
24.05,42.45,0.25,65.0,19.59379999999923,[24.05   42.45    0.25   65.     19.5938],[ 1.13171626 -0.45473332  0.          0.          2.91029129],1
24.05,42.66,0.25,65.0,19.719200000000544,[24.05   42.66    0.25   65.     19.7192],[ 1.13171626 -0.40806641  0.          0.          2.93412732],1
24.05,43.44,0.25,65.0,2.0604500000001753,[24.05    43.44     0.25    65.       2.06045],[ 1.13171626 -0.2347322   0.          0.         -0.42244831],3
24.05,43.71,0.25,65.0,10.672200000001071,[24.05   43.71    0.25   65.     10.6722],[ 1.13171626 -0.17473189  0.          0.          1.21447334],1
24.05,43.76,0.25,65.0,0.41404999999997105,[24.05    43.76     0.25    65.       0.41405],[ 1.13171626 -0.16362072  0.          0.         -0.73539606],3
24.05,44.32,0.25,65.0,4.118449999999687,[24.05    44.32     0.25    65.       4.11845],[ 1.13171626 -0.03917565  0.          0.         -0.03126362],3
24.05,44.38,0.25,65.0,1.3778000000003245,[24.05   44.38    0.25   65.      1.3778],[ 1.13171626 -0.02584225  0.          0.         -0.55220644],3
24.05,44.43,0.25,65.0,1.8240500000003734,[24.05    44.43     0.25    65.       1.82405],[ 1.13171626 -0.01473108  0.          0.         -0.46738323],3
24.05,45.63,0.25,65.0,0.19844999999999713,[24.05    45.63     0.25    65.       0.19845],[ 1.13171626  0.25193695  0.          0.         -0.77637732],3
24.05,45.75,0.25,65.0,8.111033333333756,[24.05       45.75        0.25       65.          8.11103333],[1.13171626 0.27860375 0.         0.         0.72764672],1
24.05,45.77,0.25,65.0,0.07604999999999468,[24.05    45.77     0.25    65.       0.07605],[ 1.13171626  0.28304822  0.          0.         -0.79964311],3
24.05,47.78,0.25,65.0,0.5724500000001752,[24.05    47.78     0.25    65.       0.57245],[ 1.13171626  0.72971716  0.          0.         -0.70528739],3
24.05,48.08,0.25,65.0,11.28125,[24.05    48.08     0.25    65.      11.28125],[1.13171626 0.79638416 0.         0.         1.33024158],1
24.05,48.12,0.25,65.0,3.618049999999841,[24.05    48.12     0.25    65.       3.61805],[ 1.13171626  0.8052731   0.          0.         -0.12637966],3
24.05,48.13,0.25,65.0,0.08405000000008017,[24.05    48.13     0.25    65.       0.08405],[ 1.13171626  0.80749533  0.          0.         -0.79812247],3
24.05,48.32,0.25,65.0,1.4449999999996908,[24.05  48.32   0.25  65.     1.445],[ 1.13171626  0.84971777  0.          0.         -0.53943306],3
24.05,50.04,0.25,65.0,0.387200000000096,[24.05   50.04    0.25   65.      0.3872],[ 1.13171626  1.23194193  0.          0.         -0.74049971],3
24.05,50.17,0.25,65.0,0.04204999999998945,[2.405e+01 5.017e+01 2.500e-01 6.500e+01 4.205e-02],[ 1.13171626  1.26083097  0.          0.         -0.80610583],3
24.05,50.25,0.25,65.0,1.248199999999885,[24.05   50.25    0.25   65.      1.2482],[ 1.13171626  1.27860884  0.          0.         -0.57684081],3
24.05,50.27,0.25,65.0,11.233800000000581,[24.05   50.27    0.25   65.     11.2338],[1.13171626 1.28305331 0.         0.         1.32122228],1
24.05,50.59,0.25,65.0,1.4111999999999159,[24.05   50.59    0.25   65.      1.4112],[ 1.13171626  1.35416478  0.          0.         -0.54585777],3
24.06,39.73,0.25,65.0,0.45462500000001044,[24.06     39.73      0.25     65.        0.454625],[ 1.15268921 -1.05918084  0.          0.         -0.72768357],3
24.06,39.76,0.25,65.0,4.743200000000301,[24.06   39.76    0.25   65.      4.7432],[ 1.15268921 -1.05251414  0.          0.          0.08748887],1
24.06,39.77,0.25,65.0,7.527199999999762,[24.06   39.77    0.25   65.      7.5272],[ 1.15268921 -1.0502919   0.          0.          0.61667166],1
24.06,40.08,0.25,65.0,1.2482000000001545,[24.06   40.08    0.25   65.      1.2482],[ 1.15268921 -0.98140266  0.          0.         -0.57684081],3
24.06,40.38,0.25,65.0,0.3784500000000534,[24.06    40.38     0.25    65.       0.37845],[ 1.15268921 -0.91473566  0.          0.         -0.74216291],3
24.06,41.24,0.25,65.0,6.090050000000429,[24.06    41.24     0.25    65.       6.09005],[ 1.15268921 -0.72362358  0.          0.          0.34349816],1
24.06,41.57,0.25,65.0,0.387200000000096,[24.06   41.57    0.25   65.      0.3872],[ 1.15268921 -0.65028987  0.          0.         -0.74049971],3
24.06,41.59,0.25,65.0,14.45742499999983,[24.06     41.59      0.25     65.       14.457425],[ 1.15268921 -0.6458454   0.          0.          1.933969  ],1
24.06,42.1,0.25,65.0,12.3504500000007,[24.06    42.1      0.25    65.      12.35045],[ 1.15268921 -0.53251149  0.          0.          1.53347514],1
24.06,42.41,0.25,65.0,1.2167999999999148,[24.06   42.41    0.25   65.      1.2168],[ 1.15268921 -0.46362225  0.          0.         -0.58280932],3
24.06,42.46,0.25,65.0,3.432200000000012,[24.06   42.46    0.25   65.      3.4322],[ 1.15268921 -0.45251108  0.          0.         -0.16170604],3
24.06,42.58,0.25,65.0,0.03919999999996053,[2.406e+01 4.258e+01 2.500e-01 6.500e+01 3.920e-02],[ 1.15268921 -0.42584428  0.          0.         -0.80664756],3
24.06,43.21,0.25,65.0,5.056199999999841,[24.06   43.21    0.25   65.      5.0562],[ 1.15268921 -0.28584357  0.          0.          0.14698392],1
24.06,43.22,0.25,65.0,1.0656999999999441,[24.06   43.22    0.25   65.      1.0657],[ 1.15268921 -0.28362134  0.          0.         -0.61153042],3
24.06,43.39,0.25,65.0,1.4361333333330941,[24.06       43.39        0.25       65.          1.43613333],[ 1.15268921 -0.24584337  0.          0.         -0.54111844],3
24.06,43.97,0.25,65.0,13.312800000001008,[24.06   43.97    0.25   65.     13.3128],[ 1.15268921 -0.11695382  0.          0.          1.71639865],1
24.06,44.05,0.25,65.0,0.21779999999997898,[24.06   44.05    0.25   65.      0.2178],[ 1.15268921 -0.09917595  0.          0.         -0.77269927],3
24.06,44.15,0.25,65.0,7.41124999999965,[24.06    44.15     0.25    65.       7.41125],[ 1.15268921 -0.07695362  0.          0.          0.59463188],1
24.06,44.46,0.25,65.0,0.05780000000001082,[2.406e+01 4.446e+01 2.500e-01 6.500e+01 5.780e-02],[ 1.15268921 -0.00806438  0.          0.         -0.80311207],3
24.06,44.49,0.25,65.0,0.8064499999999769,[24.06    44.49     0.25    65.       0.80645],[ 1.15268921 -0.00139768  0.          0.         -0.66080866],3
24.06,44.65,0.25,65.0,8.364050000000596,[24.06    44.65     0.25    65.       8.36405],[1.15268921 0.03415806 0.         0.         0.77574013],1
24.06,45.44,0.25,65.0,2.7378000000003406,[24.06   45.44    0.25   65.      2.7378],[ 1.15268921  0.20971451  0.          0.         -0.29369761],3
24.06,45.86,0.25,65.0,2.610633333333732,[24.06       45.86        0.25       65.          2.61063333],[ 1.15268921  0.30304832  0.          0.         -0.31786945],3
24.06,47.55,0.25,65.0,1.2012499999997532,[24.06    47.55     0.25    65.       1.20125],[ 1.15268921  0.67860578  0.          0.         -0.58576507],3
24.06,47.61,0.25,65.0,0.2664499999999303,[24.06    47.61     0.25    65.       0.26645],[ 1.15268921  0.69193919  0.          0.         -0.76345187],3
24.06,47.66,0.25,65.0,2.856050000000511,[24.06    47.66     0.25    65.       2.85605],[ 1.15268921  0.70305035  0.          0.         -0.27122064],3
24.06,47.67,0.25,65.0,9.90563333333319,[24.06       47.67        0.25       65.          9.90563333],[1.15268921 0.70527259 0.         0.         1.06876433],1
24.06,47.73,0.25,65.0,0.8844499999999033,[24.06    47.73     0.25    65.       0.88445],[ 1.15268921  0.71860599  0.          0.         -0.64598242],3
24.06,47.82,0.25,65.0,4.032800000000413,[24.06   47.82    0.25   65.      4.0328],[ 1.15268921  0.73860609  0.          0.         -0.04754397],3
24.06,47.83,0.25,65.0,0.014449999999954388,[2.406e+01 4.783e+01 2.500e-01 6.500e+01 1.445e-02],[ 1.15268921  0.74082832  0.          0.         -0.81135204],3
24.06,47.86,0.25,65.0,7.449799999999175,[24.06   47.86    0.25   65.      7.4498],[1.15268921 0.74749502 0.         0.         0.60195947],1
24.06,48.01,0.25,65.0,5.975491666666486,[24.06       48.01        0.25       65.          5.97549167],[1.15268921 0.78082853 0.         0.         0.3217229 ],3
24.06,48.07,0.25,65.0,8.201250000000277,[24.06    48.07     0.25    65.       8.20125],[1.15268921 0.79416193 0.         0.         0.7447951 ],1
24.06,48.1,0.25,65.0,12.5258333333329,[24.06       48.1         0.25       65.         12.52583333],[1.15268921 0.80082863 0.         0.         1.56681201],1
24.06,48.18,0.25,65.0,5.848199999999083,[24.06   48.18    0.25   65.      5.8482],[1.15268921 0.8186065  0.         0.         0.2975273 ],3
24.06,48.46,0.25,65.0,7.068800000000393,[24.06   48.46    0.25   65.      7.0688],[1.15268921 0.88082904 0.         0.         0.52953898],1
24.06,50.55,0.25,65.0,0.016200000000031925,[2.406e+01 5.055e+01 2.500e-01 6.500e+01 1.620e-02],[ 1.15268921  1.34527584  0.          0.         -0.8110194 ],3
24.07,39.94,0.25,65.0,5.814049999999892,[24.07    39.94     0.25    65.       5.81405],[ 1.17366216 -1.01251393  0.          0.          0.29103607],1
24.07,40.73,0.25,65.0,1.065799999999555,[24.07   40.73    0.25   65.      1.0658],[ 1.17366216 -0.83695749  0.          0.         -0.61151141],3
24.07,42.07,0.25,65.0,10.651733333333421,[24.07       42.07        0.25       65.         10.65173333],[ 1.17366216 -0.53917819  0.          0.          1.21058304],1
24.07,42.18,0.25,65.0,1.0658000000000531,[24.07   42.18    0.25   65.      1.0658],[ 1.17366216 -0.51473362  0.          0.         -0.61151141],3
24.07,42.45,0.25,65.0,13.107200000001187,[24.07   42.45    0.25   65.     13.1072],[ 1.17366216 -0.45473332  0.          0.          1.6773182 ],1
24.07,43.13,0.25,65.0,3.3024499999995443,[24.07    43.13     0.25    65.       3.30245],[ 1.17366216 -0.30362144  0.          0.         -0.18636892],3
24.07,43.25,0.25,65.0,15.345799999999798,[24.07   43.25    0.25   65.     15.3458],[ 1.17366216 -0.27695463  0.          0.          2.10283134],1
24.07,43.34,0.25,65.0,10.24493333333362,[24.07       43.34        0.25       65.         10.24493333],[ 1.17366216 -0.25695453  0.          0.          1.13325848],1
24.07,43.87,0.25,65.0,0.49005000000012156,[24.07    43.87     0.25    65.       0.49005],[ 1.17366216 -0.13917616  0.          0.         -0.72094998],3
24.07,43.91,0.25,65.0,0.27380000000009086,[24.07   43.91    0.25   65.      0.2738],[ 1.17366216 -0.13028722  0.          0.         -0.76205479],3
24.07,43.97,0.25,65.0,0.48020000000001783,[24.07   43.97    0.25   65.      0.4802],[ 1.17366216 -0.11695382  0.          0.         -0.72282227],3
24.07,44.01,0.25,65.0,14.198766666667197,[24.07       44.01        0.25       65.         14.19876667],[ 1.17366216 -0.10806489  0.          0.          1.88480322],1
24.07,44.46,0.25,65.0,6.0531666666659545,[24.07       44.46        0.25       65.          6.05316667],[ 1.17366216 -0.00806438  0.          0.          0.33648737],1
24.07,45.34,0.25,65.0,17.701249999999593,[24.07    45.34     0.25    65.      17.70125],[1.17366216 0.18749217 0.         0.         2.55055534],1
24.07,45.56,0.25,65.0,4.121266666667343,[24.07       45.56        0.25       65.          4.12126667],[ 1.17366216  0.23638131  0.          0.         -0.03072823],3
24.07,45.76,0.25,65.0,2.7378000000000746,[24.07   45.76    0.25   65.      2.7378],[ 1.17366216  0.28082598  0.          0.         -0.29369761],3
24.07,45.81,0.25,65.0,8.7780499999988,[24.07    45.81     0.25    65.       8.77805],[1.17366216 0.29193715 0.         0.         0.85443326],1
24.07,47.44,0.25,65.0,4.743200000000126,[24.07   47.44    0.25   65.      4.7432],[1.17366216 0.65416122 0.         0.         0.08748887],3
24.07,47.54,0.25,65.0,15.568199999999594,[24.07   47.54    0.25   65.     15.5682],[1.17366216 0.67638355 0.         0.         2.14510514],1
24.07,47.6,0.25,65.0,1.548800000000184,[24.07   47.6     0.25   65.      1.5488],[ 1.17366216  0.68971695  0.          0.         -0.51970276],3
24.07,47.71,0.25,65.0,17.052799999998857,[24.07   47.71    0.25   65.     17.0528],[1.17366216 0.71416152 0.         0.         2.42729794],1
24.07,47.75,0.25,65.0,2.938133333333068,[24.07       47.75        0.25       65.          2.93813333],[ 1.17366216  0.72305045  0.          0.         -0.25561824],3
24.07,48.01,0.25,65.0,17.83203333333321,[24.07       48.01        0.25       65.         17.83203333],[1.17366216 0.78082853 0.         0.         2.57541464],1
24.07,49.95,0.25,65.0,1.170450000000132,[24.07    49.95     0.25    65.       1.17045],[ 1.17366216  1.21194183  0.          0.         -0.59161953],3
24.09,40.95,0.25,65.0,0.024200000000031013,[2.409e+01 4.095e+01 2.500e-01 6.500e+01 2.420e-02],[ 1.21560806 -0.78806835  0.          0.         -0.80949876],3
24.09,41.15,0.25,65.0,5.000000000104592e-05,[2.409e+01 4.115e+01 2.500e-01 6.500e+01 5.000e-05],[ 1.21560806 -0.74362368  0.          0.         -0.81408919],3
24.09,41.4,0.25,65.0,0.14579999999998036,[24.09   41.4     0.25   65.      0.1458],[ 1.21560806 -0.68806784  0.          0.         -0.78638503],3
24.09,41.45,0.25,65.0,9.636050000000939,[24.09    41.45     0.25    65.       9.63605],[ 1.21560806 -0.67695667  0.          0.          1.01752192],1
24.09,41.55,0.25,65.0,13.360133333333515,[24.09       41.55        0.25       65.         13.36013333],[ 1.21560806 -0.65473434  0.          0.          1.72539577],1
24.09,41.79,0.25,65.0,0.01999999999998636,[2.409e+01 4.179e+01 2.500e-01 6.500e+01 2.000e-02],[ 1.21560806 -0.60140073  0.          0.         -0.8102971 ],3
24.09,42.19,0.25,65.0,0.07220000000004147,[24.09   42.19    0.25   65.      0.0722],[ 1.21560806 -0.51251139  0.          0.         -0.80037492],3
24.09,43.23,0.25,65.0,5.216449999998957,[24.09    43.23     0.25    65.       5.21645],[ 1.21560806 -0.2813991   0.          0.          0.17744425],1
24.09,43.26,0.25,65.0,5.216450000000059,[24.09    43.26     0.25    65.       5.21645],[ 1.21560806 -0.2747324   0.          0.          0.17744425],1
24.09,43.85,0.25,65.0,1.602049999999935,[24.09    43.85     0.25    65.       1.60205],[ 1.21560806 -0.14362062  0.          0.         -0.50958099],3
24.09,44.58,0.25,65.0,1.0082000000001032,[24.09   44.58    0.25   65.      1.0082],[ 1.21560806  0.01860242  0.          0.         -0.62246002],3
24.09,44.67,0.25,65.0,8.263033333333626,[24.09       44.67        0.25       65.          8.26303333],[1.21560806 0.03860253 0.         0.         0.75653888],1
24.09,45.58,0.25,65.0,1.5878999999999766,[24.09   45.58    0.25   65.      1.5879],[ 1.21560806  0.24082578  0.          0.         -0.51227063],3
24.09,45.79,0.25,65.0,14.589633333333866,[24.09       45.79        0.25       65.         14.58963333],[1.21560806 0.28749268 0.         0.         1.95909916],1
24.09,45.84,0.25,65.0,0.13519999999999055,[24.09   45.84    0.25   65.      0.1352],[ 1.21560806  0.29860385  0.          0.         -0.78839988],3
24.09,47.54,0.25,65.0,3.175199999999954,[24.09   47.54    0.25   65.      3.1752],[ 1.21560806  0.67638355  0.          0.         -0.2105566 ],3
24.09,47.56,0.25,65.0,1.706133333333313,[24.09       47.56        0.25       65.          1.70613333],[ 1.21560806  0.68082802  0.          0.         -0.48979683],3
24.09,47.62,0.25,65.0,0.8192333333334894,[24.09       47.62        0.25       65.          0.81923333],[ 1.21560806  0.69416142  0.          0.         -0.65837881],3
24.09,47.64,0.25,65.0,5.935900000000446,[24.09   47.64    0.25   65.      5.9359],[1.21560806 0.69860589 0.         0.         0.31419732],3
24.09,47.71,0.25,65.0,5.478049999999819,[24.09    47.71     0.25    65.       5.47805],[1.21560806 0.71416152 0.         0.         0.22716918],3
24.09,47.74,0.25,65.0,4.800091666667109,[24.09       47.74        0.25       65.          4.80009167],[1.21560806 0.72082822 0.         0.         0.09830284],3
24.09,48.05,0.25,65.0,12.746633333332852,[24.09       48.05        0.25       65.         12.74663333],[1.21560806 0.78971746 0.         0.         1.60878168],1
24.09,48.17,0.25,65.0,0.5617999999999421,[24.09   48.17    0.25   65.      0.5618],[ 1.21560806  0.81638426  0.          0.         -0.70731174],3
24.09,48.21,0.25,65.0,0.30420000000015607,[24.09   48.21    0.25   65.      0.3042],[ 1.21560806  0.8252732   0.          0.         -0.75627635],3
24.09,50.28,0.25,65.0,0.3362000000001342,[24.09   50.28    0.25   65.      0.3362],[ 1.21560806  1.28527554  0.          0.         -0.75019379],3
24.1,39.65,0.25,65.0,0.2664500000000133,[24.1     39.65     0.25    65.       0.26645],[ 1.23658101 -1.07695871  0.          0.         -0.76345187],3
24.1,39.75,0.25,65.0,0.061249999999988064,[2.410e+01 3.975e+01 2.500e-01 6.500e+01 6.125e-02],[ 1.23658101 -1.05473637  0.          0.         -0.8024563 ],3
24.1,39.84,0.25,65.0,5.544450000000136,[24.1     39.84     0.25    65.       5.54445],[ 1.23658101 -1.03473627  0.          0.          0.23979049],1
24.1,40.61,0.25,65.0,0.6272000000000051,[24.1    40.61    0.25   65.      0.6272],[ 1.23658101 -0.86362429  0.          0.         -0.69488051],3
24.1,40.73,0.25,65.0,0.004933333333324359,"[2.41000000e+01 4.07300000e+01 2.50000000e-01 6.50000000e+01
 4.93333333e-03]",[ 1.23658101 -0.83695749  0.          0.         -0.81316097],3
24.1,41.31,0.25,65.0,0.8192000000001106,[24.1    41.31    0.25   65.      0.8192],[ 1.23658101 -0.70806794  0.          0.         -0.65838514],3
24.1,41.66,0.25,65.0,0.8580500000000775,[24.1     41.66     0.25    65.       0.85805],[ 1.23658101 -0.63028977  0.          0.         -0.65100053],3
24.1,42.17,0.25,65.0,9.159199999999396,[24.1    42.17    0.25   65.      9.1592],[ 1.23658101 -0.51695586  0.          0.          0.92688226],1
24.1,42.19,0.25,65.0,0.39604999999988666,[24.1     42.19     0.25    65.       0.39605],[ 1.23658101 -0.51251139  0.          0.         -0.7388175 ],3
24.1,42.23,0.25,65.0,0.6271999999998777,[24.1    42.23    0.25   65.      0.6272],[ 1.23658101 -0.50362246  0.          0.         -0.69488051],3
24.1,42.94,0.25,65.0,0.10579999999985985,[24.1    42.94    0.25   65.      0.1058],[ 1.23658101 -0.34584387  0.          0.         -0.79398823],3
24.1,43.23,0.25,65.0,3.055233333333453,[24.1        43.23        0.25       65.          3.05523333],[ 1.23658101 -0.2813991   0.          0.         -0.23335987],3
24.1,43.29,0.25,65.0,0.04500000000005457,[2.410e+01 4.329e+01 2.500e-01 6.500e+01 4.500e-02],[ 1.23658101 -0.2680657   0.          0.         -0.8055451 ],3
24.1,45.52,0.25,65.0,3.699199999999765,[24.1    45.52    0.25   65.      3.6992],[ 1.23658101  0.22749238  0.          0.         -0.11095467],3
24.1,45.67,0.25,65.0,11.092050000000171,[24.1     45.67     0.25    65.      11.09205],[1.23658101 0.26082588 0.         0.         1.29427844],1
24.1,46.0,0.25,65.0,0.7937999999998453,[24.1    46.      0.25   65.      0.7938],[ 1.23658101  0.33415959  0.          0.         -0.66321317],3
24.1,47.51,0.25,65.0,0.2520500000000258,[24.1     47.51     0.25    65.       0.25205],[ 1.23658101  0.66971685  0.          0.         -0.76618903],3
24.1,47.6,0.25,65.0,1.0952000000000268,[24.1    47.6     0.25   65.      1.0952],[ 1.23658101  0.68971695  0.          0.         -0.60592305],3
24.1,47.63,0.25,65.0,0.008450000000014187,[2.410e+01 4.763e+01 2.500e-01 6.500e+01 8.450e-03],[ 1.23658101  0.69638365  0.          0.         -0.81249252],3
24.1,47.75,0.25,65.0,5.746049999999954,[24.1     47.75     0.25    65.       5.74605],[1.23658101 0.72305045 0.         0.         0.27811063],3
24.1,47.78,0.25,65.0,0.14045000000010605,[24.1     47.78     0.25    65.       0.14045],[ 1.23658101  0.72971716  0.          0.         -0.78740196],3
24.1,47.8,0.25,65.0,0.19844999999985388,[24.1     47.8      0.25    65.       0.19845],[ 1.23658101  0.73416162  0.          0.         -0.77637732],3
24.1,47.85,0.25,65.0,5.119999999999418,[24.1  47.85  0.25 65.    5.12],[1.23658101 0.74527279 0.         0.         0.15911103],3
24.1,47.94,0.25,65.0,17.228450000001363,[24.1     47.94     0.25    65.      17.22845],[1.23658101 0.76527289 0.         0.         2.4606855 ],1
24.1,48.16,0.25,65.0,0.41155833333323405,[24.1        48.16        0.25       65.          0.41155833],[ 1.23658101  0.81416203  0.          0.         -0.73586968],3
24.1,48.33,0.25,65.0,1.2324499999997216,[24.1     48.33     0.25    65.       1.23245],[ 1.23658101  0.85194     0.          0.         -0.57983457],3
24.1,49.99,0.25,65.0,2.1424500000001037,[24.1     49.99     0.25    65.       2.14245],[ 1.23658101  1.22083077  0.          0.         -0.40686175],3
24.1,51.55,0.25,65.0,4.937033333333263,[24.1        51.55        0.25       65.          4.93703333],[1.23658101 1.5674992  0.         0.         0.12433272],3
24.1,51.56,0.25,65.0,10.442450000000749,[24.1     51.56     0.25    65.      10.44245],[1.23658101 1.56972143 0.         0.         1.17080245],1
24.12,40.35,0.25,65.0,19.345033333333305,[24.12       40.35        0.25       65.         19.34503333],[ 1.2785269  -0.92140236  0.          0.          2.86300571],1
24.12,40.79,0.25,65.0,4.99279999999954,[24.12   40.79    0.25   65.      4.9928],[ 1.2785269  -0.82362408  0.          0.          0.13493285],1
24.12,41.31,0.25,65.0,3.8822333333334096,[24.12       41.31        0.25       65.          3.88223333],[ 1.2785269  -0.70806794  0.          0.         -0.07616369],1
24.12,41.39,0.25,65.0,1.248199999999885,[24.12   41.39    0.25   65.      1.2482],[ 1.2785269  -0.69029007  0.          0.         -0.57684081],3
24.12,41.48,0.25,65.0,2.53125,[24.12    41.48     0.25    65.       2.53125],[ 1.2785269  -0.67028997  0.          0.         -0.33295864],3
24.12,41.62,0.25,65.0,4.157500000000347,[24.12   41.62    0.25   65.      4.1575],[ 1.2785269 -0.6391787  0.         0.        -0.023841 ],1
24.12,41.74,0.25,65.0,1.7860499999999742,[24.12    41.74     0.25    65.       1.78605],[ 1.2785269  -0.6125119   0.          0.         -0.47460627],3
24.12,42.53,0.25,65.0,5.056200000000564,[24.12   42.53    0.25   65.      5.0562],[ 1.2785269  -0.43695545  0.          0.          0.14698392],1
24.12,42.67,0.25,65.0,2.4864500000000405,[24.12    42.67     0.25    65.       2.48645],[ 1.2785269  -0.40584418  0.          0.         -0.34147422],3
24.12,43.13,0.25,65.0,18.0,[24.12 43.13  0.25 65.   18.  ],[ 1.2785269  -0.30362144  0.          0.          2.60734174],1
24.12,44.02,0.25,65.0,6.479999999999673,[24.12 44.02  0.25 65.    6.48],[ 1.2785269  -0.10584265  0.          0.          0.41761986],1
24.12,44.07,0.25,65.0,0.78125,[24.12    44.07     0.25    65.       0.78125],[ 1.2785269  -0.09473149  0.          0.         -0.66559868],3
24.12,44.64,0.25,65.0,14.311249999999513,[24.12    44.64     0.25    65.      14.31125],[1.2785269  0.03193583 0.         0.         1.90618405],1
24.12,44.66,0.25,65.0,2.060449999999714,[24.12    44.66     0.25    65.       2.06045],[ 1.2785269   0.03638029  0.          0.         -0.42244831],3
24.12,45.45,0.25,65.0,1.3230333333330218,[24.12       45.45        0.25       65.          1.32303333],[ 1.2785269   0.21193674  0.          0.         -0.56261649],3
24.12,45.84,0.25,65.0,2.8560499999996956,[24.12    45.84     0.25    65.       2.85605],[ 1.2785269   0.29860385  0.          0.         -0.27122064],3
24.12,45.94,0.25,65.0,0.009799999999982174,[2.412e+01 4.594e+01 2.500e-01 6.500e+01 9.800e-03],[ 1.2785269   0.32082619  0.          0.         -0.81223591],3
24.12,45.99,0.25,65.0,8.068233333333474,[24.12       45.99        0.25       65.          8.06823333],[1.2785269  0.33193735 0.         0.         0.71951129],1
24.12,46.03,0.25,65.0,8.016699999999396,[24.12   46.03    0.25   65.      8.0167],[1.2785269  0.34082629 0.         0.         0.70971584],1
24.12,47.55,0.25,65.0,0.09245000000007626,[24.12    47.55     0.25    65.       0.09245],[ 1.2785269   0.67860578  0.          0.         -0.7965258 ],3
24.12,47.79,0.25,65.0,0.1404500000000458,[24.12    47.79     0.25    65.       0.14045],[ 1.2785269   0.73193939  0.          0.         -0.78740196],3
24.12,48.01,0.25,65.0,0.0001999999999996362,[2.412e+01 4.801e+01 2.500e-01 6.500e+01 2.000e-04],[ 1.2785269   0.78082853  0.          0.         -0.81406068],3
24.12,48.02,0.25,65.0,1.578899999999732,[24.12   48.02    0.25   65.      1.5789],[ 1.2785269   0.78305076  0.          0.         -0.51398135],3
24.12,50.04,0.25,65.0,0.08820000000003056,[24.12   50.04    0.25   65.      0.0882],[ 1.2785269   1.23194193  0.          0.         -0.79733364],3
24.12,51.5,0.25,65.0,7.604999999999024,[24.12  51.5    0.25  65.     7.605],[1.2785269  1.55638803 0.         0.         0.63145989],3
24.13,40.26,0.25,65.0,0.7564500000000224,[24.13    40.26     0.25    65.       0.75645],[ 1.29949985 -0.94140246  0.          0.         -0.67031266],3
24.13,40.28,0.25,65.0,10.998049999999989,[24.13    40.28     0.25    65.      10.99805],[ 1.29949985 -0.93695799  0.          0.          1.27641092],1
24.13,40.63,0.25,65.0,1.110050000000183,[24.13    40.63     0.25    65.       1.11005],[ 1.29949985 -0.85917982  0.          0.         -0.60310037],3
24.13,40.79,0.25,65.0,3.5911999999995614,[24.13   40.79    0.25   65.      3.5912],[ 1.29949985 -0.82362408  0.          0.         -0.13148331],3
24.13,40.83,0.25,65.0,16.53125,[24.13    40.83     0.25    65.      16.53125],[ 1.29949985 -0.81473515  0.          0.          2.32816171],1
24.13,41.31,0.25,65.0,1.0952000000000268,[24.13   41.31    0.25   65.      1.0952],[ 1.29949985 -0.70806794  0.          0.         -0.60592305],3
24.13,41.48,0.25,65.0,1.4970333333335526,[24.13       41.48        0.25       65.          1.49703333],[ 1.29949985 -0.67028997  0.          0.         -0.52954256],3
24.13,41.64,0.25,65.0,1.185799999999944,[24.13   41.64    0.25   65.      1.1858],[ 1.29949985 -0.63473423  0.          0.         -0.5887018 ],3
24.13,41.68,0.25,65.0,0.2887999999999067,[24.13   41.68    0.25   65.      0.2888],[ 1.29949985 -0.6258453   0.          0.         -0.75920359],3
24.13,42.11,0.25,65.0,16.7042000000005,[24.13   42.11    0.25   65.     16.7042],[ 1.29949985 -0.53028926  0.          0.          2.36103605],1
24.13,42.76,0.25,65.0,0.02205000000000764,[2.413e+01 4.276e+01 2.500e-01 6.500e+01 2.205e-02],[ 1.29949985 -0.38584408  0.          0.         -0.80990743],3
24.13,42.97,0.25,65.0,1.4280500000000922,[24.13    42.97     0.25    65.       1.42805],[ 1.29949985 -0.33917717  0.          0.         -0.54265492],3
24.13,43.3,0.25,65.0,0.012800000000031286,[2.413e+01 4.330e+01 2.500e-01 6.500e+01 1.280e-02],[ 1.29949985 -0.26584347  0.          0.         -0.81166567],3
24.13,43.95,0.25,65.0,0.2112500000000591,[24.13    43.95     0.25    65.       0.21125],[ 1.29949985 -0.12139829  0.          0.         -0.77394429],3
24.13,44.73,0.25,65.0,14.45919999999992,[24.13   44.73    0.25   65.     14.4592],[1.29949985 0.05193593 0.         0.         1.93430639],1
24.13,45.46,0.25,65.0,0.4418000000000513,[24.13   45.46    0.25   65.      0.4418],[ 1.29949985  0.21415898  0.          0.         -0.73012134],3
24.13,45.81,0.25,65.0,0.17289999999999642,[24.13   45.81    0.25   65.      0.1729],[ 1.29949985  0.29193715  0.          0.         -0.78123386],3
24.13,47.62,0.25,65.0,6.808050000000201,[24.13    47.62     0.25    65.       6.80805],[1.29949985 0.69416142 0.         0.         0.47997561],1
24.13,47.64,0.25,65.0,10.08005000000055,[24.13    47.64     0.25    65.      10.08005],[1.29949985 0.69860589 0.         0.         1.10191745],1
24.13,47.85,0.25,65.0,0.012799999999976717,[2.413e+01 4.785e+01 2.500e-01 6.500e+01 1.280e-02],[ 1.29949985  0.74527279  0.          0.         -0.81166567],3
24.13,47.95,0.25,65.0,17.760800000000216,[24.13   47.95    0.25   65.     17.7608],[1.29949985 0.76749513 0.         0.         2.5618746 ],1
24.13,48.2,0.25,65.0,12.90319999999963,[24.13   48.2     0.25   65.     12.9032],[1.29949985 0.82305096 0.         0.         1.63854187],1
24.13,51.59,0.25,65.0,3.3024500000001287,[24.13    51.59     0.25    65.       3.30245],[ 1.29949985  1.57638813  0.          0.         -0.18636892],3
24.13,51.61,0.25,65.0,0.696199999999941,[24.13   51.61    0.25   65.      0.6962],[ 1.29949985  1.5808326   0.          0.         -0.68176498],3
24.13,51.75,0.25,65.0,19.770966666665604,[24.13       51.75        0.25       65.         19.77096667],[1.29949985 1.61194387 0.         0.         2.94396713],1
24.15,39.49,0.25,65.0,0.3784499999999545,[24.15    39.49     0.25    65.       0.37845],[ 1.34144575 -1.11251444  0.          0.         -0.74216291],3
24.15,40.82,0.25,65.0,13.004366666667282,[24.15       40.82        0.25       65.         13.00436667],[ 1.34144575 -0.81695738  0.          0.          1.65777164],1
24.15,40.94,0.25,65.0,6.734449999999641,[24.15    40.94     0.25    65.       6.73445],[ 1.34144575 -0.79029058  0.          0.          0.46598572],1
24.15,41.24,0.25,65.0,0.14580000000016452,[24.15   41.24    0.25   65.      0.1458],[ 1.34144575 -0.72362358  0.          0.         -0.78638503],3
24.15,41.47,0.25,65.0,0.8192000000001106,[24.15   41.47    0.25   65.      0.8192],[ 1.34144575 -0.6725122   0.          0.         -0.65838514],3
24.15,41.55,0.25,65.0,0.5201999999999815,[24.15   41.55    0.25   65.      0.5202],[ 1.34144575 -0.65473434  0.          0.         -0.71521907],3
24.15,41.59,0.25,65.0,1.602049999999935,[24.15    41.59     0.25    65.       1.60205],[ 1.34144575 -0.6458454   0.          0.         -0.50958099],3
24.15,41.63,0.25,65.0,5.379200000000656,[24.15   41.63    0.25   65.      5.3792],[ 1.34144575 -0.63695647  0.          0.          0.20837977],1
24.15,41.68,0.25,65.0,0.510049999999876,[24.15    41.68     0.25    65.       0.51005],[ 1.34144575 -0.6258453   0.          0.         -0.71714838],3
24.15,42.09,0.25,65.0,0.9112500000003376,[24.15    42.09     0.25    65.       0.91125],[ 1.34144575 -0.53473372  0.          0.         -0.64088828],3
24.15,42.11,0.25,65.0,9.331200000000216,[24.15   42.11    0.25   65.      9.3312],[ 1.34144575 -0.53028926  0.          0.          0.95957603],1
24.15,43.03,0.25,65.0,0.2737999999999226,[24.15   43.03    0.25   65.      0.2738],[ 1.34144575 -0.32584377  0.          0.         -0.76205479],3
24.15,43.06,0.25,65.0,2.10013333333327,[24.15       43.06        0.25       65.          2.10013333],[ 1.34144575 -0.31917707  0.          0.         -0.4149053 ],3
24.15,43.19,0.25,65.0,14.418450000001245,[24.15    43.19     0.25    65.      14.41845],[ 1.34144575 -0.29028804  0.          0.          1.92656063],1
24.15,44.72,0.25,65.0,0.7857000000000545,[24.15   44.72    0.25   65.      0.7857],[ 1.34144575  0.04971369  0.          0.         -0.66475282],3
24.15,44.76,0.25,65.0,0.08000000000003638,[24.15 44.76  0.25 65.    0.08],[ 1.34144575  0.05860263  0.          0.         -0.7988923 ],3
24.15,45.45,0.25,65.0,6.734450000000267,[24.15    45.45     0.25    65.       6.73445],[1.34144575 0.21193674 0.         0.         0.46598572],1
24.15,45.61,0.25,65.0,5.780000000000309,[24.15 45.61  0.25 65.    5.78],[1.34144575 0.24749248 0.         0.         0.28456384],1
24.15,47.85,0.25,65.0,2.5611999999999298,[24.15   47.85    0.25   65.      2.5612],[ 1.34144575  0.74527279  0.          0.         -0.32726574],3
24.15,48.07,0.25,65.0,0.004050000000002865,[2.415e+01 4.807e+01 2.500e-01 6.500e+01 4.050e-03],[ 1.34144575  0.79416193  0.          0.         -0.81332887],3
24.15,50.98,0.25,65.0,15.345799999999798,[24.15   50.98    0.25   65.     15.3458],[1.34144575 1.44083189 0.         0.         2.10283134],1
24.15,51.52,0.25,65.0,2.6680500000001364,[24.15    51.52     0.25    65.       2.66805],[ 1.34144575  1.5608325   0.          0.         -0.30695569],3
24.15,51.53,0.25,65.0,0.008450000000014187,[2.415e+01 5.153e+01 2.500e-01 6.500e+01 8.450e-03],[ 1.34144575  1.56305473  0.          0.         -0.81249252],3
24.15,51.55,0.25,65.0,0.3880333333333441,[24.15       51.55        0.25       65.          0.38803333],[ 1.34144575  1.5674992   0.          0.         -0.74034131],3
24.15,51.61,0.25,65.0,13.416199999999153,[24.15   51.61    0.25   65.     13.4162],[1.34144575 1.5808326  0.         0.         1.73605293],1
24.16,40.44,0.25,65.0,0.06845000000002271,[24.16    40.44     0.25    65.       0.06845],[ 1.3624187  -0.90140226  0.          0.         -0.80108772],3
24.16,41.47,0.25,65.0,2.4200000000003503,[24.16 41.47  0.25 65.    2.42],[ 1.3624187  -0.6725122   0.          0.         -0.35410504],3
24.16,41.54,0.25,65.0,5.511199999999411,[24.16   41.54    0.25   65.      5.5112],[ 1.3624187  -0.65695657  0.          0.          0.23347033],1
24.16,41.85,0.25,65.0,3.251250000000174,[24.16    41.85     0.25    65.       3.25125],[ 1.3624187  -0.58806733  0.          0.         -0.19610102],3
24.16,42.08,0.25,65.0,10.080049999999531,[24.16    42.08     0.25    65.      10.08005],[ 1.3624187  -0.53695596  0.          0.          1.10191745],1
24.16,43.15,0.25,65.0,1.296049999999656,[24.16    43.15     0.25    65.       1.29605],[ 1.3624187  -0.29917697  0.          0.         -0.56774548],3
24.16,43.88,0.25,65.0,1.6380499999999012,[24.16    43.88     0.25    65.       1.63805],[ 1.3624187  -0.13695392  0.          0.         -0.50273811],3
24.16,44.66,0.25,65.0,0.6384499999999949,[24.16    44.66     0.25    65.       0.63845],[ 1.3624187   0.03638029  0.          0.         -0.69274211],3
24.16,44.73,0.25,65.0,0.5089000000000157,[24.16   44.73    0.25   65.      0.5089],[ 1.3624187   0.05193593  0.          0.         -0.71736697],3
24.16,45.61,0.25,65.0,6.572433333332979,[24.16       45.61        0.25       65.          6.57243333],[1.3624187  0.24749248 0.         0.         0.43518959],1
24.16,45.85,0.25,65.0,0.00604999999997649,[2.416e+01 4.585e+01 2.500e-01 6.500e+01 6.050e-03],[ 1.3624187   0.30082608  0.          0.         -0.81294871],3
24.16,47.68,0.25,65.0,10.170050000000472,[24.16    47.68     0.25    65.      10.17005],[1.3624187  0.70749482 0.         0.         1.11902466],1
24.16,47.89,0.25,65.0,3.511250000000241,[24.16    47.89     0.25    65.       3.51125],[ 1.3624187   0.75416172  0.          0.         -0.14668021],3
24.16,47.93,0.25,65.0,0.012799999999976717,[2.416e+01 4.793e+01 2.500e-01 6.500e+01 1.280e-02],[ 1.3624187   0.76305066  0.          0.         -0.81166567],3
24.16,50.2,0.25,65.0,0.048049999999983085,[2.416e+01 5.020e+01 2.500e-01 6.500e+01 4.805e-02],[ 1.3624187   1.26749767  0.          0.         -0.80496535],3
24.16,51.54,0.25,65.0,0.5172333333332803,[24.16       51.54        0.25       65.          0.51723333],[ 1.3624187   1.56527696  0.          0.         -0.71578297],3
24.17,39.46,0.25,65.0,0.34445000000008114,[24.17    39.46     0.25    65.       0.34445],[ 1.38339165 -1.11918114  0.          0.         -0.74862563],3
24.17,40.06,0.25,65.0,1.022449999999847,[24.17    40.06     0.25    65.       1.02245],[ 1.38339165 -0.98584713  0.          0.         -0.61975138],3
24.17,40.17,0.25,65.0,0.732050000000044,[24.17    40.17     0.25    65.       0.73205],[ 1.38339165 -0.96140256  0.          0.         -0.67495062],3
24.17,40.18,0.25,65.0,0.78125,[24.17    40.18     0.25    65.       0.78125],[ 1.38339165 -0.95918033  0.          0.         -0.66559868],3
24.17,40.81,0.25,65.0,1.4677000000000504,[24.17   40.81    0.25   65.      1.4677],[ 1.38339165 -0.81917962  0.          0.         -0.53511825],3
24.17,41.37,0.25,65.0,1.6752000000000633,[24.17   41.37    0.25   65.      1.6752],[ 1.38339165 -0.69473454  0.          0.         -0.49567664],3
24.17,41.43,0.25,65.0,2.832199999999989,[24.17   41.43    0.25   65.      2.8322],[ 1.38339165 -0.68140114  0.          0.         -0.27575405],3
24.17,41.51,0.25,65.0,2.8084500000000108,[24.17    41.51     0.25    65.       2.80845],[ 1.38339165 -0.66362327  0.          0.         -0.28026845],3
24.17,43.0,0.25,65.0,3.7108333333331536,[24.17       43.          0.25       65.          3.71083333],[ 1.38339165 -0.33251047  0.          0.         -0.10874341],3
24.17,44.68,0.25,65.0,1.0082000000001032,[24.17   44.68    0.25   65.      1.0082],[ 1.38339165  0.04082476  0.          0.         -0.62246002],3
24.17,44.7,0.25,65.0,3.2977000000001135,[24.17   44.7     0.25   65.      3.2977],[ 1.38339165  0.04526923  0.          0.         -0.1872718 ],3
24.17,44.71,0.25,65.0,0.36669999999995373,[24.17   44.71    0.25   65.      0.3667],[ 1.38339165  0.04749146  0.          0.         -0.74439635],3
24.17,44.73,0.25,65.0,0.20479999999991852,[24.17   44.73    0.25   65.      0.2048],[ 1.38339165  0.05193593  0.          0.         -0.77517031],3
24.17,44.74,0.25,65.0,1.0082000000001032,[24.17   44.74    0.25   65.      1.0082],[ 1.38339165  0.05415816  0.          0.         -0.62246002],3
24.17,44.75,0.25,65.0,0.5193000000001519,[24.17   44.75    0.25   65.      0.5193],[ 1.38339165  0.0563804   0.          0.         -0.71539014],3
24.17,44.76,0.25,65.0,0.8534333333331149,[24.17       44.76        0.25       65.          0.85343333],[ 1.38339165  0.05860263  0.          0.         -0.65187807],3
24.17,45.06,0.25,65.0,14.526049999999314,[24.17    45.06     0.25    65.      14.52605],[1.38339165 0.12526963 0.         0.         1.94701324],1
24.17,45.6,0.25,65.0,0.8320499999999531,[24.17    45.6      0.25    65.       0.83205],[ 1.38339165  0.24527025  0.          0.         -0.65594261],3
24.17,45.61,0.25,65.0,5.088049999999812,[24.17    45.61     0.25    65.       5.08805],[1.38339165 0.24749248 0.         0.         0.15303797],3
24.17,47.76,0.25,65.0,1.051249999999901,[24.17    47.76     0.25    65.       1.05125],[ 1.38339165  0.72527269  0.          0.         -0.61427707],3
24.17,47.89,0.25,65.0,0.021700000000041245,[2.417e+01 4.789e+01 2.500e-01 6.500e+01 2.170e-02],[ 1.38339165  0.75416172  0.          0.         -0.80997396],3
24.17,48.09,0.25,65.0,18.301249999999037,[24.17    48.09     0.25    65.      18.30125],[1.38339165 0.7986064  0.         0.         2.66460335],1
24.17,51.5,0.25,65.0,0.02419999999998099,[2.417e+01 5.150e+01 2.500e-01 6.500e+01 2.420e-02],[ 1.38339165  1.55638803  0.          0.         -0.80949876],3
24.19,40.43,0.25,65.0,13.676450000000095,[24.19    40.43     0.25    65.      13.67645],[ 1.42533755 -0.90362449  0.          0.          1.78552125],1
24.19,41.5,0.25,65.0,3.1500500000002627,[24.19    41.5      0.25    65.       3.15005],[ 1.42533755 -0.6658455   0.          0.         -0.21533712],3
24.19,42.6,0.25,65.0,0.5831999999999214,[24.19   42.6     0.25   65.      0.5832],[ 1.42533755 -0.42139981  0.          0.         -0.70324403],3
24.19,42.8,0.25,65.0,5.780000000000309,[24.19 42.8   0.25 65.    5.78],[ 1.42533755 -0.37695514  0.          0.          0.28456384],1
24.19,42.84,0.25,65.0,0.19613333333328656,[24.19       42.84        0.25       65.          0.19613333],[ 1.42533755 -0.36806621  0.          0.         -0.77681767],3
24.19,44.69,0.25,65.0,1.2089333333334027,[24.19       44.69        0.25       65.          1.20893333],[ 1.42533755  0.04304699  0.          0.         -0.58430462],3
24.19,44.7,0.25,65.0,0.530450000000089,[24.19    44.7      0.25    65.       0.53045],[ 1.42533755  0.04526923  0.          0.         -0.71327075],3
24.19,44.71,0.25,65.0,0.17405000000001877,[24.19    44.71     0.25    65.       0.17405],[ 1.42533755  0.04749146  0.          0.         -0.78101527],3
24.19,44.74,0.25,65.0,9.63604999999994,[24.19    44.74     0.25    65.       9.63605],[1.42533755 0.05415816 0.         0.         1.01752192],1
24.19,44.79,0.25,65.0,0.03644999999999509,[2.419e+01 4.479e+01 2.500e-01 6.500e+01 3.645e-02],[ 1.42533755  0.06526933  0.          0.         -0.80717028],3
24.19,45.6,0.25,65.0,0.49005000000012156,[24.19    45.6      0.25    65.       0.49005],[ 1.42533755  0.24527025  0.          0.         -0.72094998],3
24.19,47.68,0.25,65.0,0.387200000000096,[24.19   47.68    0.25   65.      0.3872],[ 1.42533755  0.70749482  0.          0.         -0.74049971],3
24.19,47.75,0.25,65.0,0.5408000000003169,[24.19   47.75    0.25   65.      0.5408],[ 1.42533755  0.72305045  0.          0.         -0.71130342],3
24.19,47.78,0.25,65.0,1.3121999999998233,[24.19   47.78    0.25   65.      1.3122],[ 1.42533755  0.72971716  0.          0.         -0.56467569],3
24.19,49.79,0.25,65.0,0.026450000000004182,[2.419e+01 4.979e+01 2.500e-01 6.500e+01 2.645e-02],[ 1.42533755  1.1763861   0.          0.         -0.80907108],3
24.19,51.68,0.25,65.0,2.952450000000431,[24.19    51.68     0.25    65.       2.95245],[ 1.42533755  1.59638823  0.          0.         -0.25289693],3
24.2,39.82,0.25,65.0,0.7564500000000224,[24.2     39.82     0.25    65.       0.75645],[ 1.4463105  -1.03918074  0.          0.         -0.67031266],3
24.2,40.3,0.25,65.0,6.020449999999503,[24.2     40.3      0.25    65.       6.02045],[ 1.4463105  -0.93251353  0.          0.          0.33026859],1
24.2,40.69,0.25,65.0,1.6561999999996773,[24.2    40.69    0.25   65.      1.6562],[ 1.4463105  -0.84584642  0.          0.         -0.49928816],3
24.2,40.93,0.25,65.0,0.387200000000096,[24.2    40.93    0.25   65.      0.3872],[ 1.4463105  -0.79251281  0.          0.         -0.74049971],3
24.2,41.4,0.25,65.0,8.04005000000042,[24.2     41.4      0.25    65.       8.04005],[ 1.4463105  -0.68806784  0.          0.          0.7141542 ],1
24.2,42.88,0.25,65.0,0.2888000000000795,[24.2    42.88    0.25   65.      0.2888],[ 1.4463105  -0.35917728  0.          0.         -0.75920359],3
24.2,44.72,0.25,65.0,8.24179999999978,[24.2    44.72    0.25   65.      8.2418],[1.4463105  0.04971369 0.         0.         0.75250285],1
24.2,44.74,0.25,65.0,5.577800000000486,[24.2    44.74    0.25   65.      5.5778],[1.4463105  0.05415816 0.         0.         0.24612966],1
24.2,44.78,0.25,65.0,2.0350333333335198,[24.2        44.78        0.25       65.          2.03503333],[ 1.4463105   0.0630471   0.          0.         -0.42727951],3
24.2,45.05,0.25,65.0,0.8710333333331912,[24.2        45.05        0.25       65.          0.87103333],[ 1.4463105   0.1230474   0.          0.         -0.64853266],3
24.2,45.09,0.25,65.0,0.2520500000000258,[24.2     45.09     0.25    65.       0.25205],[ 1.4463105   0.13193634  0.          0.         -0.76618903],3
24.2,45.33,0.25,65.0,15.40125000000101,[24.2     45.33     0.25    65.      15.40125],[1.4463105  0.18526994 0.         0.         2.11337128],1
24.2,48.33,0.25,65.0,14.418449999999414,[24.2     48.33     0.25    65.      14.41845],[1.4463105  0.85194    0.         0.         1.92656063],1
24.2,48.34,0.25,65.0,7.801250000000628,[24.2     48.34     0.25    65.       7.80125],[1.4463105  0.85416223 0.         0.         0.66876309],1
24.2,49.9,0.25,65.0,1.6388666666668747,[24.2        49.9         0.25       65.          1.63886667],[ 1.4463105   1.20083066  0.          0.         -0.50258288],3
24.2,50.44,0.25,65.0,0.9940499999999551,[24.2     50.44     0.25    65.       0.99405],[ 1.4463105   1.32083128  0.          0.         -0.62514965],3
24.2,51.33,0.25,65.0,16.191433333333173,[24.2        51.33        0.25       65.         16.19143333],[1.4463105  1.51861006 0.         0.         2.26356935],1
24.2,51.41,0.25,65.0,0.9752916666668994,[24.2        51.41        0.25       65.          0.97529167],[ 1.4463105   1.53638793  0.          0.         -0.62871523],3
24.21,39.41,0.25,65.0,0.5269333333334056,[24.21       39.41        0.25       65.          0.52693333],[ 1.46728345 -1.13029231  0.          0.         -0.7139392 ],3
24.21,39.85,0.25,65.0,1.6200000000000205,[24.21 39.85  0.25 65.    1.62],[ 1.46728345 -1.03251404  0.          0.         -0.50616906],3
24.21,40.24,0.25,65.0,0.016199999999980765,[2.421e+01 4.024e+01 2.500e-01 6.500e+01 1.620e-02],[ 1.46728345 -0.94584693  0.          0.         -0.8110194 ],3
24.21,40.27,0.25,65.0,2.5537999999999794,[24.21   40.27    0.25   65.      2.5538],[ 1.46728345 -0.93918023  0.          0.         -0.32867233],3
24.21,40.64,0.25,65.0,1.110050000000183,[24.21    40.64     0.25    65.       1.11005],[ 1.46728345 -0.85695759  0.          0.         -0.60310037],3
24.21,40.67,0.25,65.0,1.125,[24.21  40.67   0.25  65.     1.125],[ 1.46728345 -0.85029089  0.          0.         -0.60025867],3
24.21,40.9,0.25,65.0,6.516049999999228,[24.21    40.9      0.25    65.       6.51605],[ 1.46728345 -0.79917952  0.          0.          0.42447225],1
24.21,41.02,0.25,65.0,0.2380499999999592,[24.21    41.02     0.25    65.       0.23805],[ 1.46728345 -0.77251271  0.          0.         -0.76885015],3
24.21,41.09,0.25,65.0,0.08404999999994034,[24.21    41.09     0.25    65.       0.08405],[ 1.46728345 -0.75695708  0.          0.         -0.79812247],3
24.21,41.4,0.25,65.0,0.018050000000010367,[2.421e+01 4.140e+01 2.500e-01 6.500e+01 1.805e-02],[ 1.46728345 -0.68806784  0.          0.         -0.81066775],3
24.21,42.74,0.25,65.0,0.5,[24.21 42.74  0.25 65.    0.5 ],[ 1.46728345 -0.39028855  0.          0.         -0.71905869],3
24.21,42.79,0.25,65.0,4.774050000000449,[24.21    42.79     0.25    65.       4.77405],[ 1.46728345 -0.37917738  0.          0.          0.09335284],1
24.21,44.71,0.25,65.0,11.524900000000427,[24.21   44.71    0.25   65.     11.5249],[1.46728345 0.04749146 0.         0.         1.37655458],1
24.21,44.74,0.25,65.0,2.962633333333076,[24.21       44.74        0.25       65.          2.96263333],[ 1.46728345  0.05415816  0.          0.         -0.25096128],3
24.21,44.79,0.25,65.0,14.58000000000049,[24.21 44.79  0.25 65.   14.58],[1.46728345 0.06526933 0.         0.         1.95726806],1
24.21,44.8,0.25,65.0,13.624200000000735,[24.21   44.8     0.25   65.     13.6242],[1.46728345 0.06749156 0.         0.         1.77558957],1
24.21,44.87,0.25,65.0,0.001249999999992042,[2.421e+01 4.487e+01 2.500e-01 6.500e+01 1.250e-03],[ 1.46728345  0.0830472   0.          0.         -0.8138611 ],3
24.21,45.03,0.25,65.0,4.9999999998772184e-05,[2.421e+01 4.503e+01 2.500e-01 6.500e+01 5.000e-05],[ 1.46728345  0.11860293  0.          0.         -0.81408919],3
24.21,47.79,0.25,65.0,18.605000000001525,[24.21  47.79   0.25  65.    18.605],[1.46728345 0.73193939 0.         0.         2.72234016],1
24.21,47.98,0.25,65.0,0.0012500000000034107,[2.421e+01 4.798e+01 2.500e-01 6.500e+01 1.250e-03],[ 1.46728345  0.77416183  0.          0.         -0.8138611 ],3
24.21,49.93,0.25,65.0,0.5512500000000716,[24.21    49.93     0.25    65.       0.55125],[ 1.46728345  1.20749737  0.          0.         -0.70931708],3
24.21,50.25,0.25,65.0,2.3112500000001956,[24.21    50.25     0.25    65.       2.31125],[ 1.46728345  1.27860884  0.          0.         -0.37477624],3
24.21,51.36,0.25,65.0,0.15125000000003752,[24.21    51.36     0.25    65.       0.15125],[ 1.46728345  1.52527676  0.          0.         -0.78534909],3
24.23,39.33,0.25,65.0,18.0,[24.23 39.33  0.25 65.   18.  ],[ 1.50922935 -1.14807018  0.          0.          2.60734174],1
24.23,39.93,0.25,65.0,1.022449999999847,[24.23    39.93     0.25    65.       1.02245],[ 1.50922935 -1.01473617  0.          0.         -0.61975138],3
24.23,40.24,0.25,65.0,0.36125000000021257,[24.23    40.24     0.25    65.       0.36125],[ 1.50922935 -0.94584693  0.          0.         -0.74543229],3
24.23,40.28,0.25,65.0,13.261250000000468,[24.23    40.28     0.25    65.      13.26125],[ 1.50922935 -0.93695799  0.          0.          1.70660003],1
24.23,40.39,0.25,65.0,0.04204999999998945,[2.423e+01 4.039e+01 2.500e-01 6.500e+01 4.205e-02],[ 1.50922935 -0.91251343  0.          0.         -0.80610583],3
24.23,41.43,0.25,65.0,1.2324500000000784,[24.23    41.43     0.25    65.       1.23245],[ 1.50922935 -0.68140114  0.          0.         -0.57983457],3
24.23,41.45,0.25,65.0,13.107199999999441,[24.23   41.45    0.25   65.     13.1072],[ 1.50922935 -0.67695667  0.          0.          1.6773182 ],1
24.23,42.83,0.25,65.0,1.8240500000003734,[24.23    42.83     0.25    65.       1.82405],[ 1.50922935 -0.37028844  0.          0.         -0.46738323],3
24.23,42.87,0.25,65.0,8.0,[24.23 42.87  0.25 65.    8.  ],[ 1.50922935 -0.36139951  0.          0.          0.7065415 ],1
24.23,44.79,0.25,65.0,11.907200000000532,[24.23   44.79    0.25   65.     11.9072],[1.50922935 0.06526933 0.         0.         1.44922217],1
24.23,44.83,0.25,65.0,0.0007999999999985448,[2.423e+01 4.483e+01 2.500e-01 6.500e+01 8.000e-04],[ 1.50922935  0.07415826  0.          0.         -0.81394663],3
24.23,44.91,0.25,65.0,3.2591999999997308,[24.23   44.91    0.25   65.      3.2592],[ 1.50922935  0.09193613  0.          0.         -0.19458988],3
24.23,44.96,0.25,65.0,15.79253333333411,[24.23       44.96        0.25       65.         15.79253333],[1.50922935 0.1030473  0.         0.         2.18774643],1
24.23,45.37,0.25,65.0,3.0258000000000895,[24.23   45.37    0.25   65.      3.0258],[ 1.50922935  0.19415887  0.          0.         -0.23895456],3
24.23,48.01,0.25,65.0,1.6200000000001227,[24.23 48.01  0.25 65.    1.62],[ 1.50922935  0.78082853  0.          0.         -0.50616906],3
24.23,49.88,0.25,65.0,9.382599999999991,[24.23   49.88    0.25   65.      9.3826],[1.50922935 1.1963862  0.         0.         0.96934614],1
24.23,51.3,0.25,65.0,7.675600000000681,[24.23   51.3     0.25   65.      7.6756],[1.50922935 1.51194336 0.         0.         0.64487954],1
24.23,51.32,0.25,65.0,14.905800000000198,[24.23   51.32    0.25   65.     14.9058],[1.50922935 1.51638783 0.         0.         2.01919613],1
24.23,51.36,0.25,65.0,2.7848000000003004,[24.23   51.36    0.25   65.      2.7848],[ 1.50922935  1.52527676  0.          0.         -0.28476385],3
24.24,39.24,0.25,65.0,4.560199999999945,[24.24   39.24    0.25   65.      4.5602],[ 1.5302023  -1.16807028  0.          0.          0.05270423],1
24.24,39.32,0.25,65.0,0.03379999999999764,[2.424e+01 3.932e+01 2.500e-01 6.500e+01 3.380e-02],[ 1.5302023  -1.15029241  0.          0.         -0.80767399],3
24.24,39.38,0.25,65.0,1.602049999999935,[24.24    39.38     0.25    65.       1.60205],[ 1.5302023  -1.13695901  0.          0.         -0.50958099],3
24.24,40.2,0.25,65.0,7.920200000000072,[24.24   40.2     0.25   65.      7.9202],[ 1.5302023  -0.95473586  0.          0.          0.69137311],1
24.24,40.31,0.25,65.0,0.0024500000000035015,[2.424e+01 4.031e+01 2.500e-01 6.500e+01 2.450e-03],[ 1.5302023  -0.93029129  0.          0.         -0.813633  ],3
24.24,41.33,0.25,65.0,12.832133333333406,[24.24       41.33        0.25       65.         12.83213333],[ 1.5302023  -0.70362347  0.          0.          1.62503352],1
24.24,41.4,0.25,65.0,2.8811999999997906,[24.24   41.4     0.25   65.      2.8812],[ 1.5302023  -0.68806784  0.          0.         -0.26644013],3
24.24,42.36,0.25,65.0,2.5538000000002365,[24.24   42.36    0.25   65.      2.5538],[ 1.5302023  -0.47473342  0.          0.         -0.32867233],3
24.24,42.45,0.25,65.0,9.461249999999604,[24.24    42.45     0.25    65.       9.46125],[ 1.5302023  -0.45473332  0.          0.          0.98429593],1
24.24,42.52,0.25,65.0,1.080449999999873,[24.24    42.52     0.25    65.       1.08045],[ 1.5302023  -0.43917768  0.          0.         -0.60872674],3
24.24,47.95,0.25,65.0,0.4324500000001649,[24.24    47.95     0.25    65.       0.43245],[ 1.5302023   0.76749513  0.          0.         -0.73189859],3
24.24,48.0,0.25,65.0,0.6612500000001046,[24.24    48.       0.25    65.       0.66125],[ 1.5302023   0.77860629  0.          0.         -0.68840828],3
24.24,48.12,0.25,65.0,0.08000000000003638,[24.24 48.12  0.25 65.    0.08],[ 1.5302023  0.8052731  0.         0.        -0.7988923],3
24.24,48.95,0.25,65.0,9.504800000000555,[24.24   48.95    0.25   65.      9.5048],[1.5302023  0.98971848 0.         0.         0.99257392],1
24.24,49.89,0.25,65.0,4.8279583333333935,[24.24       49.89        0.25       65.          4.82795833],[1.5302023  1.19860843 0.         0.         0.10359974],3
24.24,50.0,0.25,65.0,9.63604999999994,[24.24    50.       0.25    65.       9.63605],[1.5302023  1.223053   0.         0.         1.01752192],1
24.24,50.03,0.25,65.0,1.9800499999997918,[24.24    50.03     0.25    65.       1.98005],[ 1.5302023   1.2297197   0.          0.         -0.43773074],3
24.24,50.17,0.25,65.0,0.18605000000007768,[24.24    50.17     0.25    65.       0.18605],[ 1.5302023   1.26083097  0.          0.         -0.77873431],3
24.24,51.27,0.25,65.0,0.20479999999991852,[24.24   51.27    0.25   65.      0.2048],[ 1.5302023   1.50527666  0.          0.         -0.77517031],3
24.24,51.3,0.25,65.0,0.7938000000001317,[24.24   51.3     0.25   65.      0.7938],[ 1.5302023   1.51194336  0.          0.         -0.66321317],3
24.24,51.36,0.25,65.0,5.28125,[24.24    51.36     0.25    65.       5.28125],[1.5302023  1.52527676 0.         0.         0.18976143],3
24.26,39.23,0.25,65.0,13.953100000000267,[24.26   39.23    0.25   65.     13.9531],[ 1.57214819 -1.17029252  0.          0.          1.83810689],1
24.26,39.26,0.25,65.0,2.7377999999999414,[24.26   39.26    0.25   65.      2.7378],[ 1.57214819 -1.16362581  0.          0.         -0.29369761],1
24.26,39.27,0.25,65.0,7.428899999999993,[24.26   39.27    0.25   65.      7.4289],[ 1.57214819 -1.16140358  0.          0.          0.5979868 ],1
24.26,39.29,0.25,65.0,1.4465583333333274,[24.26       39.29        0.25       65.          1.44655833],[ 1.57214819 -1.15695911  0.          0.         -0.53913685],3
24.26,39.31,0.25,65.0,2.911470000000118,[24.26    39.31     0.25    65.       2.91147],[ 1.57214819 -1.15251465  0.          0.         -0.26068641],1
24.26,39.54,0.25,65.0,1.4964500000000314,[24.26    39.54     0.25    65.       1.49645],[ 1.57214819 -1.10140328  0.          0.         -0.52965344],3
24.26,40.01,0.25,65.0,0.7442000000000333,[24.26   40.01    0.25   65.      0.7442],[ 1.57214819 -0.9969583   0.          0.         -0.67264114],3
24.26,40.22,0.25,65.0,0.8580499999999285,[24.26    40.22     0.25    65.       0.85805],[ 1.57214819 -0.9502914   0.          0.         -0.65100053],3
24.26,40.28,0.25,65.0,4.532033333333345,[24.26       40.28        0.25       65.          4.53203333],[ 1.57214819 -0.93695799  0.          0.          0.04735031],1
24.26,40.3,0.25,65.0,2.1217999999998876,[24.26   40.3     0.25   65.      2.1218],[ 1.57214819 -0.93251353  0.          0.         -0.4107869 ],3
24.26,40.72,0.25,65.0,0.04500000000002046,[2.426e+01 4.072e+01 2.500e-01 6.500e+01 4.500e-02],[ 1.57214819 -0.83917972  0.          0.         -0.8055451 ],3
24.26,40.75,0.25,65.0,10.534050000000668,[24.26    40.75     0.25    65.      10.53405],[ 1.57214819 -0.83251302  0.          0.          1.18821378],1
24.26,41.22,0.25,65.0,9.6800000000004,[24.26 41.22  0.25 65.    9.68],[ 1.57214819 -0.72806804  0.          0.          1.02587594],1
24.26,41.25,0.25,65.0,3.7514333333334493,[24.26       41.25        0.25       65.          3.75143333],[ 1.57214819 -0.72140134  0.          0.         -0.10102616],1
24.26,41.3,0.25,65.0,2.235433333333175,[24.26       41.3         0.25       65.          2.23543333],[ 1.57214819 -0.71029017  0.          0.         -0.38918747],3
24.26,41.31,0.25,65.0,3.763599999999902,[24.26   41.31    0.25   65.      3.7636],[ 1.57214819 -0.70806794  0.          0.         -0.09871352],1
24.26,41.33,0.25,65.0,16.994449999999574,[24.26    41.33     0.25    65.      16.99445],[ 1.57214819 -0.70362347  0.          0.          2.41620678],1
24.26,41.39,0.25,65.0,12.700799999999816,[24.26   41.39    0.25   65.     12.7008],[ 1.57214819 -0.69029007  0.          0.          1.60006968],1
24.26,41.44,0.25,65.0,5.885366666666201,[24.26       41.44        0.25       65.          5.88536667],[ 1.57214819 -0.6791789   0.          0.          0.30459194],1
24.26,42.28,0.25,65.0,0.051200000000052384,[2.426e+01 4.228e+01 2.500e-01 6.500e+01 5.120e-02],[ 1.57214819 -0.49251129  0.          0.         -0.8043666 ],3
24.26,42.71,0.25,65.0,0.17404999999988463,[24.26    42.71     0.25    65.       0.17405],[ 1.57214819 -0.39695525  0.          0.         -0.78101527],3
24.26,44.78,0.25,65.0,4.176050000000617,[24.26    44.78     0.25    65.       4.17605],[ 1.57214819  0.0630471   0.          0.         -0.02031501],3
24.26,44.81,0.25,65.0,2.755433333333424,[24.26       44.81        0.25       65.          2.75543333],[ 1.57214819  0.0697138   0.          0.         -0.29034586],3
24.26,44.88,0.25,65.0,1.0658000000000531,[24.26   44.88    0.25   65.      1.0658],[ 1.57214819  0.08526943  0.          0.         -0.61151141],3
24.26,45.08,0.25,65.0,0.296449999999986,[24.26    45.08     0.25    65.       0.29645],[ 1.57214819  0.1297141   0.          0.         -0.75774947],3
24.26,45.11,0.25,65.0,0.03644999999999509,[2.426e+01 4.511e+01 2.500e-01 6.500e+01 3.645e-02],[ 1.57214819  0.1363808   0.          0.         -0.80717028],3
24.26,45.12,0.25,65.0,3.0038249999998765,[24.26     45.12      0.25     65.        3.003825],[ 1.57214819  0.13860304  0.          0.         -0.24313157],3
24.26,45.14,0.25,65.0,0.05780000000001082,[2.426e+01 4.514e+01 2.500e-01 6.500e+01 5.780e-02],[ 1.57214819  0.1430475   0.          0.         -0.80311207],3
24.26,45.16,0.25,65.0,0.36980000000001173,[24.26   45.16    0.25   65.      0.3698],[ 1.57214819  0.14749197  0.          0.         -0.7438071 ],3
24.26,45.32,0.25,65.0,12.5,[24.26 45.32  0.25 65.   12.5 ],[1.57214819 0.18304771 0.         0.         1.56190161],1
24.26,45.37,0.25,65.0,6.230450000000706,[24.26    45.37     0.25    65.       6.23045],[1.57214819 0.19415887 0.         0.         0.37018539],1
24.26,45.54,0.25,65.0,1.6927999999996401,[24.26   45.54    0.25   65.      1.6928],[ 1.57214819  0.23193684  0.          0.         -0.49233123],3
24.26,50.07,0.25,65.0,1.7860499999997594,[24.26    50.07     0.25    65.       1.78605],[ 1.57214819  1.23860863  0.          0.         -0.47460627],3
24.27,39.14,0.25,65.0,4.004449999999955,[24.27    39.14     0.25    65.       4.00445],[ 1.59312114 -1.19029262  0.          0.         -0.05293274],1
24.27,39.18,0.25,65.0,0.026450000000004182,[2.427e+01 3.918e+01 2.500e-01 6.500e+01 2.645e-02],[ 1.59312114 -1.18140368  0.          0.         -0.80907108],3
24.27,39.22,0.25,65.0,1.425633333333287,[24.27       39.22        0.25       65.          1.42563333],[ 1.59312114 -1.17251475  0.          0.         -0.54311428],3
24.27,39.24,0.25,65.0,12.420966666666777,[24.27       39.24        0.25       65.         12.42096667],[ 1.59312114 -1.16807028  0.          0.          1.54687895],1
24.27,39.27,0.25,65.0,2.880400000000212,[24.27   39.27    0.25   65.      2.8804],[ 1.59312114 -1.16140358  0.          0.         -0.26659219],1
24.27,39.31,0.25,65.0,6.265799999999871,[24.27   39.31    0.25   65.      6.2658],[ 1.59312114 -1.15251465  0.          0.          0.37690472],1
24.27,39.67,0.25,65.0,0.0024500000000074805,[2.427e+01 3.967e+01 2.500e-01 6.500e+01 2.450e-03],[ 1.59312114 -1.07251424  0.          0.         -0.813633  ],3
24.27,40.6,0.25,65.0,0.33619999999985456,[24.27   40.6     0.25   65.      0.3362],[ 1.59312114 -0.86584652  0.          0.         -0.75019379],3
24.27,40.64,0.25,65.0,5.184200000000454,[24.27   40.64    0.25   65.      5.1842],[ 1.59312114 -0.85695759  0.          0.          0.17131417],1
24.27,40.83,0.25,65.0,2.4420500000000804,[24.27    40.83     0.25    65.       2.44205],[ 1.59312114 -0.81473515  0.          0.         -0.34991377],3
24.27,41.24,0.25,65.0,9.990449999999614,[24.27    41.24     0.25    65.       9.99045],[ 1.59312114 -0.72362358  0.          0.          1.08488628],1
24.27,41.31,0.25,65.0,2.2260500000002685,[24.27    41.31     0.25    65.       2.22605],[ 1.59312114 -0.70806794  0.          0.         -0.39097106],3
24.27,41.35,0.25,65.0,1.1400500000001579,[24.27    41.35     0.25    65.       1.14005],[ 1.59312114 -0.69917901  0.          0.         -0.59739797],3
24.27,41.44,0.25,65.0,4.14742500000025,[24.27     41.44      0.25     65.        4.147425],[ 1.59312114 -0.6791789   0.          0.         -0.02575605],1
24.27,41.5,0.25,65.0,8.284133333334085,[24.27       41.5         0.25       65.          8.28413333],[ 1.59312114 -0.6658455   0.          0.          0.76054957],1
24.27,42.3,0.25,65.0,1.53125,[24.27    42.3      0.25    65.       1.53125],[ 1.59312114 -0.48806682  0.          0.         -0.52303866],3
24.27,42.43,0.25,65.0,0.4512499999999352,[24.27    42.43     0.25    65.       0.45125],[ 1.59312114 -0.45917778  0.          0.         -0.72832509],3
24.27,42.46,0.25,65.0,0.6962000000002093,[24.27   42.46    0.25   65.      0.6962],[ 1.59312114 -0.45251108  0.          0.         -0.68176498],3
24.27,42.47,0.25,65.0,8.652799999999395,[24.27   42.47    0.25   65.      8.6528],[ 1.59312114 -0.45028885  0.          0.          0.83062574],1
24.27,44.81,0.25,65.0,3.2004500000005063,[24.27    44.81     0.25    65.       3.20045],[ 1.59312114  0.0697138   0.          0.         -0.20575708],3
24.27,45.1,0.25,65.0,0.12713333333338175,[24.27       45.1         0.25       65.          0.12713333],[ 1.59312114  0.13415857  0.          0.         -0.78993319],3
24.27,45.13,0.25,65.0,19.880099999999906,[24.27   45.13    0.25   65.     19.8801],[1.59312114 0.14082527 0.         0.         2.9647112 ],1
24.27,45.17,0.25,65.0,5.389200000000518,[24.27   45.17    0.25   65.      5.3892],[1.59312114 0.1497142  0.         0.         0.21028057],1
24.27,45.29,0.25,65.0,0.4512499999999352,[24.27    45.29     0.25    65.       0.45125],[ 1.59312114  0.17638101  0.          0.         -0.72832509],3
24.27,45.61,0.25,65.0,0.14580000000004176,[24.27   45.61    0.25   65.      0.1458],[ 1.59312114  0.24749248  0.          0.         -0.78638503],3
24.27,49.77,0.25,65.0,0.720000000000191,[24.27 49.77  0.25 65.    0.72],[ 1.59312114  1.17194163  0.          0.         -0.67724108],3
24.27,50.2,0.25,65.0,0.10124999999991814,[24.27    50.2      0.25    65.       0.10125],[ 1.59312114  1.26749767  0.          0.         -0.7948531 ],3
24.29,39.15,0.25,65.0,0.02205000000000764,[2.429e+01 3.915e+01 2.500e-01 6.500e+01 2.205e-02],[ 1.63506704 -1.18807038  0.          0.         -0.80990743],3
24.29,39.22,0.25,65.0,2.073900000000078,[24.29   39.22    0.25   65.      2.0739],[ 1.63506704 -1.17251475  0.          0.         -0.41989173],3
24.29,39.26,0.25,65.0,0.046491666666667174,"[2.42900000e+01 3.92600000e+01 2.50000000e-01 6.50000000e+01
 4.64916667e-02]",[ 1.63506704 -1.16362581  0.          0.         -0.80526156],3
24.29,39.27,0.25,65.0,0.3726999999999789,[24.29   39.27    0.25   65.      0.3727],[ 1.63506704 -1.16140358  0.          0.         -0.74325587],3
24.29,39.3,0.25,65.0,0.6372700000000627,[24.29    39.3      0.25    65.       0.63727],[ 1.63506704 -1.15473688  0.          0.         -0.6929664 ],3
24.29,39.35,0.25,65.0,1.8049999999998487,[24.29  39.35   0.25  65.     1.805],[ 1.63506704 -1.14362571  0.          0.         -0.47100425],3
24.29,39.39,0.25,65.0,0.06480000000002538,[2.429e+01 3.939e+01 2.500e-01 6.500e+01 6.480e-02],[ 1.63506704 -1.13473678  0.          0.         -0.80178151],3
24.29,39.44,0.25,65.0,0.0577999999999915,[2.429e+01 3.944e+01 2.500e-01 6.500e+01 5.780e-02],[ 1.63506704 -1.12362561  0.          0.         -0.80311207],3
24.29,39.45,0.25,65.0,3.8364499999999495,[24.29    39.45     0.25    65.       3.83645],[ 1.63506704 -1.12140338  0.          0.         -0.08486619],1
24.29,39.49,0.25,65.0,1.7484500000001149,[24.29    39.49     0.25    65.       1.74845],[ 1.63506704 -1.11251444  0.          0.         -0.48175328],3
24.29,39.64,0.25,65.0,0.7310333333332145,[24.29       39.64        0.25       65.          0.73103333],[ 1.63506704 -1.07918094  0.          0.         -0.67514386],3
24.29,40.28,0.25,65.0,0.06844999999998065,[24.29    40.28     0.25    65.       0.06845],[ 1.63506704 -0.93695799  0.          0.         -0.80108772],3
24.29,40.78,0.25,65.0,4.432633333333605,[24.29       40.78        0.25       65.          4.43263333],[ 1.63506704 -0.82584632  0.          0.          0.02845636],1
24.29,42.2,0.25,65.0,2.6220499999999167,[24.29    42.2      0.25    65.       2.62205],[ 1.63506704 -0.51028916  0.          0.         -0.31569937],3
24.29,42.65,0.25,65.0,3.8920499999998985,[24.29    42.65     0.25    65.       3.89205],[ 1.63506704 -0.41028865  0.          0.         -0.07429774],1
24.29,44.74,0.25,65.0,0.41404999999997105,[24.29    44.74     0.25    65.       0.41405],[ 1.63506704  0.05415816  0.          0.         -0.73539606],3
24.29,44.78,0.25,65.0,0.5,[24.29 44.78  0.25 65.    0.5 ],[ 1.63506704  0.0630471   0.          0.         -0.71905869],3
24.29,44.86,0.25,65.0,18.052233333333533,[24.29       44.86        0.25       65.         18.05223333],[1.63506704 0.08082496 0.         0.         2.61727026],1
24.29,45.12,0.25,65.0,7.452758333333363,[24.29       45.12        0.25       65.          7.45275833],[1.63506704 0.13860304 0.         0.         0.60252179],1
24.29,45.17,0.25,65.0,9.810466666667097,[24.29       45.17        0.25       65.          9.81046667],[1.63506704 0.1497142  0.         0.         1.05067505],1
24.29,45.21,0.25,65.0,8.078799999999898,[24.29   45.21    0.25   65.      8.0788],[1.63506704 0.15860314 0.         0.         0.7215198 ],1
24.29,45.22,0.25,65.0,0.918099999999855,[24.29   45.22    0.25   65.      0.9181],[ 1.63506704  0.16082537  0.          0.         -0.63958623],3
24.29,45.44,0.25,65.0,3.432200000000012,[24.29   45.44    0.25   65.      3.4322],[ 1.63506704  0.20971451  0.          0.         -0.16170604],3
24.29,45.49,0.25,65.0,0.27380000000009086,[24.29   45.49    0.25   65.      0.2738],[ 1.63506704  0.22082568  0.          0.         -0.76205479],3
24.29,48.08,0.25,65.0,0.8064499999999769,[24.29    48.08     0.25    65.       0.80645],[ 1.63506704  0.79638416  0.          0.         -0.66080866],3
24.29,49.81,0.25,65.0,0.004050000000002865,[2.429e+01 4.981e+01 2.500e-01 6.500e+01 4.050e-03],[ 1.63506704  1.18083056  0.          0.         -0.81332887],3
24.29,50.12,0.25,65.0,3.6180500000001468,[24.29    50.12     0.25    65.       3.61805],[ 1.63506704  1.2497198   0.          0.         -0.12637966],3
24.3,39.22,0.25,65.0,0.00044999999999918147,[2.430e+01 3.922e+01 2.500e-01 6.500e+01 4.500e-04],[ 1.65603999 -1.17251475  0.          0.         -0.81401316],3
24.3,39.26,0.25,65.0,0.009800000000006049,[2.430e+01 3.926e+01 2.500e-01 6.500e+01 9.800e-03],[ 1.65603999 -1.16362581  0.          0.         -0.81223591],3
24.3,39.29,0.25,65.0,0.2738000000000067,[24.3    39.29    0.25   65.      0.2738],[ 1.65603999 -1.15695911  0.          0.         -0.76205479],3
24.3,39.3,0.25,65.0,0.17404999999998524,[24.3     39.3      0.25    65.       0.17405],[ 1.65603999 -1.15473688  0.          0.         -0.78101527],3
24.3,39.31,0.25,65.0,1.105130000000119,[24.3     39.31     0.25    65.       1.10513],[ 1.65603999 -1.15251465  0.          0.         -0.60403556],3
24.3,39.38,0.25,65.0,0.0577999999999915,[2.430e+01 3.938e+01 2.500e-01 6.500e+01 5.780e-02],[ 1.65603999 -1.13695901  0.          0.         -0.80311207],3
24.3,39.45,0.25,65.0,1.6744499999998668,[24.3     39.45     0.25    65.       1.67445],[ 1.65603999 -1.12140338  0.          0.         -0.4958192 ],3
24.3,42.22,0.25,65.0,0.08820000000003056,[24.3    42.22    0.25   65.      0.0882],[ 1.65603999 -0.50584469  0.          0.         -0.79733364],3
24.3,42.4,0.25,65.0,0.008450000000014187,[2.43e+01 4.24e+01 2.50e-01 6.50e+01 8.45e-03],[ 1.65603999 -0.46584449  0.          0.         -0.81249252],3
24.3,44.07,0.25,65.0,5.5864333333337335,[24.3        44.07        0.25       65.          5.58643333],[ 1.65603999 -0.09473149  0.          0.          0.24777069],1
24.3,44.74,0.25,65.0,5.746049999999954,[24.3     44.74     0.25    65.       5.74605],[1.65603999 0.05415816 0.         0.         0.27811063],1
24.3,44.75,0.25,65.0,0.6962000000002093,[24.3    44.75    0.25   65.      0.6962],[ 1.65603999  0.0563804   0.          0.         -0.68176498],3
24.3,44.76,0.25,65.0,2.2150300000001595,[24.3     44.76     0.25    65.       2.21503],[ 1.65603999  0.05860263  0.          0.         -0.39306574],3
24.3,44.79,0.25,65.0,10.780824999998892,[24.3      44.79      0.25     65.       10.780825],[1.65603999 0.06526933 0.         0.         1.23512078],1
24.3,44.81,0.25,65.0,0.02205000000000764,[2.430e+01 4.481e+01 2.500e-01 6.500e+01 2.205e-02],[ 1.65603999  0.0697138   0.          0.         -0.80990743],3
24.3,45.32,0.25,65.0,16.18804999999837,[24.3     45.32     0.25    65.      16.18805],[1.65603999 0.18304771 0.         0.         2.26292624],1
24.3,45.33,0.25,65.0,0.5724500000001752,[24.3     45.33     0.25    65.       0.57245],[ 1.65603999  0.18526994  0.          0.         -0.70528739],3
24.3,48.09,0.25,65.0,0.6049999999999,[24.3   48.09   0.25  65.     0.605],[ 1.65603999  0.7986064   0.          0.         -0.69910028],3
24.3,49.81,0.25,65.0,3.3281999999998124,[24.3    49.81    0.25   65.      3.3282],[ 1.65603999  1.18083056  0.          0.         -0.18147436],3
24.3,49.98,0.25,65.0,19.908049999999655,[24.3     49.98     0.25    65.      19.90805],[1.65603999 1.21860853 0.         0.         2.97002393],1
24.3,50.06,0.25,65.0,0.5940500000001586,[24.3     50.06     0.25    65.       0.59405],[ 1.65603999  1.2363864   0.          0.         -0.70118166],3
24.31,42.49,0.25,65.0,4.530049999999631,[24.31    42.49     0.25    65.       4.53005],[ 1.67701294 -0.44584438  0.          0.          0.04697332],1
24.31,42.52,0.25,65.0,0.5308333333331503,[24.31       42.52        0.25       65.          0.53083333],[ 1.67701294 -0.43917768  0.          0.         -0.71319788],3
24.31,42.53,0.25,65.0,0.6384500000001233,[24.31    42.53     0.25    65.       0.63845],[ 1.67701294 -0.43695545  0.          0.         -0.69274211],3
24.31,42.54,0.25,65.0,17.820449999999486,[24.31    42.54     0.25    65.      17.82045],[ 1.67701294 -0.43473322  0.          0.          2.57321288],1
24.31,42.62,0.25,65.0,16.646449999999895,[24.31    42.62     0.25    65.      16.64645],[ 1.67701294 -0.41695535  0.          0.          2.35005893],1
24.31,44.19,0.25,65.0,6.754899999999707,[24.31   44.19    0.25   65.      6.7549],[ 1.67701294 -0.06806468  0.          0.          0.46987286],1
24.31,44.87,0.25,65.0,1.9404499999998297,[24.31    44.87     0.25    65.       1.94045],[ 1.67701294  0.0830472   0.          0.         -0.44525791],3
24.31,44.91,0.25,65.0,13.939199999999255,[24.31   44.91    0.25   65.     13.9392],[1.67701294 0.09193613 0.         0.         1.83546478],1
24.31,45.32,0.25,65.0,0.03125,[2.431e+01 4.532e+01 2.500e-01 6.500e+01 3.125e-02],[ 1.67701294  0.18304771  0.          0.         -0.8081587 ],3
24.31,45.35,0.25,65.0,1.9800500000002443,[24.31    45.35     0.25    65.       1.98005],[ 1.67701294  0.18971441  0.          0.         -0.43773074],3
24.31,49.74,0.25,65.0,0.6497999999998548,[24.31   49.74    0.25   65.      0.6498],[ 1.67701294  1.16527493  0.          0.         -0.6905847 ],3
24.31,49.77,0.25,65.0,15.472633333333173,[24.31       49.77        0.25       65.         15.47263333],[1.67701294 1.17194163 0.         0.         2.12693983],1
24.31,49.82,0.25,65.0,14.218299999999553,[24.31   49.82    0.25   65.     14.2183],[1.67701294 1.1830528  0.         0.         1.88851612],1
24.31,50.04,0.25,65.0,0.78125,[24.31    50.04     0.25    65.       0.78125],[ 1.67701294  1.23194193  0.          0.         -0.66559868],3
24.31,50.08,0.25,65.0,0.41404999999997105,[24.31    50.08     0.25    65.       0.41405],[ 1.67701294  1.24083087  0.          0.         -0.73539606],3
24.31,50.1,0.25,65.0,12.713033333332866,[24.31       50.1         0.25       65.         12.71303333],[1.67701294 1.24527534 0.         0.         1.60239499],1
24.31,50.18,0.25,65.0,7.014933333333687,[24.31       50.18        0.25       65.          7.01493333],[1.67701294 1.2630532  0.         0.         0.5193    ],1
24.33,40.1,0.25,65.0,11.568049999999738,[24.33    40.1      0.25    65.      11.56805],[ 1.71895884 -0.9769582   0.          0.          1.38475653],1
24.33,40.23,0.25,65.0,0.434799999999881,[24.33   40.23    0.25   65.      0.4348],[ 1.71895884 -0.94806916  0.          0.         -0.7314519 ],3
24.33,40.34,0.25,65.0,7.334450000000374,[24.33    40.34     0.25    65.       7.33445],[ 1.71895884 -0.92362459  0.          0.          0.58003374],1
24.33,42.27,0.25,65.0,0.5407999999999622,[24.33   42.27    0.25   65.      0.5408],[ 1.71895884 -0.49473352  0.          0.         -0.71130342],3
24.33,42.66,0.25,65.0,1.2774999999996175,[24.33   42.66    0.25   65.      1.2775],[ 1.71895884 -0.40806641  0.          0.         -0.57127147],3
24.33,42.74,0.25,65.0,12.550049999999384,[24.33    42.74     0.25    65.      12.55005],[ 1.71895884 -0.39028855  0.          0.          1.57141511],1
24.33,44.2,0.25,65.0,4.5,[24.33 44.2   0.25 65.    4.5 ],[ 1.71895884 -0.06584245  0.          0.          0.04126141],1
24.33,44.77,0.25,65.0,3.570633333333702,[24.33       44.77        0.25       65.          3.57063333],[ 1.71895884  0.06082486  0.          0.         -0.13539263],3
24.33,44.83,0.25,65.0,13.056049999998908,[24.33    44.83     0.25    65.      13.05605],[1.71895884 0.07415826 0.         0.         1.66759561],1
24.33,44.88,0.25,65.0,18.849799999999217,[24.33   44.88    0.25   65.     18.8498],[1.71895884 0.08526943 0.         0.         2.76887175],1
24.33,44.91,0.25,65.0,1.960200000000036,[24.33   44.91    0.25   65.      1.9602],[ 1.71895884  0.09193613  0.          0.         -0.44150383],3
24.33,44.94,0.25,65.0,1.407333333333451,[24.33       44.94        0.25       65.          1.40733333],[ 1.71895884  0.09860283  0.          0.         -0.54659274],3
24.33,45.04,0.25,65.0,3.6720500000000986,[24.33    45.04     0.25    65.       3.67205],[ 1.71895884  0.12082517  0.          0.         -0.11611534],3
24.33,45.24,0.25,65.0,2.1217999999998876,[24.33   45.24    0.25   65.      2.1218],[ 1.71895884  0.16526984  0.          0.         -0.4107869 ],3
24.33,45.4,0.25,65.0,17.11124999999947,[24.33    45.4      0.25    65.      17.11125],[1.71895884 0.20082557 0.         0.         2.43840812],1
24.33,45.5,0.25,65.0,0.048049999999983085,[2.433e+01 4.550e+01 2.500e-01 6.500e+01 4.805e-02],[ 1.71895884  0.22304791  0.          0.         -0.80496535],3
24.33,45.88,0.25,65.0,0.04204999999998945,[2.433e+01 4.588e+01 2.500e-01 6.500e+01 4.205e-02],[ 1.71895884  0.30749278  0.          0.         -0.80610583],3
24.33,49.81,0.25,65.0,5.088050000000174,[24.33    49.81     0.25    65.       5.08805],[1.71895884 1.18083056 0.         0.         0.15303797],3
24.33,50.06,0.25,65.0,1.556800000000115,[24.33   50.06    0.25   65.      1.5568],[ 1.71895884  1.2363864   0.          0.         -0.51818212],3
24.33,50.11,0.25,65.0,12.450050000000612,[24.33    50.11     0.25    65.      12.45005],[1.71895884 1.24749757 0.         0.         1.55240711],1
24.33,50.2,0.25,65.0,10.76479999999941,[24.33   50.2     0.25   65.     10.7648],[1.71895884 1.26749767 0.         0.         1.23207475],1
24.33,50.29,0.25,65.0,0.31204999999997124,[24.33    50.29     0.25    65.       0.31205],[ 1.71895884  1.28749777  0.          0.         -0.75478423],3
24.34,40.1,0.25,65.0,2.2684500000001115,[24.34    40.1      0.25    65.       2.26845],[ 1.73993179 -0.9769582   0.          0.         -0.38291167],3
24.34,40.11,0.25,65.0,0.7442000000000333,[24.34   40.11    0.25   65.      0.7442],[ 1.73993179 -0.97473596  0.          0.         -0.67264114],3
24.34,40.24,0.25,65.0,0.6050000000000876,[24.34  40.24   0.25  65.     0.605],[ 1.73993179 -0.94584693  0.          0.         -0.69910028],3
24.34,40.27,0.25,65.0,1.0658000000000531,[24.34   40.27    0.25   65.      1.0658],[ 1.73993179 -0.93918023  0.          0.         -0.61151141],3
24.34,40.32,0.25,65.0,0.510049999999876,[24.34    40.32     0.25    65.       0.51005],[ 1.73993179 -0.92806906  0.          0.         -0.71714838],3
24.34,42.01,0.25,65.0,16.245000000000907,[24.34  42.01   0.25  65.    16.245],[ 1.73993179 -0.55251159  0.          0.          2.2737513 ],1
24.34,42.36,0.25,65.0,18.54404999999881,[24.34    42.36     0.25    65.      18.54405],[ 1.73993179 -0.47473342  0.          0.          2.71075478],1
24.34,42.5,0.25,65.0,2.2897999999999707,[24.34   42.5     0.25   65.      2.2898],[ 1.73993179 -0.44362215  0.          0.         -0.37885346],3
24.34,42.74,0.25,65.0,3.8920499999998985,[24.34    42.74     0.25    65.       3.89205],[ 1.73993179 -0.39028855  0.          0.         -0.07429774],1
24.34,42.78,0.25,65.0,15.180050000001202,[24.34    42.78     0.25    65.      15.18005],[ 1.73993179 -0.38139961  0.          0.          2.07132558],1
24.34,42.89,0.25,65.0,0.012799999999976717,[2.434e+01 4.289e+01 2.500e-01 6.500e+01 1.280e-02],[ 1.73993179 -0.35695504  0.          0.         -0.81166567],3
24.34,43.17,0.25,65.0,0.02880000000002947,[2.434e+01 4.317e+01 2.500e-01 6.500e+01 2.880e-02],[ 1.73993179 -0.2947325   0.          0.         -0.80862439],3
24.34,44.89,0.25,65.0,15.674825000001084,[24.34     44.89      0.25     65.       15.674825],[1.73993179 0.08749166 0.         0.         2.16537242],1
24.34,45.01,0.25,65.0,0.23805000000003765,[24.34    45.01     0.25    65.       0.23805],[ 1.73993179  0.11415847  0.          0.         -0.76885015],3
24.34,45.12,0.25,65.0,7.2580500000002255,[24.34    45.12     0.25    65.       7.25805],[1.73993179 0.13860304 0.         0.         0.56551162],1
24.34,45.24,0.25,65.0,1.608033333333403,[24.34       45.24        0.25       65.          1.60803333],[ 1.73993179  0.16526984  0.          0.         -0.50844368],3
24.34,45.25,0.25,65.0,2.976800000000133,[24.34   45.25    0.25   65.      2.9768],[ 1.73993179  0.16749207  0.          0.         -0.24826848],3
24.34,45.26,0.25,65.0,0.18503333333332173,[24.34       45.26        0.25       65.          0.18503333],[ 1.73993179  0.16971431  0.          0.         -0.77892756],3
24.34,45.27,0.25,65.0,7.744291666666612,[24.34       45.27        0.25       65.          7.74429167],[1.73993179 0.17193654 0.         0.         0.65793645],1
24.34,45.31,0.25,65.0,7.297091666666767,[24.34       45.31        0.25       65.          7.29709167],[1.73993179 0.18082547 0.         0.         0.57293267],1
24.34,45.33,0.25,65.0,7.840800000000144,[24.34   45.33    0.25   65.      7.8408],[1.73993179 0.18526994 0.         0.         0.67628076],1
24.34,45.36,0.25,65.0,1.4280500000000922,[24.34    45.36     0.25    65.       1.42805],[ 1.73993179  0.19193664  0.          0.         -0.54265492],3
24.34,48.12,0.25,65.0,0.40500000000008185,[24.34  48.12   0.25  65.     0.405],[ 1.73993179  0.8052731   0.          0.         -0.73711629],3
24.34,48.19,0.25,65.0,15.568200000001497,[24.34   48.19    0.25   65.     15.5682],[1.73993179 0.82082873 0.         0.         2.14510514],1
24.34,49.95,0.25,65.0,5.152050000000116,[24.34    49.95     0.25    65.       5.15205],[1.73993179 1.21194183 0.         0.         0.16520309],3
24.34,49.96,0.25,65.0,0.3444499999999396,[24.34    49.96     0.25    65.       0.34445],[ 1.73993179  1.21416407  0.          0.         -0.74862563],3
24.34,49.98,0.25,65.0,0.11363333333334454,[24.34       49.98        0.25       65.          0.11363333],[ 1.73993179  1.21860853  0.          0.         -0.79249927],3
24.34,50.03,0.25,65.0,0.3444499999999396,[24.34    50.03     0.25    65.       0.34445],[ 1.73993179  1.2297197   0.          0.         -0.74862563],3
24.34,50.04,0.25,65.0,16.473800000000704,[24.34   50.04    0.25   65.     16.4738],[1.73993179 1.23194193 0.         0.         2.31724161],1
24.34,50.07,0.25,65.0,1.0694916666666503,[24.34       50.07        0.25       65.          1.06949167],[ 1.73993179  1.23860863  0.          0.         -0.6108097 ],3
24.34,50.1,0.25,65.0,0.28125,[24.34    50.1      0.25    65.       0.28125],[ 1.73993179  1.24527534  0.          0.         -0.76063869],3
24.36,40.03,0.25,65.0,1.9207999999997372,[24.36   40.03    0.25   65.      1.9208],[ 1.78187769 -0.99251383  0.          0.         -0.44899299],3
24.36,40.05,0.25,65.0,9.99044999999936,[24.36    40.05     0.25    65.       9.99045],[ 1.78187769 -0.98806937  0.          0.          1.08488628],1
24.36,40.28,0.25,65.0,0.3960500000000384,[24.36    40.28     0.25    65.       0.39605],[ 1.78187769 -0.93695799  0.          0.         -0.7388175 ],3
24.36,42.94,0.25,65.0,1.4791999999998513,[24.36   42.94    0.25   65.      1.4792],[ 1.78187769 -0.34584387  0.          0.         -0.53293233],3
24.36,42.97,0.25,65.0,1.3944500000001214,[24.36    42.97     0.25    65.       1.39445],[ 1.78187769 -0.33917717  0.          0.         -0.54904161],3
24.36,44.67,0.25,65.0,8.24179999999978,[24.36   44.67    0.25   65.      8.2418],[1.78187769 0.03860253 0.         0.         0.75250285],1
24.36,44.78,0.25,65.0,0.6612500000001046,[24.36    44.78     0.25    65.       0.66125],[ 1.78187769  0.0630471   0.          0.         -0.68840828],3
24.36,44.8,0.25,65.0,11.596033333332786,[24.36       44.8         0.25       65.         11.59603333],[1.78187769 0.06749156 0.         0.         1.3900756 ],1
24.36,44.87,0.25,65.0,13.005000000001276,[24.36  44.87   0.25  65.    13.005],[1.78187769 0.0830472  0.         0.         1.65789202],1
24.36,44.91,0.25,65.0,6.372450000000584,[24.36    44.91     0.25    65.       6.37245],[1.78187769 0.09193613 0.         0.         0.39717675],1
24.36,44.93,0.25,65.0,1.5734333333332495,[24.36       44.93        0.25       65.          1.57343333],[ 1.78187769  0.0963806   0.          0.         -0.51502045],3
24.36,44.96,0.25,65.0,5.659425000000371,[24.36     44.96      0.25     65.        5.659425],[1.78187769 0.1030473  0.         0.         0.26164495],1
24.36,44.99,0.25,65.0,1.1551999999999722,[24.36   44.99    0.25   65.      1.1552],[ 1.78187769  0.109714    0.          0.         -0.59451825],3
24.36,45.02,0.25,65.0,0.096800000000024,[24.36   45.02    0.25   65.      0.0968],[ 1.78187769  0.1163807   0.          0.         -0.79569895],3
24.36,45.05,0.25,65.0,2.376199999999891,[24.36   45.05    0.25   65.      2.3762],[ 1.78187769  0.1230474   0.          0.         -0.36243054],3
24.36,45.14,0.25,65.0,9.6800000000004,[24.36 45.14  0.25 65.    9.68],[1.78187769 0.1430475  0.         0.         1.02587594],1
24.36,45.19,0.25,65.0,11.28125,[24.36    45.19     0.25    65.      11.28125],[1.78187769 0.15415867 0.         0.         1.33024158],1
24.36,45.2,0.25,65.0,2.237558333333338,[24.36       45.2         0.25       65.          2.23755833],[ 1.78187769  0.1563809   0.          0.         -0.38878355],3
24.36,45.21,0.25,65.0,6.498033333333399,[24.36       45.21        0.25       65.          6.49803333],[1.78187769 0.15860314 0.         0.         0.42104764],1
24.36,45.29,0.25,65.0,11.511099999999557,[24.36   45.29    0.25   65.     11.5111],[1.78187769 0.17638101 0.         0.         1.37393147],1
24.36,45.3,0.25,65.0,5.8214333333330694,[24.36       45.3         0.25       65.          5.82143333],[1.78187769 0.17860324 0.         0.         0.29243949],1
24.36,45.34,0.25,65.0,16.81143333333214,[24.36       45.34        0.25       65.         16.81143333],[1.78187769 0.18749217 0.         0.         2.38141896],1
24.36,45.35,0.25,65.0,1.2012500000001056,[24.36    45.35     0.25    65.       1.20125],[ 1.78187769  0.18971441  0.          0.         -0.58576507],3
24.36,45.37,0.25,65.0,10.91573333333306,[24.36       45.37        0.25       65.         10.91573333],[1.78187769 0.19415887 0.         0.         1.26076416],1
24.36,47.22,0.25,65.0,0.11520000000000873,[24.36   47.22    0.25   65.      0.1152],[ 1.78187769  0.60527208  0.          0.         -0.79220148],3
24.36,47.32,0.25,65.0,14.80743333333417,[24.36       47.32        0.25       65.         14.80743333],[1.78187769 0.62749441 0.         0.         2.00049859],1
24.36,47.37,0.25,65.0,1.0224500000002537,[24.36    47.37     0.25    65.       1.02245],[ 1.78187769  0.63860558  0.          0.         -0.61975138],3
24.36,47.56,0.25,65.0,19.09619999999969,[24.36   47.56    0.25   65.     19.0962],[1.78187769 0.68082802 0.         0.         2.81570747],1
24.36,48.12,0.25,65.0,9.99045000000063,[24.36    48.12     0.25    65.       9.99045],[1.78187769 0.8052731  0.         0.         1.08488628],1
24.36,50.05,0.25,65.0,3.5112499999999396,[24.36    50.05     0.25    65.       3.51125],[ 1.78187769  1.23416417  0.          0.         -0.14668021],3
24.36,50.3,0.25,65.0,3.864199999999608,[24.36   50.3     0.25   65.      3.8642],[ 1.78187769  1.28972001  0.          0.         -0.07959147],3
24.37,40.04,0.25,65.0,1.3448000000000708,[24.37   40.04    0.25   65.      1.3448],[ 1.80285064 -0.9902916   0.          0.         -0.55847908],3
24.37,40.19,0.25,65.0,5.216450000000059,[24.37    40.19     0.25    65.       5.21645],[ 1.80285064 -0.9569581   0.          0.          0.17744425],1
24.37,40.32,0.25,65.0,9.288050000000009,[24.37    40.32     0.25    65.       9.28805],[ 1.80285064 -0.92806906  0.          0.          0.95137407],1
24.37,40.35,0.25,65.0,0.020000000000009094,[2.437e+01 4.035e+01 2.500e-01 6.500e+01 2.000e-02],[ 1.80285064 -0.92140236  0.          0.         -0.8102971 ],3
24.37,42.58,0.25,65.0,0.20479999999991852,[24.37   42.58    0.25   65.      0.2048],[ 1.80285064 -0.42584428  0.          0.         -0.77517031],3
24.37,42.73,0.25,65.0,4.9999999998772184e-05,[2.437e+01 4.273e+01 2.500e-01 6.500e+01 5.000e-05],[ 1.80285064 -0.39251078  0.          0.         -0.81408919],3
24.37,43.07,0.25,65.0,2.8676333333331603,[24.37       43.07        0.25       65.          2.86763333],[ 1.80285064 -0.31695484  0.          0.         -0.26901888],3
24.37,44.11,0.25,65.0,7.411250000000088,[24.37    44.11     0.25    65.       7.41125],[ 1.80285064 -0.08584255  0.          0.          0.59463188],1
24.37,44.85,0.25,65.0,6.020450000000489,[24.37    44.85     0.25    65.       6.02045],[1.80285064 0.07860273 0.         0.         0.33026859],1
24.37,45.17,0.25,65.0,3.251250000000174,[24.37    45.17     0.25    65.       3.25125],[ 1.80285064  0.1497142   0.          0.         -0.19610102],3
24.37,45.22,0.25,65.0,9.636050000000939,[24.37    45.22     0.25    65.       9.63605],[1.80285064 0.16082537 0.         0.         1.01752192],1
24.37,45.23,0.25,65.0,0.12005000000006016,[24.37    45.23     0.25    65.       0.12005],[ 1.80285064  0.1630476   0.          0.         -0.79127959],3
24.37,45.25,0.25,65.0,0.0012500000000034107,[2.437e+01 4.525e+01 2.500e-01 6.500e+01 1.250e-03],[ 1.80285064  0.16749207  0.          0.         -0.8138611 ],3
24.37,45.29,0.25,65.0,1.6744499999998668,[24.37    45.29     0.25    65.       1.67445],[ 1.80285064  0.17638101  0.          0.         -0.4958192 ],3
24.37,47.14,0.25,65.0,0.6844500000000852,[24.37    47.14     0.25    65.       0.68445],[ 1.80285064  0.58749421  0.          0.         -0.68399842],3
24.37,47.22,0.25,65.0,0.30419999999989006,[24.37   47.22    0.25   65.      0.3042],[ 1.80285064  0.60527208  0.          0.         -0.75627635],3
24.37,47.26,0.25,65.0,0.00045000000000259204,[2.437e+01 4.726e+01 2.500e-01 6.500e+01 4.500e-04],[ 1.80285064  0.61416101  0.          0.         -0.81401316],3
24.37,47.27,0.25,65.0,0.00604999999997649,[2.437e+01 4.727e+01 2.500e-01 6.500e+01 6.050e-03],[ 1.80285064  0.61638325  0.          0.         -0.81294871],3
24.37,48.14,0.25,65.0,4.530049999999631,[24.37    48.14     0.25    65.       4.53005],[1.80285064 0.80971756 0.         0.         0.04697332],3
24.37,48.21,0.25,65.0,6.160050000000367,[24.37    48.21     0.25    65.       6.16005],[1.80285064 0.8252732  0.         0.         0.35680376],1
24.37,48.41,0.25,65.0,0.4608333333332672,[24.37       48.41        0.25       65.          0.46083333],[ 1.80285064  0.86971787  0.          0.         -0.72650349],3
24.37,49.99,0.25,65.0,7.229999999999553,[24.37 49.99  0.25 65.    7.23],[1.80285064 1.22083077 0.         0.         0.56017988],1
24.37,50.02,0.25,65.0,0.026450000000004182,[2.437e+01 5.002e+01 2.500e-01 6.500e+01 2.645e-02],[ 1.80285064  1.22749747  0.          0.         -0.80907108],3
24.37,50.04,0.25,65.0,0.08820000000003056,[24.37   50.04    0.25   65.      0.0882],[ 1.80285064  1.23194193  0.          0.         -0.79733364],3
24.38,40.13,0.25,65.0,2.354449999999911,[24.38    40.13     0.25    65.       2.35445],[ 1.82382359 -0.9702915   0.          0.         -0.36656478],3
24.38,40.19,0.25,65.0,10.010099999999458,[24.38   40.19    0.25   65.     10.0101],[ 1.82382359 -0.9569581   0.          0.          1.08862136],1
24.38,42.45,0.25,65.0,0.011249999999996589,[2.438e+01 4.245e+01 2.500e-01 6.500e+01 1.125e-02],[ 1.82382359 -0.45473332  0.          0.         -0.8119603 ],3
24.38,45.04,0.25,65.0,1.110050000000183,[24.38    45.04     0.25    65.       1.11005],[ 1.82382359  0.12082517  0.          0.         -0.60310037],3
24.38,45.64,0.25,65.0,13.853433333334793,[24.38       45.64        0.25       65.         13.85343333],[1.82382359 0.25415918 0.         0.         1.81916225],1
24.38,46.6,0.25,65.0,0.018050000000010367,[2.438e+01 4.660e+01 2.500e-01 6.500e+01 1.805e-02],[ 1.82382359  0.4674936   0.          0.         -0.81066775],3
24.38,47.36,0.25,65.0,0.10124999999991814,[24.38    47.36     0.25    65.       0.10125],[ 1.82382359  0.63638335  0.          0.         -0.7948531 ],3
24.38,47.44,0.25,65.0,0.004050000000002865,[2.438e+01 4.744e+01 2.500e-01 6.500e+01 4.050e-03],[ 1.82382359  0.65416122  0.          0.         -0.81332887],3
24.38,48.09,0.25,65.0,0.7199999999997817,[24.38 48.09  0.25 65.    0.72],[ 1.82382359  0.7986064   0.          0.         -0.67724108],3
24.38,48.13,0.25,65.0,4.251899999999829,[24.38   48.13    0.25   65.      4.2519],[ 1.82382359  0.80749533  0.          0.         -0.00589744],3
24.38,48.14,0.25,65.0,8.405000000001026,[24.38  48.14   0.25  65.     8.405],[1.82382359 0.80971756 0.         0.         0.78352391],1
24.38,48.2,0.25,65.0,1.6929333333330643,[24.38       48.2         0.25       65.          1.69293333],[ 1.82382359  0.82305096  0.          0.         -0.49230589],3
24.38,48.37,0.25,65.0,0.3362000000001342,[24.38   48.37    0.25   65.      0.3362],[ 1.82382359  0.86082893  0.          0.         -0.75019379],3
24.38,48.4,0.25,65.0,19.282049999998108,[24.38    48.4      0.25    65.      19.28205],[1.82382359 0.86749563 0.         0.         2.85103384],1
24.38,48.41,0.25,65.0,0.11003333333335923,[24.38       48.41        0.25       65.          0.11003333],[ 1.82382359  0.86971787  0.          0.         -0.79318356],3
24.38,48.43,0.25,65.0,0.4996333333334117,[24.38       48.43        0.25       65.          0.49963333],[ 1.82382359  0.87416234  0.          0.         -0.71912838],3
24.38,48.44,0.25,65.0,0.871200000000066,[24.38   48.44    0.25   65.      0.8712],[ 1.82382359  0.87638457  0.          0.         -0.64850098],3
24.38,48.63,0.25,65.0,3.753800000000336,[24.38   48.63    0.25   65.      3.7538],[ 1.82382359  0.91860701  0.          0.         -0.1005763 ],3
24.38,50.22,0.25,65.0,10.215199999999918,[24.38   50.22    0.25   65.     10.2152],[1.82382359 1.27194214 0.         0.         1.12760677],1
24.4,40.19,0.25,65.0,16.588800000000603,[24.4    40.19    0.25   65.     16.5888],[ 1.86576949 -0.9569581   0.          0.          2.33910081],1
24.4,40.22,0.25,65.0,0.05444999999997599,[2.440e+01 4.022e+01 2.500e-01 6.500e+01 5.445e-02],[ 1.86576949 -0.9502914   0.          0.         -0.80374884],3
24.4,42.61,0.25,65.0,19.406450000000113,[24.4     42.61     0.25    65.      19.40645],[ 1.86576949 -0.41917758  0.          0.          2.87467979],1
24.4,42.78,0.25,65.0,1.3777999999997583,[24.4    42.78    0.25   65.      1.3778],[ 1.86576949 -0.38139961  0.          0.         -0.55220644],3
24.4,44.58,0.25,65.0,8.84189999999944,[24.4    44.58    0.25   65.      8.8419],[1.86576949 0.01860242 0.         0.         0.86656987],1
24.4,44.98,0.25,65.0,0.10125000000007162,[24.4     44.98     0.25    65.       0.10125],[ 1.86576949  0.10749177  0.          0.         -0.7948531 ],3
24.4,45.54,0.25,65.0,8.964900000000014,[24.4    45.54    0.25   65.      8.9649],[1.86576949 0.23193684 0.         0.         0.88994971],1
24.4,45.57,0.25,65.0,5.216450000000059,[24.4     45.57     0.25    65.       5.21645],[1.86576949 0.23860354 0.         0.         0.17744425],1
24.4,46.39,0.25,65.0,12.40020000000009,[24.4    46.39    0.25   65.     12.4002],[1.86576949 0.42082669 0.         0.         1.54293162],1
24.4,46.53,0.25,65.0,8.24179999999978,[24.4    46.53    0.25   65.      8.2418],[1.86576949 0.45193796 0.         0.         0.75250285],1
24.4,47.35,0.25,65.0,5.088050000000174,[24.4     47.35     0.25    65.       5.08805],[1.86576949 0.63416111 0.         0.         0.15303797],3
24.4,47.45,0.25,65.0,0.8712000000002161,[24.4    47.45    0.25   65.      0.8712],[ 1.86576949  0.65638345  0.          0.         -0.64850098],3
24.4,48.08,0.25,65.0,0.5724500000001752,[24.4     48.08     0.25    65.       0.57245],[ 1.86576949  0.79638416  0.          0.         -0.70528739],3
24.4,48.12,0.25,65.0,0.4704499999999162,[24.4     48.12     0.25    65.       0.47045],[ 1.86576949  0.8052731   0.          0.         -0.72467555],3
24.4,48.2,0.25,65.0,0.011249999999962483,[2.440e+01 4.820e+01 2.500e-01 6.500e+01 1.125e-02],[ 1.86576949  0.82305096  0.          0.         -0.8119603 ],3
24.4,48.24,0.25,65.0,10.396799999999752,[24.4    48.24    0.25   65.     10.3968],[1.86576949 0.8319399  0.         0.         1.1621253 ],1
24.4,48.27,0.25,65.0,0.4418000000000513,[24.4    48.27    0.25   65.      0.4418],[ 1.86576949  0.8386066   0.          0.         -0.73012134],3
24.4,48.34,0.25,65.0,7.527200000000423,[24.4    48.34    0.25   65.      7.5272],[1.86576949 0.85416223 0.         0.         0.61667166],1
24.4,48.38,0.25,65.0,0.11520000000000873,[24.4    48.38    0.25   65.      0.1152],[ 1.86576949  0.86305117  0.          0.         -0.79220148],3
24.4,48.43,0.25,65.0,3.64500000000043,[24.4   48.43   0.25  65.     3.645],[ 1.86576949  0.87416234  0.          0.         -0.12125701],3
24.4,48.5,0.25,65.0,10.964633333333154,[24.4        48.5         0.25       65.         10.96463333],[1.86576949 0.88971797 0.         0.         1.27005908],1
24.4,48.52,0.25,65.0,19.593800000000655,[24.4    48.52    0.25   65.     19.5938],[1.86576949 0.89416244 0.         0.         2.91029129],1
24.41,40.04,0.25,65.0,5.118066666666692,[24.41       40.04        0.25       65.          5.11806667],[ 1.88674244 -0.9902916   0.          0.          0.15874354],1
24.41,42.6,0.25,65.0,0.10580000000001673,[24.41   42.6     0.25   65.      0.1058],[ 1.88674244 -0.42139981  0.          0.         -0.79398823],3
24.41,44.67,0.25,65.0,3.458449999999988,[24.41    44.67     0.25    65.       3.45845],[ 1.88674244  0.03860253  0.          0.         -0.15671644],3
24.41,45.02,0.25,65.0,0.13005000000005335,[24.41    45.02     0.25    65.       0.13005],[ 1.88674244  0.1163807   0.          0.         -0.78937879],3
24.41,45.15,0.25,65.0,0.3612499999999227,[24.41    45.15     0.25    65.       0.36125],[ 1.88674244  0.14526974  0.          0.         -0.74543229],3
24.41,45.63,0.25,65.0,1.444999999999884,[24.41  45.63   0.25  65.     1.445],[ 1.88674244  0.25193695  0.          0.         -0.53943306],3
24.41,45.65,0.25,65.0,17.582449999999703,[24.41    45.65     0.25    65.      17.58245],[1.88674244 0.25638141 0.         0.         2.52797383],1
24.41,45.68,0.25,65.0,7.5271999999991,[24.41   45.68    0.25   65.      7.5272],[1.88674244 0.26304811 0.         0.         0.61667166],1
24.41,46.42,0.25,65.0,0.4324500000001649,[24.41    46.42     0.25    65.       0.43245],[ 1.88674244  0.4274934   0.          0.         -0.73189859],3
24.41,46.44,0.25,65.0,7.258049999999792,[24.41    46.44     0.25    65.       7.25805],[1.88674244 0.43193786 0.         0.         0.56551162],1
24.41,46.54,0.25,65.0,2.928200000000176,[24.41   46.54    0.25   65.      2.9282],[ 1.88674244  0.4541602   0.          0.         -0.25750637],3
24.41,47.25,0.25,65.0,1.3447999999997913,[24.41   47.25    0.25   65.      1.3448],[ 1.88674244  0.61193878  0.          0.         -0.55847908],3
24.41,47.29,0.25,65.0,19.719200000000544,[24.41   47.29    0.25   65.     19.7192],[1.88674244 0.62082771 0.         0.         2.93412732],1
24.41,48.02,0.25,65.0,0.0071999999999869035,[2.441e+01 4.802e+01 2.500e-01 6.500e+01 7.200e-03],[ 1.88674244  0.78305076  0.          0.         -0.81273012],3
24.41,48.11,0.25,65.0,11.186450000000086,[24.41    48.11     0.25    65.      11.18645],[1.88674244 0.80305086 0.         0.         1.31222199],1
24.41,48.15,0.25,65.0,0.0006333333333369182,"[2.44100000e+01 4.81500000e+01 2.50000000e-01 6.50000000e+01
 6.33333333e-04]",[ 1.88674244  0.8119398   0.          0.         -0.81397831],3
24.41,48.18,0.25,65.0,7.5658333333336945,[24.41       48.18        0.25       65.          7.56583333],[1.88674244 0.8186065  0.         0.         0.62401509],1
24.41,48.24,0.25,65.0,0.5408000000003169,[24.41   48.24    0.25   65.      0.5408],[ 1.88674244  0.8319399   0.          0.         -0.71130342],3
24.41,48.27,0.25,65.0,2.8800000000002184,[24.41 48.27  0.25 65.    2.88],[ 1.88674244  0.8386066   0.          0.         -0.26666823],3
24.41,48.32,0.25,65.0,0.03379999999996808,[2.441e+01 4.832e+01 2.500e-01 6.500e+01 3.380e-02],[ 1.88674244  0.84971777  0.          0.         -0.80767399],3
24.41,48.36,0.25,65.0,9.202049999999844,[24.41    48.36     0.25    65.       9.20205],[1.88674244 0.8586067  0.         0.         0.93502719],1
24.41,48.43,0.25,65.0,2.668049999999874,[24.41    48.43     0.25    65.       2.66805],[ 1.88674244  0.87416234  0.          0.         -0.30695569],3
24.43,42.61,0.25,65.0,3.537799999999613,[24.43   42.61    0.25   65.      3.5378],[ 1.92868833 -0.41917758  0.          0.         -0.14163359],1
24.43,42.69,0.25,65.0,2.020049999999753,[24.43    42.69     0.25    65.       2.02005],[ 1.92868833 -0.40139971  0.          0.         -0.43012754],3
24.43,44.79,0.25,65.0,0.7937999999998453,[24.43   44.79    0.25   65.      0.7938],[ 1.92868833  0.06526933  0.          0.         -0.66321317],3
24.43,44.97,0.25,65.0,0.36229166666661633,[24.43       44.97        0.25       65.          0.36229167],[ 1.92868833  0.10526953  0.          0.         -0.74523429],3
24.43,45.01,0.25,65.0,0.0031999999999941793,[2.443e+01 4.501e+01 2.500e-01 6.500e+01 3.200e-03],[ 1.92868833  0.11415847  0.          0.         -0.81349044],3
24.43,46.37,0.25,65.0,0.05119999999994325,[2.443e+01 4.637e+01 2.500e-01 6.500e+01 5.120e-02],[ 1.92868833  0.41638223  0.          0.         -0.8043666 ],3
24.43,46.38,0.25,65.0,3.8920499999998985,[24.43    46.38     0.25    65.       3.89205],[ 1.92868833  0.41860446  0.          0.         -0.07429774],3
24.43,48.09,0.25,65.0,0.09245000000007626,[24.43    48.09     0.25    65.       0.09245],[ 1.92868833  0.7986064   0.          0.         -0.7965258 ],3
24.43,48.11,0.25,65.0,1.0260333333332374,[24.43       48.11        0.25       65.          1.02603333],[ 1.92868833  0.80305086  0.          0.         -0.61907026],3
24.43,48.14,0.25,65.0,5.4946333333328,[24.43       48.14        0.25       65.          5.49463333],[1.92868833 0.80971756 0.         0.         0.23032134],1
24.43,48.17,0.25,65.0,0.10580000000001673,[24.43   48.17    0.25   65.      0.1058],[ 1.92868833  0.81638426  0.          0.         -0.79398823],3
24.43,48.29,0.25,65.0,0.5618000000000627,[24.43   48.29    0.25   65.      0.5618],[ 1.92868833  0.84305107  0.          0.         -0.70731174],3
24.43,48.32,0.25,65.0,0.07219999999991188,[24.43   48.32    0.25   65.      0.0722],[ 1.92868833  0.84971777  0.          0.         -0.80037492],3
24.44,40.12,0.25,65.0,0.04500000000002046,[2.444e+01 4.012e+01 2.500e-01 6.500e+01 4.500e-02],[ 1.94966128 -0.97251373  0.          0.         -0.8055451 ],3
24.44,40.24,0.25,65.0,17.052799999998857,[24.44   40.24    0.25   65.     17.0528],[ 1.94966128 -0.94584693  0.          0.          2.42729794],1
24.44,44.76,0.25,65.0,0.06844999999995961,[24.44    44.76     0.25    65.       0.06845],[ 1.94966128  0.05860263  0.          0.         -0.80108772],3
24.44,44.8,0.25,65.0,6.3546333333336245,[24.44       44.8         0.25       65.          6.35463333],[1.94966128 0.06749156 0.         0.         0.39379016],1
24.44,44.82,0.25,65.0,0.0007999999999985448,[2.444e+01 4.482e+01 2.500e-01 6.500e+01 8.000e-04],[ 1.94966128  0.07193603  0.          0.         -0.81394663],3
24.44,44.84,0.25,65.0,0.2380499999999592,[24.44    44.84     0.25    65.       0.23805],[ 1.94966128  0.0763805   0.          0.         -0.76885015],3
24.44,44.99,0.25,65.0,1.7823000000000977,[24.44   44.99    0.25   65.      1.7823],[ 1.94966128  0.109714    0.          0.         -0.47531907],3
24.44,45.0,0.25,65.0,4.53046666666727,[24.44       45.          0.25       65.          4.53046667],[1.94966128 0.11193623 0.         0.         0.04705252],1
24.44,45.01,0.25,65.0,1.4762333333333404,[24.44       45.01        0.25       65.          1.47623333],[ 1.94966128  0.11415847  0.          0.         -0.53349623],3
24.44,45.02,0.25,65.0,0.06124999999996817,[2.444e+01 4.502e+01 2.500e-01 6.500e+01 6.125e-02],[ 1.94966128  0.1163807   0.          0.         -0.8024563 ],3
24.44,45.05,0.25,65.0,8.080199999999927,[24.44   45.05    0.25   65.      8.0802],[1.94966128 0.1230474  0.         0.         0.72178592],1
24.44,45.06,0.25,65.0,1.1400500000001579,[24.44    45.06     0.25    65.       1.14005],[ 1.94966128  0.12526963  0.          0.         -0.59739797],3
24.44,45.09,0.25,65.0,0.11520000000000873,[24.44   45.09    0.25   65.      0.1152],[ 1.94966128  0.13193634  0.          0.         -0.79220148],3
24.44,45.24,0.25,65.0,0.004999999999990905,[2.444e+01 4.524e+01 2.500e-01 6.500e+01 5.000e-03],[ 1.94966128  0.16526984  0.          0.         -0.8131483 ],3
24.44,45.54,0.25,65.0,4.8984500000003415,[24.44    45.54     0.25    65.       4.89845],[1.94966128 0.23193684 0.         0.         0.1169988 ],1
24.44,47.24,0.25,65.0,6.552199999999605,[24.44   47.24    0.25   65.      6.5522],[1.94966128 0.60971654 0.         0.         0.43134364],1
24.44,47.26,0.25,65.0,7.899033333334225,[24.44       47.26        0.25       65.          7.89903333],[1.94966128 0.61416101 0.         0.         0.68734975],1
24.44,47.27,0.25,65.0,12.954050000000741,[24.44    47.27     0.25    65.      12.95405],[1.94966128 0.61638325 0.         0.         1.64820744],1
24.44,47.52,0.25,65.0,0.6612500000001046,[24.44    47.52     0.25    65.       0.66125],[ 1.94966128  0.67193908  0.          0.         -0.68840828],3
24.44,48.11,0.25,65.0,0.4216333333334171,[24.44       48.11        0.25       65.          0.42163333],[ 1.94966128  0.80305086  0.          0.         -0.73395462],3
24.44,48.15,0.25,65.0,11.61620000000024,[24.44   48.15    0.25   65.     11.6162],[1.94966128 0.8119398  0.         0.         1.39390888],1
24.46,44.7,0.25,65.0,4.32180000000016,[24.46   44.7     0.25   65.      4.3218],[1.99160718 0.04526923 0.         0.         0.00738915],1
24.46,44.75,0.25,65.0,2.552200000000013,[24.46   44.75    0.25   65.      2.5522],[ 1.99160718  0.0563804   0.          0.         -0.32897646],3
24.46,44.76,0.25,65.0,13.762424999999858,[24.46     44.76      0.25     65.       13.762425],[1.99160718 0.05860263 0.         0.         1.80186338],1
24.46,44.77,0.25,65.0,12.270379999999443,[24.46    44.77     0.25    65.      12.27038],[1.99160718 0.06082486 0.         0.         1.51825543],1
24.46,44.86,0.25,65.0,13.364450000000376,[24.46    44.86     0.25    65.      13.36445],[1.99160718 0.08082496 0.         0.         1.72621629],1
24.46,44.94,0.25,65.0,0.48020000000001783,[24.46   44.94    0.25   65.      0.4802],[ 1.99160718  0.09860283  0.          0.         -0.72282227],3
24.46,44.95,0.25,65.0,15.961250000000513,[24.46    44.95     0.25    65.      15.96125],[1.99160718 0.10082507 0.         0.         2.21981609],1
24.46,44.96,0.25,65.0,16.986633333333632,[24.46       44.96        0.25       65.         16.98663333],[1.99160718 0.1030473  0.         0.         2.41472098],1
24.46,44.97,0.25,65.0,1.0952000000000268,[24.46   44.97    0.25   65.      1.0952],[ 1.99160718  0.10526953  0.          0.         -0.60592305],3
24.46,44.99,0.25,65.0,1.1046333333330842,[24.46       44.99        0.25       65.          1.10463333],[ 1.99160718  0.109714    0.          0.         -0.60412997],3
24.46,45.0,0.25,65.0,0.12130000000000446,[24.46   45.      0.25   65.      0.1213],[ 1.99160718  0.11193623  0.          0.         -0.79104199],3
24.46,45.07,0.25,65.0,0.003200000000021464,[2.446e+01 4.507e+01 2.500e-01 6.500e+01 3.200e-03],[ 1.99160718  0.12749187  0.          0.         -0.81349044],3
24.46,45.64,0.25,65.0,18.849799999999917,[24.46   45.64    0.25   65.     18.8498],[1.99160718 0.25415918 0.         0.         2.76887175],1
24.46,45.66,0.25,65.0,7.1442000000003265,[24.46   45.66    0.25   65.      7.1442],[1.99160718 0.25860365 0.         0.         0.54387101],1
24.46,47.15,0.25,65.0,0.6384499999999949,[24.46    47.15     0.25    65.       0.63845],[ 1.99160718  0.58971644  0.          0.         -0.69274211],3
24.46,47.26,0.25,65.0,0.3784500000002018,[24.46    47.26     0.25    65.       0.37845],[ 1.99160718  0.61416101  0.          0.         -0.74216291],3
24.46,48.04,0.25,65.0,2.5537999999997223,[24.46   48.04    0.25   65.      2.5538],[ 1.99160718  0.78749523  0.          0.         -0.32867233],3
24.46,48.11,0.25,65.0,0.6160500000000152,[24.46    48.11     0.25    65.       0.61605],[ 1.99160718  0.80305086  0.          0.         -0.6969999 ],3
24.47,40.15,0.25,65.0,0.9758333333335951,[24.47       40.15        0.25       65.          0.97583333],[ 2.01258013 -0.96584703  0.          0.         -0.62861227],3
24.47,42.28,0.25,65.0,0.6962000000002093,[24.47   42.28    0.25   65.      0.6962],[ 2.01258013 -0.49251129  0.          0.         -0.68176498],3
24.47,42.48,0.25,65.0,14.20445000000143,[24.47    42.48     0.25    65.      14.20445],[ 2.01258013 -0.44806662  0.          0.          1.88588351],1
24.47,44.18,0.25,65.0,0.294300000000024,[24.47   44.18    0.25   65.      0.2943],[ 2.01258013 -0.07028692  0.          0.         -0.75815815],3
24.47,44.23,0.25,65.0,1.4450000000000773,[24.47  44.23   0.25  65.     1.445],[ 2.01258013 -0.05917575  0.          0.         -0.53943306],3
24.47,44.57,0.25,65.0,0.40499999999992836,[24.47  44.57   0.25  65.     0.405],[ 2.01258013  0.01638019  0.          0.         -0.73711629],3
24.47,44.6,0.25,65.0,0.048049999999983085,[2.447e+01 4.460e+01 2.500e-01 6.500e+01 4.805e-02],[ 2.01258013  0.02304689  0.          0.         -0.80496535],3
24.47,44.74,0.25,65.0,0.9841000000000772,[24.47   44.74    0.25   65.      0.9841],[ 2.01258013  0.05415816  0.          0.         -0.62704095],3
24.47,44.76,0.25,65.0,16.93620000000062,[24.47   44.76    0.25   65.     16.9362],[2.01258013 0.05860263 0.         0.         2.40513461],1
24.47,45.0,0.25,65.0,1.3264333333333125,[24.47       45.          0.25       65.          1.32643333],[ 2.01258013  0.11193623  0.          0.         -0.56197022],3
24.47,45.01,0.25,65.0,1.602049999999935,[24.47    45.01     0.25    65.       1.60205],[ 2.01258013  0.11415847  0.          0.         -0.50958099],3
24.47,45.78,0.25,65.0,1.5664499999999677,[24.47    45.78     0.25    65.       1.56645],[ 2.01258013  0.28527045  0.          0.         -0.51634784],3
24.48,42.51,0.25,65.0,0.0004500000000060027,[2.448e+01 4.251e+01 2.500e-01 6.500e+01 4.500e-04],[ 2.03355308 -0.44139992  0.          0.         -0.81401316],3
24.48,42.59,0.25,65.0,0.20479999999991852,[24.48   42.59    0.25   65.      0.2048],[ 2.03355308 -0.42362205  0.          0.         -0.77517031],3
24.48,44.38,0.25,65.0,0.8844500000001301,[24.48    44.38     0.25    65.       0.88445],[ 2.03355308 -0.02584225  0.          0.         -0.64598242],3
24.48,44.46,0.25,65.0,2.0200499999999817,[24.48    44.46     0.25    65.       2.02005],[ 2.03355308 -0.00806438  0.          0.         -0.43012754],3
24.48,44.47,0.25,65.0,0.387200000000046,[24.48   44.47    0.25   65.      0.3872],[ 2.03355308 -0.00584214  0.          0.         -0.74049971],3
24.48,44.7,0.25,65.0,0.6051666666667449,[24.48       44.7         0.25       65.          0.60516667],[ 2.03355308  0.04526923  0.          0.         -0.6990686 ],3
24.48,44.73,0.25,65.0,4.5904499999995725,[24.48    44.73     0.25    65.       4.59045],[2.03355308 0.05193593 0.         0.         0.05845415],1
24.48,44.76,0.25,65.0,9.343400000000054,[24.48   44.76    0.25   65.      9.3434],[2.03355308 0.05860263 0.         0.         0.961895  ],1
24.48,44.99,0.25,65.0,8.300433333334121,[24.48       44.99        0.25       65.          8.30043333],[2.03355308 0.109714   0.         0.         0.76364787],1
24.48,45.01,0.25,65.0,0.5724500000001752,[24.48    45.01     0.25    65.       0.57245],[ 2.03355308  0.11415847  0.          0.         -0.70528739],3
24.5,42.41,0.25,65.0,0.8064499999999769,[24.5     42.41     0.25    65.       0.80645],[ 2.07549898 -0.46362225  0.          0.         -0.66080866],3
24.5,44.35,0.25,65.0,0.03919999999999236,[2.450e+01 4.435e+01 2.500e-01 6.500e+01 3.920e-02],[ 2.07549898 -0.03250895  0.          0.         -0.80664756],3
24.5,44.37,0.25,65.0,17.169800000000414,[24.5    44.37    0.25   65.     17.1698],[ 2.07549898 -0.02806448  0.          0.          2.44953731],1
24.5,44.67,0.25,65.0,0.6906333333333426,[24.5        44.67        0.25       65.          0.69063333],[ 2.07549898  0.03860253  0.          0.         -0.6828231 ],3
24.5,44.7,0.25,65.0,0.9316249999999816,[24.5      44.7       0.25     65.        0.931625],[ 2.07549898  0.04526923  0.          0.         -0.63701539],3
24.5,44.72,0.25,65.0,0.004050000000002865,[2.450e+01 4.472e+01 2.500e-01 6.500e+01 4.050e-03],[ 2.07549898  0.04971369  0.          0.         -0.81332887],3
24.5,44.74,0.25,65.0,0.2728666666666453,[24.5        44.74        0.25       65.          0.27286667],[ 2.07549898  0.05415816  0.          0.         -0.76223219],3
24.5,44.75,0.25,65.0,0.3698000000001095,[24.5    44.75    0.25   65.      0.3698],[ 2.07549898  0.0563804   0.          0.         -0.7438071 ],3
24.51,44.26,0.25,65.0,10.998050000000257,[24.51    44.26     0.25    65.      10.99805],[ 2.09647193 -0.05250905  0.          0.          1.27641092],1
24.51,44.27,0.25,65.0,6.516050000000255,[24.51    44.27     0.25    65.       6.51605],[ 2.09647193 -0.05028681  0.          0.          0.42447225],1
24.51,44.29,0.25,65.0,6.336799999999806,[24.51   44.29    0.25   65.      6.3368],[ 2.09647193 -0.04584235  0.          0.          0.3904004 ],1
24.51,44.3,0.25,65.0,11.754166666666734,[24.51       44.3         0.25       65.         11.75416667],[ 2.09647193 -0.04362011  0.          0.          1.42013359],1
24.51,44.6,0.25,65.0,2.205000000000167,[24.51  44.6    0.25  65.     2.205],[ 2.09647193  0.02304689  0.          0.         -0.39497224],3
24.51,44.61,0.25,65.0,16.005091666666605,[24.51       44.61        0.25       65.         16.00509167],[2.09647193 0.02526913 0.         0.         2.22814952],1
24.51,44.62,0.25,65.0,8.862050000000153,[24.51    44.62     0.25    65.       8.86205],[2.09647193 0.02749136 0.         0.         0.87039998],1
24.51,44.69,0.25,65.0,0.3434333333333424,[24.51       44.69        0.25       65.          0.34343333],[ 2.09647193  0.04304699  0.          0.         -0.74881888],3
24.51,44.71,0.25,65.0,0.10125000000007162,[24.51    44.71     0.25    65.       0.10125],[ 2.09647193  0.04749146  0.          0.         -0.7948531 ],3
24.53,44.3,0.25,65.0,0.2825333333333632,[24.53       44.3         0.25       65.          0.28253333],[ 2.13841783 -0.04362011  0.          0.         -0.76039475],3
24.53,44.56,0.25,65.0,7.41124999999965,[24.53    44.56     0.25    65.       7.41125],[2.13841783 0.01415796 0.         0.         0.59463188],1
